DATAFLOW,LAST UPDATE,freq,currency,geo,TIME_PERIOD,OBS_VALUE,OBS_FLAG,CONF_STATUS
ESTAT:EARN_MW_CUR(1.0),31/07/26 11:00:00,S,EUR,AL,1999-S2,45,,
ESTAT:EARN_MW_CUR(1.0),31/07/26 11:00:00,S,EUR,AL,2000-S1,47,,
ESTAT:EARN_MW_CUR(1.0),31/07/26 11:00:00,S,EUR,AL,2000-S2,52,,
ESTAT:EARN_MW_CUR(1.0),31/07/26 11:00:00,S,EUR,AL,2001-S1,53,,
ESTAT:EARN_MW_CUR(1.0),31/07/26 11:00:00,S,EUR,AL,2001-S2,60,,
ESTAT:EARN_MW_CUR(1.0),31/07/26 11:00:00,S,EUR,AL,2002-S1,63,,
ESTAT:EARN_MW_CUR(1.0),31/07/26 11:00:00,S,EUR,AL,2002-S2,68,,
ESTAT:EARN_MW_CUR(1.0),31/07/26 11:00:00,S,EUR,AL,2003-S1,67,,
ESTAT:EARN_MW_CUR(1.0),31/07/26 11:00:00,S,EUR,AL,2003-S2,74,,
ESTAT:EARN_MW_CUR(1.0),31/07/26 11:00:00,S,EUR,AL,2004-S1,75,,
ESTAT:EARN_MW_CUR(1.0),31/07/26 11:00:00,S,EUR,AL,2004-S2,88,,
ESTAT:EARN_MW_CUR(1.0),31/07/26 11:00:00,S,EUR,AL,2005-S1,85,,
ESTAT:EARN_MW_CUR(1.0),31/07/26 11:00:00,S,EUR,AL,2005-S2,95,,
ESTAT:EARN_MW_CUR(1.0),31/07/26 11:00:00,S,EUR,AL,2006-S1,96,,
ESTAT:EARN_MW_CUR(1.0),31/07/26 11:00:00,S,EUR,AL,2006-S2,114,,
ESTAT:EARN_MW_CUR(1.0),31/07/26 11:00:00,S,EUR,AL,2007-S1,113,,
ESTAT:EARN_MW_CUR(1.0),31/07/26 11:00:00,S,EUR,AL,2007-S2,115,,
ESTAT:EARN_MW_CUR(1.0),31/07/26 11:00:00,S,EUR,AL,2008-S1,131,,
ESTAT:EARN_MW_CUR(1.0),31/07/26 11:00:00,S,EUR,AL,2008-S2,139,,
ESTAT:EARN_MW_CUR(1.0),31/07/26 11:00:00,S,EUR,AL,2009-S1,137,,
ESTAT:EARN_MW_CUR(1.0),31/07/26 11:00:00,S,EUR,AL,2009-S2,138,,
ESTAT:EARN_MW_CUR(1.0),31/07/26 11:00:00,S,EUR,AL,2010-S1,130,,
ESTAT:EARN_MW_CUR(1.0),31/07/26 11:00:00,S,EUR,AL,2010-S2,139,,
ESTAT:EARN_MW_CUR(1.0),31/07/26 11:00:00,S,EUR,AL,2011-S1,137,,
ESTAT:EARN_MW_CUR(1.0),31/07/26 11:00:00,S,EUR,AL,2011-S2,141,,
ESTAT:EARN_MW_CUR(1.0),31/07/26 11:00:00,S,EUR,AL,2012-S1,144,,
ESTAT:EARN_MW_CUR(1.0),31/07/26 11:00:00,S,EUR,AL,2012-S2,152,,
ESTAT:EARN_MW_CUR(1.0),31/07/26 11:00:00,S,EUR,AL,2013-S1,150,,
ESTAT:EARN_MW_CUR(1.0),31/07/26 11:00:00,S,EUR,AL,2013-S2,156,,
ESTAT:EARN_MW_CUR(1.0),31/07/26 11:00:00,S,EUR,AL,2014-S1,157,,
ESTAT:EARN_MW_CUR(1.0),31/07/26 11:00:00,S,EUR,AL,2014-S2,157,,
ESTAT:EARN_MW_CUR(1.0),31/07/26 11:00:00,S,EUR,AL,2015-S1,157,,
ESTAT:EARN_MW_CUR(1.0),31/07/26 11:00:00,S,EUR,AL,2015-S2,157,,
ESTAT:EARN_MW_CUR(1.0),31/07/26 11:00:00,S,EUR,AL,2016-S1,160,,
ESTAT:EARN_MW_CUR(1.0),31/07/26 11:00:00,S,EUR,AL,2016-S2,160,,
ESTAT:EARN_MW_CUR(1.0),31/07/26 11:00:00,S,EUR,AL,2017-S1,163,,
ESTAT:EARN_MW_CUR(1.0),31/07/26 11:00:00,S,EUR,AL,2017-S2,181,,
ESTAT:EARN_MW_CUR(1.0),31/07/26 11:00:00,S,EUR,AL,2018-S1,181,,
ESTAT:EARN_MW_CUR(1.0),31/07/26 11:00:00,S,EUR,AL,2018-S2,191,,
ESTAT:EARN_MW_CUR(1.0),31/07/26 11:00:00,S,EUR,AL,2019-S1,211,,
ESTAT:EARN_MW_CUR(1.0),31/07/26 11:00:00,S,EUR,AL,2019-S2,212,,
ESTAT:EARN_MW_CUR(1.0),31/07/26 11:00:00,S,EUR,AL,2020-S1,213,,
ESTAT:EARN_MW_CUR(1.0),31/07/26 11:00:00,S,EUR,AL,2020-S2,209,,
ESTAT:EARN_MW_CUR(1.0),31/07/26 11:00:00,S,EUR,AL,2021-S1,243,,
ESTAT:EARN_MW_CUR(1.0),31/07/26 11:00:00,S,EUR,AL,2021-S2,245,,
ESTAT:EARN_MW_CUR(1.0),31/07/26 11:00:00,S,EUR,AL,2022-S1,248,,
ESTAT:EARN_MW_CUR(1.0),31/07/26 11:00:00,S,EUR,AL,2022-S2,269,,
ESTAT:EARN_MW_CUR(1.0),31/07/26 11:00:00,S,EUR,AL,2023-S1,298,,
ESTAT:EARN_MW_CUR(1.0),31/07/26 11:00:00,S,EUR,AL,2023-S2,376,,
ESTAT:EARN_MW_CUR(1.0),31/07/26 11:00:00,S,EUR,AL,2024-S1,385,,
ESTAT:EARN_MW_CUR(1.0),31/07/26 11:00:00,S,EUR,AL,2024-S2,399,,
ESTAT:EARN_MW_CUR(1.0),31/07/26 11:00:00,S,EUR,AL,2025-S1,408,,
ESTAT:EARN_MW_CUR(1.0),31/07/26 11:00:00,S,EUR,AL,2025-S2,408,,
ESTAT:EARN_MW_CUR(1.0),31/07/26 11:00:00,S,EUR,AL,2026-S1,517,,
ESTAT:EARN_MW_CUR(1.0),31/07/26 11:00:00,S,EUR,AL,2026-S2,531,,
ESTAT:EARN_MW_CUR(1.0),31/07/26 11:00:00,S,EUR,AT,1999-S1,,m,
ESTAT:EARN_MW_CUR(1.0),31/07/26 11:00:00,S,EUR,AT,1999-S2,,m,
ESTAT:EARN_MW_CUR(1.0),31/07/26 11:00:00,S,EUR,AT,2000-S1,,m,
ESTAT:EARN_MW_CUR(1.0),31/07/26 11:00:00,S,EUR,AT,2000-S2,,m,
ESTAT:EARN_MW_CUR(1.0),31/07/26 11:00:00,S,EUR,AT,2001-S1,,m,
ESTAT:EARN_MW_CUR(1.0),31/07/26 11:00:00,S,EUR,AT,2001-S2,,m,
ESTAT:EARN_MW_CUR(1.0),31/07/26 11:00:00,S,EUR,AT,2002-S1,,m,
ESTAT:EARN_MW_CUR(1.0),31/07/26 11:00:00,S,EUR,AT,2002-S2,,m,
ESTAT:EARN_MW_CUR(1.0),31/07/26 11:00:00,S,EUR,AT,2003-S1,,m,
ESTAT:EARN_MW_CUR(1.0),31/07/26 11:00:00,S,EUR,AT,2003-S2,,m,
ESTAT:EARN_MW_CUR(1.0),31/07/26 11:00:00,S,EUR,AT,2004-S1,,m,
ESTAT:EARN_MW_CUR(1.0),31/07/26 11:00:00,S,EUR,AT,2004-S2,,m,
ESTAT:EARN_MW_CUR(1.0),31/07/26 11:00:00,S,EUR,AT,2005-S1,,m,
ESTAT:EARN_MW_CUR(1.0),31/07/26 11:00:00,S,EUR,AT,2005-S2,,m,
ESTAT:EARN_MW_CUR(1.0),31/07/26 11:00:00,S,EUR,AT,2006-S1,,m,
ESTAT:EARN_MW_CUR(1.0),31/07/26 11:00:00,S,EUR,AT,2006-S2,,m,
ESTAT:EARN_MW_CUR(1.0),31/07/26 11:00:00,S,EUR,AT,2007-S1,,m,
ESTAT:EARN_MW_CUR(1.0),31/07/26 11:00:00,S,EUR,AT,2007-S2,,m,
ESTAT:EARN_MW_CUR(1.0),31/07/26 11:00:00,S,EUR,AT,2008-S1,,m,
ESTAT:EARN_MW_CUR(1.0),31/07/26 11:00:00,S,EUR,AT,2008-S2,,m,
ESTAT:EARN_MW_CUR(1.0),31/07/26 11:00:00,S,EUR,AT,2009-S1,,m,
ESTAT:EARN_MW_CUR(1.0),31/07/26 11:00:00,S,EUR,AT,2009-S2,,m,
ESTAT:EARN_MW_CUR(1.0),31/07/26 11:00:00,S,EUR,AT,2010-S1,,m,
ESTAT:EARN_MW_CUR(1.0),31/07/26 11:00:00,S,EUR,AT,2010-S2,,m,
ESTAT:EARN_MW_CUR(1.0),31/07/26 11:00:00,S,EUR,AT,2011-S1,,m,
ESTAT:EARN_MW_CUR(1.0),31/07/26 11:00:00,S,EUR,AT,2011-S2,,m,
ESTAT:EARN_MW_CUR(1.0),31/07/26 11:00:00,S,EUR,AT,2012-S1,,m,
ESTAT:EARN_MW_CUR(1.0),31/07/26 11:00:00,S,EUR,AT,2012-S2,,m,
ESTAT:EARN_MW_CUR(1.0),31/07/26 11:00:00,S,EUR,AT,2013-S1,,m,
ESTAT:EARN_MW_CUR(1.0),31/07/26 11:00:00,S,EUR,AT,2013-S2,,m,
ESTAT:EARN_MW_CUR(1.0),31/07/26 11:00:00,S,EUR,AT,2014-S1,,m,
ESTAT:EARN_MW_CUR(1.0),31/07/26 11:00:00,S,EUR,AT,2014-S2,,m,
ESTAT:EARN_MW_CUR(1.0),31/07/26 11:00:00,S,EUR,AT,2015-S1,,m,
ESTAT:EARN_MW_CUR(1.0),31/07/26 11:00:00,S,EUR,AT,2015-S2,,m,
ESTAT:EARN_MW_CUR(1.0),31/07/26 11:00:00,S,EUR,AT,2016-S1,,m,
ESTAT:EARN_MW_CUR(1.0),31/07/26 11:00:00,S,EUR,AT,2016-S2,,m,
ESTAT:EARN_MW_CUR(1.0),31/07/26 11:00:00,S,EUR,AT,2017-S1,,m,
ESTAT:EARN_MW_CUR(1.0),31/07/26 11:00:00,S,EUR,AT,2017-S2,,m,
ESTAT:EARN_MW_CUR(1.0),31/07/26 11:00:00,S,EUR,AT,2018-S1,,m,
ESTAT:EARN_MW_CUR(1.0),31/07/26 11:00:00,S,EUR,AT,2018-S2,,m,
ESTAT:EARN_MW_CUR(1.0),31/07/26 11:00:00,S,EUR,AT,2019-S1,,m,
ESTAT:EARN_MW_CUR(1.0),31/07/26 11:00:00,S,EUR,AT,2019-S2,,m,
ESTAT:EARN_MW_CUR(1.0),31/07/26 11:00:00,S,EUR,AT,2020-S1,,m,
ESTAT:EARN_MW_CUR(1.0),31/07/26 11:00:00,S,EUR,AT,2020-S2,,m,
ESTAT:EARN_MW_CUR(1.0),31/07/26 11:00:00,S,EUR,AT,2021-S1,,m,
ESTAT:EARN_MW_CUR(1.0),31/07/26 11:00:00,S,EUR,AT,2021-S2,,m,
ESTAT:EARN_MW_CUR(1.0),31/07/26 11:00:00,S,EUR,AT,2022-S1,,m,
ESTAT:EARN_MW_CUR(1.0),31/07/26 11:00:00,S,EUR,AT,2022-S2,,m,
ESTAT:EARN_MW_CUR(1.0),31/07/26 11:00:00,S,EUR,AT,2023-S1,,m,
ESTAT:EARN_MW_CUR(1.0),31/07/26 11:00:00,S,EUR,AT,2023-S2,,m,
ESTAT:EARN_MW_CUR(1.0),31/07/26 11:00:00,S,EUR,AT,2024-S1,,m,
ESTAT:EARN_MW_CUR(1.0),31/07/26 11:00:00,S,EUR,AT,2024-S2,,m,
ESTAT:EARN_MW_CUR(1.0),31/07/26 11:00:00,S,EUR,AT,2025-S1,,m,
ESTAT:EARN_MW_CUR(1.0),31/07/26 11:00:00,S,EUR,AT,2025-S2,,m,
ESTAT:EARN_MW_CUR(1.0),31/07/26 11:00:00,S,EUR,AT,2026-S1,,m,
ESTAT:EARN_MW_CUR(1.0),31/07/26 11:00:00,S,EUR,AT,2026-S2,,m,
ESTAT:EARN_MW_CUR(1.0),31/07/26 11:00:00,S,EUR,BE,1999-S1,1074,,
ESTAT:EARN_MW_CUR(1.0),31/07/26 11:00:00,S,EUR,BE,1999-S2,1096,,
ESTAT:EARN_MW_CUR(1.0),31/07/26 11:00:00,S,EUR,BE,2000-S1,1096,,
ESTAT:EARN_MW_CUR(1.0),31/07/26 11:00:00,S,EUR,BE,2000-S2,1096,,
ESTAT:EARN_MW_CUR(1.0),31/07/26 11:00:00,S,EUR,BE,2001-S1,1118,,
ESTAT:EARN_MW_CUR(1.0),31/07/26 11:00:00,S,EUR,BE,2001-S2,1140,,
ESTAT:EARN_MW_CUR(1.0),31/07/26 11:00:00,S,EUR,BE,2002-S1,1140,,
ESTAT:EARN_MW_CUR(1.0),31/07/26 11:00:00,S,EUR,BE,2002-S2,1163,,
ESTAT:EARN_MW_CUR(1.0),31/07/26 11:00:00,S,EUR,BE,2003-S1,1163,,
ESTAT:EARN_MW_CUR(1.0),31/07/26 11:00:00,S,EUR,BE,2003-S2,1186,,
ESTAT:EARN_MW_CUR(1.0),31/07/26 11:00:00,S,EUR,BE,2004-S1,1186,,
ESTAT:EARN_MW_CUR(1.0),31/07/26 11:00:00,S,EUR,BE,2004-S2,1186,,
ESTAT:EARN_MW_CUR(1.0),31/07/26 11:00:00,S,EUR,BE,2005-S1,1210,,
ESTAT:EARN_MW_CUR(1.0),31/07/26 11:00:00,S,EUR,BE,2005-S2,1210,,
ESTAT:EARN_MW_CUR(1.0),31/07/26 11:00:00,S,EUR,BE,2006-S1,1234,,
ESTAT:EARN_MW_CUR(1.0),31/07/26 11:00:00,S,EUR,BE,2006-S2,1234,,
ESTAT:EARN_MW_CUR(1.0),31/07/26 11:00:00,S,EUR,BE,2007-S1,1259,,
ESTAT:EARN_MW_CUR(1.0),31/07/26 11:00:00,S,EUR,BE,2007-S2,1283,,
ESTAT:EARN_MW_CUR(1.0),31/07/26 11:00:00,S,EUR,BE,2008-S1,1310,,
ESTAT:EARN_MW_CUR(1.0),31/07/26 11:00:00,S,EUR,BE,2008-S2,1336,,
ESTAT:EARN_MW_CUR(1.0),31/07/26 11:00:00,S,EUR,BE,2009-S1,1388,,
ESTAT:EARN_MW_CUR(1.0),31/07/26 11:00:00,S,EUR,BE,2009-S2,1388,,
ESTAT:EARN_MW_CUR(1.0),31/07/26 11:00:00,S,EUR,BE,2010-S1,1388,,
ESTAT:EARN_MW_CUR(1.0),31/07/26 11:00:00,S,EUR,BE,2010-S2,1388,,
ESTAT:EARN_MW_CUR(1.0),31/07/26 11:00:00,S,EUR,BE,2011-S1,1415,,
ESTAT:EARN_MW_CUR(1.0),31/07/26 11:00:00,S,EUR,BE,2011-S2,1444,,
ESTAT:EARN_MW_CUR(1.0),31/07/26 11:00:00,S,EUR,BE,2012-S1,1444,,
ESTAT:EARN_MW_CUR(1.0),31/07/26 11:00:00,S,EUR,BE,2012-S2,1472,,
ESTAT:EARN_MW_CUR(1.0),31/07/26 11:00:00,S,EUR,BE,2013-S1,1502,,
ESTAT:EARN_MW_CUR(1.0),31/07/26 11:00:00,S,EUR,BE,2013-S2,1502,,
ESTAT:EARN_MW_CUR(1.0),31/07/26 11:00:00,S,EUR,BE,2014-S1,1502,,
ESTAT:EARN_MW_CUR(1.0),31/07/26 11:00:00,S,EUR,BE,2014-S2,1502,,
ESTAT:EARN_MW_CUR(1.0),31/07/26 11:00:00,S,EUR,BE,2015-S1,1502,,
ESTAT:EARN_MW_CUR(1.0),31/07/26 11:00:00,S,EUR,BE,2015-S2,1502,,
ESTAT:EARN_MW_CUR(1.0),31/07/26 11:00:00,S,EUR,BE,2016-S1,1502,,
ESTAT:EARN_MW_CUR(1.0),31/07/26 11:00:00,S,EUR,BE,2016-S2,1532,,
ESTAT:EARN_MW_CUR(1.0),31/07/26 11:00:00,S,EUR,BE,2017-S1,1532,,
ESTAT:EARN_MW_CUR(1.0),31/07/26 11:00:00,S,EUR,BE,2017-S2,1563,,
ESTAT:EARN_MW_CUR(1.0),31/07/26 11:00:00,S,EUR,BE,2018-S1,1563,,
ESTAT:EARN_MW_CUR(1.0),31/07/26 11:00:00,S,EUR,BE,2018-S2,1563,,
ESTAT:EARN_MW_CUR(1.0),31/07/26 11:00:00,S,EUR,BE,2019-S1,1594,,
ESTAT:EARN_MW_CUR(1.0),31/07/26 11:00:00,S,EUR,BE,2019-S2,1594,,
ESTAT:EARN_MW_CUR(1.0),31/07/26 11:00:00,S,EUR,BE,2020-S1,1594,,
ESTAT:EARN_MW_CUR(1.0),31/07/26 11:00:00,S,EUR,BE,2020-S2,1626,,
ESTAT:EARN_MW_CUR(1.0),31/07/26 11:00:00,S,EUR,BE,2021-S1,1626,,
ESTAT:EARN_MW_CUR(1.0),31/07/26 11:00:00,S,EUR,BE,2021-S2,1626,,
ESTAT:EARN_MW_CUR(1.0),31/07/26 11:00:00,S,EUR,BE,2022-S1,1658,,
ESTAT:EARN_MW_CUR(1.0),31/07/26 11:00:00,S,EUR,BE,2022-S2,1842,,
ESTAT:EARN_MW_CUR(1.0),31/07/26 11:00:00,S,EUR,BE,2023-S1,1955,,
ESTAT:EARN_MW_CUR(1.0),31/07/26 11:00:00,S,EUR,BE,2023-S2,1955,,
ESTAT:EARN_MW_CUR(1.0),31/07/26 11:00:00,S,EUR,BE,2024-S1,1994,,
ESTAT:EARN_MW_CUR(1.0),31/07/26 11:00:00,S,EUR,BE,2024-S2,2070,,
ESTAT:EARN_MW_CUR(1.0),31/07/26 11:00:00,S,EUR,BE,2025-S1,2070,,
ESTAT:EARN_MW_CUR(1.0),31/07/26 11:00:00,S,EUR,BE,2025-S2,2112,,
ESTAT:EARN_MW_CUR(1.0),31/07/26 11:00:00,S,EUR,BE,2026-S1,2112,,
ESTAT:EARN_MW_CUR(1.0),31/07/26 11:00:00,S,EUR,BE,2026-S2,2234,,
ESTAT:EARN_MW_CUR(1.0),31/07/26 11:00:00,S,EUR,BG,1999-S1,31,,
ESTAT:EARN_MW_CUR(1.0),31/07/26 11:00:00,S,EUR,BG,1999-S2,34,,
ESTAT:EARN_MW_CUR(1.0),31/07/26 11:00:00,S,EUR,BG,2000-S1,34,,
ESTAT:EARN_MW_CUR(1.0),31/07/26 11:00:00,S,EUR,BG,2000-S2,38,,
ESTAT:EARN_MW_CUR(1.0),31/07/26 11:00:00,S,EUR,BG,2001-S1,40,,
ESTAT:EARN_MW_CUR(1.0),31/07/26 11:00:00,S,EUR,BG,2001-S2,43,,
ESTAT:EARN_MW_CUR(1.0),31/07/26 11:00:00,S,EUR,BG,2002-S1,51,,
ESTAT:EARN_MW_CUR(1.0),31/07/26 11:00:00,S,EUR,BG,2002-S2,51,,
ESTAT:EARN_MW_CUR(1.0),31/07/26 11:00:00,S,EUR,BG,2003-S1,56,,
ESTAT:EARN_MW_CUR(1.0),31/07/26 11:00:00,S,EUR,BG,2003-S2,56,,
ESTAT:EARN_MW_CUR(1.0),31/07/26 11:00:00,S,EUR,BG,2004-S1,61,,
ESTAT:EARN_MW_CUR(1.0),31/07/26 11:00:00,S,EUR,BG,2004-S2,61,,
ESTAT:EARN_MW_CUR(1.0),31/07/26 11:00:00,S,EUR,BG,2005-S1,77,,
ESTAT:EARN_MW_CUR(1.0),31/07/26 11:00:00,S,EUR,BG,2005-S2,77,,
ESTAT:EARN_MW_CUR(1.0),31/07/26 11:00:00,S,EUR,BG,2006-S1,82,,
ESTAT:EARN_MW_CUR(1.0),31/07/26 11:00:00,S,EUR,BG,2006-S2,82,,
ESTAT:EARN_MW_CUR(1.0),31/07/26 11:00:00,S,EUR,BG,2007-S1,92,,
ESTAT:EARN_MW_CUR(1.0),31/07/26 11:00:00,S,EUR,BG,2007-S2,92,,
ESTAT:EARN_MW_CUR(1.0),31/07/26 11:00:00,S,EUR,BG,2008-S1,112,,
ESTAT:EARN_MW_CUR(1.0),31/07/26 11:00:00,S,EUR,BG,2008-S2,112,,
ESTAT:EARN_MW_CUR(1.0),31/07/26 11:00:00,S,EUR,BG,2009-S1,123,,
ESTAT:EARN_MW_CUR(1.0),31/07/26 11:00:00,S,EUR,BG,2009-S2,123,,
ESTAT:EARN_MW_CUR(1.0),31/07/26 11:00:00,S,EUR,BG,2010-S1,123,,
ESTAT:EARN_MW_CUR(1.0),31/07/26 11:00:00,S,EUR,BG,2010-S2,123,,
ESTAT:EARN_MW_CUR(1.0),31/07/26 11:00:00,S,EUR,BG,2011-S1,123,,
ESTAT:EARN_MW_CUR(1.0),31/07/26 11:00:00,S,EUR,BG,2011-S2,123,,
ESTAT:EARN_MW_CUR(1.0),31/07/26 11:00:00,S,EUR,BG,2012-S1,138,,
ESTAT:EARN_MW_CUR(1.0),31/07/26 11:00:00,S,EUR,BG,2012-S2,148,,
ESTAT:EARN_MW_CUR(1.0),31/07/26 11:00:00,S,EUR,BG,2013-S1,159,,
ESTAT:EARN_MW_CUR(1.0),31/07/26 11:00:00,S,EUR,BG,2013-S2,159,,
ESTAT:EARN_MW_CUR(1.0),31/07/26 11:00:00,S,EUR,BG,2014-S1,174,,
ESTAT:EARN_MW_CUR(1.0),31/07/26 11:00:00,S,EUR,BG,2014-S2,174,,
ESTAT:EARN_MW_CUR(1.0),31/07/26 11:00:00,S,EUR,BG,2015-S1,184,,
ESTAT:EARN_MW_CUR(1.0),31/07/26 11:00:00,S,EUR,BG,2015-S2,194,,
ESTAT:EARN_MW_CUR(1.0),31/07/26 11:00:00,S,EUR,BG,2016-S1,215,,
ESTAT:EARN_MW_CUR(1.0),31/07/26 11:00:00,S,EUR,BG,2016-S2,215,,
ESTAT:EARN_MW_CUR(1.0),31/07/26 11:00:00,S,EUR,BG,2017-S1,235,,
ESTAT:EARN_MW_CUR(1.0),31/07/26 11:00:00,S,EUR,BG,2017-S2,235,,
ESTAT:EARN_MW_CUR(1.0),31/07/26 11:00:00,S,EUR,BG,2018-S1,261,,
ESTAT:EARN_MW_CUR(1.0),31/07/26 11:00:00,S,EUR,BG,2018-S2,261,,
ESTAT:EARN_MW_CUR(1.0),31/07/26 11:00:00,S,EUR,BG,2019-S1,286,,
ESTAT:EARN_MW_CUR(1.0),31/07/26 11:00:00,S,EUR,BG,2019-S2,286,,
ESTAT:EARN_MW_CUR(1.0),31/07/26 11:00:00,S,EUR,BG,2020-S1,312,,
ESTAT:EARN_MW_CUR(1.0),31/07/26 11:00:00,S,EUR,BG,2020-S2,312,,
ESTAT:EARN_MW_CUR(1.0),31/07/26 11:00:00,S,EUR,BG,2021-S1,332,,
ESTAT:EARN_MW_CUR(1.0),31/07/26 11:00:00,S,EUR,BG,2021-S2,332,,
ESTAT:EARN_MW_CUR(1.0),31/07/26 11:00:00,S,EUR,BG,2022-S1,332,,
ESTAT:EARN_MW_CUR(1.0),31/07/26 11:00:00,S,EUR,BG,2022-S2,363,,
ESTAT:EARN_MW_CUR(1.0),31/07/26 11:00:00,S,EUR,BG,2023-S1,399,,
ESTAT:EARN_MW_CUR(1.0),31/07/26 11:00:00,S,EUR,BG,2023-S2,399,,
ESTAT:EARN_MW_CUR(1.0),31/07/26 11:00:00,S,EUR,BG,2024-S1,477,,
ESTAT:EARN_MW_CUR(1.0),31/07/26 11:00:00,S,EUR,BG,2024-S2,477,,
ESTAT:EARN_MW_CUR(1.0),31/07/26 11:00:00,S,EUR,BG,2025-S1,551,,
ESTAT:EARN_MW_CUR(1.0),31/07/26 11:00:00,S,EUR,BG,2025-S2,551,,
ESTAT:EARN_MW_CUR(1.0),31/07/26 11:00:00,S,EUR,BG,2026-S1,620,,
ESTAT:EARN_MW_CUR(1.0),31/07/26 11:00:00,S,EUR,BG,2026-S2,620,,
ESTAT:EARN_MW_CUR(1.0),31/07/26 11:00:00,S,EUR,CH,1999-S1,,m,
ESTAT:EARN_MW_CUR(1.0),31/07/26 11:00:00,S,EUR,CH,1999-S2,,m,
ESTAT:EARN_MW_CUR(1.0),31/07/26 11:00:00,S,EUR,CH,2000-S1,,m,
ESTAT:EARN_MW_CUR(1.0),31/07/26 11:00:00,S,EUR,CH,2000-S2,,m,
ESTAT:EARN_MW_CUR(1.0),31/07/26 11:00:00,S,EUR,CH,2001-S1,,m,
ESTAT:EARN_MW_CUR(1.0),31/07/26 11:00:00,S,EUR,CH,2001-S2,,m,
ESTAT:EARN_MW_CUR(1.0),31/07/26 11:00:00,S,EUR,CH,2002-S1,,m,
ESTAT:EARN_MW_CUR(1.0),31/07/26 11:00:00,S,EUR,CH,2002-S2,,m,
ESTAT:EARN_MW_CUR(1.0),31/07/26 11:00:00,S,EUR,CH,2003-S1,,m,
ESTAT:EARN_MW_CUR(1.0),31/07/26 11:00:00,S,EUR,CH,2003-S2,,m,
ESTAT:EARN_MW_CUR(1.0),31/07/26 11:00:00,S,EUR,CH,2004-S1,,m,
ESTAT:EARN_MW_CUR(1.0),31/07/26 11:00:00,S,EUR,CH,2004-S2,,m,
ESTAT:EARN_MW_CUR(1.0),31/07/26 11:00:00,S,EUR,CH,2005-S1,,m,
ESTAT:EARN_MW_CUR(1.0),31/07/26 11:00:00,S,EUR,CH,2005-S2,,m,
ESTAT:EARN_MW_CUR(1.0),31/07/26 11:00:00,S,EUR,CH,2006-S1,,m,
ESTAT:EARN_MW_CUR(1.0),31/07/26 11:00:00,S,EUR,CH,2006-S2,,m,
ESTAT:EARN_MW_CUR(1.0),31/07/26 11:00:00,S,EUR,CH,2007-S1,,m,
ESTAT:EARN_MW_CUR(1.0),31/07/26 11:00:00,S,EUR,CH,2007-S2,,m,
ESTAT:EARN_MW_CUR(1.0),31/07/26 11:00:00,S,EUR,CH,2008-S1,,m,
ESTAT:EARN_MW_CUR(1.0),31/07/26 11:00:00,S,EUR,CH,2008-S2,,m,
ESTAT:EARN_MW_CUR(1.0),31/07/26 11:00:00,S,EUR,CH,2009-S1,,m,
ESTAT:EARN_MW_CUR(1.0),31/07/26 11:00:00,S,EUR,CH,2009-S2,,m,
ESTAT:EARN_MW_CUR(1.0),31/07/26 11:00:00,S,EUR,CH,2010-S1,,m,
ESTAT:EARN_MW_CUR(1.0),31/07/26 11:00:00,S,EUR,CH,2010-S2,,m,
ESTAT:EARN_MW_CUR(1.0),31/07/26 11:00:00,S,EUR,CH,2011-S1,,m,
ESTAT:EARN_MW_CUR(1.0),31/07/26 11:00:00,S,EUR,CH,2011-S2,,m,
ESTAT:EARN_MW_CUR(1.0),31/07/26 11:00:00,S,EUR,CH,2012-S1,,m,
ESTAT:EARN_MW_CUR(1.0),31/07/26 11:00:00,S,EUR,CH,2012-S2,,m,
ESTAT:EARN_MW_CUR(1.0),31/07/26 11:00:00,S,EUR,CH,2013-S1,,m,
ESTAT:EARN_MW_CUR(1.0),31/07/26 11:00:00,S,EUR,CH,2013-S2,,m,
ESTAT:EARN_MW_CUR(1.0),31/07/26 11:00:00,S,EUR,CH,2014-S1,,m,
ESTAT:EARN_MW_CUR(1.0),31/07/26 11:00:00,S,EUR,CH,2014-S2,,m,
ESTAT:EARN_MW_CUR(1.0),31/07/26 11:00:00,S,EUR,CH,2015-S1,,m,
ESTAT:EARN_MW_CUR(1.0),31/07/26 11:00:00,S,EUR,CH,2015-S2,,m,
ESTAT:EARN_MW_CUR(1.0),31/07/26 11:00:00,S,EUR,CH,2016-S1,,m,
ESTAT:EARN_MW_CUR(1.0),31/07/26 11:00:00,S,EUR,CH,2016-S2,,m,
ESTAT:EARN_MW_CUR(1.0),31/07/26 11:00:00,S,EUR,CH,2017-S1,,m,
ESTAT:EARN_MW_CUR(1.0),31/07/26 11:00:00,S,EUR,CH,2017-S2,,m,
ESTAT:EARN_MW_CUR(1.0),31/07/26 11:00:00,S,EUR,CH,2018-S1,,m,
ESTAT:EARN_MW_CUR(1.0),31/07/26 11:00:00,S,EUR,CH,2018-S2,,m,
ESTAT:EARN_MW_CUR(1.0),31/07/26 11:00:00,S,EUR,CH,2019-S1,,m,
ESTAT:EARN_MW_CUR(1.0),31/07/26 11:00:00,S,EUR,CH,2019-S2,,m,
ESTAT:EARN_MW_CUR(1.0),31/07/26 11:00:00,S,EUR,CH,2020-S1,,m,
ESTAT:EARN_MW_CUR(1.0),31/07/26 11:00:00,S,EUR,CH,2020-S2,,m,
ESTAT:EARN_MW_CUR(1.0),31/07/26 11:00:00,S,EUR,CH,2021-S1,,m,
ESTAT:EARN_MW_CUR(1.0),31/07/26 11:00:00,S,EUR,CH,2021-S2,,m,
ESTAT:EARN_MW_CUR(1.0),31/07/26 11:00:00,S,EUR,CH,2022-S1,,m,
ESTAT:EARN_MW_CUR(1.0),31/07/26 11:00:00,S,EUR,CH,2022-S2,,m,
ESTAT:EARN_MW_CUR(1.0),31/07/26 11:00:00,S,EUR,CH,2023-S1,,m,
ESTAT:EARN_MW_CUR(1.0),31/07/26 11:00:00,S,EUR,CH,2023-S2,,m,
ESTAT:EARN_MW_CUR(1.0),31/07/26 11:00:00,S,EUR,CH,2024-S1,,m,
ESTAT:EARN_MW_CUR(1.0),31/07/26 11:00:00,S,EUR,CH,2024-S2,,m,
ESTAT:EARN_MW_CUR(1.0),31/07/26 11:00:00,S,EUR,CH,2025-S1,,m,
ESTAT:EARN_MW_CUR(1.0),31/07/26 11:00:00,S,EUR,CH,2025-S2,,m,
ESTAT:EARN_MW_CUR(1.0),31/07/26 11:00:00,S,EUR,CH,2026-S1,,m,
ESTAT:EARN_MW_CUR(1.0),31/07/26 11:00:00,S,EUR,CH,2026-S2,,m,
ESTAT:EARN_MW_CUR(1.0),31/07/26 11:00:00,S,EUR,CY,1999-S1,,m,
ESTAT:EARN_MW_CUR(1.0),31/07/26 11:00:00,S,EUR,CY,1999-S2,,m,
ESTAT:EARN_MW_CUR(1.0),31/07/26 11:00:00,S,EUR,CY,2000-S1,,m,
ESTAT:EARN_MW_CUR(1.0),31/07/26 11:00:00,S,EUR,CY,2000-S2,,m,
ESTAT:EARN_MW_CUR(1.0),31/07/26 11:00:00,S,EUR,CY,2001-S1,,m,
ESTAT:EARN_MW_CUR(1.0),31/07/26 11:00:00,S,EUR,CY,2001-S2,,m,
ESTAT:EARN_MW_CUR(1.0),31/07/26 11:00:00,S,EUR,CY,2002-S1,,m,
ESTAT:EARN_MW_CUR(1.0),31/07/26 11:00:00,S,EUR,CY,2002-S2,,m,
ESTAT:EARN_MW_CUR(1.0),31/07/26 11:00:00,S,EUR,CY,2003-S1,,m,
ESTAT:EARN_MW_CUR(1.0),31/07/26 11:00:00,S,EUR,CY,2003-S2,,m,
ESTAT:EARN_MW_CUR(1.0),31/07/26 11:00:00,S,EUR,CY,2004-S1,,m,
ESTAT:EARN_MW_CUR(1.0),31/07/26 11:00:00,S,EUR,CY,2004-S2,,m,
ESTAT:EARN_MW_CUR(1.0),31/07/26 11:00:00,S,EUR,CY,2005-S1,,m,
ESTAT:EARN_MW_CUR(1.0),31/07/26 11:00:00,S,EUR,CY,2005-S2,,m,
ESTAT:EARN_MW_CUR(1.0),31/07/26 11:00:00,S,EUR,CY,2006-S1,,m,
ESTAT:EARN_MW_CUR(1.0),31/07/26 11:00:00,S,EUR,CY,2006-S2,,m,
ESTAT:EARN_MW_CUR(1.0),31/07/26 11:00:00,S,EUR,CY,2007-S1,,m,
ESTAT:EARN_MW_CUR(1.0),31/07/26 11:00:00,S,EUR,CY,2007-S2,,m,
ESTAT:EARN_MW_CUR(1.0),31/07/26 11:00:00,S,EUR,CY,2008-S1,,m,
ESTAT:EARN_MW_CUR(1.0),31/07/26 11:00:00,S,EUR,CY,2008-S2,,m,
ESTAT:EARN_MW_CUR(1.0),31/07/26 11:00:00,S,EUR,CY,2009-S1,,m,
ESTAT:EARN_MW_CUR(1.0),31/07/26 11:00:00,S,EUR,CY,2009-S2,,m,
ESTAT:EARN_MW_CUR(1.0),31/07/26 11:00:00,S,EUR,CY,2010-S1,,m,
ESTAT:EARN_MW_CUR(1.0),31/07/26 11:00:00,S,EUR,CY,2010-S2,,m,
ESTAT:EARN_MW_CUR(1.0),31/07/26 11:00:00,S,EUR,CY,2011-S1,,m,
ESTAT:EARN_MW_CUR(1.0),31/07/26 11:00:00,S,EUR,CY,2011-S2,,m,
ESTAT:EARN_MW_CUR(1.0),31/07/26 11:00:00,S,EUR,CY,2012-S1,,m,
ESTAT:EARN_MW_CUR(1.0),31/07/26 11:00:00,S,EUR,CY,2012-S2,,m,
ESTAT:EARN_MW_CUR(1.0),31/07/26 11:00:00,S,EUR,CY,2013-S1,,m,
ESTAT:EARN_MW_CUR(1.0),31/07/26 11:00:00,S,EUR,CY,2013-S2,,m,
ESTAT:EARN_MW_CUR(1.0),31/07/26 11:00:00,S,EUR,CY,2014-S1,,m,
ESTAT:EARN_MW_CUR(1.0),31/07/26 11:00:00,S,EUR,CY,2014-S2,,m,
ESTAT:EARN_MW_CUR(1.0),31/07/26 11:00:00,S,EUR,CY,2015-S1,,m,
ESTAT:EARN_MW_CUR(1.0),31/07/26 11:00:00,S,EUR,CY,2015-S2,,m,
ESTAT:EARN_MW_CUR(1.0),31/07/26 11:00:00,S,EUR,CY,2016-S1,,m,
ESTAT:EARN_MW_CUR(1.0),31/07/26 11:00:00,S,EUR,CY,2016-S2,,m,
ESTAT:EARN_MW_CUR(1.0),31/07/26 11:00:00,S,EUR,CY,2017-S1,,m,
ESTAT:EARN_MW_CUR(1.0),31/07/26 11:00:00,S,EUR,CY,2017-S2,,m,
ESTAT:EARN_MW_CUR(1.0),31/07/26 11:00:00,S,EUR,CY,2018-S1,,m,
ESTAT:EARN_MW_CUR(1.0),31/07/26 11:00:00,S,EUR,CY,2018-S2,,m,
ESTAT:EARN_MW_CUR(1.0),31/07/26 11:00:00,S,EUR,CY,2019-S1,,m,
ESTAT:EARN_MW_CUR(1.0),31/07/26 11:00:00,S,EUR,CY,2019-S2,,m,
ESTAT:EARN_MW_CUR(1.0),31/07/26 11:00:00,S,EUR,CY,2020-S1,,m,
ESTAT:EARN_MW_CUR(1.0),31/07/26 11:00:00,S,EUR,CY,2020-S2,,m,
ESTAT:EARN_MW_CUR(1.0),31/07/26 11:00:00,S,EUR,CY,2021-S1,,m,
ESTAT:EARN_MW_CUR(1.0),31/07/26 11:00:00,S,EUR,CY,2021-S2,,m,
ESTAT:EARN_MW_CUR(1.0),31/07/26 11:00:00,S,EUR,CY,2022-S1,,m,
ESTAT:EARN_MW_CUR(1.0),31/07/26 11:00:00,S,EUR,CY,2022-S2,,m,
ESTAT:EARN_MW_CUR(1.0),31/07/26 11:00:00,S,EUR,CY,2023-S1,940,,
ESTAT:EARN_MW_CUR(1.0),31/07/26 11:00:00,S,EUR,CY,2023-S2,940,,
ESTAT:EARN_MW_CUR(1.0),31/07/26 11:00:00,S,EUR,CY,2024-S1,1000,,
ESTAT:EARN_MW_CUR(1.0),31/07/26 11:00:00,S,EUR,CY,2024-S2,1000,,
ESTAT:EARN_MW_CUR(1.0),31/07/26 11:00:00,S,EUR,CY,2025-S1,1000,,
ESTAT:EARN_MW_CUR(1.0),31/07/26 11:00:00,S,EUR,CY,2025-S2,1000,,
ESTAT:EARN_MW_CUR(1.0),31/07/26 11:00:00,S,EUR,CY,2026-S1,1088,,
ESTAT:EARN_MW_CUR(1.0),31/07/26 11:00:00,S,EUR,CY,2026-S2,1088,,
ESTAT:EARN_MW_CUR(1.0),31/07/26 11:00:00,S,EUR,CZ,1999-S1,92,,
ESTAT:EARN_MW_CUR(1.0),31/07/26 11:00:00,S,EUR,CZ,1999-S2,99,,
ESTAT:EARN_MW_CUR(1.0),31/07/26 11:00:00,S,EUR,CZ,2000-S1,111,,
ESTAT:EARN_MW_CUR(1.0),31/07/26 11:00:00,S,EUR,CZ,2000-S2,126,,
ESTAT:EARN_MW_CUR(1.0),31/07/26 11:00:00,S,EUR,CZ,2001-S1,143,,
ESTAT:EARN_MW_CUR(1.0),31/07/26 11:00:00,S,EUR,CZ,2001-S2,148,,
ESTAT:EARN_MW_CUR(1.0),31/07/26 11:00:00,S,EUR,CZ,2002-S1,178,,
ESTAT:EARN_MW_CUR(1.0),31/07/26 11:00:00,S,EUR,CZ,2002-S2,195,,
ESTAT:EARN_MW_CUR(1.0),31/07/26 11:00:00,S,EUR,CZ,2003-S1,196,,
ESTAT:EARN_MW_CUR(1.0),31/07/26 11:00:00,S,EUR,CZ,2003-S2,196,,
ESTAT:EARN_MW_CUR(1.0),31/07/26 11:00:00,S,EUR,CZ,2004-S1,207,,
ESTAT:EARN_MW_CUR(1.0),31/07/26 11:00:00,S,EUR,CZ,2004-S2,211,,
ESTAT:EARN_MW_CUR(1.0),31/07/26 11:00:00,S,EUR,CZ,2005-S1,236,,
ESTAT:EARN_MW_CUR(1.0),31/07/26 11:00:00,S,EUR,CZ,2005-S2,239,,
ESTAT:EARN_MW_CUR(1.0),31/07/26 11:00:00,S,EUR,CZ,2006-S1,261,,
ESTAT:EARN_MW_CUR(1.0),31/07/26 11:00:00,S,EUR,CZ,2006-S2,279,,
ESTAT:EARN_MW_CUR(1.0),31/07/26 11:00:00,S,EUR,CZ,2007-S1,291,,
ESTAT:EARN_MW_CUR(1.0),31/07/26 11:00:00,S,EUR,CZ,2007-S2,279,,
ESTAT:EARN_MW_CUR(1.0),31/07/26 11:00:00,S,EUR,CZ,2008-S1,300,,
ESTAT:EARN_MW_CUR(1.0),31/07/26 11:00:00,S,EUR,CZ,2008-S2,335,,
ESTAT:EARN_MW_CUR(1.0),31/07/26 11:00:00,S,EUR,CZ,2009-S1,298,,
ESTAT:EARN_MW_CUR(1.0),31/07/26 11:00:00,S,EUR,CZ,2009-S2,309,,
ESTAT:EARN_MW_CUR(1.0),31/07/26 11:00:00,S,EUR,CZ,2010-S1,302,,
ESTAT:EARN_MW_CUR(1.0),31/07/26 11:00:00,S,EUR,CZ,2010-S2,311,,
ESTAT:EARN_MW_CUR(1.0),31/07/26 11:00:00,S,EUR,CZ,2011-S1,319,,
ESTAT:EARN_MW_CUR(1.0),31/07/26 11:00:00,S,EUR,CZ,2011-S2,329,,
ESTAT:EARN_MW_CUR(1.0),31/07/26 11:00:00,S,EUR,CZ,2012-S1,310,,
ESTAT:EARN_MW_CUR(1.0),31/07/26 11:00:00,S,EUR,CZ,2012-S2,312,,
ESTAT:EARN_MW_CUR(1.0),31/07/26 11:00:00,S,EUR,CZ,2013-S1,318,,
ESTAT:EARN_MW_CUR(1.0),31/07/26 11:00:00,S,EUR,CZ,2013-S2,308,,
ESTAT:EARN_MW_CUR(1.0),31/07/26 11:00:00,S,EUR,CZ,2014-S1,310,,
ESTAT:EARN_MW_CUR(1.0),31/07/26 11:00:00,S,EUR,CZ,2014-S2,310,,
ESTAT:EARN_MW_CUR(1.0),31/07/26 11:00:00,S,EUR,CZ,2015-S1,332,,
ESTAT:EARN_MW_CUR(1.0),31/07/26 11:00:00,S,EUR,CZ,2015-S2,338,,
ESTAT:EARN_MW_CUR(1.0),31/07/26 11:00:00,S,EUR,CZ,2016-S1,366,,
ESTAT:EARN_MW_CUR(1.0),31/07/26 11:00:00,S,EUR,CZ,2016-S2,365,,
ESTAT:EARN_MW_CUR(1.0),31/07/26 11:00:00,S,EUR,CZ,2017-S1,407,,
ESTAT:EARN_MW_CUR(1.0),31/07/26 11:00:00,S,EUR,CZ,2017-S2,420,,
ESTAT:EARN_MW_CUR(1.0),31/07/26 11:00:00,S,EUR,CZ,2018-S1,478,,
ESTAT:EARN_MW_CUR(1.0),31/07/26 11:00:00,S,EUR,CZ,2018-S2,469,,
ESTAT:EARN_MW_CUR(1.0),31/07/26 11:00:00,S,EUR,CZ,2019-S1,519,,
ESTAT:EARN_MW_CUR(1.0),31/07/26 11:00:00,S,EUR,CZ,2019-S2,525,,
ESTAT:EARN_MW_CUR(1.0),31/07/26 11:00:00,S,EUR,CZ,2020-S1,575,,
ESTAT:EARN_MW_CUR(1.0),31/07/26 11:00:00,S,EUR,CZ,2020-S2,546,,
ESTAT:EARN_MW_CUR(1.0),31/07/26 11:00:00,S,EUR,CZ,2021-S1,579,,
ESTAT:EARN_MW_CUR(1.0),31/07/26 11:00:00,S,EUR,CZ,2021-S2,596,,
ESTAT:EARN_MW_CUR(1.0),31/07/26 11:00:00,S,EUR,CZ,2022-S1,652,,
ESTAT:EARN_MW_CUR(1.0),31/07/26 11:00:00,S,EUR,CZ,2022-S2,655,,
ESTAT:EARN_MW_CUR(1.0),31/07/26 11:00:00,S,EUR,CZ,2023-S1,717,,
ESTAT:EARN_MW_CUR(1.0),31/07/26 11:00:00,S,EUR,CZ,2023-S2,729,,
ESTAT:EARN_MW_CUR(1.0),31/07/26 11:00:00,S,EUR,CZ,2024-S1,764,,
ESTAT:EARN_MW_CUR(1.0),31/07/26 11:00:00,S,EUR,CZ,2024-S2,755,,
ESTAT:EARN_MW_CUR(1.0),31/07/26 11:00:00,S,EUR,CZ,2025-S1,826,,
ESTAT:EARN_MW_CUR(1.0),31/07/26 11:00:00,S,EUR,CZ,2025-S2,841,,
ESTAT:EARN_MW_CUR(1.0),31/07/26 11:00:00,S,EUR,CZ,2026-S1,924,,
ESTAT:EARN_MW_CUR(1.0),31/07/26 11:00:00,S,EUR,CZ,2026-S2,923,,
ESTAT:EARN_MW_CUR(1.0),31/07/26 11:00:00,S,EUR,DE,1999-S1,,m,
ESTAT:EARN_MW_CUR(1.0),31/07/26 11:00:00,S,EUR,DE,1999-S2,,m,
ESTAT:EARN_MW_CUR(1.0),31/07/26 11:00:00,S,EUR,DE,2000-S1,,m,
ESTAT:EARN_MW_CUR(1.0),31/07/26 11:00:00,S,EUR,DE,2000-S2,,m,
ESTAT:EARN_MW_CUR(1.0),31/07/26 11:00:00,S,EUR,DE,2001-S1,,m,
ESTAT:EARN_MW_CUR(1.0),31/07/26 11:00:00,S,EUR,DE,2001-S2,,m,
ESTAT:EARN_MW_CUR(1.0),31/07/26 11:00:00,S,EUR,DE,2002-S1,,m,
ESTAT:EARN_MW_CUR(1.0),31/07/26 11:00:00,S,EUR,DE,2002-S2,,m,
ESTAT:EARN_MW_CUR(1.0),31/07/26 11:00:00,S,EUR,DE,2003-S1,,m,
ESTAT:EARN_MW_CUR(1.0),31/07/26 11:00:00,S,EUR,DE,2003-S2,,m,
ESTAT:EARN_MW_CUR(1.0),31/07/26 11:00:00,S,EUR,DE,2004-S1,,m,
ESTAT:EARN_MW_CUR(1.0),31/07/26 11:00:00,S,EUR,DE,2004-S2,,m,
ESTAT:EARN_MW_CUR(1.0),31/07/26 11:00:00,S,EUR,DE,2005-S1,,m,
ESTAT:EARN_MW_CUR(1.0),31/07/26 11:00:00,S,EUR,DE,2005-S2,,m,
ESTAT:EARN_MW_CUR(1.0),31/07/26 11:00:00,S,EUR,DE,2006-S1,,m,
ESTAT:EARN_MW_CUR(1.0),31/07/26 11:00:00,S,EUR,DE,2006-S2,,m,
ESTAT:EARN_MW_CUR(1.0),31/07/26 11:00:00,S,EUR,DE,2007-S1,,m,
ESTAT:EARN_MW_CUR(1.0),31/07/26 11:00:00,S,EUR,DE,2007-S2,,m,
ESTAT:EARN_MW_CUR(1.0),31/07/26 11:00:00,S,EUR,DE,2008-S1,,m,
ESTAT:EARN_MW_CUR(1.0),31/07/26 11:00:00,S,EUR,DE,2008-S2,,m,
ESTAT:EARN_MW_CUR(1.0),31/07/26 11:00:00,S,EUR,DE,2009-S1,,m,
ESTAT:EARN_MW_CUR(1.0),31/07/26 11:00:00,S,EUR,DE,2009-S2,,m,
ESTAT:EARN_MW_CUR(1.0),31/07/26 11:00:00,S,EUR,DE,2010-S1,,m,
ESTAT:EARN_MW_CUR(1.0),31/07/26 11:00:00,S,EUR,DE,2010-S2,,m,
ESTAT:EARN_MW_CUR(1.0),31/07/26 11:00:00,S,EUR,DE,2011-S1,,m,
ESTAT:EARN_MW_CUR(1.0),31/07/26 11:00:00,S,EUR,DE,2011-S2,,m,
ESTAT:EARN_MW_CUR(1.0),31/07/26 11:00:00,S,EUR,DE,2012-S1,,m,
ESTAT:EARN_MW_CUR(1.0),31/07/26 11:00:00,S,EUR,DE,2012-S2,,m,
ESTAT:EARN_MW_CUR(1.0),31/07/26 11:00:00,S,EUR,DE,2013-S1,,m,
ESTAT:EARN_MW_CUR(1.0),31/07/26 11:00:00,S,EUR,DE,2013-S2,,m,
ESTAT:EARN_MW_CUR(1.0),31/07/26 11:00:00,S,EUR,DE,2014-S1,,m,
ESTAT:EARN_MW_CUR(1.0),31/07/26 11:00:00,S,EUR,DE,2014-S2,,m,
ESTAT:EARN_MW_CUR(1.0),31/07/26 11:00:00,S,EUR,DE,2015-S1,1444,,
ESTAT:EARN_MW_CUR(1.0),31/07/26 11:00:00,S,EUR,DE,2015-S2,1444,,
ESTAT:EARN_MW_CUR(1.0),31/07/26 11:00:00,S,EUR,DE,2016-S1,1444,,
ESTAT:EARN_MW_CUR(1.0),31/07/26 11:00:00,S,EUR,DE,2016-S2,1444,,
ESTAT:EARN_MW_CUR(1.0),31/07/26 11:00:00,S,EUR,DE,2017-S1,1506,,
ESTAT:EARN_MW_CUR(1.0),31/07/26 11:00:00,S,EUR,DE,2017-S2,1506,,
ESTAT:EARN_MW_CUR(1.0),31/07/26 11:00:00,S,EUR,DE,2018-S1,1506,,
ESTAT:EARN_MW_CUR(1.0),31/07/26 11:00:00,S,EUR,DE,2018-S2,1506,,
ESTAT:EARN_MW_CUR(1.0),31/07/26 11:00:00,S,EUR,DE,2019-S1,1561,,
ESTAT:EARN_MW_CUR(1.0),31/07/26 11:00:00,S,EUR,DE,2019-S2,1561,,
ESTAT:EARN_MW_CUR(1.0),31/07/26 11:00:00,S,EUR,DE,2020-S1,1544,,
ESTAT:EARN_MW_CUR(1.0),31/07/26 11:00:00,S,EUR,DE,2020-S2,1544,,
ESTAT:EARN_MW_CUR(1.0),31/07/26 11:00:00,S,EUR,DE,2021-S1,1585,,
ESTAT:EARN_MW_CUR(1.0),31/07/26 11:00:00,S,EUR,DE,2021-S2,1602,,
ESTAT:EARN_MW_CUR(1.0),31/07/26 11:00:00,S,EUR,DE,2022-S1,1634,,
ESTAT:EARN_MW_CUR(1.0),31/07/26 11:00:00,S,EUR,DE,2022-S2,1739,,
ESTAT:EARN_MW_CUR(1.0),31/07/26 11:00:00,S,EUR,DE,2023-S1,1997,,
ESTAT:EARN_MW_CUR(1.0),31/07/26 11:00:00,S,EUR,DE,2023-S2,1997,,
ESTAT:EARN_MW_CUR(1.0),31/07/26 11:00:00,S,EUR,DE,2024-S1,2054,,
ESTAT:EARN_MW_CUR(1.0),31/07/26 11:00:00,S,EUR,DE,2024-S2,2054,,
ESTAT:EARN_MW_CUR(1.0),31/07/26 11:00:00,S,EUR,DE,2025-S1,2161,,
ESTAT:EARN_MW_CUR(1.0),31/07/26 11:00:00,S,EUR,DE,2025-S2,2161,,
ESTAT:EARN_MW_CUR(1.0),31/07/26 11:00:00,S,EUR,DE,2026-S1,2343,,
ESTAT:EARN_MW_CUR(1.0),31/07/26 11:00:00,S,EUR,DE,2026-S2,2343,,
ESTAT:EARN_MW_CUR(1.0),31/07/26 11:00:00,S,EUR,DK,1999-S1,,m,
ESTAT:EARN_MW_CUR(1.0),31/07/26 11:00:00,S,EUR,DK,1999-S2,,m,
ESTAT:EARN_MW_CUR(1.0),31/07/26 11:00:00,S,EUR,DK,2000-S1,,m,
ESTAT:EARN_MW_CUR(1.0),31/07/26 11:00:00,S,EUR,DK,2000-S2,,m,
ESTAT:EARN_MW_CUR(1.0),31/07/26 11:00:00,S,EUR,DK,2001-S1,,m,
ESTAT:EARN_MW_CUR(1.0),31/07/26 11:00:00,S,EUR,DK,2001-S2,,m,
ESTAT:EARN_MW_CUR(1.0),31/07/26 11:00:00,S,EUR,DK,2002-S1,,m,
ESTAT:EARN_MW_CUR(1.0),31/07/26 11:00:00,S,EUR,DK,2002-S2,,m,
ESTAT:EARN_MW_CUR(1.0),31/07/26 11:00:00,S,EUR,DK,2003-S1,,m,
ESTAT:EARN_MW_CUR(1.0),31/07/26 11:00:00,S,EUR,DK,2003-S2,,m,
ESTAT:EARN_MW_CUR(1.0),31/07/26 11:00:00,S,EUR,DK,2004-S1,,m,
ESTAT:EARN_MW_CUR(1.0),31/07/26 11:00:00,S,EUR,DK,2004-S2,,m,
ESTAT:EARN_MW_CUR(1.0),31/07/26 11:00:00,S,EUR,DK,2005-S1,,m,
ESTAT:EARN_MW_CUR(1.0),31/07/26 11:00:00,S,EUR,DK,2005-S2,,m,
ESTAT:EARN_MW_CUR(1.0),31/07/26 11:00:00,S,EUR,DK,2006-S1,,m,
ESTAT:EARN_MW_CUR(1.0),31/07/26 11:00:00,S,EUR,DK,2006-S2,,m,
ESTAT:EARN_MW_CUR(1.0),31/07/26 11:00:00,S,EUR,DK,2007-S1,,m,
ESTAT:EARN_MW_CUR(1.0),31/07/26 11:00:00,S,EUR,DK,2007-S2,,m,
ESTAT:EARN_MW_CUR(1.0),31/07/26 11:00:00,S,EUR,DK,2008-S1,,m,
ESTAT:EARN_MW_CUR(1.0),31/07/26 11:00:00,S,EUR,DK,2008-S2,,m,
ESTAT:EARN_MW_CUR(1.0),31/07/26 11:00:00,S,EUR,DK,2009-S1,,m,
ESTAT:EARN_MW_CUR(1.0),31/07/26 11:00:00,S,EUR,DK,2009-S2,,m,
ESTAT:EARN_MW_CUR(1.0),31/07/26 11:00:00,S,EUR,DK,2010-S1,,m,
ESTAT:EARN_MW_CUR(1.0),31/07/26 11:00:00,S,EUR,DK,2010-S2,,m,
ESTAT:EARN_MW_CUR(1.0),31/07/26 11:00:00,S,EUR,DK,2011-S1,,m,
ESTAT:EARN_MW_CUR(1.0),31/07/26 11:00:00,S,EUR,DK,2011-S2,,m,
ESTAT:EARN_MW_CUR(1.0),31/07/26 11:00:00,S,EUR,DK,2012-S1,,m,
ESTAT:EARN_MW_CUR(1.0),31/07/26 11:00:00,S,EUR,DK,2012-S2,,m,
ESTAT:EARN_MW_CUR(1.0),31/07/26 11:00:00,S,EUR,DK,2013-S1,,m,
ESTAT:EARN_MW_CUR(1.0),31/07/26 11:00:00,S,EUR,DK,2013-S2,,m,
ESTAT:EARN_MW_CUR(1.0),31/07/26 11:00:00,S,EUR,DK,2014-S1,,m,
ESTAT:EARN_MW_CUR(1.0),31/07/26 11:00:00,S,EUR,DK,2014-S2,,m,
ESTAT:EARN_MW_CUR(1.0),31/07/26 11:00:00,S,EUR,DK,2015-S1,,m,
ESTAT:EARN_MW_CUR(1.0),31/07/26 11:00:00,S,EUR,DK,2015-S2,,m,
ESTAT:EARN_MW_CUR(1.0),31/07/26 11:00:00,S,EUR,DK,2016-S1,,m,
ESTAT:EARN_MW_CUR(1.0),31/07/26 11:00:00,S,EUR,DK,2016-S2,,m,
ESTAT:EARN_MW_CUR(1.0),31/07/26 11:00:00,S,EUR,DK,2017-S1,,m,
ESTAT:EARN_MW_CUR(1.0),31/07/26 11:00:00,S,EUR,DK,2017-S2,,m,
ESTAT:EARN_MW_CUR(1.0),31/07/26 11:00:00,S,EUR,DK,2018-S1,,m,
ESTAT:EARN_MW_CUR(1.0),31/07/26 11:00:00,S,EUR,DK,2018-S2,,m,
ESTAT:EARN_MW_CUR(1.0),31/07/26 11:00:00,S,EUR,DK,2019-S1,,m,
ESTAT:EARN_MW_CUR(1.0),31/07/26 11:00:00,S,EUR,DK,2019-S2,,m,
ESTAT:EARN_MW_CUR(1.0),31/07/26 11:00:00,S,EUR,DK,2020-S1,,m,
ESTAT:EARN_MW_CUR(1.0),31/07/26 11:00:00,S,EUR,DK,2020-S2,,m,
ESTAT:EARN_MW_CUR(1.0),31/07/26 11:00:00,S,EUR,DK,2021-S1,,m,
ESTAT:EARN_MW_CUR(1.0),31/07/26 11:00:00,S,EUR,DK,2021-S2,,m,
ESTAT:EARN_MW_CUR(1.0),31/07/26 11:00:00,S,EUR,DK,2022-S1,,m,
ESTAT:EARN_MW_CUR(1.0),31/07/26 11:00:00,S,EUR,DK,2022-S2,,m,
ESTAT:EARN_MW_CUR(1.0),31/07/26 11:00:00,S,EUR,DK,2023-S1,,m,
ESTAT:EARN_MW_CUR(1.0),31/07/26 11:00:00,S,EUR,DK,2023-S2,,m,
ESTAT:EARN_MW_CUR(1.0),31/07/26 11:00:00,S,EUR,DK,2024-S1,,m,
ESTAT:EARN_MW_CUR(1.0),31/07/26 11:00:00,S,EUR,DK,2024-S2,,m,
ESTAT:EARN_MW_CUR(1.0),31/07/26 11:00:00,S,EUR,DK,2025-S1,,m,
ESTAT:EARN_MW_CUR(1.0),31/07/26 11:00:00,S,EUR,DK,2025-S2,,m,
ESTAT:EARN_MW_CUR(1.0),31/07/26 11:00:00,S,EUR,DK,2026-S1,,m,
ESTAT:EARN_MW_CUR(1.0),31/07/26 11:00:00,S,EUR,DK,2026-S2,,m,
ESTAT:EARN_MW_CUR(1.0),31/07/26 11:00:00,S,EUR,EE,1999-S1,80,,
ESTAT:EARN_MW_CUR(1.0),31/07/26 11:00:00,S,EUR,EE,1999-S2,80,,
ESTAT:EARN_MW_CUR(1.0),31/07/26 11:00:00,S,EUR,EE,2000-S1,89,,
ESTAT:EARN_MW_CUR(1.0),31/07/26 11:00:00,S,EUR,EE,2000-S2,89,,
ESTAT:EARN_MW_CUR(1.0),31/07/26 11:00:00,S,EUR,EE,2001-S1,102,,
ESTAT:EARN_MW_CUR(1.0),31/07/26 11:00:00,S,EUR,EE,2001-S2,102,,
ESTAT:EARN_MW_CUR(1.0),31/07/26 11:00:00,S,EUR,EE,2002-S1,118,,
ESTAT:EARN_MW_CUR(1.0),31/07/26 11:00:00,S,EUR,EE,2002-S2,118,,
ESTAT:EARN_MW_CUR(1.0),31/07/26 11:00:00,S,EUR,EE,2003-S1,138,,
ESTAT:EARN_MW_CUR(1.0),31/07/26 11:00:00,S,EUR,EE,2003-S2,138,,
ESTAT:EARN_MW_CUR(1.0),31/07/26 11:00:00,S,EUR,EE,2004-S1,159,,
ESTAT:EARN_MW_CUR(1.0),31/07/26 11:00:00,S,EUR,EE,2004-S2,159,,
ESTAT:EARN_MW_CUR(1.0),31/07/26 11:00:00,S,EUR,EE,2005-S1,172,,
ESTAT:EARN_MW_CUR(1.0),31/07/26 11:00:00,S,EUR,EE,2005-S2,172,,
ESTAT:EARN_MW_CUR(1.0),31/07/26 11:00:00,S,EUR,EE,2006-S1,192,,
ESTAT:EARN_MW_CUR(1.0),31/07/26 11:00:00,S,EUR,EE,2006-S2,192,,
ESTAT:EARN_MW_CUR(1.0),31/07/26 11:00:00,S,EUR,EE,2007-S1,230,,
ESTAT:EARN_MW_CUR(1.0),31/07/26 11:00:00,S,EUR,EE,2007-S2,230,,
ESTAT:EARN_MW_CUR(1.0),31/07/26 11:00:00,S,EUR,EE,2008-S1,278,,
ESTAT:EARN_MW_CUR(1.0),31/07/26 11:00:00,S,EUR,EE,2008-S2,278,,
ESTAT:EARN_MW_CUR(1.0),31/07/26 11:00:00,S,EUR,EE,2009-S1,278,,
ESTAT:EARN_MW_CUR(1.0),31/07/26 11:00:00,S,EUR,EE,2009-S2,278,,
ESTAT:EARN_MW_CUR(1.0),31/07/26 11:00:00,S,EUR,EE,2010-S1,278,,
ESTAT:EARN_MW_CUR(1.0),31/07/26 11:00:00,S,EUR,EE,2010-S2,278,,
ESTAT:EARN_MW_CUR(1.0),31/07/26 11:00:00,S,EUR,EE,2011-S1,278,,
ESTAT:EARN_MW_CUR(1.0),31/07/26 11:00:00,S,EUR,EE,2011-S2,278,,
ESTAT:EARN_MW_CUR(1.0),31/07/26 11:00:00,S,EUR,EE,2012-S1,290,,
ESTAT:EARN_MW_CUR(1.0),31/07/26 11:00:00,S,EUR,EE,2012-S2,290,,
ESTAT:EARN_MW_CUR(1.0),31/07/26 11:00:00,S,EUR,EE,2013-S1,320,,
ESTAT:EARN_MW_CUR(1.0),31/07/26 11:00:00,S,EUR,EE,2013-S2,320,,
ESTAT:EARN_MW_CUR(1.0),31/07/26 11:00:00,S,EUR,EE,2014-S1,355,,
ESTAT:EARN_MW_CUR(1.0),31/07/26 11:00:00,S,EUR,EE,2014-S2,355,,
ESTAT:EARN_MW_CUR(1.0),31/07/26 11:00:00,S,EUR,EE,2015-S1,390,,
ESTAT:EARN_MW_CUR(1.0),31/07/26 11:00:00,S,EUR,EE,2015-S2,390,,
ESTAT:EARN_MW_CUR(1.0),31/07/26 11:00:00,S,EUR,EE,2016-S1,430,,
ESTAT:EARN_MW_CUR(1.0),31/07/26 11:00:00,S,EUR,EE,2016-S2,430,,
ESTAT:EARN_MW_CUR(1.0),31/07/26 11:00:00,S,EUR,EE,2017-S1,470,,
ESTAT:EARN_MW_CUR(1.0),31/07/26 11:00:00,S,EUR,EE,2017-S2,470,,
ESTAT:EARN_MW_CUR(1.0),31/07/26 11:00:00,S,EUR,EE,2018-S1,500,,
ESTAT:EARN_MW_CUR(1.0),31/07/26 11:00:00,S,EUR,EE,2018-S2,500,,
ESTAT:EARN_MW_CUR(1.0),31/07/26 11:00:00,S,EUR,EE,2019-S1,540,,
ESTAT:EARN_MW_CUR(1.0),31/07/26 11:00:00,S,EUR,EE,2019-S2,540,,
ESTAT:EARN_MW_CUR(1.0),31/07/26 11:00:00,S,EUR,EE,2020-S1,584,,
ESTAT:EARN_MW_CUR(1.0),31/07/26 11:00:00,S,EUR,EE,2020-S2,584,,
ESTAT:EARN_MW_CUR(1.0),31/07/26 11:00:00,S,EUR,EE,2021-S1,584,,
ESTAT:EARN_MW_CUR(1.0),31/07/26 11:00:00,S,EUR,EE,2021-S2,584,,
ESTAT:EARN_MW_CUR(1.0),31/07/26 11:00:00,S,EUR,EE,2022-S1,654,,
ESTAT:EARN_MW_CUR(1.0),31/07/26 11:00:00,S,EUR,EE,2022-S2,654,,
ESTAT:EARN_MW_CUR(1.0),31/07/26 11:00:00,S,EUR,EE,2023-S1,725,,
ESTAT:EARN_MW_CUR(1.0),31/07/26 11:00:00,S,EUR,EE,2023-S2,725,,
ESTAT:EARN_MW_CUR(1.0),31/07/26 11:00:00,S,EUR,EE,2024-S1,820,,
ESTAT:EARN_MW_CUR(1.0),31/07/26 11:00:00,S,EUR,EE,2024-S2,820,,
ESTAT:EARN_MW_CUR(1.0),31/07/26 11:00:00,S,EUR,EE,2025-S1,886,,
ESTAT:EARN_MW_CUR(1.0),31/07/26 11:00:00,S,EUR,EE,2025-S2,886,,
ESTAT:EARN_MW_CUR(1.0),31/07/26 11:00:00,S,EUR,EE,2026-S1,886,,
ESTAT:EARN_MW_CUR(1.0),31/07/26 11:00:00,S,EUR,EE,2026-S2,946,,
ESTAT:EARN_MW_CUR(1.0),31/07/26 11:00:00,S,EUR,EL,1999-S1,505,,
ESTAT:EARN_MW_CUR(1.0),31/07/26 11:00:00,S,EUR,EL,1999-S2,512,,
ESTAT:EARN_MW_CUR(1.0),31/07/26 11:00:00,S,EUR,EL,2000-S1,526,,
ESTAT:EARN_MW_CUR(1.0),31/07/26 11:00:00,S,EUR,EL,2000-S2,534,,
ESTAT:EARN_MW_CUR(1.0),31/07/26 11:00:00,S,EUR,EL,2001-S1,544,,
ESTAT:EARN_MW_CUR(1.0),31/07/26 11:00:00,S,EUR,EL,2001-S2,552,,
ESTAT:EARN_MW_CUR(1.0),31/07/26 11:00:00,S,EUR,EL,2002-S1,572,,
ESTAT:EARN_MW_CUR(1.0),31/07/26 11:00:00,S,EUR,EL,2002-S2,582,,
ESTAT:EARN_MW_CUR(1.0),31/07/26 11:00:00,S,EUR,EL,2003-S1,607,,
ESTAT:EARN_MW_CUR(1.0),31/07/26 11:00:00,S,EUR,EL,2003-S2,607,,
ESTAT:EARN_MW_CUR(1.0),31/07/26 11:00:00,S,EUR,EL,2004-S1,631,,
ESTAT:EARN_MW_CUR(1.0),31/07/26 11:00:00,S,EUR,EL,2004-S2,631,,
ESTAT:EARN_MW_CUR(1.0),31/07/26 11:00:00,S,EUR,EL,2005-S1,668,,
ESTAT:EARN_MW_CUR(1.0),31/07/26 11:00:00,S,EUR,EL,2005-S2,668,,
ESTAT:EARN_MW_CUR(1.0),31/07/26 11:00:00,S,EUR,EL,2006-S1,710,,
ESTAT:EARN_MW_CUR(1.0),31/07/26 11:00:00,S,EUR,EL,2006-S2,710,,
ESTAT:EARN_MW_CUR(1.0),31/07/26 11:00:00,S,EUR,EL,2007-S1,730,,
ESTAT:EARN_MW_CUR(1.0),31/07/26 11:00:00,S,EUR,EL,2007-S2,768,,
ESTAT:EARN_MW_CUR(1.0),31/07/26 11:00:00,S,EUR,EL,2008-S1,794,,
ESTAT:EARN_MW_CUR(1.0),31/07/26 11:00:00,S,EUR,EL,2008-S2,794,,
ESTAT:EARN_MW_CUR(1.0),31/07/26 11:00:00,S,EUR,EL,2009-S1,818,,
ESTAT:EARN_MW_CUR(1.0),31/07/26 11:00:00,S,EUR,EL,2009-S2,863,,
ESTAT:EARN_MW_CUR(1.0),31/07/26 11:00:00,S,EUR,EL,2010-S1,863,,
ESTAT:EARN_MW_CUR(1.0),31/07/26 11:00:00,S,EUR,EL,2010-S2,863,,
ESTAT:EARN_MW_CUR(1.0),31/07/26 11:00:00,S,EUR,EL,2011-S1,863,,
ESTAT:EARN_MW_CUR(1.0),31/07/26 11:00:00,S,EUR,EL,2011-S2,877,,
ESTAT:EARN_MW_CUR(1.0),31/07/26 11:00:00,S,EUR,EL,2012-S1,877,,
ESTAT:EARN_MW_CUR(1.0),31/07/26 11:00:00,S,EUR,EL,2012-S2,684,,
ESTAT:EARN_MW_CUR(1.0),31/07/26 11:00:00,S,EUR,EL,2013-S1,684,,
ESTAT:EARN_MW_CUR(1.0),31/07/26 11:00:00,S,EUR,EL,2013-S2,684,,
ESTAT:EARN_MW_CUR(1.0),31/07/26 11:00:00,S,EUR,EL,2014-S1,684,,
ESTAT:EARN_MW_CUR(1.0),31/07/26 11:00:00,S,EUR,EL,2014-S2,684,,
ESTAT:EARN_MW_CUR(1.0),31/07/26 11:00:00,S,EUR,EL,2015-S1,684,,
ESTAT:EARN_MW_CUR(1.0),31/07/26 11:00:00,S,EUR,EL,2015-S2,684,,
ESTAT:EARN_MW_CUR(1.0),31/07/26 11:00:00,S,EUR,EL,2016-S1,684,,
ESTAT:EARN_MW_CUR(1.0),31/07/26 11:00:00,S,EUR,EL,2016-S2,684,,
ESTAT:EARN_MW_CUR(1.0),31/07/26 11:00:00,S,EUR,EL,2017-S1,684,,
ESTAT:EARN_MW_CUR(1.0),31/07/26 11:00:00,S,EUR,EL,2017-S2,684,,
ESTAT:EARN_MW_CUR(1.0),31/07/26 11:00:00,S,EUR,EL,2018-S1,684,,
ESTAT:EARN_MW_CUR(1.0),31/07/26 11:00:00,S,EUR,EL,2018-S2,684,,
ESTAT:EARN_MW_CUR(1.0),31/07/26 11:00:00,S,EUR,EL,2019-S1,684,,
ESTAT:EARN_MW_CUR(1.0),31/07/26 11:00:00,S,EUR,EL,2019-S2,758,,
ESTAT:EARN_MW_CUR(1.0),31/07/26 11:00:00,S,EUR,EL,2020-S1,758,,
ESTAT:EARN_MW_CUR(1.0),31/07/26 11:00:00,S,EUR,EL,2020-S2,758,,
ESTAT:EARN_MW_CUR(1.0),31/07/26 11:00:00,S,EUR,EL,2021-S1,758,,
ESTAT:EARN_MW_CUR(1.0),31/07/26 11:00:00,S,EUR,EL,2021-S2,758,,
ESTAT:EARN_MW_CUR(1.0),31/07/26 11:00:00,S,EUR,EL,2022-S1,774,,
ESTAT:EARN_MW_CUR(1.0),31/07/26 11:00:00,S,EUR,EL,2022-S2,832,,
ESTAT:EARN_MW_CUR(1.0),31/07/26 11:00:00,S,EUR,EL,2023-S1,832,,
ESTAT:EARN_MW_CUR(1.0),31/07/26 11:00:00,S,EUR,EL,2023-S2,910,,
ESTAT:EARN_MW_CUR(1.0),31/07/26 11:00:00,S,EUR,EL,2024-S1,910,,
ESTAT:EARN_MW_CUR(1.0),31/07/26 11:00:00,S,EUR,EL,2024-S2,968,,
ESTAT:EARN_MW_CUR(1.0),31/07/26 11:00:00,S,EUR,EL,2025-S1,968,,
ESTAT:EARN_MW_CUR(1.0),31/07/26 11:00:00,S,EUR,EL,2025-S2,1027,,
ESTAT:EARN_MW_CUR(1.0),31/07/26 11:00:00,S,EUR,EL,2026-S1,1027,,
ESTAT:EARN_MW_CUR(1.0),31/07/26 11:00:00,S,EUR,EL,2026-S2,1073,,
ESTAT:EARN_MW_CUR(1.0),31/07/26 11:00:00,S,EUR,ES,1999-S1,486,,
ESTAT:EARN_MW_CUR(1.0),31/07/26 11:00:00,S,EUR,ES,1999-S2,486,,
ESTAT:EARN_MW_CUR(1.0),31/07/26 11:00:00,S,EUR,ES,2000-S1,496,,
ESTAT:EARN_MW_CUR(1.0),31/07/26 11:00:00,S,EUR,ES,2000-S2,496,,
ESTAT:EARN_MW_CUR(1.0),31/07/26 11:00:00,S,EUR,ES,2001-S1,506,,
ESTAT:EARN_MW_CUR(1.0),31/07/26 11:00:00,S,EUR,ES,2001-S2,506,,
ESTAT:EARN_MW_CUR(1.0),31/07/26 11:00:00,S,EUR,ES,2002-S1,516,,
ESTAT:EARN_MW_CUR(1.0),31/07/26 11:00:00,S,EUR,ES,2002-S2,516,,
ESTAT:EARN_MW_CUR(1.0),31/07/26 11:00:00,S,EUR,ES,2003-S1,526,,
ESTAT:EARN_MW_CUR(1.0),31/07/26 11:00:00,S,EUR,ES,2003-S2,526,,
ESTAT:EARN_MW_CUR(1.0),31/07/26 11:00:00,S,EUR,ES,2004-S1,537,,
ESTAT:EARN_MW_CUR(1.0),31/07/26 11:00:00,S,EUR,ES,2004-S2,573,,
ESTAT:EARN_MW_CUR(1.0),31/07/26 11:00:00,S,EUR,ES,2005-S1,599,,
ESTAT:EARN_MW_CUR(1.0),31/07/26 11:00:00,S,EUR,ES,2005-S2,599,,
ESTAT:EARN_MW_CUR(1.0),31/07/26 11:00:00,S,EUR,ES,2006-S1,631,,
ESTAT:EARN_MW_CUR(1.0),31/07/26 11:00:00,S,EUR,ES,2006-S2,631,,
ESTAT:EARN_MW_CUR(1.0),31/07/26 11:00:00,S,EUR,ES,2007-S1,666,,
ESTAT:EARN_MW_CUR(1.0),31/07/26 11:00:00,S,EUR,ES,2007-S2,666,,
ESTAT:EARN_MW_CUR(1.0),31/07/26 11:00:00,S,EUR,ES,2008-S1,700,,
ESTAT:EARN_MW_CUR(1.0),31/07/26 11:00:00,S,EUR,ES,2008-S2,700,,
ESTAT:EARN_MW_CUR(1.0),31/07/26 11:00:00,S,EUR,ES,2009-S1,728,,
ESTAT:EARN_MW_CUR(1.0),31/07/26 11:00:00,S,EUR,ES,2009-S2,728,,
ESTAT:EARN_MW_CUR(1.0),31/07/26 11:00:00,S,EUR,ES,2010-S1,739,,
ESTAT:EARN_MW_CUR(1.0),31/07/26 11:00:00,S,EUR,ES,2010-S2,739,,
ESTAT:EARN_MW_CUR(1.0),31/07/26 11:00:00,S,EUR,ES,2011-S1,748,,
ESTAT:EARN_MW_CUR(1.0),31/07/26 11:00:00,S,EUR,ES,2011-S2,748,,
ESTAT:EARN_MW_CUR(1.0),31/07/26 11:00:00,S,EUR,ES,2012-S1,748,,
ESTAT:EARN_MW_CUR(1.0),31/07/26 11:00:00,S,EUR,ES,2012-S2,748,,
ESTAT:EARN_MW_CUR(1.0),31/07/26 11:00:00,S,EUR,ES,2013-S1,753,,
ESTAT:EARN_MW_CUR(1.0),31/07/26 11:00:00,S,EUR,ES,2013-S2,753,,
ESTAT:EARN_MW_CUR(1.0),31/07/26 11:00:00,S,EUR,ES,2014-S1,753,,
ESTAT:EARN_MW_CUR(1.0),31/07/26 11:00:00,S,EUR,ES,2014-S2,753,,
ESTAT:EARN_MW_CUR(1.0),31/07/26 11:00:00,S,EUR,ES,2015-S1,757,,
ESTAT:EARN_MW_CUR(1.0),31/07/26 11:00:00,S,EUR,ES,2015-S2,757,,
ESTAT:EARN_MW_CUR(1.0),31/07/26 11:00:00,S,EUR,ES,2016-S1,764,,
ESTAT:EARN_MW_CUR(1.0),31/07/26 11:00:00,S,EUR,ES,2016-S2,764,,
ESTAT:EARN_MW_CUR(1.0),31/07/26 11:00:00,S,EUR,ES,2017-S1,826,,
ESTAT:EARN_MW_CUR(1.0),31/07/26 11:00:00,S,EUR,ES,2017-S2,826,,
ESTAT:EARN_MW_CUR(1.0),31/07/26 11:00:00,S,EUR,ES,2018-S1,859,,
ESTAT:EARN_MW_CUR(1.0),31/07/26 11:00:00,S,EUR,ES,2018-S2,859,,
ESTAT:EARN_MW_CUR(1.0),31/07/26 11:00:00,S,EUR,ES,2019-S1,1050,,
ESTAT:EARN_MW_CUR(1.0),31/07/26 11:00:00,S,EUR,ES,2019-S2,1050,,
ESTAT:EARN_MW_CUR(1.0),31/07/26 11:00:00,S,EUR,ES,2020-S1,1108,,
ESTAT:EARN_MW_CUR(1.0),31/07/26 11:00:00,S,EUR,ES,2020-S2,1108,,
ESTAT:EARN_MW_CUR(1.0),31/07/26 11:00:00,S,EUR,ES,2021-S1,1108,,
ESTAT:EARN_MW_CUR(1.0),31/07/26 11:00:00,S,EUR,ES,2021-S2,1108,,
ESTAT:EARN_MW_CUR(1.0),31/07/26 11:00:00,S,EUR,ES,2022-S1,1126,,
ESTAT:EARN_MW_CUR(1.0),31/07/26 11:00:00,S,EUR,ES,2022-S2,1167,,
ESTAT:EARN_MW_CUR(1.0),31/07/26 11:00:00,S,EUR,ES,2023-S1,1167,,
ESTAT:EARN_MW_CUR(1.0),31/07/26 11:00:00,S,EUR,ES,2023-S2,1260,,
ESTAT:EARN_MW_CUR(1.0),31/07/26 11:00:00,S,EUR,ES,2024-S1,1323,,
ESTAT:EARN_MW_CUR(1.0),31/07/26 11:00:00,S,EUR,ES,2024-S2,1323,,
ESTAT:EARN_MW_CUR(1.0),31/07/26 11:00:00,S,EUR,ES,2025-S1,1381,,
ESTAT:EARN_MW_CUR(1.0),31/07/26 11:00:00,S,EUR,ES,2025-S2,1381,,
ESTAT:EARN_MW_CUR(1.0),31/07/26 11:00:00,S,EUR,ES,2026-S1,1425,,
ESTAT:EARN_MW_CUR(1.0),31/07/26 11:00:00,S,EUR,ES,2026-S2,1425,,
ESTAT:EARN_MW_CUR(1.0),31/07/26 11:00:00,S,EUR,FI,1999-S1,,m,
ESTAT:EARN_MW_CUR(1.0),31/07/26 11:00:00,S,EUR,FI,1999-S2,,m,
ESTAT:EARN_MW_CUR(1.0),31/07/26 11:00:00,S,EUR,FI,2000-S1,,m,
ESTAT:EARN_MW_CUR(1.0),31/07/26 11:00:00,S,EUR,FI,2000-S2,,m,
ESTAT:EARN_MW_CUR(1.0),31/07/26 11:00:00,S,EUR,FI,2001-S1,,m,
ESTAT:EARN_MW_CUR(1.0),31/07/26 11:00:00,S,EUR,FI,2001-S2,,m,
ESTAT:EARN_MW_CUR(1.0),31/07/26 11:00:00,S,EUR,FI,2002-S1,,m,
ESTAT:EARN_MW_CUR(1.0),31/07/26 11:00:00,S,EUR,FI,2002-S2,,m,
ESTAT:EARN_MW_CUR(1.0),31/07/26 11:00:00,S,EUR,FI,2003-S1,,m,
ESTAT:EARN_MW_CUR(1.0),31/07/26 11:00:00,S,EUR,FI,2003-S2,,m,
ESTAT:EARN_MW_CUR(1.0),31/07/26 11:00:00,S,EUR,FI,2004-S1,,m,
ESTAT:EARN_MW_CUR(1.0),31/07/26 11:00:00,S,EUR,FI,2004-S2,,m,
ESTAT:EARN_MW_CUR(1.0),31/07/26 11:00:00,S,EUR,FI,2005-S1,,m,
ESTAT:EARN_MW_CUR(1.0),31/07/26 11:00:00,S,EUR,FI,2005-S2,,m,
ESTAT:EARN_MW_CUR(1.0),31/07/26 11:00:00,S,EUR,FI,2006-S1,,m,
ESTAT:EARN_MW_CUR(1.0),31/07/26 11:00:00,S,EUR,FI,2006-S2,,m,
ESTAT:EARN_MW_CUR(1.0),31/07/26 11:00:00,S,EUR,FI,2007-S1,,m,
ESTAT:EARN_MW_CUR(1.0),31/07/26 11:00:00,S,EUR,FI,2007-S2,,m,
ESTAT:EARN_MW_CUR(1.0),31/07/26 11:00:00,S,EUR,FI,2008-S1,,m,
ESTAT:EARN_MW_CUR(1.0),31/07/26 11:00:00,S,EUR,FI,2008-S2,,m,
ESTAT:EARN_MW_CUR(1.0),31/07/26 11:00:00,S,EUR,FI,2009-S1,,m,
ESTAT:EARN_MW_CUR(1.0),31/07/26 11:00:00,S,EUR,FI,2009-S2,,m,
ESTAT:EARN_MW_CUR(1.0),31/07/26 11:00:00,S,EUR,FI,2010-S1,,m,
ESTAT:EARN_MW_CUR(1.0),31/07/26 11:00:00,S,EUR,FI,2010-S2,,m,
ESTAT:EARN_MW_CUR(1.0),31/07/26 11:00:00,S,EUR,FI,2011-S1,,m,
ESTAT:EARN_MW_CUR(1.0),31/07/26 11:00:00,S,EUR,FI,2011-S2,,m,
ESTAT:EARN_MW_CUR(1.0),31/07/26 11:00:00,S,EUR,FI,2012-S1,,m,
ESTAT:EARN_MW_CUR(1.0),31/07/26 11:00:00,S,EUR,FI,2012-S2,,m,
ESTAT:EARN_MW_CUR(1.0),31/07/26 11:00:00,S,EUR,FI,2013-S1,,m,
ESTAT:EARN_MW_CUR(1.0),31/07/26 11:00:00,S,EUR,FI,2013-S2,,m,
ESTAT:EARN_MW_CUR(1.0),31/07/26 11:00:00,S,EUR,FI,2014-S1,,m,
ESTAT:EARN_MW_CUR(1.0),31/07/26 11:00:00,S,EUR,FI,2014-S2,,m,
ESTAT:EARN_MW_CUR(1.0),31/07/26 11:00:00,S,EUR,FI,2015-S1,,m,
ESTAT:EARN_MW_CUR(1.0),31/07/26 11:00:00,S,EUR,FI,2015-S2,,m,
ESTAT:EARN_MW_CUR(1.0),31/07/26 11:00:00,S,EUR,FI,2016-S1,,m,
ESTAT:EARN_MW_CUR(1.0),31/07/26 11:00:00,S,EUR,FI,2016-S2,,m,
ESTAT:EARN_MW_CUR(1.0),31/07/26 11:00:00,S,EUR,FI,2017-S1,,m,
ESTAT:EARN_MW_CUR(1.0),31/07/26 11:00:00,S,EUR,FI,2017-S2,,m,
ESTAT:EARN_MW_CUR(1.0),31/07/26 11:00:00,S,EUR,FI,2018-S1,,m,
ESTAT:EARN_MW_CUR(1.0),31/07/26 11:00:00,S,EUR,FI,2018-S2,,m,
ESTAT:EARN_MW_CUR(1.0),31/07/26 11:00:00,S,EUR,FI,2019-S1,,m,
ESTAT:EARN_MW_CUR(1.0),31/07/26 11:00:00,S,EUR,FI,2019-S2,,m,
ESTAT:EARN_MW_CUR(1.0),31/07/26 11:00:00,S,EUR,FI,2020-S1,,m,
ESTAT:EARN_MW_CUR(1.0),31/07/26 11:00:00,S,EUR,FI,2020-S2,,m,
ESTAT:EARN_MW_CUR(1.0),31/07/26 11:00:00,S,EUR,FI,2021-S1,,m,
ESTAT:EARN_MW_CUR(1.0),31/07/26 11:00:00,S,EUR,FI,2021-S2,,m,
ESTAT:EARN_MW_CUR(1.0),31/07/26 11:00:00,S,EUR,FI,2022-S1,,m,
ESTAT:EARN_MW_CUR(1.0),31/07/26 11:00:00,S,EUR,FI,2022-S2,,m,
ESTAT:EARN_MW_CUR(1.0),31/07/26 11:00:00,S,EUR,FI,2023-S1,,m,
ESTAT:EARN_MW_CUR(1.0),31/07/26 11:00:00,S,EUR,FI,2023-S2,,m,
ESTAT:EARN_MW_CUR(1.0),31/07/26 11:00:00,S,EUR,FI,2024-S1,,m,
ESTAT:EARN_MW_CUR(1.0),31/07/26 11:00:00,S,EUR,FI,2024-S2,,m,
ESTAT:EARN_MW_CUR(1.0),31/07/26 11:00:00,S,EUR,FI,2025-S1,,m,
ESTAT:EARN_MW_CUR(1.0),31/07/26 11:00:00,S,EUR,FI,2025-S2,,m,
ESTAT:EARN_MW_CUR(1.0),31/07/26 11:00:00,S,EUR,FI,2026-S1,,m,
ESTAT:EARN_MW_CUR(1.0),31/07/26 11:00:00,S,EUR,FI,2026-S2,,m,
ESTAT:EARN_MW_CUR(1.0),31/07/26 11:00:00,S,EUR,FR,1999-S1,1036,,
ESTAT:EARN_MW_CUR(1.0),31/07/26 11:00:00,S,EUR,FR,1999-S2,1049,,
ESTAT:EARN_MW_CUR(1.0),31/07/26 11:00:00,S,EUR,FR,2000-S1,1049,,
ESTAT:EARN_MW_CUR(1.0),31/07/26 11:00:00,S,EUR,FR,2000-S2,1083,,
ESTAT:EARN_MW_CUR(1.0),31/07/26 11:00:00,S,EUR,FR,2001-S1,1083,,
ESTAT:EARN_MW_CUR(1.0),31/07/26 11:00:00,S,EUR,FR,2001-S2,1127,,
ESTAT:EARN_MW_CUR(1.0),31/07/26 11:00:00,S,EUR,FR,2002-S1,1127,,
ESTAT:EARN_MW_CUR(1.0),31/07/26 11:00:00,S,EUR,FR,2002-S2,1154,,
ESTAT:EARN_MW_CUR(1.0),31/07/26 11:00:00,S,EUR,FR,2003-S1,1154,,
ESTAT:EARN_MW_CUR(1.0),31/07/26 11:00:00,S,EUR,FR,2003-S2,1215,,
ESTAT:EARN_MW_CUR(1.0),31/07/26 11:00:00,S,EUR,FR,2004-S1,1215,,
ESTAT:EARN_MW_CUR(1.0),31/07/26 11:00:00,S,EUR,FR,2004-S2,1286,,
ESTAT:EARN_MW_CUR(1.0),31/07/26 11:00:00,S,EUR,FR,2005-S1,1286,,
ESTAT:EARN_MW_CUR(1.0),31/07/26 11:00:00,S,EUR,FR,2005-S2,1218,,
ESTAT:EARN_MW_CUR(1.0),31/07/26 11:00:00,S,EUR,FR,2006-S1,1218,,
ESTAT:EARN_MW_CUR(1.0),31/07/26 11:00:00,S,EUR,FR,2006-S2,1254,,
ESTAT:EARN_MW_CUR(1.0),31/07/26 11:00:00,S,EUR,FR,2007-S1,1254,,
ESTAT:EARN_MW_CUR(1.0),31/07/26 11:00:00,S,EUR,FR,2007-S2,1280,,
ESTAT:EARN_MW_CUR(1.0),31/07/26 11:00:00,S,EUR,FR,2008-S1,1280,,
ESTAT:EARN_MW_CUR(1.0),31/07/26 11:00:00,S,EUR,FR,2008-S2,1321,,
ESTAT:EARN_MW_CUR(1.0),31/07/26 11:00:00,S,EUR,FR,2009-S1,1321,,
ESTAT:EARN_MW_CUR(1.0),31/07/26 11:00:00,S,EUR,FR,2009-S2,1338,,
ESTAT:EARN_MW_CUR(1.0),31/07/26 11:00:00,S,EUR,FR,2010-S1,1344,,
ESTAT:EARN_MW_CUR(1.0),31/07/26 11:00:00,S,EUR,FR,2010-S2,1344,,
ESTAT:EARN_MW_CUR(1.0),31/07/26 11:00:00,S,EUR,FR,2011-S1,1365,,
ESTAT:EARN_MW_CUR(1.0),31/07/26 11:00:00,S,EUR,FR,2011-S2,1365,,
ESTAT:EARN_MW_CUR(1.0),31/07/26 11:00:00,S,EUR,FR,2012-S1,1398,,
ESTAT:EARN_MW_CUR(1.0),31/07/26 11:00:00,S,EUR,FR,2012-S2,1426,,
ESTAT:EARN_MW_CUR(1.0),31/07/26 11:00:00,S,EUR,FR,2013-S1,1430,,
ESTAT:EARN_MW_CUR(1.0),31/07/26 11:00:00,S,EUR,FR,2013-S2,1430,,
ESTAT:EARN_MW_CUR(1.0),31/07/26 11:00:00,S,EUR,FR,2014-S1,1445,,
ESTAT:EARN_MW_CUR(1.0),31/07/26 11:00:00,S,EUR,FR,2014-S2,1445,,
ESTAT:EARN_MW_CUR(1.0),31/07/26 11:00:00,S,EUR,FR,2015-S1,1458,,
ESTAT:EARN_MW_CUR(1.0),31/07/26 11:00:00,S,EUR,FR,2015-S2,1458,,
ESTAT:EARN_MW_CUR(1.0),31/07/26 11:00:00,S,EUR,FR,2016-S1,1467,,
ESTAT:EARN_MW_CUR(1.0),31/07/26 11:00:00,S,EUR,FR,2016-S2,1467,,
ESTAT:EARN_MW_CUR(1.0),31/07/26 11:00:00,S,EUR,FR,2017-S1,1480,,
ESTAT:EARN_MW_CUR(1.0),31/07/26 11:00:00,S,EUR,FR,2017-S2,1480,,
ESTAT:EARN_MW_CUR(1.0),31/07/26 11:00:00,S,EUR,FR,2018-S1,1498,,
ESTAT:EARN_MW_CUR(1.0),31/07/26 11:00:00,S,EUR,FR,2018-S2,1498,,
ESTAT:EARN_MW_CUR(1.0),31/07/26 11:00:00,S,EUR,FR,2019-S1,1521,,
ESTAT:EARN_MW_CUR(1.0),31/07/26 11:00:00,S,EUR,FR,2019-S2,1521,,
ESTAT:EARN_MW_CUR(1.0),31/07/26 11:00:00,S,EUR,FR,2020-S1,1539,,
ESTAT:EARN_MW_CUR(1.0),31/07/26 11:00:00,S,EUR,FR,2020-S2,1539,,
ESTAT:EARN_MW_CUR(1.0),31/07/26 11:00:00,S,EUR,FR,2021-S1,1555,,
ESTAT:EARN_MW_CUR(1.0),31/07/26 11:00:00,S,EUR,FR,2021-S2,1555,,
ESTAT:EARN_MW_CUR(1.0),31/07/26 11:00:00,S,EUR,FR,2022-S1,1603,,
ESTAT:EARN_MW_CUR(1.0),31/07/26 11:00:00,S,EUR,FR,2022-S2,1646,,
ESTAT:EARN_MW_CUR(1.0),31/07/26 11:00:00,S,EUR,FR,2023-S1,1709,,
ESTAT:EARN_MW_CUR(1.0),31/07/26 11:00:00,S,EUR,FR,2023-S2,1747,,
ESTAT:EARN_MW_CUR(1.0),31/07/26 11:00:00,S,EUR,FR,2024-S1,1767,,
ESTAT:EARN_MW_CUR(1.0),31/07/26 11:00:00,S,EUR,FR,2024-S2,1767,,
ESTAT:EARN_MW_CUR(1.0),31/07/26 11:00:00,S,EUR,FR,2025-S1,1802,,
ESTAT:EARN_MW_CUR(1.0),31/07/26 11:00:00,S,EUR,FR,2025-S2,1802,,
ESTAT:EARN_MW_CUR(1.0),31/07/26 11:00:00,S,EUR,FR,2026-S1,1823,,
ESTAT:EARN_MW_CUR(1.0),31/07/26 11:00:00,S,EUR,FR,2026-S2,1867,,
ESTAT:EARN_MW_CUR(1.0),31/07/26 11:00:00,S,EUR,HR,1999-S1,,m,
ESTAT:EARN_MW_CUR(1.0),31/07/26 11:00:00,S,EUR,HR,1999-S2,,m,
ESTAT:EARN_MW_CUR(1.0),31/07/26 11:00:00,S,EUR,HR,2000-S1,,m,
ESTAT:EARN_MW_CUR(1.0),31/07/26 11:00:00,S,EUR,HR,2000-S2,,m,
ESTAT:EARN_MW_CUR(1.0),31/07/26 11:00:00,S,EUR,HR,2001-S1,,m,
ESTAT:EARN_MW_CUR(1.0),31/07/26 11:00:00,S,EUR,HR,2001-S2,,m,
ESTAT:EARN_MW_CUR(1.0),31/07/26 11:00:00,S,EUR,HR,2002-S1,,m,
ESTAT:EARN_MW_CUR(1.0),31/07/26 11:00:00,S,EUR,HR,2002-S2,,m,
ESTAT:EARN_MW_CUR(1.0),31/07/26 11:00:00,S,EUR,HR,2003-S1,,m,
ESTAT:EARN_MW_CUR(1.0),31/07/26 11:00:00,S,EUR,HR,2003-S2,,m,
ESTAT:EARN_MW_CUR(1.0),31/07/26 11:00:00,S,EUR,HR,2004-S1,,m,
ESTAT:EARN_MW_CUR(1.0),31/07/26 11:00:00,S,EUR,HR,2004-S2,,m,
ESTAT:EARN_MW_CUR(1.0),31/07/26 11:00:00,S,EUR,HR,2005-S1,,m,
ESTAT:EARN_MW_CUR(1.0),31/07/26 11:00:00,S,EUR,HR,2005-S2,,m,
ESTAT:EARN_MW_CUR(1.0),31/07/26 11:00:00,S,EUR,HR,2006-S1,,m,
ESTAT:EARN_MW_CUR(1.0),31/07/26 11:00:00,S,EUR,HR,2006-S2,,m,
ESTAT:EARN_MW_CUR(1.0),31/07/26 11:00:00,S,EUR,HR,2007-S1,,m,
ESTAT:EARN_MW_CUR(1.0),31/07/26 11:00:00,S,EUR,HR,2007-S2,,m,
ESTAT:EARN_MW_CUR(1.0),31/07/26 11:00:00,S,EUR,HR,2008-S1,,m,
ESTAT:EARN_MW_CUR(1.0),31/07/26 11:00:00,S,EUR,HR,2008-S2,380,,
ESTAT:EARN_MW_CUR(1.0),31/07/26 11:00:00,S,EUR,HR,2009-S1,373,,
ESTAT:EARN_MW_CUR(1.0),31/07/26 11:00:00,S,EUR,HR,2009-S2,387,,
ESTAT:EARN_MW_CUR(1.0),31/07/26 11:00:00,S,EUR,HR,2010-S1,385,,
ESTAT:EARN_MW_CUR(1.0),31/07/26 11:00:00,S,EUR,HR,2010-S2,391,,
ESTAT:EARN_MW_CUR(1.0),31/07/26 11:00:00,S,EUR,HR,2011-S1,381,,
ESTAT:EARN_MW_CUR(1.0),31/07/26 11:00:00,S,EUR,HR,2011-S2,380,,
ESTAT:EARN_MW_CUR(1.0),31/07/26 11:00:00,S,EUR,HR,2012-S1,373,,
ESTAT:EARN_MW_CUR(1.0),31/07/26 11:00:00,S,EUR,HR,2012-S2,374,,
ESTAT:EARN_MW_CUR(1.0),31/07/26 11:00:00,S,EUR,HR,2013-S1,372,,
ESTAT:EARN_MW_CUR(1.0),31/07/26 11:00:00,S,EUR,HR,2013-S2,401,,
ESTAT:EARN_MW_CUR(1.0),31/07/26 11:00:00,S,EUR,HR,2014-S1,396,,
ESTAT:EARN_MW_CUR(1.0),31/07/26 11:00:00,S,EUR,HR,2014-S2,398,,
ESTAT:EARN_MW_CUR(1.0),31/07/26 11:00:00,S,EUR,HR,2015-S1,396,,
ESTAT:EARN_MW_CUR(1.0),31/07/26 11:00:00,S,EUR,HR,2015-S2,399,,
ESTAT:EARN_MW_CUR(1.0),31/07/26 11:00:00,S,EUR,HR,2016-S1,408,,
ESTAT:EARN_MW_CUR(1.0),31/07/26 11:00:00,S,EUR,HR,2016-S2,414,,
ESTAT:EARN_MW_CUR(1.0),31/07/26 11:00:00,S,EUR,HR,2017-S1,433,,
ESTAT:EARN_MW_CUR(1.0),31/07/26 11:00:00,S,EUR,HR,2017-S2,442,,
ESTAT:EARN_MW_CUR(1.0),31/07/26 11:00:00,S,EUR,HR,2018-S1,462,,
ESTAT:EARN_MW_CUR(1.0),31/07/26 11:00:00,S,EUR,HR,2018-S2,466,,
ESTAT:EARN_MW_CUR(1.0),31/07/26 11:00:00,S,EUR,HR,2019-S1,506,,
ESTAT:EARN_MW_CUR(1.0),31/07/26 11:00:00,S,EUR,HR,2019-S2,507,,
ESTAT:EARN_MW_CUR(1.0),31/07/26 11:00:00,S,EUR,HR,2020-S1,546,,
ESTAT:EARN_MW_CUR(1.0),31/07/26 11:00:00,S,EUR,HR,2020-S2,546,,
ESTAT:EARN_MW_CUR(1.0),31/07/26 11:00:00,S,EUR,HR,2021-S1,563,,
ESTAT:EARN_MW_CUR(1.0),31/07/26 11:00:00,S,EUR,HR,2021-S2,567,,
ESTAT:EARN_MW_CUR(1.0),31/07/26 11:00:00,S,EUR,HR,2022-S1,624,,
ESTAT:EARN_MW_CUR(1.0),31/07/26 11:00:00,S,EUR,HR,2022-S2,622,,
ESTAT:EARN_MW_CUR(1.0),31/07/26 11:00:00,S,EUR,HR,2023-S1,700,,
ESTAT:EARN_MW_CUR(1.0),31/07/26 11:00:00,S,EUR,HR,2023-S2,700,,
ESTAT:EARN_MW_CUR(1.0),31/07/26 11:00:00,S,EUR,HR,2024-S1,840,,
ESTAT:EARN_MW_CUR(1.0),31/07/26 11:00:00,S,EUR,HR,2024-S2,840,,
ESTAT:EARN_MW_CUR(1.0),31/07/26 11:00:00,S,EUR,HR,2025-S1,970,,
ESTAT:EARN_MW_CUR(1.0),31/07/26 11:00:00,S,EUR,HR,2025-S2,970,,
ESTAT:EARN_MW_CUR(1.0),31/07/26 11:00:00,S,EUR,HR,2026-S1,1050,,
ESTAT:EARN_MW_CUR(1.0),31/07/26 11:00:00,S,EUR,HR,2026-S2,1050,,
ESTAT:EARN_MW_CUR(1.0),31/07/26 11:00:00,S,EUR,HU,1999-S1,89,,
ESTAT:EARN_MW_CUR(1.0),31/07/26 11:00:00,S,EUR,HU,1999-S2,90,,
ESTAT:EARN_MW_CUR(1.0),31/07/26 11:00:00,S,EUR,HU,2000-S1,100,,
ESTAT:EARN_MW_CUR(1.0),31/07/26 11:00:00,S,EUR,HU,2000-S2,98,,
ESTAT:EARN_MW_CUR(1.0),31/07/26 11:00:00,S,EUR,HU,2001-S1,151,,
ESTAT:EARN_MW_CUR(1.0),31/07/26 11:00:00,S,EUR,HU,2001-S2,164,,
ESTAT:EARN_MW_CUR(1.0),31/07/26 11:00:00,S,EUR,HU,2002-S1,204,,
ESTAT:EARN_MW_CUR(1.0),31/07/26 11:00:00,S,EUR,HU,2002-S2,204,,
ESTAT:EARN_MW_CUR(1.0),31/07/26 11:00:00,S,EUR,HU,2003-S1,212,,
ESTAT:EARN_MW_CUR(1.0),31/07/26 11:00:00,S,EUR,HU,2003-S2,188,,
ESTAT:EARN_MW_CUR(1.0),31/07/26 11:00:00,S,EUR,HU,2004-S1,202,,
ESTAT:EARN_MW_CUR(1.0),31/07/26 11:00:00,S,EUR,HU,2004-S2,211,,
ESTAT:EARN_MW_CUR(1.0),31/07/26 11:00:00,S,EUR,HU,2005-S1,232,,
ESTAT:EARN_MW_CUR(1.0),31/07/26 11:00:00,S,EUR,HU,2005-S2,231,,
ESTAT:EARN_MW_CUR(1.0),31/07/26 11:00:00,S,EUR,HU,2006-S1,247,,
ESTAT:EARN_MW_CUR(1.0),31/07/26 11:00:00,S,EUR,HU,2006-S2,221,,
ESTAT:EARN_MW_CUR(1.0),31/07/26 11:00:00,S,EUR,HU,2007-S1,260,,
ESTAT:EARN_MW_CUR(1.0),31/07/26 11:00:00,S,EUR,HU,2007-S2,266,,
ESTAT:EARN_MW_CUR(1.0),31/07/26 11:00:00,S,EUR,HU,2008-S1,272,,
ESTAT:EARN_MW_CUR(1.0),31/07/26 11:00:00,S,EUR,HU,2008-S2,293,,
ESTAT:EARN_MW_CUR(1.0),31/07/26 11:00:00,S,EUR,HU,2009-S1,268,,
ESTAT:EARN_MW_CUR(1.0),31/07/26 11:00:00,S,EUR,HU,2009-S2,263,,
ESTAT:EARN_MW_CUR(1.0),31/07/26 11:00:00,S,EUR,HU,2010-S1,272,,
ESTAT:EARN_MW_CUR(1.0),31/07/26 11:00:00,S,EUR,HU,2010-S2,257,,
ESTAT:EARN_MW_CUR(1.0),31/07/26 11:00:00,S,EUR,HU,2011-S1,281,,
ESTAT:EARN_MW_CUR(1.0),31/07/26 11:00:00,S,EUR,HU,2011-S2,293,,
ESTAT:EARN_MW_CUR(1.0),31/07/26 11:00:00,S,EUR,HU,2012-S1,296,,
ESTAT:EARN_MW_CUR(1.0),31/07/26 11:00:00,S,EUR,HU,2012-S2,323,,
ESTAT:EARN_MW_CUR(1.0),31/07/26 11:00:00,S,EUR,HU,2013-S1,335,,
ESTAT:EARN_MW_CUR(1.0),31/07/26 11:00:00,S,EUR,HU,2013-S2,332,,
ESTAT:EARN_MW_CUR(1.0),31/07/26 11:00:00,S,EUR,HU,2014-S1,342,,
ESTAT:EARN_MW_CUR(1.0),31/07/26 11:00:00,S,EUR,HU,2014-S2,328,,
ESTAT:EARN_MW_CUR(1.0),31/07/26 11:00:00,S,EUR,HU,2015-S1,333,,
ESTAT:EARN_MW_CUR(1.0),31/07/26 11:00:00,S,EUR,HU,2015-S2,333,,
ESTAT:EARN_MW_CUR(1.0),31/07/26 11:00:00,S,EUR,HU,2016-S1,351,,
ESTAT:EARN_MW_CUR(1.0),31/07/26 11:00:00,S,EUR,HU,2016-S2,350,,
ESTAT:EARN_MW_CUR(1.0),31/07/26 11:00:00,S,EUR,HU,2017-S1,412,,
ESTAT:EARN_MW_CUR(1.0),31/07/26 11:00:00,S,EUR,HU,2017-S2,413,,
ESTAT:EARN_MW_CUR(1.0),31/07/26 11:00:00,S,EUR,HU,2018-S1,445,,
ESTAT:EARN_MW_CUR(1.0),31/07/26 11:00:00,S,EUR,HU,2018-S2,418,,
ESTAT:EARN_MW_CUR(1.0),31/07/26 11:00:00,S,EUR,HU,2019-S1,464,,
ESTAT:EARN_MW_CUR(1.0),31/07/26 11:00:00,S,EUR,HU,2019-S2,461,,
ESTAT:EARN_MW_CUR(1.0),31/07/26 11:00:00,S,EUR,HU,2020-S1,487,,
ESTAT:EARN_MW_CUR(1.0),31/07/26 11:00:00,S,EUR,HU,2020-S2,452,,
ESTAT:EARN_MW_CUR(1.0),31/07/26 11:00:00,S,EUR,HU,2021-S1,442,,
ESTAT:EARN_MW_CUR(1.0),31/07/26 11:00:00,S,EUR,HU,2021-S2,476,,
ESTAT:EARN_MW_CUR(1.0),31/07/26 11:00:00,S,EUR,HU,2022-S1,542,,
ESTAT:EARN_MW_CUR(1.0),31/07/26 11:00:00,S,EUR,HU,2022-S2,504,,
ESTAT:EARN_MW_CUR(1.0),31/07/26 11:00:00,S,EUR,HU,2023-S1,579,,
ESTAT:EARN_MW_CUR(1.0),31/07/26 11:00:00,S,EUR,HU,2023-S2,624,,
ESTAT:EARN_MW_CUR(1.0),31/07/26 11:00:00,S,EUR,HU,2024-S1,697,,
ESTAT:EARN_MW_CUR(1.0),31/07/26 11:00:00,S,EUR,HU,2024-S2,675,,
ESTAT:EARN_MW_CUR(1.0),31/07/26 11:00:00,S,EUR,HU,2025-S1,707,,
ESTAT:EARN_MW_CUR(1.0),31/07/26 11:00:00,S,EUR,HU,2025-S2,727,,
ESTAT:EARN_MW_CUR(1.0),31/07/26 11:00:00,S,EUR,HU,2026-S1,838,,
ESTAT:EARN_MW_CUR(1.0),31/07/26 11:00:00,S,EUR,HU,2026-S2,906,,
ESTAT:EARN_MW_CUR(1.0),31/07/26 11:00:00,S,EUR,IE,1999-S1,,m,
ESTAT:EARN_MW_CUR(1.0),31/07/26 11:00:00,S,EUR,IE,1999-S2,,m,
ESTAT:EARN_MW_CUR(1.0),31/07/26 11:00:00,S,EUR,IE,2000-S1,,m,
ESTAT:EARN_MW_CUR(1.0),31/07/26 11:00:00,S,EUR,IE,2000-S2,945,,
ESTAT:EARN_MW_CUR(1.0),31/07/26 11:00:00,S,EUR,IE,2001-S1,945,,
ESTAT:EARN_MW_CUR(1.0),31/07/26 11:00:00,S,EUR,IE,2001-S2,1009,,
ESTAT:EARN_MW_CUR(1.0),31/07/26 11:00:00,S,EUR,IE,2002-S1,1009,,
ESTAT:EARN_MW_CUR(1.0),31/07/26 11:00:00,S,EUR,IE,2002-S2,1009,,
ESTAT:EARN_MW_CUR(1.0),31/07/26 11:00:00,S,EUR,IE,2003-S1,1073,,
ESTAT:EARN_MW_CUR(1.0),31/07/26 11:00:00,S,EUR,IE,2003-S2,1073,,
ESTAT:EARN_MW_CUR(1.0),31/07/26 11:00:00,S,EUR,IE,2004-S1,1073,,
ESTAT:EARN_MW_CUR(1.0),31/07/26 11:00:00,S,EUR,IE,2004-S2,1183,,
ESTAT:EARN_MW_CUR(1.0),31/07/26 11:00:00,S,EUR,IE,2005-S1,1183,,
ESTAT:EARN_MW_CUR(1.0),31/07/26 11:00:00,S,EUR,IE,2005-S2,1293,,
ESTAT:EARN_MW_CUR(1.0),31/07/26 11:00:00,S,EUR,IE,2006-S1,1293,,
ESTAT:EARN_MW_CUR(1.0),31/07/26 11:00:00,S,EUR,IE,2006-S2,1293,,
ESTAT:EARN_MW_CUR(1.0),31/07/26 11:00:00,S,EUR,IE,2007-S1,1403,,
ESTAT:EARN_MW_CUR(1.0),31/07/26 11:00:00,S,EUR,IE,2007-S2,1462,,
ESTAT:EARN_MW_CUR(1.0),31/07/26 11:00:00,S,EUR,IE,2008-S1,1462,,
ESTAT:EARN_MW_CUR(1.0),31/07/26 11:00:00,S,EUR,IE,2008-S2,1462,,
ESTAT:EARN_MW_CUR(1.0),31/07/26 11:00:00,S,EUR,IE,2009-S1,1462,,
ESTAT:EARN_MW_CUR(1.0),31/07/26 11:00:00,S,EUR,IE,2009-S2,1462,,
ESTAT:EARN_MW_CUR(1.0),31/07/26 11:00:00,S,EUR,IE,2010-S1,1462,,
ESTAT:EARN_MW_CUR(1.0),31/07/26 11:00:00,S,EUR,IE,2010-S2,1462,,
ESTAT:EARN_MW_CUR(1.0),31/07/26 11:00:00,S,EUR,IE,2011-S1,1462,,
ESTAT:EARN_MW_CUR(1.0),31/07/26 11:00:00,S,EUR,IE,2011-S2,1462,,
ESTAT:EARN_MW_CUR(1.0),31/07/26 11:00:00,S,EUR,IE,2012-S1,1462,,
ESTAT:EARN_MW_CUR(1.0),31/07/26 11:00:00,S,EUR,IE,2012-S2,1462,,
ESTAT:EARN_MW_CUR(1.0),31/07/26 11:00:00,S,EUR,IE,2013-S1,1462,,
ESTAT:EARN_MW_CUR(1.0),31/07/26 11:00:00,S,EUR,IE,2013-S2,1462,,
ESTAT:EARN_MW_CUR(1.0),31/07/26 11:00:00,S,EUR,IE,2014-S1,1462,,
ESTAT:EARN_MW_CUR(1.0),31/07/26 11:00:00,S,EUR,IE,2014-S2,1462,,
ESTAT:EARN_MW_CUR(1.0),31/07/26 11:00:00,S,EUR,IE,2015-S1,1462,,
ESTAT:EARN_MW_CUR(1.0),31/07/26 11:00:00,S,EUR,IE,2015-S2,1462,,
ESTAT:EARN_MW_CUR(1.0),31/07/26 11:00:00,S,EUR,IE,2016-S1,1546,,
ESTAT:EARN_MW_CUR(1.0),31/07/26 11:00:00,S,EUR,IE,2016-S2,1546,,
ESTAT:EARN_MW_CUR(1.0),31/07/26 11:00:00,S,EUR,IE,2017-S1,1563,,
ESTAT:EARN_MW_CUR(1.0),31/07/26 11:00:00,S,EUR,IE,2017-S2,1563,,
ESTAT:EARN_MW_CUR(1.0),31/07/26 11:00:00,S,EUR,IE,2018-S1,1614,,
ESTAT:EARN_MW_CUR(1.0),31/07/26 11:00:00,S,EUR,IE,2018-S2,1614,,
ESTAT:EARN_MW_CUR(1.0),31/07/26 11:00:00,S,EUR,IE,2019-S1,1656,,
ESTAT:EARN_MW_CUR(1.0),31/07/26 11:00:00,S,EUR,IE,2019-S2,1656,,
ESTAT:EARN_MW_CUR(1.0),31/07/26 11:00:00,S,EUR,IE,2020-S1,1656,,
ESTAT:EARN_MW_CUR(1.0),31/07/26 11:00:00,S,EUR,IE,2020-S2,1707,,
ESTAT:EARN_MW_CUR(1.0),31/07/26 11:00:00,S,EUR,IE,2021-S1,1724,,
ESTAT:EARN_MW_CUR(1.0),31/07/26 11:00:00,S,EUR,IE,2021-S2,1724,,
ESTAT:EARN_MW_CUR(1.0),31/07/26 11:00:00,S,EUR,IE,2022-S1,1775,,
ESTAT:EARN_MW_CUR(1.0),31/07/26 11:00:00,S,EUR,IE,2022-S2,1775,,
ESTAT:EARN_MW_CUR(1.0),31/07/26 11:00:00,S,EUR,IE,2023-S1,1910,,
ESTAT:EARN_MW_CUR(1.0),31/07/26 11:00:00,S,EUR,IE,2023-S2,1910,,
ESTAT:EARN_MW_CUR(1.0),31/07/26 11:00:00,S,EUR,IE,2024-S1,2146,,
ESTAT:EARN_MW_CUR(1.0),31/07/26 11:00:00,S,EUR,IE,2024-S2,2146,,
ESTAT:EARN_MW_CUR(1.0),31/07/26 11:00:00,S,EUR,IE,2025-S1,2282,,
ESTAT:EARN_MW_CUR(1.0),31/07/26 11:00:00,S,EUR,IE,2025-S2,2282,,
ESTAT:EARN_MW_CUR(1.0),31/07/26 11:00:00,S,EUR,IE,2026-S1,2391,,
ESTAT:EARN_MW_CUR(1.0),31/07/26 11:00:00,S,EUR,IE,2026-S2,2391,,
ESTAT:EARN_MW_CUR(1.0),31/07/26 11:00:00,S,EUR,IS,1999-S1,,m,
ESTAT:EARN_MW_CUR(1.0),31/07/26 11:00:00,S,EUR,IS,1999-S2,,m,
ESTAT:EARN_MW_CUR(1.0),31/07/26 11:00:00,S,EUR,IS,2000-S1,,m,
ESTAT:EARN_MW_CUR(1.0),31/07/26 11:00:00,S,EUR,IS,2000-S2,,m,
ESTAT:EARN_MW_CUR(1.0),31/07/26 11:00:00,S,EUR,IS,2001-S1,,m,
ESTAT:EARN_MW_CUR(1.0),31/07/26 11:00:00,S,EUR,IS,2001-S2,,m,
ESTAT:EARN_MW_CUR(1.0),31/07/26 11:00:00,S,EUR,IS,2002-S1,,m,
ESTAT:EARN_MW_CUR(1.0),31/07/26 11:00:00,S,EUR,IS,2002-S2,,m,
ESTAT:EARN_MW_CUR(1.0),31/07/26 11:00:00,S,EUR,IS,2003-S1,,m,
ESTAT:EARN_MW_CUR(1.0),31/07/26 11:00:00,S,EUR,IS,2003-S2,,m,
ESTAT:EARN_MW_CUR(1.0),31/07/26 11:00:00,S,EUR,IS,2004-S1,,m,
ESTAT:EARN_MW_CUR(1.0),31/07/26 11:00:00,S,EUR,IS,2004-S2,,m,
ESTAT:EARN_MW_CUR(1.0),31/07/26 11:00:00,S,EUR,IS,2005-S1,,m,
ESTAT:EARN_MW_CUR(1.0),31/07/26 11:00:00,S,EUR,IS,2005-S2,,m,
ESTAT:EARN_MW_CUR(1.0),31/07/26 11:00:00,S,EUR,IS,2006-S1,,m,
ESTAT:EARN_MW_CUR(1.0),31/07/26 11:00:00,S,EUR,IS,2006-S2,,m,
ESTAT:EARN_MW_CUR(1.0),31/07/26 11:00:00,S,EUR,IS,2007-S1,,m,
ESTAT:EARN_MW_CUR(1.0),31/07/26 11:00:00,S,EUR,IS,2007-S2,,m,
ESTAT:EARN_MW_CUR(1.0),31/07/26 11:00:00,S,EUR,IS,2008-S1,,m,
ESTAT:EARN_MW_CUR(1.0),31/07/26 11:00:00,S,EUR,IS,2008-S2,,m,
ESTAT:EARN_MW_CUR(1.0),31/07/26 11:00:00,S,EUR,IS,2009-S1,,m,
ESTAT:EARN_MW_CUR(1.0),31/07/26 11:00:00,S,EUR,IS,2009-S2,,m,
ESTAT:EARN_MW_CUR(1.0),31/07/26 11:00:00,S,EUR,IS,2010-S1,,m,
ESTAT:EARN_MW_CUR(1.0),31/07/26 11:00:00,S,EUR,IS,2010-S2,,m,
ESTAT:EARN_MW_CUR(1.0),31/07/26 11:00:00,S,EUR,IS,2011-S1,,m,
ESTAT:EARN_MW_CUR(1.0),31/07/26 11:00:00,S,EUR,IS,2011-S2,,m,
ESTAT:EARN_MW_CUR(1.0),31/07/26 11:00:00,S,EUR,IS,2012-S1,,m,
ESTAT:EARN_MW_CUR(1.0),31/07/26 11:00:00,S,EUR,IS,2012-S2,,m,
ESTAT:EARN_MW_CUR(1.0),31/07/26 11:00:00,S,EUR,IS,2013-S1,,m,
ESTAT:EARN_MW_CUR(1.0),31/07/26 11:00:00,S,EUR,IS,2013-S2,,m,
ESTAT:EARN_MW_CUR(1.0),31/07/26 11:00:00,S,EUR,IS,2014-S1,,m,
ESTAT:EARN_MW_CUR(1.0),31/07/26 11:00:00,S,EUR,IS,2014-S2,,m,
ESTAT:EARN_MW_CUR(1.0),31/07/26 11:00:00,S,EUR,IS,2015-S1,,m,
ESTAT:EARN_MW_CUR(1.0),31/07/26 11:00:00,S,EUR,IS,2015-S2,,m,
ESTAT:EARN_MW_CUR(1.0),31/07/26 11:00:00,S,EUR,IS,2016-S1,,m,
ESTAT:EARN_MW_CUR(1.0),31/07/26 11:00:00,S,EUR,IS,2016-S2,,m,
ESTAT:EARN_MW_CUR(1.0),31/07/26 11:00:00,S,EUR,IS,2017-S1,,m,
ESTAT:EARN_MW_CUR(1.0),31/07/26 11:00:00,S,EUR,IS,2017-S2,,m,
ESTAT:EARN_MW_CUR(1.0),31/07/26 11:00:00,S,EUR,IS,2018-S1,,m,
ESTAT:EARN_MW_CUR(1.0),31/07/26 11:00:00,S,EUR,IS,2018-S2,,m,
ESTAT:EARN_MW_CUR(1.0),31/07/26 11:00:00,S,EUR,IS,2019-S1,,m,
ESTAT:EARN_MW_CUR(1.0),31/07/26 11:00:00,S,EUR,IS,2019-S2,,m,
ESTAT:EARN_MW_CUR(1.0),31/07/26 11:00:00,S,EUR,IS,2020-S1,,m,
ESTAT:EARN_MW_CUR(1.0),31/07/26 11:00:00,S,EUR,IS,2020-S2,,m,
ESTAT:EARN_MW_CUR(1.0),31/07/26 11:00:00,S,EUR,IS,2021-S1,,m,
ESTAT:EARN_MW_CUR(1.0),31/07/26 11:00:00,S,EUR,IS,2021-S2,,m,
ESTAT:EARN_MW_CUR(1.0),31/07/26 11:00:00,S,EUR,IS,2022-S1,,m,
ESTAT:EARN_MW_CUR(1.0),31/07/26 11:00:00,S,EUR,IS,2022-S2,,m,
ESTAT:EARN_MW_CUR(1.0),31/07/26 11:00:00,S,EUR,IS,2023-S1,,m,
ESTAT:EARN_MW_CUR(1.0),31/07/26 11:00:00,S,EUR,IS,2023-S2,,m,
ESTAT:EARN_MW_CUR(1.0),31/07/26 11:00:00,S,EUR,IS,2024-S1,,m,
ESTAT:EARN_MW_CUR(1.0),31/07/26 11:00:00,S,EUR,IS,2024-S2,,m,
ESTAT:EARN_MW_CUR(1.0),31/07/26 11:00:00,S,EUR,IS,2025-S1,,m,
ESTAT:EARN_MW_CUR(1.0),31/07/26 11:00:00,S,EUR,IS,2025-S2,,m,
ESTAT:EARN_MW_CUR(1.0),31/07/26 11:00:00,S,EUR,IS,2026-S1,,m,
ESTAT:EARN_MW_CUR(1.0),31/07/26 11:00:00,S,EUR,IS,2026-S2,,m,
ESTAT:EARN_MW_CUR(1.0),31/07/26 11:00:00,S,EUR,IT,1999-S1,,m,
ESTAT:EARN_MW_CUR(1.0),31/07/26 11:00:00,S,EUR,IT,1999-S2,,m,
ESTAT:EARN_MW_CUR(1.0),31/07/26 11:00:00,S,EUR,IT,2000-S1,,m,
ESTAT:EARN_MW_CUR(1.0),31/07/26 11:00:00,S,EUR,IT,2000-S2,,m,
ESTAT:EARN_MW_CUR(1.0),31/07/26 11:00:00,S,EUR,IT,2001-S1,,m,
ESTAT:EARN_MW_CUR(1.0),31/07/26 11:00:00,S,EUR,IT,2001-S2,,m,
ESTAT:EARN_MW_CUR(1.0),31/07/26 11:00:00,S,EUR,IT,2002-S1,,m,
ESTAT:EARN_MW_CUR(1.0),31/07/26 11:00:00,S,EUR,IT,2002-S2,,m,
ESTAT:EARN_MW_CUR(1.0),31/07/26 11:00:00,S,EUR,IT,2003-S1,,m,
ESTAT:EARN_MW_CUR(1.0),31/07/26 11:00:00,S,EUR,IT,2003-S2,,m,
ESTAT:EARN_MW_CUR(1.0),31/07/26 11:00:00,S,EUR,IT,2004-S1,,m,
ESTAT:EARN_MW_CUR(1.0),31/07/26 11:00:00,S,EUR,IT,2004-S2,,m,
ESTAT:EARN_MW_CUR(1.0),31/07/26 11:00:00,S,EUR,IT,2005-S1,,m,
ESTAT:EARN_MW_CUR(1.0),31/07/26 11:00:00,S,EUR,IT,2005-S2,,m,
ESTAT:EARN_MW_CUR(1.0),31/07/26 11:00:00,S,EUR,IT,2006-S1,,m,
ESTAT:EARN_MW_CUR(1.0),31/07/26 11:00:00,S,EUR,IT,2006-S2,,m,
ESTAT:EARN_MW_CUR(1.0),31/07/26 11:00:00,S,EUR,IT,2007-S1,,m,
ESTAT:EARN_MW_CUR(1.0),31/07/26 11:00:00,S,EUR,IT,2007-S2,,m,
ESTAT:EARN_MW_CUR(1.0),31/07/26 11:00:00,S,EUR,IT,2008-S1,,m,
ESTAT:EARN_MW_CUR(1.0),31/07/26 11:00:00,S,EUR,IT,2008-S2,,m,
ESTAT:EARN_MW_CUR(1.0),31/07/26 11:00:00,S,EUR,IT,2009-S1,,m,
ESTAT:EARN_MW_CUR(1.0),31/07/26 11:00:00,S,EUR,IT,2009-S2,,m,
ESTAT:EARN_MW_CUR(1.0),31/07/26 11:00:00,S,EUR,IT,2010-S1,,m,
ESTAT:EARN_MW_CUR(1.0),31/07/26 11:00:00,S,EUR,IT,2010-S2,,m,
ESTAT:EARN_MW_CUR(1.0),31/07/26 11:00:00,S,EUR,IT,2011-S1,,m,
ESTAT:EARN_MW_CUR(1.0),31/07/26 11:00:00,S,EUR,IT,2011-S2,,m,
ESTAT:EARN_MW_CUR(1.0),31/07/26 11:00:00,S,EUR,IT,2012-S1,,m,
ESTAT:EARN_MW_CUR(1.0),31/07/26 11:00:00,S,EUR,IT,2012-S2,,m,
ESTAT:EARN_MW_CUR(1.0),31/07/26 11:00:00,S,EUR,IT,2013-S1,,m,
ESTAT:EARN_MW_CUR(1.0),31/07/26 11:00:00,S,EUR,IT,2013-S2,,m,
ESTAT:EARN_MW_CUR(1.0),31/07/26 11:00:00,S,EUR,IT,2014-S1,,m,
ESTAT:EARN_MW_CUR(1.0),31/07/26 11:00:00,S,EUR,IT,2014-S2,,m,
ESTAT:EARN_MW_CUR(1.0),31/07/26 11:00:00,S,EUR,IT,2015-S1,,m,
ESTAT:EARN_MW_CUR(1.0),31/07/26 11:00:00,S,EUR,IT,2015-S2,,m,
ESTAT:EARN_MW_CUR(1.0),31/07/26 11:00:00,S,EUR,IT,2016-S1,,m,
ESTAT:EARN_MW_CUR(1.0),31/07/26 11:00:00,S,EUR,IT,2016-S2,,m,
ESTAT:EARN_MW_CUR(1.0),31/07/26 11:00:00,S,EUR,IT,2017-S1,,m,
ESTAT:EARN_MW_CUR(1.0),31/07/26 11:00:00,S,EUR,IT,2017-S2,,m,
ESTAT:EARN_MW_CUR(1.0),31/07/26 11:00:00,S,EUR,IT,2018-S1,,m,
ESTAT:EARN_MW_CUR(1.0),31/07/26 11:00:00,S,EUR,IT,2018-S2,,m,
ESTAT:EARN_MW_CUR(1.0),31/07/26 11:00:00,S,EUR,IT,2019-S1,,m,
ESTAT:EARN_MW_CUR(1.0),31/07/26 11:00:00,S,EUR,IT,2019-S2,,m,
ESTAT:EARN_MW_CUR(1.0),31/07/26 11:00:00,S,EUR,IT,2020-S1,,m,
ESTAT:EARN_MW_CUR(1.0),31/07/26 11:00:00,S,EUR,IT,2020-S2,,m,
ESTAT:EARN_MW_CUR(1.0),31/07/26 11:00:00,S,EUR,IT,2021-S1,,m,
ESTAT:EARN_MW_CUR(1.0),31/07/26 11:00:00,S,EUR,IT,2021-S2,,m,
ESTAT:EARN_MW_CUR(1.0),31/07/26 11:00:00,S,EUR,IT,2022-S1,,m,
ESTAT:EARN_MW_CUR(1.0),31/07/26 11:00:00,S,EUR,IT,2022-S2,,m,
ESTAT:EARN_MW_CUR(1.0),31/07/26 11:00:00,S,EUR,IT,2023-S1,,m,
ESTAT:EARN_MW_CUR(1.0),31/07/26 11:00:00,S,EUR,IT,2023-S2,,m,
ESTAT:EARN_MW_CUR(1.0),31/07/26 11:00:00,S,EUR,IT,2024-S1,,m,
ESTAT:EARN_MW_CUR(1.0),31/07/26 11:00:00,S,EUR,IT,2024-S2,,m,
ESTAT:EARN_MW_CUR(1.0),31/07/26 11:00:00,S,EUR,IT,2025-S1,,m,
ESTAT:EARN_MW_CUR(1.0),31/07/26 11:00:00,S,EUR,IT,2025-S2,,m,
ESTAT:EARN_MW_CUR(1.0),31/07/26 11:00:00,S,EUR,IT,2026-S1,,m,
ESTAT:EARN_MW_CUR(1.0),31/07/26 11:00:00,S,EUR,IT,2026-S2,,m,
ESTAT:EARN_MW_CUR(1.0),31/07/26 11:00:00,S,EUR,LT,1999-S1,92,,
ESTAT:EARN_MW_CUR(1.0),31/07/26 11:00:00,S,EUR,LT,1999-S2,104,,
ESTAT:EARN_MW_CUR(1.0),31/07/26 11:00:00,S,EUR,LT,2000-S1,107,,
ESTAT:EARN_MW_CUR(1.0),31/07/26 11:00:00,S,EUR,LT,2000-S2,113,,
ESTAT:EARN_MW_CUR(1.0),31/07/26 11:00:00,S,EUR,LT,2001-S1,116,,
ESTAT:EARN_MW_CUR(1.0),31/07/26 11:00:00,S,EUR,LT,2001-S2,127,,
ESTAT:EARN_MW_CUR(1.0),31/07/26 11:00:00,S,EUR,LT,2002-S1,122,,
ESTAT:EARN_MW_CUR(1.0),31/07/26 11:00:00,S,EUR,LT,2002-S2,125,,
ESTAT:EARN_MW_CUR(1.0),31/07/26 11:00:00,S,EUR,LT,2003-S1,125,,
ESTAT:EARN_MW_CUR(1.0),31/07/26 11:00:00,S,EUR,LT,2003-S2,125,,
ESTAT:EARN_MW_CUR(1.0),31/07/26 11:00:00,S,EUR,LT,2004-S1,130,,
ESTAT:EARN_MW_CUR(1.0),31/07/26 11:00:00,S,EUR,LT,2004-S2,145,,
ESTAT:EARN_MW_CUR(1.0),31/07/26 11:00:00,S,EUR,LT,2005-S1,145,,
ESTAT:EARN_MW_CUR(1.0),31/07/26 11:00:00,S,EUR,LT,2005-S2,159,,
ESTAT:EARN_MW_CUR(1.0),31/07/26 11:00:00,S,EUR,LT,2006-S1,159,,
ESTAT:EARN_MW_CUR(1.0),31/07/26 11:00:00,S,EUR,LT,2006-S2,174,,
ESTAT:EARN_MW_CUR(1.0),31/07/26 11:00:00,S,EUR,LT,2007-S1,174,,
ESTAT:EARN_MW_CUR(1.0),31/07/26 11:00:00,S,EUR,LT,2007-S2,203,,
ESTAT:EARN_MW_CUR(1.0),31/07/26 11:00:00,S,EUR,LT,2008-S1,232,,
ESTAT:EARN_MW_CUR(1.0),31/07/26 11:00:00,S,EUR,LT,2008-S2,232,,
ESTAT:EARN_MW_CUR(1.0),31/07/26 11:00:00,S,EUR,LT,2009-S1,232,,
ESTAT:EARN_MW_CUR(1.0),31/07/26 11:00:00,S,EUR,LT,2009-S2,232,,
ESTAT:EARN_MW_CUR(1.0),31/07/26 11:00:00,S,EUR,LT,2010-S1,232,,
ESTAT:EARN_MW_CUR(1.0),31/07/26 11:00:00,S,EUR,LT,2010-S2,232,,
ESTAT:EARN_MW_CUR(1.0),31/07/26 11:00:00,S,EUR,LT,2011-S1,232,,
ESTAT:EARN_MW_CUR(1.0),31/07/26 11:00:00,S,EUR,LT,2011-S2,232,,
ESTAT:EARN_MW_CUR(1.0),31/07/26 11:00:00,S,EUR,LT,2012-S1,232,,
ESTAT:EARN_MW_CUR(1.0),31/07/26 11:00:00,S,EUR,LT,2012-S2,232,,
ESTAT:EARN_MW_CUR(1.0),31/07/26 11:00:00,S,EUR,LT,2013-S1,290,,
ESTAT:EARN_MW_CUR(1.0),31/07/26 11:00:00,S,EUR,LT,2013-S2,290,,
ESTAT:EARN_MW_CUR(1.0),31/07/26 11:00:00,S,EUR,LT,2014-S1,290,,
ESTAT:EARN_MW_CUR(1.0),31/07/26 11:00:00,S,EUR,LT,2014-S2,290,,
ESTAT:EARN_MW_CUR(1.0),31/07/26 11:00:00,S,EUR,LT,2015-S1,300,,
ESTAT:EARN_MW_CUR(1.0),31/07/26 11:00:00,S,EUR,LT,2015-S2,325,,
ESTAT:EARN_MW_CUR(1.0),31/07/26 11:00:00,S,EUR,LT,2016-S1,350,,
ESTAT:EARN_MW_CUR(1.0),31/07/26 11:00:00,S,EUR,LT,2016-S2,380,,
ESTAT:EARN_MW_CUR(1.0),31/07/26 11:00:00,S,EUR,LT,2017-S1,380,,
ESTAT:EARN_MW_CUR(1.0),31/07/26 11:00:00,S,EUR,LT,2017-S2,380,,
ESTAT:EARN_MW_CUR(1.0),31/07/26 11:00:00,S,EUR,LT,2018-S1,400,,
ESTAT:EARN_MW_CUR(1.0),31/07/26 11:00:00,S,EUR,LT,2018-S2,400,,
ESTAT:EARN_MW_CUR(1.0),31/07/26 11:00:00,S,EUR,LT,2019-S1,555,,
ESTAT:EARN_MW_CUR(1.0),31/07/26 11:00:00,S,EUR,LT,2019-S2,555,,
ESTAT:EARN_MW_CUR(1.0),31/07/26 11:00:00,S,EUR,LT,2020-S1,607,,
ESTAT:EARN_MW_CUR(1.0),31/07/26 11:00:00,S,EUR,LT,2020-S2,607,,
ESTAT:EARN_MW_CUR(1.0),31/07/26 11:00:00,S,EUR,LT,2021-S1,642,,
ESTAT:EARN_MW_CUR(1.0),31/07/26 11:00:00,S,EUR,LT,2021-S2,642,,
ESTAT:EARN_MW_CUR(1.0),31/07/26 11:00:00,S,EUR,LT,2022-S1,730,,
ESTAT:EARN_MW_CUR(1.0),31/07/26 11:00:00,S,EUR,LT,2022-S2,730,,
ESTAT:EARN_MW_CUR(1.0),31/07/26 11:00:00,S,EUR,LT,2023-S1,840,,
ESTAT:EARN_MW_CUR(1.0),31/07/26 11:00:00,S,EUR,LT,2023-S2,840,,
ESTAT:EARN_MW_CUR(1.0),31/07/26 11:00:00,S,EUR,LT,2024-S1,924,,
ESTAT:EARN_MW_CUR(1.0),31/07/26 11:00:00,S,EUR,LT,2024-S2,924,,
ESTAT:EARN_MW_CUR(1.0),31/07/26 11:00:00,S,EUR,LT,2025-S1,1038,,
ESTAT:EARN_MW_CUR(1.0),31/07/26 11:00:00,S,EUR,LT,2025-S2,1038,,
ESTAT:EARN_MW_CUR(1.0),31/07/26 11:00:00,S,EUR,LT,2026-S1,1153,,
ESTAT:EARN_MW_CUR(1.0),31/07/26 11:00:00,S,EUR,LT,2026-S2,1153,,
ESTAT:EARN_MW_CUR(1.0),31/07/26 11:00:00,S,EUR,LU,1999-S1,1162,,
ESTAT:EARN_MW_CUR(1.0),31/07/26 11:00:00,S,EUR,LU,1999-S2,1162,,
ESTAT:EARN_MW_CUR(1.0),31/07/26 11:00:00,S,EUR,LU,2000-S1,1191,,
ESTAT:EARN_MW_CUR(1.0),31/07/26 11:00:00,S,EUR,LU,2000-S2,1221,,
ESTAT:EARN_MW_CUR(1.0),31/07/26 11:00:00,S,EUR,LU,2001-S1,1259,,
ESTAT:EARN_MW_CUR(1.0),31/07/26 11:00:00,S,EUR,LU,2001-S2,1290,,
ESTAT:EARN_MW_CUR(1.0),31/07/26 11:00:00,S,EUR,LU,2002-S1,1290,,
ESTAT:EARN_MW_CUR(1.0),31/07/26 11:00:00,S,EUR,LU,2002-S2,1322,,
ESTAT:EARN_MW_CUR(1.0),31/07/26 11:00:00,S,EUR,LU,2003-S1,1369,,
ESTAT:EARN_MW_CUR(1.0),31/07/26 11:00:00,S,EUR,LU,2003-S2,1369,,
ESTAT:EARN_MW_CUR(1.0),31/07/26 11:00:00,S,EUR,LU,2004-S1,1403,,
ESTAT:EARN_MW_CUR(1.0),31/07/26 11:00:00,S,EUR,LU,2004-S2,1403,,
ESTAT:EARN_MW_CUR(1.0),31/07/26 11:00:00,S,EUR,LU,2005-S1,1467,,
ESTAT:EARN_MW_CUR(1.0),31/07/26 11:00:00,S,EUR,LU,2005-S2,1467,,
ESTAT:EARN_MW_CUR(1.0),31/07/26 11:00:00,S,EUR,LU,2006-S1,1503,,
ESTAT:EARN_MW_CUR(1.0),31/07/26 11:00:00,S,EUR,LU,2006-S2,1503,,
ESTAT:EARN_MW_CUR(1.0),31/07/26 11:00:00,S,EUR,LU,2007-S1,1570,,
ESTAT:EARN_MW_CUR(1.0),31/07/26 11:00:00,S,EUR,LU,2007-S2,1570,,
ESTAT:EARN_MW_CUR(1.0),31/07/26 11:00:00,S,EUR,LU,2008-S1,1570,,
ESTAT:EARN_MW_CUR(1.0),31/07/26 11:00:00,S,EUR,LU,2008-S2,1610,,
ESTAT:EARN_MW_CUR(1.0),31/07/26 11:00:00,S,EUR,LU,2009-S1,1642,,
ESTAT:EARN_MW_CUR(1.0),31/07/26 11:00:00,S,EUR,LU,2009-S2,1683,,
ESTAT:EARN_MW_CUR(1.0),31/07/26 11:00:00,S,EUR,LU,2010-S1,1683,,
ESTAT:EARN_MW_CUR(1.0),31/07/26 11:00:00,S,EUR,LU,2010-S2,1725,,
ESTAT:EARN_MW_CUR(1.0),31/07/26 11:00:00,S,EUR,LU,2011-S1,1758,,
ESTAT:EARN_MW_CUR(1.0),31/07/26 11:00:00,S,EUR,LU,2011-S2,1758,,
ESTAT:EARN_MW_CUR(1.0),31/07/26 11:00:00,S,EUR,LU,2012-S1,1801,,
ESTAT:EARN_MW_CUR(1.0),31/07/26 11:00:00,S,EUR,LU,2012-S2,1801,,
ESTAT:EARN_MW_CUR(1.0),31/07/26 11:00:00,S,EUR,LU,2013-S1,1874,,
ESTAT:EARN_MW_CUR(1.0),31/07/26 11:00:00,S,EUR,LU,2013-S2,1874,,
ESTAT:EARN_MW_CUR(1.0),31/07/26 11:00:00,S,EUR,LU,2014-S1,1921,,
ESTAT:EARN_MW_CUR(1.0),31/07/26 11:00:00,S,EUR,LU,2014-S2,1921,,
ESTAT:EARN_MW_CUR(1.0),31/07/26 11:00:00,S,EUR,LU,2015-S1,1923,,
ESTAT:EARN_MW_CUR(1.0),31/07/26 11:00:00,S,EUR,LU,2015-S2,1923,,
ESTAT:EARN_MW_CUR(1.0),31/07/26 11:00:00,S,EUR,LU,2016-S1,1923,,
ESTAT:EARN_MW_CUR(1.0),31/07/26 11:00:00,S,EUR,LU,2016-S2,1923,,
ESTAT:EARN_MW_CUR(1.0),31/07/26 11:00:00,S,EUR,LU,2017-S1,1999,,
ESTAT:EARN_MW_CUR(1.0),31/07/26 11:00:00,S,EUR,LU,2017-S2,1999,,
ESTAT:EARN_MW_CUR(1.0),31/07/26 11:00:00,S,EUR,LU,2018-S1,1999,,
ESTAT:EARN_MW_CUR(1.0),31/07/26 11:00:00,S,EUR,LU,2018-S2,1999,,
ESTAT:EARN_MW_CUR(1.0),31/07/26 11:00:00,S,EUR,LU,2019-S1,2090,,
ESTAT:EARN_MW_CUR(1.0),31/07/26 11:00:00,S,EUR,LU,2019-S2,2090,,
ESTAT:EARN_MW_CUR(1.0),31/07/26 11:00:00,S,EUR,LU,2020-S1,2142,,
ESTAT:EARN_MW_CUR(1.0),31/07/26 11:00:00,S,EUR,LU,2020-S2,2142,,
ESTAT:EARN_MW_CUR(1.0),31/07/26 11:00:00,S,EUR,LU,2021-S1,2202,,
ESTAT:EARN_MW_CUR(1.0),31/07/26 11:00:00,S,EUR,LU,2021-S2,2202,,
ESTAT:EARN_MW_CUR(1.0),31/07/26 11:00:00,S,EUR,LU,2022-S1,2257,,
ESTAT:EARN_MW_CUR(1.0),31/07/26 11:00:00,S,EUR,LU,2022-S2,2313,,
ESTAT:EARN_MW_CUR(1.0),31/07/26 11:00:00,S,EUR,LU,2023-S1,2387,,
ESTAT:EARN_MW_CUR(1.0),31/07/26 11:00:00,S,EUR,LU,2023-S2,2508,,
ESTAT:EARN_MW_CUR(1.0),31/07/26 11:00:00,S,EUR,LU,2024-S1,2571,,
ESTAT:EARN_MW_CUR(1.0),31/07/26 11:00:00,S,EUR,LU,2024-S2,2571,,
ESTAT:EARN_MW_CUR(1.0),31/07/26 11:00:00,S,EUR,LU,2025-S1,2638,,
ESTAT:EARN_MW_CUR(1.0),31/07/26 11:00:00,S,EUR,LU,2025-S2,2704,,
ESTAT:EARN_MW_CUR(1.0),31/07/26 11:00:00,S,EUR,LU,2026-S1,2704,,
ESTAT:EARN_MW_CUR(1.0),31/07/26 11:00:00,S,EUR,LU,2026-S2,2771,,
ESTAT:EARN_MW_CUR(1.0),31/07/26 11:00:00,S,EUR,LV,1999-S1,75,,
ESTAT:EARN_MW_CUR(1.0),31/07/26 11:00:00,S,EUR,LV,1999-S2,80,,
ESTAT:EARN_MW_CUR(1.0),31/07/26 11:00:00,S,EUR,LV,2000-S1,85,,
ESTAT:EARN_MW_CUR(1.0),31/07/26 11:00:00,S,EUR,LV,2000-S2,88,,
ESTAT:EARN_MW_CUR(1.0),31/07/26 11:00:00,S,EUR,LV,2001-S1,87,,
ESTAT:EARN_MW_CUR(1.0),31/07/26 11:00:00,S,EUR,LV,2001-S2,111,,
ESTAT:EARN_MW_CUR(1.0),31/07/26 11:00:00,S,EUR,LV,2002-S1,108,,
ESTAT:EARN_MW_CUR(1.0),31/07/26 11:00:00,S,EUR,LV,2002-S2,100,,
ESTAT:EARN_MW_CUR(1.0),31/07/26 11:00:00,S,EUR,LV,2003-S1,114,,
ESTAT:EARN_MW_CUR(1.0),31/07/26 11:00:00,S,EUR,LV,2003-S2,108,,
ESTAT:EARN_MW_CUR(1.0),31/07/26 11:00:00,S,EUR,LV,2004-S1,119,,
ESTAT:EARN_MW_CUR(1.0),31/07/26 11:00:00,S,EUR,LV,2004-S2,122,,
ESTAT:EARN_MW_CUR(1.0),31/07/26 11:00:00,S,EUR,LV,2005-S1,115,,
ESTAT:EARN_MW_CUR(1.0),31/07/26 11:00:00,S,EUR,LV,2005-S2,115,,
ESTAT:EARN_MW_CUR(1.0),31/07/26 11:00:00,S,EUR,LV,2006-S1,129,,
ESTAT:EARN_MW_CUR(1.0),31/07/26 11:00:00,S,EUR,LV,2006-S2,129,,
ESTAT:EARN_MW_CUR(1.0),31/07/26 11:00:00,S,EUR,LV,2007-S1,172,,
ESTAT:EARN_MW_CUR(1.0),31/07/26 11:00:00,S,EUR,LV,2007-S2,172,,
ESTAT:EARN_MW_CUR(1.0),31/07/26 11:00:00,S,EUR,LV,2008-S1,230,,
ESTAT:EARN_MW_CUR(1.0),31/07/26 11:00:00,S,EUR,LV,2008-S2,227,,
ESTAT:EARN_MW_CUR(1.0),31/07/26 11:00:00,S,EUR,LV,2009-S1,254,,
ESTAT:EARN_MW_CUR(1.0),31/07/26 11:00:00,S,EUR,LV,2009-S2,256,,
ESTAT:EARN_MW_CUR(1.0),31/07/26 11:00:00,S,EUR,LV,2010-S1,254,,
ESTAT:EARN_MW_CUR(1.0),31/07/26 11:00:00,S,EUR,LV,2010-S2,254,,
ESTAT:EARN_MW_CUR(1.0),31/07/26 11:00:00,S,EUR,LV,2011-S1,282,,
ESTAT:EARN_MW_CUR(1.0),31/07/26 11:00:00,S,EUR,LV,2011-S2,282,,
ESTAT:EARN_MW_CUR(1.0),31/07/26 11:00:00,S,EUR,LV,2012-S1,286,,
ESTAT:EARN_MW_CUR(1.0),31/07/26 11:00:00,S,EUR,LV,2012-S2,287,,
ESTAT:EARN_MW_CUR(1.0),31/07/26 11:00:00,S,EUR,LV,2013-S1,287,,
ESTAT:EARN_MW_CUR(1.0),31/07/26 11:00:00,S,EUR,LV,2013-S2,285,,
ESTAT:EARN_MW_CUR(1.0),31/07/26 11:00:00,S,EUR,LV,2014-S1,320,,
ESTAT:EARN_MW_CUR(1.0),31/07/26 11:00:00,S,EUR,LV,2014-S2,320,,
ESTAT:EARN_MW_CUR(1.0),31/07/26 11:00:00,S,EUR,LV,2015-S1,360,,
ESTAT:EARN_MW_CUR(1.0),31/07/26 11:00:00,S,EUR,LV,2015-S2,360,,
ESTAT:EARN_MW_CUR(1.0),31/07/26 11:00:00,S,EUR,LV,2016-S1,370,,
ESTAT:EARN_MW_CUR(1.0),31/07/26 11:00:00,S,EUR,LV,2016-S2,370,,
ESTAT:EARN_MW_CUR(1.0),31/07/26 11:00:00,S,EUR,LV,2017-S1,380,,
ESTAT:EARN_MW_CUR(1.0),31/07/26 11:00:00,S,EUR,LV,2017-S2,380,,
ESTAT:EARN_MW_CUR(1.0),31/07/26 11:00:00,S,EUR,LV,2018-S1,430,,
ESTAT:EARN_MW_CUR(1.0),31/07/26 11:00:00,S,EUR,LV,2018-S2,430,,
ESTAT:EARN_MW_CUR(1.0),31/07/26 11:00:00,S,EUR,LV,2019-S1,430,,
ESTAT:EARN_MW_CUR(1.0),31/07/26 11:00:00,S,EUR,LV,2019-S2,430,,
ESTAT:EARN_MW_CUR(1.0),31/07/26 11:00:00,S,EUR,LV,2020-S1,430,,
ESTAT:EARN_MW_CUR(1.0),31/07/26 11:00:00,S,EUR,LV,2020-S2,430,,
ESTAT:EARN_MW_CUR(1.0),31/07/26 11:00:00,S,EUR,LV,2021-S1,500,,
ESTAT:EARN_MW_CUR(1.0),31/07/26 11:00:00,S,EUR,LV,2021-S2,500,,
ESTAT:EARN_MW_CUR(1.0),31/07/26 11:00:00,S,EUR,LV,2022-S1,500,,
ESTAT:EARN_MW_CUR(1.0),31/07/26 11:00:00,S,EUR,LV,2022-S2,500,,
ESTAT:EARN_MW_CUR(1.0),31/07/26 11:00:00,S,EUR,LV,2023-S1,620,,
ESTAT:EARN_MW_CUR(1.0),31/07/26 11:00:00,S,EUR,LV,2023-S2,620,,
ESTAT:EARN_MW_CUR(1.0),31/07/26 11:00:00,S,EUR,LV,2024-S1,700,,
ESTAT:EARN_MW_CUR(1.0),31/07/26 11:00:00,S,EUR,LV,2024-S2,700,,
ESTAT:EARN_MW_CUR(1.0),31/07/26 11:00:00,S,EUR,LV,2025-S1,740,,
ESTAT:EARN_MW_CUR(1.0),31/07/26 11:00:00,S,EUR,LV,2025-S2,740,,
ESTAT:EARN_MW_CUR(1.0),31/07/26 11:00:00,S,EUR,LV,2026-S1,780,,
ESTAT:EARN_MW_CUR(1.0),31/07/26 11:00:00,S,EUR,LV,2026-S2,780,,
ESTAT:EARN_MW_CUR(1.0),31/07/26 11:00:00,S,EUR,MD,1999-S2,2,,
ESTAT:EARN_MW_CUR(1.0),31/07/26 11:00:00,S,EUR,MD,2000-S1,2,,
ESTAT:EARN_MW_CUR(1.0),31/07/26 11:00:00,S,EUR,MD,2000-S2,2,,
ESTAT:EARN_MW_CUR(1.0),31/07/26 11:00:00,S,EUR,MD,2001-S1,9,,
ESTAT:EARN_MW_CUR(1.0),31/07/26 11:00:00,S,EUR,MD,2001-S2,9,,
ESTAT:EARN_MW_CUR(1.0),31/07/26 11:00:00,S,EUR,MD,2002-S1,9,,
ESTAT:EARN_MW_CUR(1.0),31/07/26 11:00:00,S,EUR,MD,2002-S2,7,,
ESTAT:EARN_MW_CUR(1.0),31/07/26 11:00:00,S,EUR,MD,2003-S1,7,,
ESTAT:EARN_MW_CUR(1.0),31/07/26 11:00:00,S,EUR,MD,2003-S2,6,,
ESTAT:EARN_MW_CUR(1.0),31/07/26 11:00:00,S,EUR,MD,2004-S1,6,,
ESTAT:EARN_MW_CUR(1.0),31/07/26 11:00:00,S,EUR,MD,2004-S2,7,,
ESTAT:EARN_MW_CUR(1.0),31/07/26 11:00:00,S,EUR,MD,2005-S1,12,,
ESTAT:EARN_MW_CUR(1.0),31/07/26 11:00:00,S,EUR,MD,2005-S2,13,,
ESTAT:EARN_MW_CUR(1.0),31/07/26 11:00:00,S,EUR,MD,2006-S1,13,,
ESTAT:EARN_MW_CUR(1.0),31/07/26 11:00:00,S,EUR,MD,2006-S2,12,,
ESTAT:EARN_MW_CUR(1.0),31/07/26 11:00:00,S,EUR,MD,2007-S1,12,,
ESTAT:EARN_MW_CUR(1.0),31/07/26 11:00:00,S,EUR,MD,2007-S2,24,,
ESTAT:EARN_MW_CUR(1.0),31/07/26 11:00:00,S,EUR,MD,2008-S1,24,,
ESTAT:EARN_MW_CUR(1.0),31/07/26 11:00:00,S,EUR,MD,2008-S2,26,,
ESTAT:EARN_MW_CUR(1.0),31/07/26 11:00:00,S,EUR,MD,2009-S1,41,,
ESTAT:EARN_MW_CUR(1.0),31/07/26 11:00:00,S,EUR,MD,2009-S2,38,,
ESTAT:EARN_MW_CUR(1.0),31/07/26 11:00:00,S,EUR,MD,2010-S1,34,,
ESTAT:EARN_MW_CUR(1.0),31/07/26 11:00:00,S,EUR,MD,2010-S2,38,,
ESTAT:EARN_MW_CUR(1.0),31/07/26 11:00:00,S,EUR,MD,2011-S1,37,,
ESTAT:EARN_MW_CUR(1.0),31/07/26 11:00:00,S,EUR,MD,2011-S2,36,,
ESTAT:EARN_MW_CUR(1.0),31/07/26 11:00:00,S,EUR,MD,2012-S1,40,,
ESTAT:EARN_MW_CUR(1.0),31/07/26 11:00:00,S,EUR,MD,2012-S2,39,,
ESTAT:EARN_MW_CUR(1.0),31/07/26 11:00:00,S,EUR,MD,2013-S1,38,,
ESTAT:EARN_MW_CUR(1.0),31/07/26 11:00:00,S,EUR,MD,2013-S2,37,,
ESTAT:EARN_MW_CUR(1.0),31/07/26 11:00:00,S,EUR,MD,2014-S1,33,,
ESTAT:EARN_MW_CUR(1.0),31/07/26 11:00:00,S,EUR,MD,2014-S2,31,,
ESTAT:EARN_MW_CUR(1.0),31/07/26 11:00:00,S,EUR,MD,2015-S1,53,,
ESTAT:EARN_MW_CUR(1.0),31/07/26 11:00:00,S,EUR,MD,2015-S2,48,,
ESTAT:EARN_MW_CUR(1.0),31/07/26 11:00:00,S,EUR,MD,2016-S1,47,,
ESTAT:EARN_MW_CUR(1.0),31/07/26 11:00:00,S,EUR,MD,2016-S2,45,,
ESTAT:EARN_MW_CUR(1.0),31/07/26 11:00:00,S,EUR,MD,2017-S1,48,,
ESTAT:EARN_MW_CUR(1.0),31/07/26 11:00:00,S,EUR,MD,2017-S2,48,,
ESTAT:EARN_MW_CUR(1.0),31/07/26 11:00:00,S,EUR,MD,2018-S1,49,,
ESTAT:EARN_MW_CUR(1.0),31/07/26 11:00:00,S,EUR,MD,2018-S2,51,,
ESTAT:EARN_MW_CUR(1.0),31/07/26 11:00:00,S,EUR,MD,2019-S1,51,,
ESTAT:EARN_MW_CUR(1.0),31/07/26 11:00:00,S,EUR,MD,2019-S2,48,,
ESTAT:EARN_MW_CUR(1.0),31/07/26 11:00:00,S,EUR,MD,2020-S1,52,,
ESTAT:EARN_MW_CUR(1.0),31/07/26 11:00:00,S,EUR,MD,2020-S2,51,,
ESTAT:EARN_MW_CUR(1.0),31/07/26 11:00:00,S,EUR,MD,2021-S1,47,,
ESTAT:EARN_MW_CUR(1.0),31/07/26 11:00:00,S,EUR,MD,2021-S2,47,,
ESTAT:EARN_MW_CUR(1.0),31/07/26 11:00:00,S,EUR,MD,2022-S1,50,,
ESTAT:EARN_MW_CUR(1.0),31/07/26 11:00:00,S,EUR,MD,2022-S2,50,,
ESTAT:EARN_MW_CUR(1.0),31/07/26 11:00:00,S,EUR,MD,2023-S1,196,,
ESTAT:EARN_MW_CUR(1.0),31/07/26 11:00:00,S,EUR,MD,2023-S2,200,,
ESTAT:EARN_MW_CUR(1.0),31/07/26 11:00:00,S,EUR,MD,2024-S1,258,,
ESTAT:EARN_MW_CUR(1.0),31/07/26 11:00:00,S,EUR,MD,2024-S2,261,,
ESTAT:EARN_MW_CUR(1.0),31/07/26 11:00:00,S,EUR,MD,2025-S1,285,,
ESTAT:EARN_MW_CUR(1.0),31/07/26 11:00:00,S,EUR,MD,2025-S2,279,,
ESTAT:EARN_MW_CUR(1.0),31/07/26 11:00:00,S,EUR,MD,2026-S1,319,,
ESTAT:EARN_MW_CUR(1.0),31/07/26 11:00:00,S,EUR,MD,2026-S2,313,,
ESTAT:EARN_MW_CUR(1.0),31/07/26 11:00:00,S,EUR,ME,2013-S2,288,,
ESTAT:EARN_MW_CUR(1.0),31/07/26 11:00:00,S,EUR,ME,2014-S1,288,,
ESTAT:EARN_MW_CUR(1.0),31/07/26 11:00:00,S,EUR,ME,2014-S2,288,,
ESTAT:EARN_MW_CUR(1.0),31/07/26 11:00:00,S,EUR,ME,2015-S1,288,,
ESTAT:EARN_MW_CUR(1.0),31/07/26 11:00:00,S,EUR,ME,2015-S2,288,,
ESTAT:EARN_MW_CUR(1.0),31/07/26 11:00:00,S,EUR,ME,2016-S1,288,,
ESTAT:EARN_MW_CUR(1.0),31/07/26 11:00:00,S,EUR,ME,2016-S2,288,,
ESTAT:EARN_MW_CUR(1.0),31/07/26 11:00:00,S,EUR,ME,2017-S1,288,,
ESTAT:EARN_MW_CUR(1.0),31/07/26 11:00:00,S,EUR,ME,2017-S2,288,,
ESTAT:EARN_MW_CUR(1.0),31/07/26 11:00:00,S,EUR,ME,2018-S1,288,,
ESTAT:EARN_MW_CUR(1.0),31/07/26 11:00:00,S,EUR,ME,2018-S2,288,,
ESTAT:EARN_MW_CUR(1.0),31/07/26 11:00:00,S,EUR,ME,2019-S1,288,,
ESTAT:EARN_MW_CUR(1.0),31/07/26 11:00:00,S,EUR,ME,2019-S2,331,,
ESTAT:EARN_MW_CUR(1.0),31/07/26 11:00:00,S,EUR,ME,2020-S1,331,,
ESTAT:EARN_MW_CUR(1.0),31/07/26 11:00:00,S,EUR,ME,2020-S2,331,,
ESTAT:EARN_MW_CUR(1.0),31/07/26 11:00:00,S,EUR,ME,2021-S1,331,,
ESTAT:EARN_MW_CUR(1.0),31/07/26 11:00:00,S,EUR,ME,2021-S2,331,,
ESTAT:EARN_MW_CUR(1.0),31/07/26 11:00:00,S,EUR,ME,2022-S1,533,,
ESTAT:EARN_MW_CUR(1.0),31/07/26 11:00:00,S,EUR,ME,2022-S2,533,,
ESTAT:EARN_MW_CUR(1.0),31/07/26 11:00:00,S,EUR,ME,2023-S1,533,,
ESTAT:EARN_MW_CUR(1.0),31/07/26 11:00:00,S,EUR,ME,2023-S2,533,,
ESTAT:EARN_MW_CUR(1.0),31/07/26 11:00:00,S,EUR,ME,2024-S1,533,,
ESTAT:EARN_MW_CUR(1.0),31/07/26 11:00:00,S,EUR,ME,2024-S2,533,,
ESTAT:EARN_MW_CUR(1.0),31/07/26 11:00:00,S,EUR,ME,2025-S1,670,,
ESTAT:EARN_MW_CUR(1.0),31/07/26 11:00:00,S,EUR,ME,2025-S2,670,,
ESTAT:EARN_MW_CUR(1.0),31/07/26 11:00:00,S,EUR,ME,2026-S1,670,,
ESTAT:EARN_MW_CUR(1.0),31/07/26 11:00:00,S,EUR,ME,2026-S2,670,,
ESTAT:EARN_MW_CUR(1.0),31/07/26 11:00:00,S,EUR,MK,2013-S1,199,,
ESTAT:EARN_MW_CUR(1.0),31/07/26 11:00:00,S,EUR,MK,2013-S2,199,,
ESTAT:EARN_MW_CUR(1.0),31/07/26 11:00:00,S,EUR,MK,2014-S1,214,,
ESTAT:EARN_MW_CUR(1.0),31/07/26 11:00:00,S,EUR,MK,2014-S2,213,,
ESTAT:EARN_MW_CUR(1.0),31/07/26 11:00:00,S,EUR,MK,2015-S1,214,,
ESTAT:EARN_MW_CUR(1.0),31/07/26 11:00:00,S,EUR,MK,2015-S2,227,,
ESTAT:EARN_MW_CUR(1.0),31/07/26 11:00:00,S,EUR,MK,2016-S1,227,,
ESTAT:EARN_MW_CUR(1.0),31/07/26 11:00:00,S,EUR,MK,2016-S2,236,,
ESTAT:EARN_MW_CUR(1.0),31/07/26 11:00:00,S,EUR,MK,2017-S1,241,,
ESTAT:EARN_MW_CUR(1.0),31/07/26 11:00:00,S,EUR,MK,2017-S2,278,,
ESTAT:EARN_MW_CUR(1.0),31/07/26 11:00:00,S,EUR,MK,2018-S1,279,,
ESTAT:EARN_MW_CUR(1.0),31/07/26 11:00:00,S,EUR,MK,2018-S2,279,,
ESTAT:EARN_MW_CUR(1.0),31/07/26 11:00:00,S,EUR,MK,2019-S1,292,,
ESTAT:EARN_MW_CUR(1.0),31/07/26 11:00:00,S,EUR,MK,2019-S2,341,,
ESTAT:EARN_MW_CUR(1.0),31/07/26 11:00:00,S,EUR,MK,2020-S1,343,,
ESTAT:EARN_MW_CUR(1.0),31/07/26 11:00:00,S,EUR,MK,2020-S2,342,,
ESTAT:EARN_MW_CUR(1.0),31/07/26 11:00:00,S,EUR,MK,2021-S1,353,,
ESTAT:EARN_MW_CUR(1.0),31/07/26 11:00:00,S,EUR,MK,2021-S2,359,,
ESTAT:EARN_MW_CUR(1.0),31/07/26 11:00:00,S,EUR,MK,2022-S1,359,,
ESTAT:EARN_MW_CUR(1.0),31/07/26 11:00:00,S,EUR,MK,2022-S2,428,,
ESTAT:EARN_MW_CUR(1.0),31/07/26 11:00:00,S,EUR,MK,2023-S1,430,,
ESTAT:EARN_MW_CUR(1.0),31/07/26 11:00:00,S,EUR,MK,2023-S2,483,,
ESTAT:EARN_MW_CUR(1.0),31/07/26 11:00:00,S,EUR,MK,2024-S1,484,,
ESTAT:EARN_MW_CUR(1.0),31/07/26 11:00:00,S,EUR,MK,2024-S2,542,,
ESTAT:EARN_MW_CUR(1.0),31/07/26 11:00:00,S,EUR,MK,2025-S1,542,,
ESTAT:EARN_MW_CUR(1.0),31/07/26 11:00:00,S,EUR,MK,2025-S2,584,,
ESTAT:EARN_MW_CUR(1.0),31/07/26 11:00:00,S,EUR,MK,2026-S1,586,,
ESTAT:EARN_MW_CUR(1.0),31/07/26 11:00:00,S,EUR,MK,2026-S2,624,,
ESTAT:EARN_MW_CUR(1.0),31/07/26 11:00:00,S,EUR,MT,1999-S1,465,,
ESTAT:EARN_MW_CUR(1.0),31/07/26 11:00:00,S,EUR,MT,1999-S2,483,,
ESTAT:EARN_MW_CUR(1.0),31/07/26 11:00:00,S,EUR,MT,2000-S1,505,,
ESTAT:EARN_MW_CUR(1.0),31/07/26 11:00:00,S,EUR,MT,2000-S2,510,,
ESTAT:EARN_MW_CUR(1.0),31/07/26 11:00:00,S,EUR,MT,2001-S1,530,,
ESTAT:EARN_MW_CUR(1.0),31/07/26 11:00:00,S,EUR,MT,2001-S2,548,,
ESTAT:EARN_MW_CUR(1.0),31/07/26 11:00:00,S,EUR,MT,2002-S1,557,,
ESTAT:EARN_MW_CUR(1.0),31/07/26 11:00:00,S,EUR,MT,2002-S2,532,,
ESTAT:EARN_MW_CUR(1.0),31/07/26 11:00:00,S,EUR,MT,2003-S1,551,,
ESTAT:EARN_MW_CUR(1.0),31/07/26 11:00:00,S,EUR,MT,2003-S2,540,,
ESTAT:EARN_MW_CUR(1.0),31/07/26 11:00:00,S,EUR,MT,2004-S1,541,,
ESTAT:EARN_MW_CUR(1.0),31/07/26 11:00:00,S,EUR,MT,2004-S2,548,,
ESTAT:EARN_MW_CUR(1.0),31/07/26 11:00:00,S,EUR,MT,2005-S1,555,,
ESTAT:EARN_MW_CUR(1.0),31/07/26 11:00:00,S,EUR,MT,2005-S2,562,,
ESTAT:EARN_MW_CUR(1.0),31/07/26 11:00:00,S,EUR,MT,2006-S1,584,,
ESTAT:EARN_MW_CUR(1.0),31/07/26 11:00:00,S,EUR,MT,2006-S2,584,,
ESTAT:EARN_MW_CUR(1.0),31/07/26 11:00:00,S,EUR,MT,2007-S1,602,,
ESTAT:EARN_MW_CUR(1.0),31/07/26 11:00:00,S,EUR,MT,2007-S2,602,,
ESTAT:EARN_MW_CUR(1.0),31/07/26 11:00:00,S,EUR,MT,2008-S1,617,,
ESTAT:EARN_MW_CUR(1.0),31/07/26 11:00:00,S,EUR,MT,2008-S2,617,,
ESTAT:EARN_MW_CUR(1.0),31/07/26 11:00:00,S,EUR,MT,2009-S1,635,,
ESTAT:EARN_MW_CUR(1.0),31/07/26 11:00:00,S,EUR,MT,2009-S2,635,,
ESTAT:EARN_MW_CUR(1.0),31/07/26 11:00:00,S,EUR,MT,2010-S1,660,,
ESTAT:EARN_MW_CUR(1.0),31/07/26 11:00:00,S,EUR,MT,2010-S2,660,,
ESTAT:EARN_MW_CUR(1.0),31/07/26 11:00:00,S,EUR,MT,2011-S1,665,,
ESTAT:EARN_MW_CUR(1.0),31/07/26 11:00:00,S,EUR,MT,2011-S2,665,,
ESTAT:EARN_MW_CUR(1.0),31/07/26 11:00:00,S,EUR,MT,2012-S1,685,,
ESTAT:EARN_MW_CUR(1.0),31/07/26 11:00:00,S,EUR,MT,2012-S2,685,,
ESTAT:EARN_MW_CUR(1.0),31/07/26 11:00:00,S,EUR,MT,2013-S1,703,,
ESTAT:EARN_MW_CUR(1.0),31/07/26 11:00:00,S,EUR,MT,2013-S2,703,,
ESTAT:EARN_MW_CUR(1.0),31/07/26 11:00:00,S,EUR,MT,2014-S1,718,,
ESTAT:EARN_MW_CUR(1.0),31/07/26 11:00:00,S,EUR,MT,2014-S2,718,,
ESTAT:EARN_MW_CUR(1.0),31/07/26 11:00:00,S,EUR,MT,2015-S1,720,,
ESTAT:EARN_MW_CUR(1.0),31/07/26 11:00:00,S,EUR,MT,2015-S2,720,,
ESTAT:EARN_MW_CUR(1.0),31/07/26 11:00:00,S,EUR,MT,2016-S1,728,,
ESTAT:EARN_MW_CUR(1.0),31/07/26 11:00:00,S,EUR,MT,2016-S2,728,,
ESTAT:EARN_MW_CUR(1.0),31/07/26 11:00:00,S,EUR,MT,2017-S1,736,,
ESTAT:EARN_MW_CUR(1.0),31/07/26 11:00:00,S,EUR,MT,2017-S2,736,,
ESTAT:EARN_MW_CUR(1.0),31/07/26 11:00:00,S,EUR,MT,2018-S1,748,,
ESTAT:EARN_MW_CUR(1.0),31/07/26 11:00:00,S,EUR,MT,2018-S2,748,,
ESTAT:EARN_MW_CUR(1.0),31/07/26 11:00:00,S,EUR,MT,2019-S1,762,,
ESTAT:EARN_MW_CUR(1.0),31/07/26 11:00:00,S,EUR,MT,2019-S2,762,,
ESTAT:EARN_MW_CUR(1.0),31/07/26 11:00:00,S,EUR,MT,2020-S1,777,,
ESTAT:EARN_MW_CUR(1.0),31/07/26 11:00:00,S,EUR,MT,2020-S2,777,,
ESTAT:EARN_MW_CUR(1.0),31/07/26 11:00:00,S,EUR,MT,2021-S1,785,,
ESTAT:EARN_MW_CUR(1.0),31/07/26 11:00:00,S,EUR,MT,2021-S2,785,,
ESTAT:EARN_MW_CUR(1.0),31/07/26 11:00:00,S,EUR,MT,2022-S1,792,,
ESTAT:EARN_MW_CUR(1.0),31/07/26 11:00:00,S,EUR,MT,2022-S2,792,,
ESTAT:EARN_MW_CUR(1.0),31/07/26 11:00:00,S,EUR,MT,2023-S1,835,,
ESTAT:EARN_MW_CUR(1.0),31/07/26 11:00:00,S,EUR,MT,2023-S2,835,,
ESTAT:EARN_MW_CUR(1.0),31/07/26 11:00:00,S,EUR,MT,2024-S1,925,,
ESTAT:EARN_MW_CUR(1.0),31/07/26 11:00:00,S,EUR,MT,2024-S2,925,,
ESTAT:EARN_MW_CUR(1.0),31/07/26 11:00:00,S,EUR,MT,2025-S1,961,,
ESTAT:EARN_MW_CUR(1.0),31/07/26 11:00:00,S,EUR,MT,2025-S2,961,,
ESTAT:EARN_MW_CUR(1.0),31/07/26 11:00:00,S,EUR,MT,2026-S1,994,,
ESTAT:EARN_MW_CUR(1.0),31/07/26 11:00:00,S,EUR,MT,2026-S2,994,,
ESTAT:EARN_MW_CUR(1.0),31/07/26 11:00:00,S,EUR,NL,1999-S1,1064,,
ESTAT:EARN_MW_CUR(1.0),31/07/26 11:00:00,S,EUR,NL,1999-S2,1078,,
ESTAT:EARN_MW_CUR(1.0),31/07/26 11:00:00,S,EUR,NL,2000-S1,1092,,
ESTAT:EARN_MW_CUR(1.0),31/07/26 11:00:00,S,EUR,NL,2000-S2,1111,,
ESTAT:EARN_MW_CUR(1.0),31/07/26 11:00:00,S,EUR,NL,2001-S1,1155,,
ESTAT:EARN_MW_CUR(1.0),31/07/26 11:00:00,S,EUR,NL,2001-S2,1180,,
ESTAT:EARN_MW_CUR(1.0),31/07/26 11:00:00,S,EUR,NL,2002-S1,1207,,
ESTAT:EARN_MW_CUR(1.0),31/07/26 11:00:00,S,EUR,NL,2002-S2,1232,,
ESTAT:EARN_MW_CUR(1.0),31/07/26 11:00:00,S,EUR,NL,2003-S1,1249,,
ESTAT:EARN_MW_CUR(1.0),31/07/26 11:00:00,S,EUR,NL,2003-S2,1265,,
ESTAT:EARN_MW_CUR(1.0),31/07/26 11:00:00,S,EUR,NL,2004-S1,1265,,
ESTAT:EARN_MW_CUR(1.0),31/07/26 11:00:00,S,EUR,NL,2004-S2,1265,,
ESTAT:EARN_MW_CUR(1.0),31/07/26 11:00:00,S,EUR,NL,2005-S1,1265,,
ESTAT:EARN_MW_CUR(1.0),31/07/26 11:00:00,S,EUR,NL,2005-S2,1265,,
ESTAT:EARN_MW_CUR(1.0),31/07/26 11:00:00,S,EUR,NL,2006-S1,1273,,
ESTAT:EARN_MW_CUR(1.0),31/07/26 11:00:00,S,EUR,NL,2006-S2,1285,,
ESTAT:EARN_MW_CUR(1.0),31/07/26 11:00:00,S,EUR,NL,2007-S1,1301,,
ESTAT:EARN_MW_CUR(1.0),31/07/26 11:00:00,S,EUR,NL,2007-S2,1317,,
ESTAT:EARN_MW_CUR(1.0),31/07/26 11:00:00,S,EUR,NL,2008-S1,1335,,
ESTAT:EARN_MW_CUR(1.0),31/07/26 11:00:00,S,EUR,NL,2008-S2,1357,,
ESTAT:EARN_MW_CUR(1.0),31/07/26 11:00:00,S,EUR,NL,2009-S1,1381,,
ESTAT:EARN_MW_CUR(1.0),31/07/26 11:00:00,S,EUR,NL,2009-S2,1399,,
ESTAT:EARN_MW_CUR(1.0),31/07/26 11:00:00,S,EUR,NL,2010-S1,1408,,
ESTAT:EARN_MW_CUR(1.0),31/07/26 11:00:00,S,EUR,NL,2010-S2,1416,,
ESTAT:EARN_MW_CUR(1.0),31/07/26 11:00:00,S,EUR,NL,2011-S1,1424,,
ESTAT:EARN_MW_CUR(1.0),31/07/26 11:00:00,S,EUR,NL,2011-S2,1435,,
ESTAT:EARN_MW_CUR(1.0),31/07/26 11:00:00,S,EUR,NL,2012-S1,1447,,
ESTAT:EARN_MW_CUR(1.0),31/07/26 11:00:00,S,EUR,NL,2012-S2,1456,,
ESTAT:EARN_MW_CUR(1.0),31/07/26 11:00:00,S,EUR,NL,2013-S1,1469,,
ESTAT:EARN_MW_CUR(1.0),31/07/26 11:00:00,S,EUR,NL,2013-S2,1478,,
ESTAT:EARN_MW_CUR(1.0),31/07/26 11:00:00,S,EUR,NL,2014-S1,1486,,
ESTAT:EARN_MW_CUR(1.0),31/07/26 11:00:00,S,EUR,NL,2014-S2,1495,,
ESTAT:EARN_MW_CUR(1.0),31/07/26 11:00:00,S,EUR,NL,2015-S1,1502,,
ESTAT:EARN_MW_CUR(1.0),31/07/26 11:00:00,S,EUR,NL,2015-S2,1508,,
ESTAT:EARN_MW_CUR(1.0),31/07/26 11:00:00,S,EUR,NL,2016-S1,1525,,
ESTAT:EARN_MW_CUR(1.0),31/07/26 11:00:00,S,EUR,NL,2016-S2,1537,,
ESTAT:EARN_MW_CUR(1.0),31/07/26 11:00:00,S,EUR,NL,2017-S1,1552,,
ESTAT:EARN_MW_CUR(1.0),31/07/26 11:00:00,S,EUR,NL,2017-S2,1565,,
ESTAT:EARN_MW_CUR(1.0),31/07/26 11:00:00,S,EUR,NL,2018-S1,1578,,
ESTAT:EARN_MW_CUR(1.0),31/07/26 11:00:00,S,EUR,NL,2018-S2,1594,,
ESTAT:EARN_MW_CUR(1.0),31/07/26 11:00:00,S,EUR,NL,2019-S1,1616,,
ESTAT:EARN_MW_CUR(1.0),31/07/26 11:00:00,S,EUR,NL,2019-S2,1636,,
ESTAT:EARN_MW_CUR(1.0),31/07/26 11:00:00,S,EUR,NL,2020-S1,1654,,
ESTAT:EARN_MW_CUR(1.0),31/07/26 11:00:00,S,EUR,NL,2020-S2,1680,,
ESTAT:EARN_MW_CUR(1.0),31/07/26 11:00:00,S,EUR,NL,2021-S1,1685,,
ESTAT:EARN_MW_CUR(1.0),31/07/26 11:00:00,S,EUR,NL,2021-S2,1701,,
ESTAT:EARN_MW_CUR(1.0),31/07/26 11:00:00,S,EUR,NL,2022-S1,1725,,
ESTAT:EARN_MW_CUR(1.0),31/07/26 11:00:00,S,EUR,NL,2022-S2,1756,,
ESTAT:EARN_MW_CUR(1.0),31/07/26 11:00:00,S,EUR,NL,2023-S1,1934,,
ESTAT:EARN_MW_CUR(1.0),31/07/26 11:00:00,S,EUR,NL,2023-S2,1995,,
ESTAT:EARN_MW_CUR(1.0),31/07/26 11:00:00,S,EUR,NL,2024-S1,2070,,
ESTAT:EARN_MW_CUR(1.0),31/07/26 11:00:00,S,EUR,NL,2024-S2,2134,,
ESTAT:EARN_MW_CUR(1.0),31/07/26 11:00:00,S,EUR,NL,2025-S1,2193,,
ESTAT:EARN_MW_CUR(1.0),31/07/26 11:00:00,S,EUR,NL,2025-S2,2246,,
ESTAT:EARN_MW_CUR(1.0),31/07/26 11:00:00,S,EUR,NL,2026-S1,2295,,
ESTAT:EARN_MW_CUR(1.0),31/07/26 11:00:00,S,EUR,NL,2026-S2,2338,,
ESTAT:EARN_MW_CUR(1.0),31/07/26 11:00:00,S,EUR,NO,1999-S1,,m,
ESTAT:EARN_MW_CUR(1.0),31/07/26 11:00:00,S,EUR,NO,1999-S2,,m,
ESTAT:EARN_MW_CUR(1.0),31/07/26 11:00:00,S,EUR,NO,2000-S1,,m,
ESTAT:EARN_MW_CUR(1.0),31/07/26 11:00:00,S,EUR,NO,2000-S2,,m,
ESTAT:EARN_MW_CUR(1.0),31/07/26 11:00:00,S,EUR,NO,2001-S1,,m,
ESTAT:EARN_MW_CUR(1.0),31/07/26 11:00:00,S,EUR,NO,2001-S2,,m,
ESTAT:EARN_MW_CUR(1.0),31/07/26 11:00:00,S,EUR,NO,2002-S1,,m,
ESTAT:EARN_MW_CUR(1.0),31/07/26 11:00:00,S,EUR,NO,2002-S2,,m,
ESTAT:EARN_MW_CUR(1.0),31/07/26 11:00:00,S,EUR,NO,2003-S1,,m,
ESTAT:EARN_MW_CUR(1.0),31/07/26 11:00:00,S,EUR,NO,2003-S2,,m,
ESTAT:EARN_MW_CUR(1.0),31/07/26 11:00:00,S,EUR,NO,2004-S1,,m,
ESTAT:EARN_MW_CUR(1.0),31/07/26 11:00:00,S,EUR,NO,2004-S2,,m,
ESTAT:EARN_MW_CUR(1.0),31/07/26 11:00:00,S,EUR,NO,2005-S1,,m,
ESTAT:EARN_MW_CUR(1.0),31/07/26 11:00:00,S,EUR,NO,2005-S2,,m,
ESTAT:EARN_MW_CUR(1.0),31/07/26 11:00:00,S,EUR,NO,2006-S1,,m,
ESTAT:EARN_MW_CUR(1.0),31/07/26 11:00:00,S,EUR,NO,2006-S2,,m,
ESTAT:EARN_MW_CUR(1.0),31/07/26 11:00:00,S,EUR,NO,2007-S1,,m,
ESTAT:EARN_MW_CUR(1.0),31/07/26 11:00:00,S,EUR,NO,2007-S2,,m,
ESTAT:EARN_MW_CUR(1.0),31/07/26 11:00:00,S,EUR,NO,2008-S1,,m,
ESTAT:EARN_MW_CUR(1.0),31/07/26 11:00:00,S,EUR,NO,2008-S2,,m,
ESTAT:EARN_MW_CUR(1.0),31/07/26 11:00:00,S,EUR,NO,2009-S1,,m,
ESTAT:EARN_MW_CUR(1.0),31/07/26 11:00:00,S,EUR,NO,2009-S2,,m,
ESTAT:EARN_MW_CUR(1.0),31/07/26 11:00:00,S,EUR,NO,2010-S1,,m,
ESTAT:EARN_MW_CUR(1.0),31/07/26 11:00:00,S,EUR,NO,2010-S2,,m,
ESTAT:EARN_MW_CUR(1.0),31/07/26 11:00:00,S,EUR,NO,2011-S1,,m,
ESTAT:EARN_MW_CUR(1.0),31/07/26 11:00:00,S,EUR,NO,2011-S2,,m,
ESTAT:EARN_MW_CUR(1.0),31/07/26 11:00:00,S,EUR,NO,2012-S1,,m,
ESTAT:EARN_MW_CUR(1.0),31/07/26 11:00:00,S,EUR,NO,2012-S2,,m,
ESTAT:EARN_MW_CUR(1.0),31/07/26 11:00:00,S,EUR,NO,2013-S1,,m,
ESTAT:EARN_MW_CUR(1.0),31/07/26 11:00:00,S,EUR,NO,2013-S2,,m,
ESTAT:EARN_MW_CUR(1.0),31/07/26 11:00:00,S,EUR,NO,2014-S1,,m,
ESTAT:EARN_MW_CUR(1.0),31/07/26 11:00:00,S,EUR,NO,2014-S2,,m,
ESTAT:EARN_MW_CUR(1.0),31/07/26 11:00:00,S,EUR,NO,2015-S1,,m,
ESTAT:EARN_MW_CUR(1.0),31/07/26 11:00:00,S,EUR,NO,2015-S2,,m,
ESTAT:EARN_MW_CUR(1.0),31/07/26 11:00:00,S,EUR,NO,2016-S1,,m,
ESTAT:EARN_MW_CUR(1.0),31/07/26 11:00:00,S,EUR,NO,2016-S2,,m,
ESTAT:EARN_MW_CUR(1.0),31/07/26 11:00:00,S,EUR,NO,2017-S1,,m,
ESTAT:EARN_MW_CUR(1.0),31/07/26 11:00:00,S,EUR,NO,2017-S2,,m,
ESTAT:EARN_MW_CUR(1.0),31/07/26 11:00:00,S,EUR,NO,2018-S1,,m,
ESTAT:EARN_MW_CUR(1.0),31/07/26 11:00:00,S,EUR,NO,2018-S2,,m,
ESTAT:EARN_MW_CUR(1.0),31/07/26 11:00:00,S,EUR,NO,2019-S1,,m,
ESTAT:EARN_MW_CUR(1.0),31/07/26 11:00:00,S,EUR,NO,2019-S2,,m,
ESTAT:EARN_MW_CUR(1.0),31/07/26 11:00:00,S,EUR,NO,2020-S1,,m,
ESTAT:EARN_MW_CUR(1.0),31/07/26 11:00:00,S,EUR,NO,2020-S2,,m,
ESTAT:EARN_MW_CUR(1.0),31/07/26 11:00:00,S,EUR,NO,2021-S1,,m,
ESTAT:EARN_MW_CUR(1.0),31/07/26 11:00:00,S,EUR,NO,2021-S2,,m,
ESTAT:EARN_MW_CUR(1.0),31/07/26 11:00:00,S,EUR,NO,2022-S1,,m,
ESTAT:EARN_MW_CUR(1.0),31/07/26 11:00:00,S,EUR,NO,2022-S2,,m,
ESTAT:EARN_MW_CUR(1.0),31/07/26 11:00:00,S,EUR,NO,2023-S1,,m,
ESTAT:EARN_MW_CUR(1.0),31/07/26 11:00:00,S,EUR,NO,2023-S2,,m,
ESTAT:EARN_MW_CUR(1.0),31/07/26 11:00:00,S,EUR,NO,2024-S1,,m,
ESTAT:EARN_MW_CUR(1.0),31/07/26 11:00:00,S,EUR,NO,2024-S2,,m,
ESTAT:EARN_MW_CUR(1.0),31/07/26 11:00:00,S,EUR,NO,2025-S1,,m,
ESTAT:EARN_MW_CUR(1.0),31/07/26 11:00:00,S,EUR,NO,2025-S2,,m,
ESTAT:EARN_MW_CUR(1.0),31/07/26 11:00:00,S,EUR,NO,2026-S1,,m,
ESTAT:EARN_MW_CUR(1.0),31/07/26 11:00:00,S,EUR,NO,2026-S2,,m,
ESTAT:EARN_MW_CUR(1.0),31/07/26 11:00:00,S,EUR,PL,1999-S1,159,,
ESTAT:EARN_MW_CUR(1.0),31/07/26 11:00:00,S,EUR,PL,1999-S2,160,,
ESTAT:EARN_MW_CUR(1.0),31/07/26 11:00:00,S,EUR,PL,2000-S1,161,,
ESTAT:EARN_MW_CUR(1.0),31/07/26 11:00:00,S,EUR,PL,2000-S2,167,,
ESTAT:EARN_MW_CUR(1.0),31/07/26 11:00:00,S,EUR,PL,2001-S1,197,,
ESTAT:EARN_MW_CUR(1.0),31/07/26 11:00:00,S,EUR,PL,2001-S2,226,,
ESTAT:EARN_MW_CUR(1.0),31/07/26 11:00:00,S,EUR,PL,2002-S1,217,,
ESTAT:EARN_MW_CUR(1.0),31/07/26 11:00:00,S,EUR,PL,2002-S2,187,,
ESTAT:EARN_MW_CUR(1.0),31/07/26 11:00:00,S,EUR,PL,2003-S1,199,,
ESTAT:EARN_MW_CUR(1.0),31/07/26 11:00:00,S,EUR,PL,2003-S2,179,,
ESTAT:EARN_MW_CUR(1.0),31/07/26 11:00:00,S,EUR,PL,2004-S1,175,,
ESTAT:EARN_MW_CUR(1.0),31/07/26 11:00:00,S,EUR,PL,2004-S2,182,,
ESTAT:EARN_MW_CUR(1.0),31/07/26 11:00:00,S,EUR,PL,2005-S1,208,,
ESTAT:EARN_MW_CUR(1.0),31/07/26 11:00:00,S,EUR,PL,2005-S2,210,,
ESTAT:EARN_MW_CUR(1.0),31/07/26 11:00:00,S,EUR,PL,2006-S1,233,,
ESTAT:EARN_MW_CUR(1.0),31/07/26 11:00:00,S,EUR,PL,2006-S2,222,,
ESTAT:EARN_MW_CUR(1.0),31/07/26 11:00:00,S,EUR,PL,2007-S1,244,,
ESTAT:EARN_MW_CUR(1.0),31/07/26 11:00:00,S,EUR,PL,2007-S2,248,,
ESTAT:EARN_MW_CUR(1.0),31/07/26 11:00:00,S,EUR,PL,2008-S1,313,,
ESTAT:EARN_MW_CUR(1.0),31/07/26 11:00:00,S,EUR,PL,2008-S2,336,,
ESTAT:EARN_MW_CUR(1.0),31/07/26 11:00:00,S,EUR,PL,2009-S1,307,,
ESTAT:EARN_MW_CUR(1.0),31/07/26 11:00:00,S,EUR,PL,2009-S2,287,,
ESTAT:EARN_MW_CUR(1.0),31/07/26 11:00:00,S,EUR,PL,2010-S1,321,,
ESTAT:EARN_MW_CUR(1.0),31/07/26 11:00:00,S,EUR,PL,2010-S2,318,,
ESTAT:EARN_MW_CUR(1.0),31/07/26 11:00:00,S,EUR,PL,2011-S1,349,,
ESTAT:EARN_MW_CUR(1.0),31/07/26 11:00:00,S,EUR,PL,2011-S2,347,,
ESTAT:EARN_MW_CUR(1.0),31/07/26 11:00:00,S,EUR,PL,2012-S1,336,,
ESTAT:EARN_MW_CUR(1.0),31/07/26 11:00:00,S,EUR,PL,2012-S2,353,,
ESTAT:EARN_MW_CUR(1.0),31/07/26 11:00:00,S,EUR,PL,2013-S1,393,,
ESTAT:EARN_MW_CUR(1.0),31/07/26 11:00:00,S,EUR,PL,2013-S2,369,,
ESTAT:EARN_MW_CUR(1.0),31/07/26 11:00:00,S,EUR,PL,2014-S1,404,,
ESTAT:EARN_MW_CUR(1.0),31/07/26 11:00:00,S,EUR,PL,2014-S2,404,,
ESTAT:EARN_MW_CUR(1.0),31/07/26 11:00:00,S,EUR,PL,2015-S1,410,,
ESTAT:EARN_MW_CUR(1.0),31/07/26 11:00:00,S,EUR,PL,2015-S2,418,,
ESTAT:EARN_MW_CUR(1.0),31/07/26 11:00:00,S,EUR,PL,2016-S1,434,,
ESTAT:EARN_MW_CUR(1.0),31/07/26 11:00:00,S,EUR,PL,2016-S2,417,,
ESTAT:EARN_MW_CUR(1.0),31/07/26 11:00:00,S,EUR,PL,2017-S1,453,,
ESTAT:EARN_MW_CUR(1.0),31/07/26 11:00:00,S,EUR,PL,2017-S2,473,,
ESTAT:EARN_MW_CUR(1.0),31/07/26 11:00:00,S,EUR,PL,2018-S1,503,,
ESTAT:EARN_MW_CUR(1.0),31/07/26 11:00:00,S,EUR,PL,2018-S2,480,,
ESTAT:EARN_MW_CUR(1.0),31/07/26 11:00:00,S,EUR,PL,2019-S1,523,,
ESTAT:EARN_MW_CUR(1.0),31/07/26 11:00:00,S,EUR,PL,2019-S2,529,,
ESTAT:EARN_MW_CUR(1.0),31/07/26 11:00:00,S,EUR,PL,2020-S1,611,,
ESTAT:EARN_MW_CUR(1.0),31/07/26 11:00:00,S,EUR,PL,2020-S2,583,,
ESTAT:EARN_MW_CUR(1.0),31/07/26 11:00:00,S,EUR,PL,2021-S1,614,,
ESTAT:EARN_MW_CUR(1.0),31/07/26 11:00:00,S,EUR,PL,2021-S2,619,,
ESTAT:EARN_MW_CUR(1.0),31/07/26 11:00:00,S,EUR,PL,2022-S1,655,,
ESTAT:EARN_MW_CUR(1.0),31/07/26 11:00:00,S,EUR,PL,2022-S2,642,,
ESTAT:EARN_MW_CUR(1.0),31/07/26 11:00:00,S,EUR,PL,2023-S1,746,,
ESTAT:EARN_MW_CUR(1.0),31/07/26 11:00:00,S,EUR,PL,2023-S2,811,,
ESTAT:EARN_MW_CUR(1.0),31/07/26 11:00:00,S,EUR,PL,2024-S1,978,,
ESTAT:EARN_MW_CUR(1.0),31/07/26 11:00:00,S,EUR,PL,2024-S2,998,,
ESTAT:EARN_MW_CUR(1.0),31/07/26 11:00:00,S,EUR,PL,2025-S1,1091,,
ESTAT:EARN_MW_CUR(1.0),31/07/26 11:00:00,S,EUR,PL,2025-S2,1100,,
ESTAT:EARN_MW_CUR(1.0),31/07/26 11:00:00,S,EUR,PL,2026-S1,1139,,
ESTAT:EARN_MW_CUR(1.0),31/07/26 11:00:00,S,EUR,PL,2026-S2,1119,,
ESTAT:EARN_MW_CUR(1.0),31/07/26 11:00:00,S,EUR,PT,1999-S1,357,,
ESTAT:EARN_MW_CUR(1.0),31/07/26 11:00:00,S,EUR,PT,1999-S2,357,,
ESTAT:EARN_MW_CUR(1.0),31/07/26 11:00:00,S,EUR,PT,2000-S1,371,,
ESTAT:EARN_MW_CUR(1.0),31/07/26 11:00:00,S,EUR,PT,2000-S2,371,,
ESTAT:EARN_MW_CUR(1.0),31/07/26 11:00:00,S,EUR,PT,2001-S1,390,,
ESTAT:EARN_MW_CUR(1.0),31/07/26 11:00:00,S,EUR,PT,2001-S2,390,,
ESTAT:EARN_MW_CUR(1.0),31/07/26 11:00:00,S,EUR,PT,2002-S1,406,,
ESTAT:EARN_MW_CUR(1.0),31/07/26 11:00:00,S,EUR,PT,2002-S2,406,,
ESTAT:EARN_MW_CUR(1.0),31/07/26 11:00:00,S,EUR,PT,2003-S1,416,,
ESTAT:EARN_MW_CUR(1.0),31/07/26 11:00:00,S,EUR,PT,2003-S2,416,,
ESTAT:EARN_MW_CUR(1.0),31/07/26 11:00:00,S,EUR,PT,2004-S1,426,,
ESTAT:EARN_MW_CUR(1.0),31/07/26 11:00:00,S,EUR,PT,2004-S2,426,,
ESTAT:EARN_MW_CUR(1.0),31/07/26 11:00:00,S,EUR,PT,2005-S1,437,,
ESTAT:EARN_MW_CUR(1.0),31/07/26 11:00:00,S,EUR,PT,2005-S2,437,,
ESTAT:EARN_MW_CUR(1.0),31/07/26 11:00:00,S,EUR,PT,2006-S1,450,,
ESTAT:EARN_MW_CUR(1.0),31/07/26 11:00:00,S,EUR,PT,2006-S2,450,,
ESTAT:EARN_MW_CUR(1.0),31/07/26 11:00:00,S,EUR,PT,2007-S1,470,,
ESTAT:EARN_MW_CUR(1.0),31/07/26 11:00:00,S,EUR,PT,2007-S2,470,,
ESTAT:EARN_MW_CUR(1.0),31/07/26 11:00:00,S,EUR,PT,2008-S1,497,,
ESTAT:EARN_MW_CUR(1.0),31/07/26 11:00:00,S,EUR,PT,2008-S2,497,,
ESTAT:EARN_MW_CUR(1.0),31/07/26 11:00:00,S,EUR,PT,2009-S1,525,,
ESTAT:EARN_MW_CUR(1.0),31/07/26 11:00:00,S,EUR,PT,2009-S2,525,,
ESTAT:EARN_MW_CUR(1.0),31/07/26 11:00:00,S,EUR,PT,2010-S1,554,,
ESTAT:EARN_MW_CUR(1.0),31/07/26 11:00:00,S,EUR,PT,2010-S2,554,,
ESTAT:EARN_MW_CUR(1.0),31/07/26 11:00:00,S,EUR,PT,2011-S1,566,,
ESTAT:EARN_MW_CUR(1.0),31/07/26 11:00:00,S,EUR,PT,2011-S2,566,,
ESTAT:EARN_MW_CUR(1.0),31/07/26 11:00:00,S,EUR,PT,2012-S1,566,,
ESTAT:EARN_MW_CUR(1.0),31/07/26 11:00:00,S,EUR,PT,2012-S2,566,,
ESTAT:EARN_MW_CUR(1.0),31/07/26 11:00:00,S,EUR,PT,2013-S1,566,,
ESTAT:EARN_MW_CUR(1.0),31/07/26 11:00:00,S,EUR,PT,2013-S2,566,,
ESTAT:EARN_MW_CUR(1.0),31/07/26 11:00:00,S,EUR,PT,2014-S1,566,,
ESTAT:EARN_MW_CUR(1.0),31/07/26 11:00:00,S,EUR,PT,2014-S2,566,,
ESTAT:EARN_MW_CUR(1.0),31/07/26 11:00:00,S,EUR,PT,2015-S1,589,,
ESTAT:EARN_MW_CUR(1.0),31/07/26 11:00:00,S,EUR,PT,2015-S2,589,,
ESTAT:EARN_MW_CUR(1.0),31/07/26 11:00:00,S,EUR,PT,2016-S1,618,,
ESTAT:EARN_MW_CUR(1.0),31/07/26 11:00:00,S,EUR,PT,2016-S2,618,,
ESTAT:EARN_MW_CUR(1.0),31/07/26 11:00:00,S,EUR,PT,2017-S1,650,,
ESTAT:EARN_MW_CUR(1.0),31/07/26 11:00:00,S,EUR,PT,2017-S2,650,,
ESTAT:EARN_MW_CUR(1.0),31/07/26 11:00:00,S,EUR,PT,2018-S1,677,,
ESTAT:EARN_MW_CUR(1.0),31/07/26 11:00:00,S,EUR,PT,2018-S2,677,,
ESTAT:EARN_MW_CUR(1.0),31/07/26 11:00:00,S,EUR,PT,2019-S1,700,,
ESTAT:EARN_MW_CUR(1.0),31/07/26 11:00:00,S,EUR,PT,2019-S2,700,,
ESTAT:EARN_MW_CUR(1.0),31/07/26 11:00:00,S,EUR,PT,2020-S1,741,,
ESTAT:EARN_MW_CUR(1.0),31/07/26 11:00:00,S,EUR,PT,2020-S2,741,,
ESTAT:EARN_MW_CUR(1.0),31/07/26 11:00:00,S,EUR,PT,2021-S1,776,,
ESTAT:EARN_MW_CUR(1.0),31/07/26 11:00:00,S,EUR,PT,2021-S2,776,,
ESTAT:EARN_MW_CUR(1.0),31/07/26 11:00:00,S,EUR,PT,2022-S1,823,,
ESTAT:EARN_MW_CUR(1.0),31/07/26 11:00:00,S,EUR,PT,2022-S2,823,,
ESTAT:EARN_MW_CUR(1.0),31/07/26 11:00:00,S,EUR,PT,2023-S1,887,,
ESTAT:EARN_MW_CUR(1.0),31/07/26 11:00:00,S,EUR,PT,2023-S2,887,,
ESTAT:EARN_MW_CUR(1.0),31/07/26 11:00:00,S,EUR,PT,2024-S1,957,,
ESTAT:EARN_MW_CUR(1.0),31/07/26 11:00:00,S,EUR,PT,2024-S2,957,,
ESTAT:EARN_MW_CUR(1.0),31/07/26 11:00:00,S,EUR,PT,2025-S1,1015,,
ESTAT:EARN_MW_CUR(1.0),31/07/26 11:00:00,S,EUR,PT,2025-S2,1015,,
ESTAT:EARN_MW_CUR(1.0),31/07/26 11:00:00,S,EUR,PT,2026-S1,1073,,
ESTAT:EARN_MW_CUR(1.0),31/07/26 11:00:00,S,EUR,PT,2026-S2,1073,,
ESTAT:EARN_MW_CUR(1.0),31/07/26 11:00:00,S,EUR,RO,1999-S1,27,,
ESTAT:EARN_MW_CUR(1.0),31/07/26 11:00:00,S,EUR,RO,1999-S2,27,,
ESTAT:EARN_MW_CUR(1.0),31/07/26 11:00:00,S,EUR,RO,2000-S1,25,,
ESTAT:EARN_MW_CUR(1.0),31/07/26 11:00:00,S,EUR,RO,2000-S2,34,,
ESTAT:EARN_MW_CUR(1.0),31/07/26 11:00:00,S,EUR,RO,2001-S1,41,,
ESTAT:EARN_MW_CUR(1.0),31/07/26 11:00:00,S,EUR,RO,2001-S2,57,,
ESTAT:EARN_MW_CUR(1.0),31/07/26 11:00:00,S,EUR,RO,2002-S1,50,,
ESTAT:EARN_MW_CUR(1.0),31/07/26 11:00:00,S,EUR,RO,2002-S2,52,,
ESTAT:EARN_MW_CUR(1.0),31/07/26 11:00:00,S,EUR,RO,2003-S1,71,,
ESTAT:EARN_MW_CUR(1.0),31/07/26 11:00:00,S,EUR,RO,2003-S2,66,,
ESTAT:EARN_MW_CUR(1.0),31/07/26 11:00:00,S,EUR,RO,2004-S1,68,,
ESTAT:EARN_MW_CUR(1.0),31/07/26 11:00:00,S,EUR,RO,2004-S2,69,,
ESTAT:EARN_MW_CUR(1.0),31/07/26 11:00:00,S,EUR,RO,2005-S1,79,,
ESTAT:EARN_MW_CUR(1.0),31/07/26 11:00:00,S,EUR,RO,2005-S2,86,,
ESTAT:EARN_MW_CUR(1.0),31/07/26 11:00:00,S,EUR,RO,2006-S1,90,,
ESTAT:EARN_MW_CUR(1.0),31/07/26 11:00:00,S,EUR,RO,2006-S2,92,,
ESTAT:EARN_MW_CUR(1.0),31/07/26 11:00:00,S,EUR,RO,2007-S1,115,,
ESTAT:EARN_MW_CUR(1.0),31/07/26 11:00:00,S,EUR,RO,2007-S2,124,,
ESTAT:EARN_MW_CUR(1.0),31/07/26 11:00:00,S,EUR,RO,2008-S1,139,,
ESTAT:EARN_MW_CUR(1.0),31/07/26 11:00:00,S,EUR,RO,2008-S2,137,,
ESTAT:EARN_MW_CUR(1.0),31/07/26 11:00:00,S,EUR,RO,2009-S1,149,,
ESTAT:EARN_MW_CUR(1.0),31/07/26 11:00:00,S,EUR,RO,2009-S2,143,,
ESTAT:EARN_MW_CUR(1.0),31/07/26 11:00:00,S,EUR,RO,2010-S1,142,,
ESTAT:EARN_MW_CUR(1.0),31/07/26 11:00:00,S,EUR,RO,2010-S2,137,,
ESTAT:EARN_MW_CUR(1.0),31/07/26 11:00:00,S,EUR,RO,2011-S1,157,,
ESTAT:EARN_MW_CUR(1.0),31/07/26 11:00:00,S,EUR,RO,2011-S2,158,,
ESTAT:EARN_MW_CUR(1.0),31/07/26 11:00:00,S,EUR,RO,2012-S1,162,,
ESTAT:EARN_MW_CUR(1.0),31/07/26 11:00:00,S,EUR,RO,2012-S2,157,,
ESTAT:EARN_MW_CUR(1.0),31/07/26 11:00:00,S,EUR,RO,2013-S1,158,,
ESTAT:EARN_MW_CUR(1.0),31/07/26 11:00:00,S,EUR,RO,2013-S2,179,,
ESTAT:EARN_MW_CUR(1.0),31/07/26 11:00:00,S,EUR,RO,2014-S1,190,,
ESTAT:EARN_MW_CUR(1.0),31/07/26 11:00:00,S,EUR,RO,2014-S2,205,,
ESTAT:EARN_MW_CUR(1.0),31/07/26 11:00:00,S,EUR,RO,2015-S1,218,,
ESTAT:EARN_MW_CUR(1.0),31/07/26 11:00:00,S,EUR,RO,2015-S2,235,,
ESTAT:EARN_MW_CUR(1.0),31/07/26 11:00:00,S,EUR,RO,2016-S1,232,,
ESTAT:EARN_MW_CUR(1.0),31/07/26 11:00:00,S,EUR,RO,2016-S2,276,,
ESTAT:EARN_MW_CUR(1.0),31/07/26 11:00:00,S,EUR,RO,2017-S1,275,,
ESTAT:EARN_MW_CUR(1.0),31/07/26 11:00:00,S,EUR,RO,2017-S2,319,,
ESTAT:EARN_MW_CUR(1.0),31/07/26 11:00:00,S,EUR,RO,2018-S1,408,,
ESTAT:EARN_MW_CUR(1.0),31/07/26 11:00:00,S,EUR,RO,2018-S2,407,,
ESTAT:EARN_MW_CUR(1.0),31/07/26 11:00:00,S,EUR,RO,2019-S1,446,,
ESTAT:EARN_MW_CUR(1.0),31/07/26 11:00:00,S,EUR,RO,2019-S2,439,,
ESTAT:EARN_MW_CUR(1.0),31/07/26 11:00:00,S,EUR,RO,2020-S1,466,,
ESTAT:EARN_MW_CUR(1.0),31/07/26 11:00:00,S,EUR,RO,2020-S2,461,,
ESTAT:EARN_MW_CUR(1.0),31/07/26 11:00:00,S,EUR,RO,2021-S1,458,,
ESTAT:EARN_MW_CUR(1.0),31/07/26 11:00:00,S,EUR,RO,2021-S2,467,,
ESTAT:EARN_MW_CUR(1.0),31/07/26 11:00:00,S,EUR,RO,2022-S1,515,,
ESTAT:EARN_MW_CUR(1.0),31/07/26 11:00:00,S,EUR,RO,2022-S2,516,,
ESTAT:EARN_MW_CUR(1.0),31/07/26 11:00:00,S,EUR,RO,2023-S1,606,,
ESTAT:EARN_MW_CUR(1.0),31/07/26 11:00:00,S,EUR,RO,2023-S2,604,,
ESTAT:EARN_MW_CUR(1.0),31/07/26 11:00:00,S,EUR,RO,2024-S1,663,,
ESTAT:EARN_MW_CUR(1.0),31/07/26 11:00:00,S,EUR,RO,2024-S2,743,,
ESTAT:EARN_MW_CUR(1.0),31/07/26 11:00:00,S,EUR,RO,2025-S1,814,,
ESTAT:EARN_MW_CUR(1.0),31/07/26 11:00:00,S,EUR,RO,2025-S2,797,,
ESTAT:EARN_MW_CUR(1.0),31/07/26 11:00:00,S,EUR,RO,2026-S1,795,,
ESTAT:EARN_MW_CUR(1.0),31/07/26 11:00:00,S,EUR,RO,2026-S2,825,,
ESTAT:EARN_MW_CUR(1.0),31/07/26 11:00:00,S,EUR,RS,1999-S1,33,,
ESTAT:EARN_MW_CUR(1.0),31/07/26 11:00:00,S,EUR,RS,1999-S2,33,,
ESTAT:EARN_MW_CUR(1.0),31/07/26 11:00:00,S,EUR,RS,2000-S1,33,,
ESTAT:EARN_MW_CUR(1.0),31/07/26 11:00:00,S,EUR,RS,2000-S2,40,,
ESTAT:EARN_MW_CUR(1.0),31/07/26 11:00:00,S,EUR,RS,2001-S1,7,,
ESTAT:EARN_MW_CUR(1.0),31/07/26 11:00:00,S,EUR,RS,2001-S2,49,,
ESTAT:EARN_MW_CUR(1.0),31/07/26 11:00:00,S,EUR,RS,2002-S1,77,,
ESTAT:EARN_MW_CUR(1.0),31/07/26 11:00:00,S,EUR,RS,2002-S2,93,,
ESTAT:EARN_MW_CUR(1.0),31/07/26 11:00:00,S,EUR,RS,2003-S1,101,,
ESTAT:EARN_MW_CUR(1.0),31/07/26 11:00:00,S,EUR,RS,2003-S2,105,,
ESTAT:EARN_MW_CUR(1.0),31/07/26 11:00:00,S,EUR,RS,2004-S1,116,,
ESTAT:EARN_MW_CUR(1.0),31/07/26 11:00:00,S,EUR,RS,2004-S2,124,,
ESTAT:EARN_MW_CUR(1.0),31/07/26 11:00:00,S,EUR,RS,2005-S1,125,,
ESTAT:EARN_MW_CUR(1.0),31/07/26 11:00:00,S,EUR,RS,2005-S2,127,,
ESTAT:EARN_MW_CUR(1.0),31/07/26 11:00:00,S,EUR,RS,2006-S1,138,,
ESTAT:EARN_MW_CUR(1.0),31/07/26 11:00:00,S,EUR,RS,2006-S2,146,,
ESTAT:EARN_MW_CUR(1.0),31/07/26 11:00:00,S,EUR,RS,2007-S1,162,,
ESTAT:EARN_MW_CUR(1.0),31/07/26 11:00:00,S,EUR,RS,2007-S2,189,,
ESTAT:EARN_MW_CUR(1.0),31/07/26 11:00:00,S,EUR,RS,2008-S1,208,,
ESTAT:EARN_MW_CUR(1.0),31/07/26 11:00:00,S,EUR,RS,2008-S2,233,,
ESTAT:EARN_MW_CUR(1.0),31/07/26 11:00:00,S,EUR,RS,2009-S1,233,,
ESTAT:EARN_MW_CUR(1.0),31/07/26 11:00:00,S,EUR,RS,2009-S2,220,,
ESTAT:EARN_MW_CUR(1.0),31/07/26 11:00:00,S,EUR,RS,2010-S1,222,,
ESTAT:EARN_MW_CUR(1.0),31/07/26 11:00:00,S,EUR,RS,2010-S2,203,,
ESTAT:EARN_MW_CUR(1.0),31/07/26 11:00:00,S,EUR,RS,2011-S1,213,,
ESTAT:EARN_MW_CUR(1.0),31/07/26 11:00:00,S,EUR,RS,2011-S2,235,,
ESTAT:EARN_MW_CUR(1.0),31/07/26 11:00:00,S,EUR,RS,2012-S1,230,,
ESTAT:EARN_MW_CUR(1.0),31/07/26 11:00:00,S,EUR,RS,2012-S2,235,,
ESTAT:EARN_MW_CUR(1.0),31/07/26 11:00:00,S,EUR,RS,2013-S1,239,,
ESTAT:EARN_MW_CUR(1.0),31/07/26 11:00:00,S,EUR,RS,2013-S2,236,,
ESTAT:EARN_MW_CUR(1.0),31/07/26 11:00:00,S,EUR,RS,2014-S1,235,,
ESTAT:EARN_MW_CUR(1.0),31/07/26 11:00:00,S,EUR,RS,2014-S2,233,,
ESTAT:EARN_MW_CUR(1.0),31/07/26 11:00:00,S,EUR,RS,2015-S1,235,,
ESTAT:EARN_MW_CUR(1.0),31/07/26 11:00:00,S,EUR,RS,2015-S2,236,,
ESTAT:EARN_MW_CUR(1.0),31/07/26 11:00:00,S,EUR,RS,2016-S1,234,,
ESTAT:EARN_MW_CUR(1.0),31/07/26 11:00:00,S,EUR,RS,2016-S2,230,,
ESTAT:EARN_MW_CUR(1.0),31/07/26 11:00:00,S,EUR,RS,2017-S1,248,,
ESTAT:EARN_MW_CUR(1.0),31/07/26 11:00:00,S,EUR,RS,2017-S2,253,,
ESTAT:EARN_MW_CUR(1.0),31/07/26 11:00:00,S,EUR,RS,2018-S1,285,,
ESTAT:EARN_MW_CUR(1.0),31/07/26 11:00:00,S,EUR,RS,2018-S2,283,,
ESTAT:EARN_MW_CUR(1.0),31/07/26 11:00:00,S,EUR,RS,2019-S1,308,,
ESTAT:EARN_MW_CUR(1.0),31/07/26 11:00:00,S,EUR,RS,2019-S2,308,,
ESTAT:EARN_MW_CUR(1.0),31/07/26 11:00:00,S,EUR,RS,2020-S1,344,,
ESTAT:EARN_MW_CUR(1.0),31/07/26 11:00:00,S,EUR,RS,2020-S2,344,,
ESTAT:EARN_MW_CUR(1.0),31/07/26 11:00:00,S,EUR,RS,2021-S1,366,,
ESTAT:EARN_MW_CUR(1.0),31/07/26 11:00:00,S,EUR,RS,2021-S2,366,,
ESTAT:EARN_MW_CUR(1.0),31/07/26 11:00:00,S,EUR,RS,2022-S1,401,,
ESTAT:EARN_MW_CUR(1.0),31/07/26 11:00:00,S,EUR,RS,2022-S2,402,,
ESTAT:EARN_MW_CUR(1.0),31/07/26 11:00:00,S,EUR,RS,2023-S1,460,,
ESTAT:EARN_MW_CUR(1.0),31/07/26 11:00:00,S,EUR,RS,2023-S2,461,,
ESTAT:EARN_MW_CUR(1.0),31/07/26 11:00:00,S,EUR,RS,2024-S1,544,,
ESTAT:EARN_MW_CUR(1.0),31/07/26 11:00:00,S,EUR,RS,2024-S2,544,,
ESTAT:EARN_MW_CUR(1.0),31/07/26 11:00:00,S,EUR,RS,2025-S1,619,,
ESTAT:EARN_MW_CUR(1.0),31/07/26 11:00:00,S,EUR,RS,2025-S2,618,,
ESTAT:EARN_MW_CUR(1.0),31/07/26 11:00:00,S,EUR,RS,2026-S1,744,,
ESTAT:EARN_MW_CUR(1.0),31/07/26 11:00:00,S,EUR,RS,2026-S2,743,,
ESTAT:EARN_MW_CUR(1.0),31/07/26 11:00:00,S,EUR,SE,1999-S1,,m,
ESTAT:EARN_MW_CUR(1.0),31/07/26 11:00:00,S,EUR,SE,1999-S2,,m,
ESTAT:EARN_MW_CUR(1.0),31/07/26 11:00:00,S,EUR,SE,2000-S1,,m,
ESTAT:EARN_MW_CUR(1.0),31/07/26 11:00:00,S,EUR,SE,2000-S2,,m,
ESTAT:EARN_MW_CUR(1.0),31/07/26 11:00:00,S,EUR,SE,2001-S1,,m,
ESTAT:EARN_MW_CUR(1.0),31/07/26 11:00:00,S,EUR,SE,2001-S2,,m,
ESTAT:EARN_MW_CUR(1.0),31/07/26 11:00:00,S,EUR,SE,2002-S1,,m,
ESTAT:EARN_MW_CUR(1.0),31/07/26 11:00:00,S,EUR,SE,2002-S2,,m,
ESTAT:EARN_MW_CUR(1.0),31/07/26 11:00:00,S,EUR,SE,2003-S1,,m,
ESTAT:EARN_MW_CUR(1.0),31/07/26 11:00:00,S,EUR,SE,2003-S2,,m,
ESTAT:EARN_MW_CUR(1.0),31/07/26 11:00:00,S,EUR,SE,2004-S1,,m,
ESTAT:EARN_MW_CUR(1.0),31/07/26 11:00:00,S,EUR,SE,2004-S2,,m,
ESTAT:EARN_MW_CUR(1.0),31/07/26 11:00:00,S,EUR,SE,2005-S1,,m,
ESTAT:EARN_MW_CUR(1.0),31/07/26 11:00:00,S,EUR,SE,2005-S2,,m,
ESTAT:EARN_MW_CUR(1.0),31/07/26 11:00:00,S,EUR,SE,2006-S1,,m,
ESTAT:EARN_MW_CUR(1.0),31/07/26 11:00:00,S,EUR,SE,2006-S2,,m,
ESTAT:EARN_MW_CUR(1.0),31/07/26 11:00:00,S,EUR,SE,2007-S1,,m,
ESTAT:EARN_MW_CUR(1.0),31/07/26 11:00:00,S,EUR,SE,2007-S2,,m,
ESTAT:EARN_MW_CUR(1.0),31/07/26 11:00:00,S,EUR,SE,2008-S1,,m,
ESTAT:EARN_MW_CUR(1.0),31/07/26 11:00:00,S,EUR,SE,2008-S2,,m,
ESTAT:EARN_MW_CUR(1.0),31/07/26 11:00:00,S,EUR,SE,2009-S1,,m,
ESTAT:EARN_MW_CUR(1.0),31/07/26 11:00:00,S,EUR,SE,2009-S2,,m,
ESTAT:EARN_MW_CUR(1.0),31/07/26 11:00:00,S,EUR,SE,2010-S1,,m,
ESTAT:EARN_MW_CUR(1.0),31/07/26 11:00:00,S,EUR,SE,2010-S2,,m,
ESTAT:EARN_MW_CUR(1.0),31/07/26 11:00:00,S,EUR,SE,2011-S1,,m,
ESTAT:EARN_MW_CUR(1.0),31/07/26 11:00:00,S,EUR,SE,2011-S2,,m,
ESTAT:EARN_MW_CUR(1.0),31/07/26 11:00:00,S,EUR,SE,2012-S1,,m,
ESTAT:EARN_MW_CUR(1.0),31/07/26 11:00:00,S,EUR,SE,2012-S2,,m,
ESTAT:EARN_MW_CUR(1.0),31/07/26 11:00:00,S,EUR,SE,2013-S1,,m,
ESTAT:EARN_MW_CUR(1.0),31/07/26 11:00:00,S,EUR,SE,2013-S2,,m,
ESTAT:EARN_MW_CUR(1.0),31/07/26 11:00:00,S,EUR,SE,2014-S1,,m,
ESTAT:EARN_MW_CUR(1.0),31/07/26 11:00:00,S,EUR,SE,2014-S2,,m,
ESTAT:EARN_MW_CUR(1.0),31/07/26 11:00:00,S,EUR,SE,2015-S1,,m,
ESTAT:EARN_MW_CUR(1.0),31/07/26 11:00:00,S,EUR,SE,2015-S2,,m,
ESTAT:EARN_MW_CUR(1.0),31/07/26 11:00:00,S,EUR,SE,2016-S1,,m,
ESTAT:EARN_MW_CUR(1.0),31/07/26 11:00:00,S,EUR,SE,2016-S2,,m,
ESTAT:EARN_MW_CUR(1.0),31/07/26 11:00:00,S,EUR,SE,2017-S1,,m,
ESTAT:EARN_MW_CUR(1.0),31/07/26 11:00:00,S,EUR,SE,2017-S2,,m,
ESTAT:EARN_MW_CUR(1.0),31/07/26 11:00:00,S,EUR,SE,2018-S1,,m,
ESTAT:EARN_MW_CUR(1.0),31/07/26 11:00:00,S,EUR,SE,2018-S2,,m,
ESTAT:EARN_MW_CUR(1.0),31/07/26 11:00:00,S,EUR,SE,2019-S1,,m,
ESTAT:EARN_MW_CUR(1.0),31/07/26 11:00:00,S,EUR,SE,2019-S2,,m,
ESTAT:EARN_MW_CUR(1.0),31/07/26 11:00:00,S,EUR,SE,2020-S1,,m,
ESTAT:EARN_MW_CUR(1.0),31/07/26 11:00:00,S,EUR,SE,2020-S2,,m,
ESTAT:EARN_MW_CUR(1.0),31/07/26 11:00:00,S,EUR,SE,2021-S1,,m,
ESTAT:EARN_MW_CUR(1.0),31/07/26 11:00:00,S,EUR,SE,2021-S2,,m,
ESTAT:EARN_MW_CUR(1.0),31/07/26 11:00:00,S,EUR,SE,2022-S1,,m,
ESTAT:EARN_MW_CUR(1.0),31/07/26 11:00:00,S,EUR,SE,2022-S2,,m,
ESTAT:EARN_MW_CUR(1.0),31/07/26 11:00:00,S,EUR,SE,2023-S1,,m,
ESTAT:EARN_MW_CUR(1.0),31/07/26 11:00:00,S,EUR,SE,2023-S2,,m,
ESTAT:EARN_MW_CUR(1.0),31/07/26 11:00:00,S,EUR,SE,2024-S1,,m,
ESTAT:EARN_MW_CUR(1.0),31/07/26 11:00:00,S,EUR,SE,2024-S2,,m,
ESTAT:EARN_MW_CUR(1.0),31/07/26 11:00:00,S,EUR,SE,2025-S1,,m,
ESTAT:EARN_MW_CUR(1.0),31/07/26 11:00:00,S,EUR,SE,2025-S2,,m,
ESTAT:EARN_MW_CUR(1.0),31/07/26 11:00:00,S,EUR,SE,2026-S1,,m,
ESTAT:EARN_MW_CUR(1.0),31/07/26 11:00:00,S,EUR,SE,2026-S2,,m,
ESTAT:EARN_MW_CUR(1.0),31/07/26 11:00:00,S,EUR,SI,1999-S1,361,,
ESTAT:EARN_MW_CUR(1.0),31/07/26 11:00:00,S,EUR,SI,1999-S2,348,,
ESTAT:EARN_MW_CUR(1.0),31/07/26 11:00:00,S,EUR,SI,2000-S1,373,,
ESTAT:EARN_MW_CUR(1.0),31/07/26 11:00:00,S,EUR,SI,2000-S2,371,,
ESTAT:EARN_MW_CUR(1.0),31/07/26 11:00:00,S,EUR,SI,2001-S1,395,,
ESTAT:EARN_MW_CUR(1.0),31/07/26 11:00:00,S,EUR,SI,2001-S2,386,,
ESTAT:EARN_MW_CUR(1.0),31/07/26 11:00:00,S,EUR,SI,2002-S1,433,,
ESTAT:EARN_MW_CUR(1.0),31/07/26 11:00:00,S,EUR,SI,2002-S2,418,,
ESTAT:EARN_MW_CUR(1.0),31/07/26 11:00:00,S,EUR,SI,2003-S1,450,,
ESTAT:EARN_MW_CUR(1.0),31/07/26 11:00:00,S,EUR,SI,2003-S2,443,,
ESTAT:EARN_MW_CUR(1.0),31/07/26 11:00:00,S,EUR,SI,2004-S1,471,,
ESTAT:EARN_MW_CUR(1.0),31/07/26 11:00:00,S,EUR,SI,2004-S2,465,,
ESTAT:EARN_MW_CUR(1.0),31/07/26 11:00:00,S,EUR,SI,2005-S1,490,,
ESTAT:EARN_MW_CUR(1.0),31/07/26 11:00:00,S,EUR,SI,2005-S2,491,,
ESTAT:EARN_MW_CUR(1.0),31/07/26 11:00:00,S,EUR,SI,2006-S1,512,,
ESTAT:EARN_MW_CUR(1.0),31/07/26 11:00:00,S,EUR,SI,2006-S2,512,,
ESTAT:EARN_MW_CUR(1.0),31/07/26 11:00:00,S,EUR,SI,2007-S1,522,,
ESTAT:EARN_MW_CUR(1.0),31/07/26 11:00:00,S,EUR,SI,2007-S2,522,,
ESTAT:EARN_MW_CUR(1.0),31/07/26 11:00:00,S,EUR,SI,2008-S1,539,,
ESTAT:EARN_MW_CUR(1.0),31/07/26 11:00:00,S,EUR,SI,2008-S2,567,,
ESTAT:EARN_MW_CUR(1.0),31/07/26 11:00:00,S,EUR,SI,2009-S1,589,,
ESTAT:EARN_MW_CUR(1.0),31/07/26 11:00:00,S,EUR,SI,2009-S2,589,,
ESTAT:EARN_MW_CUR(1.0),31/07/26 11:00:00,S,EUR,SI,2010-S1,597,,
ESTAT:EARN_MW_CUR(1.0),31/07/26 11:00:00,S,EUR,SI,2010-S2,734,,
ESTAT:EARN_MW_CUR(1.0),31/07/26 11:00:00,S,EUR,SI,2011-S1,748,,
ESTAT:EARN_MW_CUR(1.0),31/07/26 11:00:00,S,EUR,SI,2011-S2,748,,
ESTAT:EARN_MW_CUR(1.0),31/07/26 11:00:00,S,EUR,SI,2012-S1,763,,
ESTAT:EARN_MW_CUR(1.0),31/07/26 11:00:00,S,EUR,SI,2012-S2,763,,
ESTAT:EARN_MW_CUR(1.0),31/07/26 11:00:00,S,EUR,SI,2013-S1,784,,
ESTAT:EARN_MW_CUR(1.0),31/07/26 11:00:00,S,EUR,SI,2013-S2,784,,
ESTAT:EARN_MW_CUR(1.0),31/07/26 11:00:00,S,EUR,SI,2014-S1,789,,
ESTAT:EARN_MW_CUR(1.0),31/07/26 11:00:00,S,EUR,SI,2014-S2,789,,
ESTAT:EARN_MW_CUR(1.0),31/07/26 11:00:00,S,EUR,SI,2015-S1,791,,
ESTAT:EARN_MW_CUR(1.0),31/07/26 11:00:00,S,EUR,SI,2015-S2,791,,
ESTAT:EARN_MW_CUR(1.0),31/07/26 11:00:00,S,EUR,SI,2016-S1,791,,
ESTAT:EARN_MW_CUR(1.0),31/07/26 11:00:00,S,EUR,SI,2016-S2,791,,
ESTAT:EARN_MW_CUR(1.0),31/07/26 11:00:00,S,EUR,SI,2017-S1,805,,
ESTAT:EARN_MW_CUR(1.0),31/07/26 11:00:00,S,EUR,SI,2017-S2,805,,
ESTAT:EARN_MW_CUR(1.0),31/07/26 11:00:00,S,EUR,SI,2018-S1,843,,
ESTAT:EARN_MW_CUR(1.0),31/07/26 11:00:00,S,EUR,SI,2018-S2,843,,
ESTAT:EARN_MW_CUR(1.0),31/07/26 11:00:00,S,EUR,SI,2019-S1,887,,
ESTAT:EARN_MW_CUR(1.0),31/07/26 11:00:00,S,EUR,SI,2019-S2,887,,
ESTAT:EARN_MW_CUR(1.0),31/07/26 11:00:00,S,EUR,SI,2020-S1,941,,
ESTAT:EARN_MW_CUR(1.0),31/07/26 11:00:00,S,EUR,SI,2020-S2,941,,
ESTAT:EARN_MW_CUR(1.0),31/07/26 11:00:00,S,EUR,SI,2021-S1,1024,,
ESTAT:EARN_MW_CUR(1.0),31/07/26 11:00:00,S,EUR,SI,2021-S2,1024,,
ESTAT:EARN_MW_CUR(1.0),31/07/26 11:00:00,S,EUR,SI,2022-S1,1074,,
ESTAT:EARN_MW_CUR(1.0),31/07/26 11:00:00,S,EUR,SI,2022-S2,1074,,
ESTAT:EARN_MW_CUR(1.0),31/07/26 11:00:00,S,EUR,SI,2023-S1,1203,,
ESTAT:EARN_MW_CUR(1.0),31/07/26 11:00:00,S,EUR,SI,2023-S2,1203,,
ESTAT:EARN_MW_CUR(1.0),31/07/26 11:00:00,S,EUR,SI,2024-S1,1254,,
ESTAT:EARN_MW_CUR(1.0),31/07/26 11:00:00,S,EUR,SI,2024-S2,1254,,
ESTAT:EARN_MW_CUR(1.0),31/07/26 11:00:00,S,EUR,SI,2025-S1,1278,,
ESTAT:EARN_MW_CUR(1.0),31/07/26 11:00:00,S,EUR,SI,2025-S2,1278,,
ESTAT:EARN_MW_CUR(1.0),31/07/26 11:00:00,S,EUR,SI,2026-S1,1482,,
ESTAT:EARN_MW_CUR(1.0),31/07/26 11:00:00,S,EUR,SI,2026-S2,1482,,
ESTAT:EARN_MW_CUR(1.0),31/07/26 11:00:00,S,EUR,SK,1999-S1,69,,
ESTAT:EARN_MW_CUR(1.0),31/07/26 11:00:00,S,EUR,SK,1999-S2,79,,
ESTAT:EARN_MW_CUR(1.0),31/07/26 11:00:00,S,EUR,SK,2000-S1,94,,
ESTAT:EARN_MW_CUR(1.0),31/07/26 11:00:00,S,EUR,SK,2000-S2,94,,
ESTAT:EARN_MW_CUR(1.0),31/07/26 11:00:00,S,EUR,SK,2001-S1,100,,
ESTAT:EARN_MW_CUR(1.0),31/07/26 11:00:00,S,EUR,SK,2001-S2,104,,
ESTAT:EARN_MW_CUR(1.0),31/07/26 11:00:00,S,EUR,SK,2002-S1,115,,
ESTAT:EARN_MW_CUR(1.0),31/07/26 11:00:00,S,EUR,SK,2002-S2,112,,
ESTAT:EARN_MW_CUR(1.0),31/07/26 11:00:00,S,EUR,SK,2003-S1,134,,
ESTAT:EARN_MW_CUR(1.0),31/07/26 11:00:00,S,EUR,SK,2003-S2,134,,
ESTAT:EARN_MW_CUR(1.0),31/07/26 11:00:00,S,EUR,SK,2004-S1,148,,
ESTAT:EARN_MW_CUR(1.0),31/07/26 11:00:00,S,EUR,SK,2004-S2,152,,
ESTAT:EARN_MW_CUR(1.0),31/07/26 11:00:00,S,EUR,SK,2005-S1,168,,
ESTAT:EARN_MW_CUR(1.0),31/07/26 11:00:00,S,EUR,SK,2005-S2,169,,
ESTAT:EARN_MW_CUR(1.0),31/07/26 11:00:00,S,EUR,SK,2006-S1,182,,
ESTAT:EARN_MW_CUR(1.0),31/07/26 11:00:00,S,EUR,SK,2006-S2,180,,
ESTAT:EARN_MW_CUR(1.0),31/07/26 11:00:00,S,EUR,SK,2007-S1,221,,
ESTAT:EARN_MW_CUR(1.0),31/07/26 11:00:00,S,EUR,SK,2007-S2,226,,
ESTAT:EARN_MW_CUR(1.0),31/07/26 11:00:00,S,EUR,SK,2008-S1,241,,
ESTAT:EARN_MW_CUR(1.0),31/07/26 11:00:00,S,EUR,SK,2008-S2,268,,
ESTAT:EARN_MW_CUR(1.0),31/07/26 11:00:00,S,EUR,SK,2009-S1,296,,
ESTAT:EARN_MW_CUR(1.0),31/07/26 11:00:00,S,EUR,SK,2009-S2,296,,
ESTAT:EARN_MW_CUR(1.0),31/07/26 11:00:00,S,EUR,SK,2010-S1,308,,
ESTAT:EARN_MW_CUR(1.0),31/07/26 11:00:00,S,EUR,SK,2010-S2,308,,
ESTAT:EARN_MW_CUR(1.0),31/07/26 11:00:00,S,EUR,SK,2011-S1,317,,
ESTAT:EARN_MW_CUR(1.0),31/07/26 11:00:00,S,EUR,SK,2011-S2,317,,
ESTAT:EARN_MW_CUR(1.0),31/07/26 11:00:00,S,EUR,SK,2012-S1,327,,
ESTAT:EARN_MW_CUR(1.0),31/07/26 11:00:00,S,EUR,SK,2012-S2,327,,
ESTAT:EARN_MW_CUR(1.0),31/07/26 11:00:00,S,EUR,SK,2013-S1,338,,
ESTAT:EARN_MW_CUR(1.0),31/07/26 11:00:00,S,EUR,SK,2013-S2,338,,
ESTAT:EARN_MW_CUR(1.0),31/07/26 11:00:00,S,EUR,SK,2014-S1,352,,
ESTAT:EARN_MW_CUR(1.0),31/07/26 11:00:00,S,EUR,SK,2014-S2,352,,
ESTAT:EARN_MW_CUR(1.0),31/07/26 11:00:00,S,EUR,SK,2015-S1,380,,
ESTAT:EARN_MW_CUR(1.0),31/07/26 11:00:00,S,EUR,SK,2015-S2,380,,
ESTAT:EARN_MW_CUR(1.0),31/07/26 11:00:00,S,EUR,SK,2016-S1,405,,
ESTAT:EARN_MW_CUR(1.0),31/07/26 11:00:00,S,EUR,SK,2016-S2,405,,
ESTAT:EARN_MW_CUR(1.0),31/07/26 11:00:00,S,EUR,SK,2017-S1,435,,
ESTAT:EARN_MW_CUR(1.0),31/07/26 11:00:00,S,EUR,SK,2017-S2,435,,
ESTAT:EARN_MW_CUR(1.0),31/07/26 11:00:00,S,EUR,SK,2018-S1,480,,
ESTAT:EARN_MW_CUR(1.0),31/07/26 11:00:00,S,EUR,SK,2018-S2,480,,
ESTAT:EARN_MW_CUR(1.0),31/07/26 11:00:00,S,EUR,SK,2019-S1,520,,
ESTAT:EARN_MW_CUR(1.0),31/07/26 11:00:00,S,EUR,SK,2019-S2,520,,
ESTAT:EARN_MW_CUR(1.0),31/07/26 11:00:00,S,EUR,SK,2020-S1,580,,
ESTAT:EARN_MW_CUR(1.0),31/07/26 11:00:00,S,EUR,SK,2020-S2,580,,
ESTAT:EARN_MW_CUR(1.0),31/07/26 11:00:00,S,EUR,SK,2021-S1,623,,
ESTAT:EARN_MW_CUR(1.0),31/07/26 11:00:00,S,EUR,SK,2021-S2,623,,
ESTAT:EARN_MW_CUR(1.0),31/07/26 11:00:00,S,EUR,SK,2022-S1,646,,
ESTAT:EARN_MW_CUR(1.0),31/07/26 11:00:00,S,EUR,SK,2022-S2,646,,
ESTAT:EARN_MW_CUR(1.0),31/07/26 11:00:00,S,EUR,SK,2023-S1,700,,
ESTAT:EARN_MW_CUR(1.0),31/07/26 11:00:00,S,EUR,SK,2023-S2,700,,
ESTAT:EARN_MW_CUR(1.0),31/07/26 11:00:00,S,EUR,SK,2024-S1,750,,
ESTAT:EARN_MW_CUR(1.0),31/07/26 11:00:00,S,EUR,SK,2024-S2,750,,
ESTAT:EARN_MW_CUR(1.0),31/07/26 11:00:00,S,EUR,SK,2025-S1,816,,
ESTAT:EARN_MW_CUR(1.0),31/07/26 11:00:00,S,EUR,SK,2025-S2,816,,
ESTAT:EARN_MW_CUR(1.0),31/07/26 11:00:00,S,EUR,SK,2026-S1,915,,
ESTAT:EARN_MW_CUR(1.0),31/07/26 11:00:00,S,EUR,SK,2026-S2,915,,
ESTAT:EARN_MW_CUR(1.0),31/07/26 11:00:00,S,EUR,TR,1999-S1,214,,
ESTAT:EARN_MW_CUR(1.0),31/07/26 11:00:00,S,EUR,TR,1999-S2,215,,
ESTAT:EARN_MW_CUR(1.0),31/07/26 11:00:00,S,EUR,TR,2000-S1,202,,
ESTAT:EARN_MW_CUR(1.0),31/07/26 11:00:00,S,EUR,TR,2000-S2,201,,
ESTAT:EARN_MW_CUR(1.0),31/07/26 11:00:00,S,EUR,TR,2001-S1,224,,
ESTAT:EARN_MW_CUR(1.0),31/07/26 11:00:00,S,EUR,TR,2001-S2,157,,
ESTAT:EARN_MW_CUR(1.0),31/07/26 11:00:00,S,EUR,TR,2002-S1,175,,
ESTAT:EARN_MW_CUR(1.0),31/07/26 11:00:00,S,EUR,TR,2002-S2,159,,
ESTAT:EARN_MW_CUR(1.0),31/07/26 11:00:00,S,EUR,TR,2003-S1,176,,
ESTAT:EARN_MW_CUR(1.0),31/07/26 11:00:00,S,EUR,TR,2003-S2,189,,
ESTAT:EARN_MW_CUR(1.0),31/07/26 11:00:00,S,EUR,TR,2004-S1,239,,
ESTAT:EARN_MW_CUR(1.0),31/07/26 11:00:00,S,EUR,TR,2004-S2,246,,
ESTAT:EARN_MW_CUR(1.0),31/07/26 11:00:00,S,EUR,TR,2005-S1,266,,
ESTAT:EARN_MW_CUR(1.0),31/07/26 11:00:00,S,EUR,TR,2005-S2,302,,
ESTAT:EARN_MW_CUR(1.0),31/07/26 11:00:00,S,EUR,TR,2006-S1,333,,
ESTAT:EARN_MW_CUR(1.0),31/07/26 11:00:00,S,EUR,TR,2006-S2,265,,
ESTAT:EARN_MW_CUR(1.0),31/07/26 11:00:00,S,EUR,TR,2007-S1,302,,
ESTAT:EARN_MW_CUR(1.0),31/07/26 11:00:00,S,EUR,TR,2007-S2,330,,
ESTAT:EARN_MW_CUR(1.0),31/07/26 11:00:00,S,EUR,TR,2008-S1,354,,
ESTAT:EARN_MW_CUR(1.0),31/07/26 11:00:00,S,EUR,TR,2008-S2,331,,
ESTAT:EARN_MW_CUR(1.0),31/07/26 11:00:00,S,EUR,TR,2009-S1,310,,
ESTAT:EARN_MW_CUR(1.0),31/07/26 11:00:00,S,EUR,TR,2009-S2,321,,
ESTAT:EARN_MW_CUR(1.0),31/07/26 11:00:00,S,EUR,TR,2010-S1,338,,
ESTAT:EARN_MW_CUR(1.0),31/07/26 11:00:00,S,EUR,TR,2010-S2,392,,
ESTAT:EARN_MW_CUR(1.0),31/07/26 11:00:00,S,EUR,TR,2011-S1,385,,
ESTAT:EARN_MW_CUR(1.0),31/07/26 11:00:00,S,EUR,TR,2011-S2,356,,
ESTAT:EARN_MW_CUR(1.0),31/07/26 11:00:00,S,EUR,TR,2012-S1,363,,
ESTAT:EARN_MW_CUR(1.0),31/07/26 11:00:00,S,EUR,TR,2012-S2,412,,
ESTAT:EARN_MW_CUR(1.0),31/07/26 11:00:00,S,EUR,TR,2013-S1,416,,
ESTAT:EARN_MW_CUR(1.0),31/07/26 11:00:00,S,EUR,TR,2013-S2,405,,
ESTAT:EARN_MW_CUR(1.0),31/07/26 11:00:00,S,EUR,TR,2014-S1,362,,
ESTAT:EARN_MW_CUR(1.0),31/07/26 11:00:00,S,EUR,TR,2014-S2,391,,
ESTAT:EARN_MW_CUR(1.0),31/07/26 11:00:00,S,EUR,TR,2015-S1,424,,
ESTAT:EARN_MW_CUR(1.0),31/07/26 11:00:00,S,EUR,TR,2015-S2,425,,
ESTAT:EARN_MW_CUR(1.0),31/07/26 11:00:00,S,EUR,TR,2016-S1,519,,
ESTAT:EARN_MW_CUR(1.0),31/07/26 11:00:00,S,EUR,TR,2016-S2,514,,
ESTAT:EARN_MW_CUR(1.0),31/07/26 11:00:00,S,EUR,TR,2017-S1,479,,
ESTAT:EARN_MW_CUR(1.0),31/07/26 11:00:00,S,EUR,TR,2017-S2,443,,
ESTAT:EARN_MW_CUR(1.0),31/07/26 11:00:00,S,EUR,TR,2018-S1,446,,
ESTAT:EARN_MW_CUR(1.0),31/07/26 11:00:00,S,EUR,TR,2018-S2,380,,
ESTAT:EARN_MW_CUR(1.0),31/07/26 11:00:00,S,EUR,TR,2019-S1,422,,
ESTAT:EARN_MW_CUR(1.0),31/07/26 11:00:00,S,EUR,TR,2019-S2,390,,
ESTAT:EARN_MW_CUR(1.0),31/07/26 11:00:00,S,EUR,TR,2020-S1,440,,
ESTAT:EARN_MW_CUR(1.0),31/07/26 11:00:00,S,EUR,TR,2020-S2,383,,
ESTAT:EARN_MW_CUR(1.0),31/07/26 11:00:00,S,EUR,TR,2021-S1,393,,
ESTAT:EARN_MW_CUR(1.0),31/07/26 11:00:00,S,EUR,TR,2021-S2,347,,
ESTAT:EARN_MW_CUR(1.0),31/07/26 11:00:00,S,EUR,TR,2022-S1,328,,
ESTAT:EARN_MW_CUR(1.0),31/07/26 11:00:00,S,EUR,TR,2022-S2,374,,
ESTAT:EARN_MW_CUR(1.0),31/07/26 11:00:00,S,EUR,TR,2023-S1,501,,
ESTAT:EARN_MW_CUR(1.0),31/07/26 11:00:00,S,EUR,TR,2023-S2,474,,
ESTAT:EARN_MW_CUR(1.0),31/07/26 11:00:00,S,EUR,TR,2024-S1,613,,
ESTAT:EARN_MW_CUR(1.0),31/07/26 11:00:00,S,EUR,TR,2024-S2,568,,
ESTAT:EARN_MW_CUR(1.0),31/07/26 11:00:00,S,EUR,TR,2025-S1,708,,
ESTAT:EARN_MW_CUR(1.0),31/07/26 11:00:00,S,EUR,TR,2025-S2,558,,
ESTAT:EARN_MW_CUR(1.0),31/07/26 11:00:00,S,EUR,TR,2026-S1,654,,
ESTAT:EARN_MW_CUR(1.0),31/07/26 11:00:00,S,EUR,TR,2026-S2,621,,
ESTAT:EARN_MW_CUR(1.0),31/07/26 11:00:00,S,EUR,UA,1999-S2,18,,
ESTAT:EARN_MW_CUR(1.0),31/07/26 11:00:00,S,EUR,UA,2000-S1,14,,
ESTAT:EARN_MW_CUR(1.0),31/07/26 11:00:00,S,EUR,UA,2000-S2,23,,
ESTAT:EARN_MW_CUR(1.0),31/07/26 11:00:00,S,EUR,UA,2001-S1,23,,
ESTAT:EARN_MW_CUR(1.0),31/07/26 11:00:00,S,EUR,UA,2001-S2,25,,
ESTAT:EARN_MW_CUR(1.0),31/07/26 11:00:00,S,EUR,UA,2002-S1,30,,
ESTAT:EARN_MW_CUR(1.0),31/07/26 11:00:00,S,EUR,UA,2002-S2,32,,
ESTAT:EARN_MW_CUR(1.0),31/07/26 11:00:00,S,EUR,UA,2003-S1,33,,
ESTAT:EARN_MW_CUR(1.0),31/07/26 11:00:00,S,EUR,UA,2003-S2,30,,
ESTAT:EARN_MW_CUR(1.0),31/07/26 11:00:00,S,EUR,UA,2004-S1,31,,
ESTAT:EARN_MW_CUR(1.0),31/07/26 11:00:00,S,EUR,UA,2004-S2,32,,
ESTAT:EARN_MW_CUR(1.0),31/07/26 11:00:00,S,EUR,UA,2005-S1,36,,
ESTAT:EARN_MW_CUR(1.0),31/07/26 11:00:00,S,EUR,UA,2005-S2,51,,
ESTAT:EARN_MW_CUR(1.0),31/07/26 11:00:00,S,EUR,UA,2006-S1,59,,
ESTAT:EARN_MW_CUR(1.0),31/07/26 11:00:00,S,EUR,UA,2006-S2,59,,
ESTAT:EARN_MW_CUR(1.0),31/07/26 11:00:00,S,EUR,UA,2007-S1,60,,
ESTAT:EARN_MW_CUR(1.0),31/07/26 11:00:00,S,EUR,UA,2007-S2,65,,
ESTAT:EARN_MW_CUR(1.0),31/07/26 11:00:00,S,EUR,UA,2008-S1,69,,
ESTAT:EARN_MW_CUR(1.0),31/07/26 11:00:00,S,EUR,UA,2008-S2,69,,
ESTAT:EARN_MW_CUR(1.0),31/07/26 11:00:00,S,EUR,UA,2009-S1,56,,
ESTAT:EARN_MW_CUR(1.0),31/07/26 11:00:00,S,EUR,UA,2009-S2,59,,
ESTAT:EARN_MW_CUR(1.0),31/07/26 11:00:00,S,EUR,UA,2010-S1,76,,
ESTAT:EARN_MW_CUR(1.0),31/07/26 11:00:00,S,EUR,UA,2010-S2,92,,
ESTAT:EARN_MW_CUR(1.0),31/07/26 11:00:00,S,EUR,UA,2011-S1,89,,
ESTAT:EARN_MW_CUR(1.0),31/07/26 11:00:00,S,EUR,UA,2011-S2,83,,
ESTAT:EARN_MW_CUR(1.0),31/07/26 11:00:00,S,EUR,UA,2012-S1,104,,
ESTAT:EARN_MW_CUR(1.0),31/07/26 11:00:00,S,EUR,UA,2012-S2,111,,
ESTAT:EARN_MW_CUR(1.0),31/07/26 11:00:00,S,EUR,UA,2013-S1,109,,
ESTAT:EARN_MW_CUR(1.0),31/07/26 11:00:00,S,EUR,UA,2013-S2,110,,
ESTAT:EARN_MW_CUR(1.0),31/07/26 11:00:00,S,EUR,UA,2014-S1,110,,
ESTAT:EARN_MW_CUR(1.0),31/07/26 11:00:00,S,EUR,UA,2014-S2,76,,
ESTAT:EARN_MW_CUR(1.0),31/07/26 11:00:00,S,EUR,UA,2015-S1,63,,
ESTAT:EARN_MW_CUR(1.0),31/07/26 11:00:00,S,EUR,UA,2015-S2,52,,
ESTAT:EARN_MW_CUR(1.0),31/07/26 11:00:00,S,EUR,UA,2016-S1,53,,
ESTAT:EARN_MW_CUR(1.0),31/07/26 11:00:00,S,EUR,UA,2016-S2,53,,
ESTAT:EARN_MW_CUR(1.0),31/07/26 11:00:00,S,EUR,UA,2017-S1,113,,
ESTAT:EARN_MW_CUR(1.0),31/07/26 11:00:00,S,EUR,UA,2017-S2,107,,
ESTAT:EARN_MW_CUR(1.0),31/07/26 11:00:00,S,EUR,UA,2018-S1,111,,
ESTAT:EARN_MW_CUR(1.0),31/07/26 11:00:00,S,EUR,UA,2018-S2,122,,
ESTAT:EARN_MW_CUR(1.0),31/07/26 11:00:00,S,EUR,UA,2019-S1,132,,
ESTAT:EARN_MW_CUR(1.0),31/07/26 11:00:00,S,EUR,UA,2019-S2,140,,
ESTAT:EARN_MW_CUR(1.0),31/07/26 11:00:00,S,EUR,UA,2020-S1,183,,
ESTAT:EARN_MW_CUR(1.0),31/07/26 11:00:00,S,EUR,UA,2020-S2,158,,
ESTAT:EARN_MW_CUR(1.0),31/07/26 11:00:00,S,EUR,UA,2021-S1,173,,
ESTAT:EARN_MW_CUR(1.0),31/07/26 11:00:00,S,EUR,UA,2021-S2,186,,
ESTAT:EARN_MW_CUR(1.0),31/07/26 11:00:00,S,EUR,UA,2022-S1,210,,
ESTAT:EARN_MW_CUR(1.0),31/07/26 11:00:00,S,EUR,UA,2022-S2,211,,
ESTAT:EARN_MW_CUR(1.0),31/07/26 11:00:00,S,EUR,UA,2023-S1,172,,
ESTAT:EARN_MW_CUR(1.0),31/07/26 11:00:00,S,EUR,UA,2023-S2,168,,
ESTAT:EARN_MW_CUR(1.0),31/07/26 11:00:00,S,EUR,UA,2024-S1,168,,
ESTAT:EARN_MW_CUR(1.0),31/07/26 11:00:00,S,EUR,UA,2024-S2,185,,
ESTAT:EARN_MW_CUR(1.0),31/07/26 11:00:00,S,EUR,UA,2025-S1,182,,
ESTAT:EARN_MW_CUR(1.0),31/07/26 11:00:00,S,EUR,UA,2025-S2,164,,
ESTAT:EARN_MW_CUR(1.0),31/07/26 11:00:00,S,EUR,UA,2026-S1,173,,
ESTAT:EARN_MW_CUR(1.0),31/07/26 11:00:00,S,EUR,UA,2026-S2,169,,
ESTAT:EARN_MW_CUR(1.0),31/07/26 11:00:00,S,EUR,UK,1999-S1,,m,
ESTAT:EARN_MW_CUR(1.0),31/07/26 11:00:00,S,EUR,UK,1999-S2,902,,
ESTAT:EARN_MW_CUR(1.0),31/07/26 11:00:00,S,EUR,UK,2000-S1,952,,
ESTAT:EARN_MW_CUR(1.0),31/07/26 11:00:00,S,EUR,UK,2000-S2,936,,
ESTAT:EARN_MW_CUR(1.0),31/07/26 11:00:00,S,EUR,UK,2001-S1,977,,
ESTAT:EARN_MW_CUR(1.0),31/07/26 11:00:00,S,EUR,UK,2001-S2,1011,,
ESTAT:EARN_MW_CUR(1.0),31/07/26 11:00:00,S,EUR,UK,2002-S1,1109,,
ESTAT:EARN_MW_CUR(1.0),31/07/26 11:00:00,S,EUR,UK,2002-S2,1039,,
ESTAT:EARN_MW_CUR(1.0),31/07/26 11:00:00,S,EUR,UK,2003-S1,1064,,
ESTAT:EARN_MW_CUR(1.0),31/07/26 11:00:00,S,EUR,UK,2003-S2,998,,
ESTAT:EARN_MW_CUR(1.0),31/07/26 11:00:00,S,EUR,UK,2004-S1,1054,,
ESTAT:EARN_MW_CUR(1.0),31/07/26 11:00:00,S,EUR,UK,2004-S2,1108,,
ESTAT:EARN_MW_CUR(1.0),31/07/26 11:00:00,S,EUR,UK,2005-S1,1135,,
ESTAT:EARN_MW_CUR(1.0),31/07/26 11:00:00,S,EUR,UK,2005-S2,1187,,
ESTAT:EARN_MW_CUR(1.0),31/07/26 11:00:00,S,EUR,UK,2006-S1,1213,,
ESTAT:EARN_MW_CUR(1.0),31/07/26 11:00:00,S,EUR,UK,2006-S2,1201,,
ESTAT:EARN_MW_CUR(1.0),31/07/26 11:00:00,S,EUR,UK,2007-S1,1315,,
ESTAT:EARN_MW_CUR(1.0),31/07/26 11:00:00,S,EUR,UK,2007-S2,1310,,
ESTAT:EARN_MW_CUR(1.0),31/07/26 11:00:00,S,EUR,UK,2008-S1,1242,,
ESTAT:EARN_MW_CUR(1.0),31/07/26 11:00:00,S,EUR,UK,2008-S2,1150,,
ESTAT:EARN_MW_CUR(1.0),31/07/26 11:00:00,S,EUR,UK,2009-S1,995,,
ESTAT:EARN_MW_CUR(1.0),31/07/26 11:00:00,S,EUR,UK,2009-S2,1113,,
ESTAT:EARN_MW_CUR(1.0),31/07/26 11:00:00,S,EUR,UK,2010-S1,1076,,
ESTAT:EARN_MW_CUR(1.0),31/07/26 11:00:00,S,EUR,UK,2010-S2,1169,,
ESTAT:EARN_MW_CUR(1.0),31/07/26 11:00:00,S,EUR,UK,2011-S1,1136,,
ESTAT:EARN_MW_CUR(1.0),31/07/26 11:00:00,S,EUR,UK,2011-S2,1084,,
ESTAT:EARN_MW_CUR(1.0),31/07/26 11:00:00,S,EUR,UK,2012-S1,1202,,
ESTAT:EARN_MW_CUR(1.0),31/07/26 11:00:00,S,EUR,UK,2012-S2,1244,,
ESTAT:EARN_MW_CUR(1.0),31/07/26 11:00:00,S,EUR,UK,2013-S1,1250,,
ESTAT:EARN_MW_CUR(1.0),31/07/26 11:00:00,S,EUR,UK,2013-S2,1190,,
ESTAT:EARN_MW_CUR(1.0),31/07/26 11:00:00,S,EUR,UK,2014-S1,1251,,
ESTAT:EARN_MW_CUR(1.0),31/07/26 11:00:00,S,EUR,UK,2014-S2,1301,,
ESTAT:EARN_MW_CUR(1.0),31/07/26 11:00:00,S,EUR,UK,2015-S1,1379,,
ESTAT:EARN_MW_CUR(1.0),31/07/26 11:00:00,S,EUR,UK,2015-S2,1510,,
ESTAT:EARN_MW_CUR(1.0),31/07/26 11:00:00,S,EUR,UK,2016-S1,1512,,
ESTAT:EARN_MW_CUR(1.0),31/07/26 11:00:00,S,EUR,UK,2016-S2,1443,,
ESTAT:EARN_MW_CUR(1.0),31/07/26 11:00:00,S,EUR,UK,2017-S1,1393,,
ESTAT:EARN_MW_CUR(1.0),31/07/26 11:00:00,S,EUR,UK,2017-S2,1414,,
ESTAT:EARN_MW_CUR(1.0),31/07/26 11:00:00,S,EUR,UK,2018-S1,1400,,
ESTAT:EARN_MW_CUR(1.0),31/07/26 11:00:00,S,EUR,UK,2018-S2,1467,,
ESTAT:EARN_MW_CUR(1.0),31/07/26 11:00:00,S,EUR,UK,2019-S1,1453,,
ESTAT:EARN_MW_CUR(1.0),31/07/26 11:00:00,S,EUR,UK,2019-S2,1517,,
ESTAT:EARN_MW_CUR(1.0),31/07/26 11:00:00,S,EUR,UK,2020-S1,1599,,
ESTAT:EARN_MW_CUR(1.0),31/07/26 11:00:00,S,EUR,UK,2020-S2,1583,,
ESTAT:EARN_MW_CUR(1.0),31/07/26 11:00:00,S,EUR,US,1999-S1,765,,
ESTAT:EARN_MW_CUR(1.0),31/07/26 11:00:00,S,EUR,US,1999-S2,864,,
ESTAT:EARN_MW_CUR(1.0),31/07/26 11:00:00,S,EUR,US,2000-S1,889,,
ESTAT:EARN_MW_CUR(1.0),31/07/26 11:00:00,S,EUR,US,2000-S2,934,,
ESTAT:EARN_MW_CUR(1.0),31/07/26 11:00:00,S,EUR,US,2001-S1,959,,
ESTAT:EARN_MW_CUR(1.0),31/07/26 11:00:00,S,EUR,US,2001-S2,1053,,
ESTAT:EARN_MW_CUR(1.0),31/07/26 11:00:00,S,EUR,US,2002-S1,1013,,
ESTAT:EARN_MW_CUR(1.0),31/07/26 11:00:00,S,EUR,US,2002-S2,895,,
ESTAT:EARN_MW_CUR(1.0),31/07/26 11:00:00,S,EUR,US,2003-S1,851,,
ESTAT:EARN_MW_CUR(1.0),31/07/26 11:00:00,S,EUR,US,2003-S2,781,,
ESTAT:EARN_MW_CUR(1.0),31/07/26 11:00:00,S,EUR,US,2004-S1,707,,
ESTAT:EARN_MW_CUR(1.0),31/07/26 11:00:00,S,EUR,US,2004-S2,734,,
ESTAT:EARN_MW_CUR(1.0),31/07/26 11:00:00,S,EUR,US,2005-S1,655,,
ESTAT:EARN_MW_CUR(1.0),31/07/26 11:00:00,S,EUR,US,2005-S2,738,,
ESTAT:EARN_MW_CUR(1.0),31/07/26 11:00:00,S,EUR,US,2006-S1,757,,
ESTAT:EARN_MW_CUR(1.0),31/07/26 11:00:00,S,EUR,US,2006-S2,702,,
ESTAT:EARN_MW_CUR(1.0),31/07/26 11:00:00,S,EUR,US,2007-S1,678,,
ESTAT:EARN_MW_CUR(1.0),31/07/26 11:00:00,S,EUR,US,2007-S2,661,,
ESTAT:EARN_MW_CUR(1.0),31/07/26 11:00:00,S,EUR,US,2008-S1,689,,
ESTAT:EARN_MW_CUR(1.0),31/07/26 11:00:00,S,EUR,US,2008-S2,643,,
ESTAT:EARN_MW_CUR(1.0),31/07/26 11:00:00,S,EUR,US,2009-S1,816,,
ESTAT:EARN_MW_CUR(1.0),31/07/26 11:00:00,S,EUR,US,2009-S2,803,,
ESTAT:EARN_MW_CUR(1.0),31/07/26 11:00:00,S,EUR,US,2010-S1,872,,
ESTAT:EARN_MW_CUR(1.0),31/07/26 11:00:00,S,EUR,US,2010-S2,1024,,
ESTAT:EARN_MW_CUR(1.0),31/07/26 11:00:00,S,EUR,US,2011-S1,940,,
ESTAT:EARN_MW_CUR(1.0),31/07/26 11:00:00,S,EUR,US,2011-S2,869,,
ESTAT:EARN_MW_CUR(1.0),31/07/26 11:00:00,S,EUR,US,2012-S1,971,,
ESTAT:EARN_MW_CUR(1.0),31/07/26 11:00:00,S,EUR,US,2012-S2,998,,
ESTAT:EARN_MW_CUR(1.0),31/07/26 11:00:00,S,EUR,US,2013-S1,952,,
ESTAT:EARN_MW_CUR(1.0),31/07/26 11:00:00,S,EUR,US,2013-S2,961,,
ESTAT:EARN_MW_CUR(1.0),31/07/26 11:00:00,S,EUR,US,2014-S1,911,,
ESTAT:EARN_MW_CUR(1.0),31/07/26 11:00:00,S,EUR,US,2014-S2,920,,
ESTAT:EARN_MW_CUR(1.0),31/07/26 11:00:00,S,EUR,US,2015-S1,1035,,
ESTAT:EARN_MW_CUR(1.0),31/07/26 11:00:00,S,EUR,US,2015-S2,1123,,
ESTAT:EARN_MW_CUR(1.0),31/07/26 11:00:00,S,EUR,US,2016-S1,1154,,
ESTAT:EARN_MW_CUR(1.0),31/07/26 11:00:00,S,EUR,US,2016-S2,1132,,
ESTAT:EARN_MW_CUR(1.0),31/07/26 11:00:00,S,EUR,US,2017-S1,1192,,
ESTAT:EARN_MW_CUR(1.0),31/07/26 11:00:00,S,EUR,US,2017-S2,1101,,
ESTAT:EARN_MW_CUR(1.0),31/07/26 11:00:00,S,EUR,US,2018-S1,1048,,
ESTAT:EARN_MW_CUR(1.0),31/07/26 11:00:00,S,EUR,US,2018-S2,1078,,
ESTAT:EARN_MW_CUR(1.0),31/07/26 11:00:00,S,EUR,US,2019-S1,1098,,
ESTAT:EARN_MW_CUR(1.0),31/07/26 11:00:00,S,EUR,US,2019-S2,1104,,
ESTAT:EARN_MW_CUR(1.0),31/07/26 11:00:00,S,EUR,US,2020-S1,1119,,
ESTAT:EARN_MW_CUR(1.0),31/07/26 11:00:00,S,EUR,US,2020-S2,1122,,
ESTAT:EARN_MW_CUR(1.0),31/07/26 11:00:00,S,EUR,US,2021-S1,1024,,
ESTAT:EARN_MW_CUR(1.0),31/07/26 11:00:00,S,EUR,US,2021-S2,1057,,
ESTAT:EARN_MW_CUR(1.0),31/07/26 11:00:00,S,EUR,US,2022-S1,1110,,
ESTAT:EARN_MW_CUR(1.0),31/07/26 11:00:00,S,EUR,US,2022-S2,1210,,
ESTAT:EARN_MW_CUR(1.0),31/07/26 11:00:00,S,EUR,US,2023-S1,1178,,
ESTAT:EARN_MW_CUR(1.0),31/07/26 11:00:00,S,EUR,US,2023-S2,1157,,
ESTAT:EARN_MW_CUR(1.0),31/07/26 11:00:00,S,EUR,US,2024-S1,1137,,
ESTAT:EARN_MW_CUR(1.0),31/07/26 11:00:00,S,EUR,US,2024-S2,1174,,
ESTAT:EARN_MW_CUR(1.0),31/07/26 11:00:00,S,EUR,US,2025-S1,1210,,
ESTAT:EARN_MW_CUR(1.0),31/07/26 11:00:00,S,EUR,US,2025-S2,1072,,
ESTAT:EARN_MW_CUR(1.0),31/07/26 11:00:00,S,EUR,US,2026-S1,1070,,
ESTAT:EARN_MW_CUR(1.0),31/07/26 11:00:00,S,EUR,US,2026-S2,1103,,
ESTAT:EARN_MW_CUR(1.0),31/07/26 11:00:00,S,NAC,AL,1999-S1,5800,,
ESTAT:EARN_MW_CUR(1.0),31/07/26 11:00:00,S,NAC,AL,1999-S2,6380,,
ESTAT:EARN_MW_CUR(1.0),31/07/26 11:00:00,S,NAC,AL,2000-S1,6380,,
ESTAT:EARN_MW_CUR(1.0),31/07/26 11:00:00,S,NAC,AL,2000-S2,7000,,
ESTAT:EARN_MW_CUR(1.0),31/07/26 11:00:00,S,NAC,AL,2001-S1,7000,,
ESTAT:EARN_MW_CUR(1.0),31/07/26 11:00:00,S,NAC,AL,2001-S2,7580,,
ESTAT:EARN_MW_CUR(1.0),31/07/26 11:00:00,S,NAC,AL,2002-S1,7580,,
ESTAT:EARN_MW_CUR(1.0),31/07/26 11:00:00,S,NAC,AL,2002-S2,9400,,
ESTAT:EARN_MW_CUR(1.0),31/07/26 11:00:00,S,NAC,AL,2003-S1,9400,,
ESTAT:EARN_MW_CUR(1.0),31/07/26 11:00:00,S,NAC,AL,2003-S2,10060,,
ESTAT:EARN_MW_CUR(1.0),31/07/26 11:00:00,S,NAC,AL,2004-S1,10060,,
ESTAT:EARN_MW_CUR(1.0),31/07/26 11:00:00,S,NAC,AL,2004-S2,10800,,
ESTAT:EARN_MW_CUR(1.0),31/07/26 11:00:00,S,NAC,AL,2005-S1,10800,,
ESTAT:EARN_MW_CUR(1.0),31/07/26 11:00:00,S,NAC,AL,2005-S2,11800,,
ESTAT:EARN_MW_CUR(1.0),31/07/26 11:00:00,S,NAC,AL,2006-S1,11800,,
ESTAT:EARN_MW_CUR(1.0),31/07/26 11:00:00,S,NAC,AL,2006-S2,14000,,
ESTAT:EARN_MW_CUR(1.0),31/07/26 11:00:00,S,NAC,AL,2007-S1,14000,,
ESTAT:EARN_MW_CUR(1.0),31/07/26 11:00:00,S,NAC,AL,2007-S2,14000,,
ESTAT:EARN_MW_CUR(1.0),31/07/26 11:00:00,S,NAC,AL,2008-S1,16000,,
ESTAT:EARN_MW_CUR(1.0),31/07/26 11:00:00,S,NAC,AL,2008-S2,17000,,
ESTAT:EARN_MW_CUR(1.0),31/07/26 11:00:00,S,NAC,AL,2009-S1,17000,,
ESTAT:EARN_MW_CUR(1.0),31/07/26 11:00:00,S,NAC,AL,2009-S2,18000,,
ESTAT:EARN_MW_CUR(1.0),31/07/26 11:00:00,S,NAC,AL,2010-S1,18000,,
ESTAT:EARN_MW_CUR(1.0),31/07/26 11:00:00,S,NAC,AL,2010-S2,19000,,
ESTAT:EARN_MW_CUR(1.0),31/07/26 11:00:00,S,NAC,AL,2011-S1,19000,,
ESTAT:EARN_MW_CUR(1.0),31/07/26 11:00:00,S,NAC,AL,2011-S2,20000,,
ESTAT:EARN_MW_CUR(1.0),31/07/26 11:00:00,S,NAC,AL,2012-S1,20000,,
ESTAT:EARN_MW_CUR(1.0),31/07/26 11:00:00,S,NAC,AL,2012-S2,21000,,
ESTAT:EARN_MW_CUR(1.0),31/07/26 11:00:00,S,NAC,AL,2013-S1,21000,,
ESTAT:EARN_MW_CUR(1.0),31/07/26 11:00:00,S,NAC,AL,2013-S2,22000,,
ESTAT:EARN_MW_CUR(1.0),31/07/26 11:00:00,S,NAC,AL,2014-S1,22000,,
ESTAT:EARN_MW_CUR(1.0),31/07/26 11:00:00,S,NAC,AL,2014-S2,22000,,
ESTAT:EARN_MW_CUR(1.0),31/07/26 11:00:00,S,NAC,AL,2015-S1,22000,,
ESTAT:EARN_MW_CUR(1.0),31/07/26 11:00:00,S,NAC,AL,2015-S2,22000,,
ESTAT:EARN_MW_CUR(1.0),31/07/26 11:00:00,S,NAC,AL,2016-S1,22000,,
ESTAT:EARN_MW_CUR(1.0),31/07/26 11:00:00,S,NAC,AL,2016-S2,22000,,
ESTAT:EARN_MW_CUR(1.0),31/07/26 11:00:00,S,NAC,AL,2017-S1,22000,,
ESTAT:EARN_MW_CUR(1.0),31/07/26 11:00:00,S,NAC,AL,2017-S2,24000,,
ESTAT:EARN_MW_CUR(1.0),31/07/26 11:00:00,S,NAC,AL,2018-S1,24000,,
ESTAT:EARN_MW_CUR(1.0),31/07/26 11:00:00,S,NAC,AL,2018-S2,24000,,
ESTAT:EARN_MW_CUR(1.0),31/07/26 11:00:00,S,NAC,AL,2019-S1,26000,,
ESTAT:EARN_MW_CUR(1.0),31/07/26 11:00:00,S,NAC,AL,2019-S2,26000,,
ESTAT:EARN_MW_CUR(1.0),31/07/26 11:00:00,S,NAC,AL,2020-S1,26000,,
ESTAT:EARN_MW_CUR(1.0),31/07/26 11:00:00,S,NAC,AL,2020-S2,26000,,
ESTAT:EARN_MW_CUR(1.0),31/07/26 11:00:00,S,NAC,AL,2021-S1,30000,,
ESTAT:EARN_MW_CUR(1.0),31/07/26 11:00:00,S,NAC,AL,2021-S2,30000,,
ESTAT:EARN_MW_CUR(1.0),31/07/26 11:00:00,S,NAC,AL,2022-S1,30000,,
ESTAT:EARN_MW_CUR(1.0),31/07/26 11:00:00,S,NAC,AL,2022-S2,32000,,
ESTAT:EARN_MW_CUR(1.0),31/07/26 11:00:00,S,NAC,AL,2023-S1,34000,,
ESTAT:EARN_MW_CUR(1.0),31/07/26 11:00:00,S,NAC,AL,2023-S2,40000,,
ESTAT:EARN_MW_CUR(1.0),31/07/26 11:00:00,S,NAC,AL,2024-S1,40000,,
ESTAT:EARN_MW_CUR(1.0),31/07/26 11:00:00,S,NAC,AL,2024-S2,40000,,
ESTAT:EARN_MW_CUR(1.0),31/07/26 11:00:00,S,NAC,AL,2025-S1,40000,,
ESTAT:EARN_MW_CUR(1.0),31/07/26 11:00:00,S,NAC,AL,2025-S2,40000,,
ESTAT:EARN_MW_CUR(1.0),31/07/26 11:00:00,S,NAC,AL,2026-S1,50000,,
ESTAT:EARN_MW_CUR(1.0),31/07/26 11:00:00,S,NAC,AL,2026-S2,50000,,
ESTAT:EARN_MW_CUR(1.0),31/07/26 11:00:00,S,NAC,AT,1999-S1,,m,
ESTAT:EARN_MW_CUR(1.0),31/07/26 11:00:00,S,NAC,AT,1999-S2,,m,
ESTAT:EARN_MW_CUR(1.0),31/07/26 11:00:00,S,NAC,AT,2000-S1,,m,
ESTAT:EARN_MW_CUR(1.0),31/07/26 11:00:00,S,NAC,AT,2000-S2,,m,
ESTAT:EARN_MW_CUR(1.0),31/07/26 11:00:00,S,NAC,AT,2001-S1,,m,
ESTAT:EARN_MW_CUR(1.0),31/07/26 11:00:00,S,NAC,AT,2001-S2,,m,
ESTAT:EARN_MW_CUR(1.0),31/07/26 11:00:00,S,NAC,AT,2002-S1,,m,
ESTAT:EARN_MW_CUR(1.0),31/07/26 11:00:00,S,NAC,AT,2002-S2,,m,
ESTAT:EARN_MW_CUR(1.0),31/07/26 11:00:00,S,NAC,AT,2003-S1,,m,
ESTAT:EARN_MW_CUR(1.0),31/07/26 11:00:00,S,NAC,AT,2003-S2,,m,
ESTAT:EARN_MW_CUR(1.0),31/07/26 11:00:00,S,NAC,AT,2004-S1,,m,
ESTAT:EARN_MW_CUR(1.0),31/07/26 11:00:00,S,NAC,AT,2004-S2,,m,
ESTAT:EARN_MW_CUR(1.0),31/07/26 11:00:00,S,NAC,AT,2005-S1,,m,
ESTAT:EARN_MW_CUR(1.0),31/07/26 11:00:00,S,NAC,AT,2005-S2,,m,
ESTAT:EARN_MW_CUR(1.0),31/07/26 11:00:00,S,NAC,AT,2006-S1,,m,
ESTAT:EARN_MW_CUR(1.0),31/07/26 11:00:00,S,NAC,AT,2006-S2,,m,
ESTAT:EARN_MW_CUR(1.0),31/07/26 11:00:00,S,NAC,AT,2007-S1,,m,
ESTAT:EARN_MW_CUR(1.0),31/07/26 11:00:00,S,NAC,AT,2007-S2,,m,
ESTAT:EARN_MW_CUR(1.0),31/07/26 11:00:00,S,NAC,AT,2008-S1,,m,
ESTAT:EARN_MW_CUR(1.0),31/07/26 11:00:00,S,NAC,AT,2008-S2,,m,
ESTAT:EARN_MW_CUR(1.0),31/07/26 11:00:00,S,NAC,AT,2009-S1,,m,
ESTAT:EARN_MW_CUR(1.0),31/07/26 11:00:00,S,NAC,AT,2009-S2,,m,
ESTAT:EARN_MW_CUR(1.0),31/07/26 11:00:00,S,NAC,AT,2010-S1,,m,
ESTAT:EARN_MW_CUR(1.0),31/07/26 11:00:00,S,NAC,AT,2010-S2,,m,
ESTAT:EARN_MW_CUR(1.0),31/07/26 11:00:00,S,NAC,AT,2011-S1,,m,
ESTAT:EARN_MW_CUR(1.0),31/07/26 11:00:00,S,NAC,AT,2011-S2,,m,
ESTAT:EARN_MW_CUR(1.0),31/07/26 11:00:00,S,NAC,AT,2012-S1,,m,
ESTAT:EARN_MW_CUR(1.0),31/07/26 11:00:00,S,NAC,AT,2012-S2,,m,
ESTAT:EARN_MW_CUR(1.0),31/07/26 11:00:00,S,NAC,AT,2013-S1,,m,
ESTAT:EARN_MW_CUR(1.0),31/07/26 11:00:00,S,NAC,AT,2013-S2,,m,
ESTAT:EARN_MW_CUR(1.0),31/07/26 11:00:00,S,NAC,AT,2014-S1,,m,
ESTAT:EARN_MW_CUR(1.0),31/07/26 11:00:00,S,NAC,AT,2014-S2,,m,
ESTAT:EARN_MW_CUR(1.0),31/07/26 11:00:00,S,NAC,AT,2015-S1,,m,
ESTAT:EARN_MW_CUR(1.0),31/07/26 11:00:00,S,NAC,AT,2015-S2,,m,
ESTAT:EARN_MW_CUR(1.0),31/07/26 11:00:00,S,NAC,AT,2016-S1,,m,
ESTAT:EARN_MW_CUR(1.0),31/07/26 11:00:00,S,NAC,AT,2016-S2,,m,
ESTAT:EARN_MW_CUR(1.0),31/07/26 11:00:00,S,NAC,AT,2017-S1,,m,
ESTAT:EARN_MW_CUR(1.0),31/07/26 11:00:00,S,NAC,AT,2017-S2,,m,
ESTAT:EARN_MW_CUR(1.0),31/07/26 11:00:00,S,NAC,AT,2018-S1,,m,
ESTAT:EARN_MW_CUR(1.0),31/07/26 11:00:00,S,NAC,AT,2018-S2,,m,
ESTAT:EARN_MW_CUR(1.0),31/07/26 11:00:00,S,NAC,AT,2019-S1,,m,
ESTAT:EARN_MW_CUR(1.0),31/07/26 11:00:00,S,NAC,AT,2019-S2,,m,
ESTAT:EARN_MW_CUR(1.0),31/07/26 11:00:00,S,NAC,AT,2020-S1,,m,
ESTAT:EARN_MW_CUR(1.0),31/07/26 11:00:00,S,NAC,AT,2020-S2,,m,
ESTAT:EARN_MW_CUR(1.0),31/07/26 11:00:00,S,NAC,AT,2021-S1,,m,
ESTAT:EARN_MW_CUR(1.0),31/07/26 11:00:00,S,NAC,AT,2021-S2,,m,
ESTAT:EARN_MW_CUR(1.0),31/07/26 11:00:00,S,NAC,AT,2022-S1,,m,
ESTAT:EARN_MW_CUR(1.0),31/07/26 11:00:00,S,NAC,AT,2022-S2,,m,
ESTAT:EARN_MW_CUR(1.0),31/07/26 11:00:00,S,NAC,AT,2023-S1,,m,
ESTAT:EARN_MW_CUR(1.0),31/07/26 11:00:00,S,NAC,AT,2023-S2,,m,
ESTAT:EARN_MW_CUR(1.0),31/07/26 11:00:00,S,NAC,AT,2024-S1,,m,
ESTAT:EARN_MW_CUR(1.0),31/07/26 11:00:00,S,NAC,AT,2024-S2,,m,
ESTAT:EARN_MW_CUR(1.0),31/07/26 11:00:00,S,NAC,AT,2025-S1,,m,
ESTAT:EARN_MW_CUR(1.0),31/07/26 11:00:00,S,NAC,AT,2025-S2,,m,
ESTAT:EARN_MW_CUR(1.0),31/07/26 11:00:00,S,NAC,AT,2026-S1,,m,
ESTAT:EARN_MW_CUR(1.0),31/07/26 11:00:00,S,NAC,AT,2026-S2,,m,
ESTAT:EARN_MW_CUR(1.0),31/07/26 11:00:00,S,NAC,BE,1999-S1,1074,,
ESTAT:EARN_MW_CUR(1.0),31/07/26 11:00:00,S,NAC,BE,1999-S2,1096,,
ESTAT:EARN_MW_CUR(1.0),31/07/26 11:00:00,S,NAC,BE,2000-S1,1096,,
ESTAT:EARN_MW_CUR(1.0),31/07/26 11:00:00,S,NAC,BE,2000-S2,1096,,
ESTAT:EARN_MW_CUR(1.0),31/07/26 11:00:00,S,NAC,BE,2001-S1,1118,,
ESTAT:EARN_MW_CUR(1.0),31/07/26 11:00:00,S,NAC,BE,2001-S2,1140,,
ESTAT:EARN_MW_CUR(1.0),31/07/26 11:00:00,S,NAC,BE,2002-S1,1140,,
ESTAT:EARN_MW_CUR(1.0),31/07/26 11:00:00,S,NAC,BE,2002-S2,1163,,
ESTAT:EARN_MW_CUR(1.0),31/07/26 11:00:00,S,NAC,BE,2003-S1,1163,,
ESTAT:EARN_MW_CUR(1.0),31/07/26 11:00:00,S,NAC,BE,2003-S2,1186,,
ESTAT:EARN_MW_CUR(1.0),31/07/26 11:00:00,S,NAC,BE,2004-S1,1186,,
ESTAT:EARN_MW_CUR(1.0),31/07/26 11:00:00,S,NAC,BE,2004-S2,1186,,
ESTAT:EARN_MW_CUR(1.0),31/07/26 11:00:00,S,NAC,BE,2005-S1,1210,,
ESTAT:EARN_MW_CUR(1.0),31/07/26 11:00:00,S,NAC,BE,2005-S2,1210,,
ESTAT:EARN_MW_CUR(1.0),31/07/26 11:00:00,S,NAC,BE,2006-S1,1234,,
ESTAT:EARN_MW_CUR(1.0),31/07/26 11:00:00,S,NAC,BE,2006-S2,1234,,
ESTAT:EARN_MW_CUR(1.0),31/07/26 11:00:00,S,NAC,BE,2007-S1,1259,,
ESTAT:EARN_MW_CUR(1.0),31/07/26 11:00:00,S,NAC,BE,2007-S2,1283,,
ESTAT:EARN_MW_CUR(1.0),31/07/26 11:00:00,S,NAC,BE,2008-S1,1310,,
ESTAT:EARN_MW_CUR(1.0),31/07/26 11:00:00,S,NAC,BE,2008-S2,1336,,
ESTAT:EARN_MW_CUR(1.0),31/07/26 11:00:00,S,NAC,BE,2009-S1,1388,,
ESTAT:EARN_MW_CUR(1.0),31/07/26 11:00:00,S,NAC,BE,2009-S2,1388,,
ESTAT:EARN_MW_CUR(1.0),31/07/26 11:00:00,S,NAC,BE,2010-S1,1388,,
ESTAT:EARN_MW_CUR(1.0),31/07/26 11:00:00,S,NAC,BE,2010-S2,1388,,
ESTAT:EARN_MW_CUR(1.0),31/07/26 11:00:00,S,NAC,BE,2011-S1,1415,,
ESTAT:EARN_MW_CUR(1.0),31/07/26 11:00:00,S,NAC,BE,2011-S2,1444,,
ESTAT:EARN_MW_CUR(1.0),31/07/26 11:00:00,S,NAC,BE,2012-S1,1444,,
ESTAT:EARN_MW_CUR(1.0),31/07/26 11:00:00,S,NAC,BE,2012-S2,1472,,
ESTAT:EARN_MW_CUR(1.0),31/07/26 11:00:00,S,NAC,BE,2013-S1,1502,,
ESTAT:EARN_MW_CUR(1.0),31/07/26 11:00:00,S,NAC,BE,2013-S2,1502,,
ESTAT:EARN_MW_CUR(1.0),31/07/26 11:00:00,S,NAC,BE,2014-S1,1502,,
ESTAT:EARN_MW_CUR(1.0),31/07/26 11:00:00,S,NAC,BE,2014-S2,1502,,
ESTAT:EARN_MW_CUR(1.0),31/07/26 11:00:00,S,NAC,BE,2015-S1,1502,,
ESTAT:EARN_MW_CUR(1.0),31/07/26 11:00:00,S,NAC,BE,2015-S2,1502,,
ESTAT:EARN_MW_CUR(1.0),31/07/26 11:00:00,S,NAC,BE,2016-S1,1502,,
ESTAT:EARN_MW_CUR(1.0),31/07/26 11:00:00,S,NAC,BE,2016-S2,1532,,
ESTAT:EARN_MW_CUR(1.0),31/07/26 11:00:00,S,NAC,BE,2017-S1,1532,,
ESTAT:EARN_MW_CUR(1.0),31/07/26 11:00:00,S,NAC,BE,2017-S2,1563,,
ESTAT:EARN_MW_CUR(1.0),31/07/26 11:00:00,S,NAC,BE,2018-S1,1563,,
ESTAT:EARN_MW_CUR(1.0),31/07/26 11:00:00,S,NAC,BE,2018-S2,1563,,
ESTAT:EARN_MW_CUR(1.0),31/07/26 11:00:00,S,NAC,BE,2019-S1,1594,,
ESTAT:EARN_MW_CUR(1.0),31/07/26 11:00:00,S,NAC,BE,2019-S2,1594,,
ESTAT:EARN_MW_CUR(1.0),31/07/26 11:00:00,S,NAC,BE,2020-S1,1594,,
ESTAT:EARN_MW_CUR(1.0),31/07/26 11:00:00,S,NAC,BE,2020-S2,1626,,
ESTAT:EARN_MW_CUR(1.0),31/07/26 11:00:00,S,NAC,BE,2021-S1,1626,,
ESTAT:EARN_MW_CUR(1.0),31/07/26 11:00:00,S,NAC,BE,2021-S2,1626,,
ESTAT:EARN_MW_CUR(1.0),31/07/26 11:00:00,S,NAC,BE,2022-S1,1658,,
ESTAT:EARN_MW_CUR(1.0),31/07/26 11:00:00,S,NAC,BE,2022-S2,1842,,
ESTAT:EARN_MW_CUR(1.0),31/07/26 11:00:00,S,NAC,BE,2023-S1,1955,,
ESTAT:EARN_MW_CUR(1.0),31/07/26 11:00:00,S,NAC,BE,2023-S2,1955,,
ESTAT:EARN_MW_CUR(1.0),31/07/26 11:00:00,S,NAC,BE,2024-S1,1994,,
ESTAT:EARN_MW_CUR(1.0),31/07/26 11:00:00,S,NAC,BE,2024-S2,2070,,
ESTAT:EARN_MW_CUR(1.0),31/07/26 11:00:00,S,NAC,BE,2025-S1,2070,,
ESTAT:EARN_MW_CUR(1.0),31/07/26 11:00:00,S,NAC,BE,2025-S2,2112,,
ESTAT:EARN_MW_CUR(1.0),31/07/26 11:00:00,S,NAC,BE,2026-S1,2112,,
ESTAT:EARN_MW_CUR(1.0),31/07/26 11:00:00,S,NAC,BE,2026-S2,2234,,
ESTAT:EARN_MW_CUR(1.0),31/07/26 11:00:00,S,NAC,BG,1999-S1,31,,
ESTAT:EARN_MW_CUR(1.0),31/07/26 11:00:00,S,NAC,BG,1999-S2,34,,
ESTAT:EARN_MW_CUR(1.0),31/07/26 11:00:00,S,NAC,BG,2000-S1,34,,
ESTAT:EARN_MW_CUR(1.0),31/07/26 11:00:00,S,NAC,BG,2000-S2,38,,
ESTAT:EARN_MW_CUR(1.0),31/07/26 11:00:00,S,NAC,BG,2001-S1,40,,
ESTAT:EARN_MW_CUR(1.0),31/07/26 11:00:00,S,NAC,BG,2001-S2,43,,
ESTAT:EARN_MW_CUR(1.0),31/07/26 11:00:00,S,NAC,BG,2002-S1,51,,
ESTAT:EARN_MW_CUR(1.0),31/07/26 11:00:00,S,NAC,BG,2002-S2,51,,
ESTAT:EARN_MW_CUR(1.0),31/07/26 11:00:00,S,NAC,BG,2003-S1,56,,
ESTAT:EARN_MW_CUR(1.0),31/07/26 11:00:00,S,NAC,BG,2003-S2,56,,
ESTAT:EARN_MW_CUR(1.0),31/07/26 11:00:00,S,NAC,BG,2004-S1,61,,
ESTAT:EARN_MW_CUR(1.0),31/07/26 11:00:00,S,NAC,BG,2004-S2,61,,
ESTAT:EARN_MW_CUR(1.0),31/07/26 11:00:00,S,NAC,BG,2005-S1,77,,
ESTAT:EARN_MW_CUR(1.0),31/07/26 11:00:00,S,NAC,BG,2005-S2,77,,
ESTAT:EARN_MW_CUR(1.0),31/07/26 11:00:00,S,NAC,BG,2006-S1,82,,
ESTAT:EARN_MW_CUR(1.0),31/07/26 11:00:00,S,NAC,BG,2006-S2,82,,
ESTAT:EARN_MW_CUR(1.0),31/07/26 11:00:00,S,NAC,BG,2007-S1,92,,
ESTAT:EARN_MW_CUR(1.0),31/07/26 11:00:00,S,NAC,BG,2007-S2,92,,
ESTAT:EARN_MW_CUR(1.0),31/07/26 11:00:00,S,NAC,BG,2008-S1,112,,
ESTAT:EARN_MW_CUR(1.0),31/07/26 11:00:00,S,NAC,BG,2008-S2,112,,
ESTAT:EARN_MW_CUR(1.0),31/07/26 11:00:00,S,NAC,BG,2009-S1,123,,
ESTAT:EARN_MW_CUR(1.0),31/07/26 11:00:00,S,NAC,BG,2009-S2,123,,
ESTAT:EARN_MW_CUR(1.0),31/07/26 11:00:00,S,NAC,BG,2010-S1,123,,
ESTAT:EARN_MW_CUR(1.0),31/07/26 11:00:00,S,NAC,BG,2010-S2,123,,
ESTAT:EARN_MW_CUR(1.0),31/07/26 11:00:00,S,NAC,BG,2011-S1,123,,
ESTAT:EARN_MW_CUR(1.0),31/07/26 11:00:00,S,NAC,BG,2011-S2,123,,
ESTAT:EARN_MW_CUR(1.0),31/07/26 11:00:00,S,NAC,BG,2012-S1,138,,
ESTAT:EARN_MW_CUR(1.0),31/07/26 11:00:00,S,NAC,BG,2012-S2,148,,
ESTAT:EARN_MW_CUR(1.0),31/07/26 11:00:00,S,NAC,BG,2013-S1,159,,
ESTAT:EARN_MW_CUR(1.0),31/07/26 11:00:00,S,NAC,BG,2013-S2,159,,
ESTAT:EARN_MW_CUR(1.0),31/07/26 11:00:00,S,NAC,BG,2014-S1,174,,
ESTAT:EARN_MW_CUR(1.0),31/07/26 11:00:00,S,NAC,BG,2014-S2,174,,
ESTAT:EARN_MW_CUR(1.0),31/07/26 11:00:00,S,NAC,BG,2015-S1,184,,
ESTAT:EARN_MW_CUR(1.0),31/07/26 11:00:00,S,NAC,BG,2015-S2,194,,
ESTAT:EARN_MW_CUR(1.0),31/07/26 11:00:00,S,NAC,BG,2016-S1,215,,
ESTAT:EARN_MW_CUR(1.0),31/07/26 11:00:00,S,NAC,BG,2016-S2,215,,
ESTAT:EARN_MW_CUR(1.0),31/07/26 11:00:00,S,NAC,BG,2017-S1,235,,
ESTAT:EARN_MW_CUR(1.0),31/07/26 11:00:00,S,NAC,BG,2017-S2,235,,
ESTAT:EARN_MW_CUR(1.0),31/07/26 11:00:00,S,NAC,BG,2018-S1,261,,
ESTAT:EARN_MW_CUR(1.0),31/07/26 11:00:00,S,NAC,BG,2018-S2,261,,
ESTAT:EARN_MW_CUR(1.0),31/07/26 11:00:00,S,NAC,BG,2019-S1,286,,
ESTAT:EARN_MW_CUR(1.0),31/07/26 11:00:00,S,NAC,BG,2019-S2,286,,
ESTAT:EARN_MW_CUR(1.0),31/07/26 11:00:00,S,NAC,BG,2020-S1,312,,
ESTAT:EARN_MW_CUR(1.0),31/07/26 11:00:00,S,NAC,BG,2020-S2,312,,
ESTAT:EARN_MW_CUR(1.0),31/07/26 11:00:00,S,NAC,BG,2021-S1,332,,
ESTAT:EARN_MW_CUR(1.0),31/07/26 11:00:00,S,NAC,BG,2021-S2,332,,
ESTAT:EARN_MW_CUR(1.0),31/07/26 11:00:00,S,NAC,BG,2022-S1,332,,
ESTAT:EARN_MW_CUR(1.0),31/07/26 11:00:00,S,NAC,BG,2022-S2,363,,
ESTAT:EARN_MW_CUR(1.0),31/07/26 11:00:00,S,NAC,BG,2023-S1,399,,
ESTAT:EARN_MW_CUR(1.0),31/07/26 11:00:00,S,NAC,BG,2023-S2,399,,
ESTAT:EARN_MW_CUR(1.0),31/07/26 11:00:00,S,NAC,BG,2024-S1,477,,
ESTAT:EARN_MW_CUR(1.0),31/07/26 11:00:00,S,NAC,BG,2024-S2,477,,
ESTAT:EARN_MW_CUR(1.0),31/07/26 11:00:00,S,NAC,BG,2025-S1,551,,
ESTAT:EARN_MW_CUR(1.0),31/07/26 11:00:00,S,NAC,BG,2025-S2,551,,
ESTAT:EARN_MW_CUR(1.0),31/07/26 11:00:00,S,NAC,BG,2026-S1,620,,
ESTAT:EARN_MW_CUR(1.0),31/07/26 11:00:00,S,NAC,BG,2026-S2,620,,
ESTAT:EARN_MW_CUR(1.0),31/07/26 11:00:00,S,NAC,CH,1999-S1,,m,
ESTAT:EARN_MW_CUR(1.0),31/07/26 11:00:00,S,NAC,CH,1999-S2,,m,
ESTAT:EARN_MW_CUR(1.0),31/07/26 11:00:00,S,NAC,CH,2000-S1,,m,
ESTAT:EARN_MW_CUR(1.0),31/07/26 11:00:00,S,NAC,CH,2000-S2,,m,
ESTAT:EARN_MW_CUR(1.0),31/07/26 11:00:00,S,NAC,CH,2001-S1,,m,
ESTAT:EARN_MW_CUR(1.0),31/07/26 11:00:00,S,NAC,CH,2001-S2,,m,
ESTAT:EARN_MW_CUR(1.0),31/07/26 11:00:00,S,NAC,CH,2002-S1,,m,
ESTAT:EARN_MW_CUR(1.0),31/07/26 11:00:00,S,NAC,CH,2002-S2,,m,
ESTAT:EARN_MW_CUR(1.0),31/07/26 11:00:00,S,NAC,CH,2003-S1,,m,
ESTAT:EARN_MW_CUR(1.0),31/07/26 11:00:00,S,NAC,CH,2003-S2,,m,
ESTAT:EARN_MW_CUR(1.0),31/07/26 11:00:00,S,NAC,CH,2004-S1,,m,
ESTAT:EARN_MW_CUR(1.0),31/07/26 11:00:00,S,NAC,CH,2004-S2,,m,
ESTAT:EARN_MW_CUR(1.0),31/07/26 11:00:00,S,NAC,CH,2005-S1,,m,
ESTAT:EARN_MW_CUR(1.0),31/07/26 11:00:00,S,NAC,CH,2005-S2,,m,
ESTAT:EARN_MW_CUR(1.0),31/07/26 11:00:00,S,NAC,CH,2006-S1,,m,
ESTAT:EARN_MW_CUR(1.0),31/07/26 11:00:00,S,NAC,CH,2006-S2,,m,
ESTAT:EARN_MW_CUR(1.0),31/07/26 11:00:00,S,NAC,CH,2007-S1,,m,
ESTAT:EARN_MW_CUR(1.0),31/07/26 11:00:00,S,NAC,CH,2007-S2,,m,
ESTAT:EARN_MW_CUR(1.0),31/07/26 11:00:00,S,NAC,CH,2008-S1,,m,
ESTAT:EARN_MW_CUR(1.0),31/07/26 11:00:00,S,NAC,CH,2008-S2,,m,
ESTAT:EARN_MW_CUR(1.0),31/07/26 11:00:00,S,NAC,CH,2009-S1,,m,
ESTAT:EARN_MW_CUR(1.0),31/07/26 11:00:00,S,NAC,CH,2009-S2,,m,
ESTAT:EARN_MW_CUR(1.0),31/07/26 11:00:00,S,NAC,CH,2010-S1,,m,
ESTAT:EARN_MW_CUR(1.0),31/07/26 11:00:00,S,NAC,CH,2010-S2,,m,
ESTAT:EARN_MW_CUR(1.0),31/07/26 11:00:00,S,NAC,CH,2011-S1,,m,
ESTAT:EARN_MW_CUR(1.0),31/07/26 11:00:00,S,NAC,CH,2011-S2,,m,
ESTAT:EARN_MW_CUR(1.0),31/07/26 11:00:00,S,NAC,CH,2012-S1,,m,
ESTAT:EARN_MW_CUR(1.0),31/07/26 11:00:00,S,NAC,CH,2012-S2,,m,
ESTAT:EARN_MW_CUR(1.0),31/07/26 11:00:00,S,NAC,CH,2013-S1,,m,
ESTAT:EARN_MW_CUR(1.0),31/07/26 11:00:00,S,NAC,CH,2013-S2,,m,
ESTAT:EARN_MW_CUR(1.0),31/07/26 11:00:00,S,NAC,CH,2014-S1,,m,
ESTAT:EARN_MW_CUR(1.0),31/07/26 11:00:00,S,NAC,CH,2014-S2,,m,
ESTAT:EARN_MW_CUR(1.0),31/07/26 11:00:00,S,NAC,CH,2015-S1,,m,
ESTAT:EARN_MW_CUR(1.0),31/07/26 11:00:00,S,NAC,CH,2015-S2,,m,
ESTAT:EARN_MW_CUR(1.0),31/07/26 11:00:00,S,NAC,CH,2016-S1,,m,
ESTAT:EARN_MW_CUR(1.0),31/07/26 11:00:00,S,NAC,CH,2016-S2,,m,
ESTAT:EARN_MW_CUR(1.0),31/07/26 11:00:00,S,NAC,CH,2017-S1,,m,
ESTAT:EARN_MW_CUR(1.0),31/07/26 11:00:00,S,NAC,CH,2017-S2,,m,
ESTAT:EARN_MW_CUR(1.0),31/07/26 11:00:00,S,NAC,CH,2018-S1,,m,
ESTAT:EARN_MW_CUR(1.0),31/07/26 11:00:00,S,NAC,CH,2018-S2,,m,
ESTAT:EARN_MW_CUR(1.0),31/07/26 11:00:00,S,NAC,CH,2019-S1,,m,
ESTAT:EARN_MW_CUR(1.0),31/07/26 11:00:00,S,NAC,CH,2019-S2,,m,
ESTAT:EARN_MW_CUR(1.0),31/07/26 11:00:00,S,NAC,CH,2020-S1,,m,
ESTAT:EARN_MW_CUR(1.0),31/07/26 11:00:00,S,NAC,CH,2020-S2,,m,
ESTAT:EARN_MW_CUR(1.0),31/07/26 11:00:00,S,NAC,CH,2021-S1,,m,
ESTAT:EARN_MW_CUR(1.0),31/07/26 11:00:00,S,NAC,CH,2021-S2,,m,
ESTAT:EARN_MW_CUR(1.0),31/07/26 11:00:00,S,NAC,CH,2022-S1,,m,
ESTAT:EARN_MW_CUR(1.0),31/07/26 11:00:00,S,NAC,CH,2022-S2,,m,
ESTAT:EARN_MW_CUR(1.0),31/07/26 11:00:00,S,NAC,CH,2023-S1,,m,
ESTAT:EARN_MW_CUR(1.0),31/07/26 11:00:00,S,NAC,CH,2023-S2,,m,
ESTAT:EARN_MW_CUR(1.0),31/07/26 11:00:00,S,NAC,CH,2024-S1,,m,
ESTAT:EARN_MW_CUR(1.0),31/07/26 11:00:00,S,NAC,CH,2024-S2,,m,
ESTAT:EARN_MW_CUR(1.0),31/07/26 11:00:00,S,NAC,CH,2025-S1,,m,
ESTAT:EARN_MW_CUR(1.0),31/07/26 11:00:00,S,NAC,CH,2025-S2,,m,
ESTAT:EARN_MW_CUR(1.0),31/07/26 11:00:00,S,NAC,CH,2026-S1,,m,
ESTAT:EARN_MW_CUR(1.0),31/07/26 11:00:00,S,NAC,CH,2026-S2,,m,
ESTAT:EARN_MW_CUR(1.0),31/07/26 11:00:00,S,NAC,CY,1999-S1,,m,
ESTAT:EARN_MW_CUR(1.0),31/07/26 11:00:00,S,NAC,CY,1999-S2,,m,
ESTAT:EARN_MW_CUR(1.0),31/07/26 11:00:00,S,NAC,CY,2000-S1,,m,
ESTAT:EARN_MW_CUR(1.0),31/07/26 11:00:00,S,NAC,CY,2000-S2,,m,
ESTAT:EARN_MW_CUR(1.0),31/07/26 11:00:00,S,NAC,CY,2001-S1,,m,
ESTAT:EARN_MW_CUR(1.0),31/07/26 11:00:00,S,NAC,CY,2001-S2,,m,
ESTAT:EARN_MW_CUR(1.0),31/07/26 11:00:00,S,NAC,CY,2002-S1,,m,
ESTAT:EARN_MW_CUR(1.0),31/07/26 11:00:00,S,NAC,CY,2002-S2,,m,
ESTAT:EARN_MW_CUR(1.0),31/07/26 11:00:00,S,NAC,CY,2003-S1,,m,
ESTAT:EARN_MW_CUR(1.0),31/07/26 11:00:00,S,NAC,CY,2003-S2,,m,
ESTAT:EARN_MW_CUR(1.0),31/07/26 11:00:00,S,NAC,CY,2004-S1,,m,
ESTAT:EARN_MW_CUR(1.0),31/07/26 11:00:00,S,NAC,CY,2004-S2,,m,
ESTAT:EARN_MW_CUR(1.0),31/07/26 11:00:00,S,NAC,CY,2005-S1,,m,
ESTAT:EARN_MW_CUR(1.0),31/07/26 11:00:00,S,NAC,CY,2005-S2,,m,
ESTAT:EARN_MW_CUR(1.0),31/07/26 11:00:00,S,NAC,CY,2006-S1,,m,
ESTAT:EARN_MW_CUR(1.0),31/07/26 11:00:00,S,NAC,CY,2006-S2,,m,
ESTAT:EARN_MW_CUR(1.0),31/07/26 11:00:00,S,NAC,CY,2007-S1,,m,
ESTAT:EARN_MW_CUR(1.0),31/07/26 11:00:00,S,NAC,CY,2007-S2,,m,
ESTAT:EARN_MW_CUR(1.0),31/07/26 11:00:00,S,NAC,CY,2008-S1,,m,
ESTAT:EARN_MW_CUR(1.0),31/07/26 11:00:00,S,NAC,CY,2008-S2,,m,
ESTAT:EARN_MW_CUR(1.0),31/07/26 11:00:00,S,NAC,CY,2009-S1,,m,
ESTAT:EARN_MW_CUR(1.0),31/07/26 11:00:00,S,NAC,CY,2009-S2,,m,
ESTAT:EARN_MW_CUR(1.0),31/07/26 11:00:00,S,NAC,CY,2010-S1,,m,
ESTAT:EARN_MW_CUR(1.0),31/07/26 11:00:00,S,NAC,CY,2010-S2,,m,
ESTAT:EARN_MW_CUR(1.0),31/07/26 11:00:00,S,NAC,CY,2011-S1,,m,
ESTAT:EARN_MW_CUR(1.0),31/07/26 11:00:00,S,NAC,CY,2011-S2,,m,
ESTAT:EARN_MW_CUR(1.0),31/07/26 11:00:00,S,NAC,CY,2012-S1,,m,
ESTAT:EARN_MW_CUR(1.0),31/07/26 11:00:00,S,NAC,CY,2012-S2,,m,
ESTAT:EARN_MW_CUR(1.0),31/07/26 11:00:00,S,NAC,CY,2013-S1,,m,
ESTAT:EARN_MW_CUR(1.0),31/07/26 11:00:00,S,NAC,CY,2013-S2,,m,
ESTAT:EARN_MW_CUR(1.0),31/07/26 11:00:00,S,NAC,CY,2014-S1,,m,
ESTAT:EARN_MW_CUR(1.0),31/07/26 11:00:00,S,NAC,CY,2014-S2,,m,
ESTAT:EARN_MW_CUR(1.0),31/07/26 11:00:00,S,NAC,CY,2015-S1,,m,
ESTAT:EARN_MW_CUR(1.0),31/07/26 11:00:00,S,NAC,CY,2015-S2,,m,
ESTAT:EARN_MW_CUR(1.0),31/07/26 11:00:00,S,NAC,CY,2016-S1,,m,
ESTAT:EARN_MW_CUR(1.0),31/07/26 11:00:00,S,NAC,CY,2016-S2,,m,
ESTAT:EARN_MW_CUR(1.0),31/07/26 11:00:00,S,NAC,CY,2017-S1,,m,
ESTAT:EARN_MW_CUR(1.0),31/07/26 11:00:00,S,NAC,CY,2017-S2,,m,
ESTAT:EARN_MW_CUR(1.0),31/07/26 11:00:00,S,NAC,CY,2018-S1,,m,
ESTAT:EARN_MW_CUR(1.0),31/07/26 11:00:00,S,NAC,CY,2018-S2,,m,
ESTAT:EARN_MW_CUR(1.0),31/07/26 11:00:00,S,NAC,CY,2019-S1,,m,
ESTAT:EARN_MW_CUR(1.0),31/07/26 11:00:00,S,NAC,CY,2019-S2,,m,
ESTAT:EARN_MW_CUR(1.0),31/07/26 11:00:00,S,NAC,CY,2020-S1,,m,
ESTAT:EARN_MW_CUR(1.0),31/07/26 11:00:00,S,NAC,CY,2020-S2,,m,
ESTAT:EARN_MW_CUR(1.0),31/07/26 11:00:00,S,NAC,CY,2021-S1,,m,
ESTAT:EARN_MW_CUR(1.0),31/07/26 11:00:00,S,NAC,CY,2021-S2,,m,
ESTAT:EARN_MW_CUR(1.0),31/07/26 11:00:00,S,NAC,CY,2022-S1,,m,
ESTAT:EARN_MW_CUR(1.0),31/07/26 11:00:00,S,NAC,CY,2022-S2,,m,
ESTAT:EARN_MW_CUR(1.0),31/07/26 11:00:00,S,NAC,CY,2023-S1,940,,
ESTAT:EARN_MW_CUR(1.0),31/07/26 11:00:00,S,NAC,CY,2023-S2,940,,
ESTAT:EARN_MW_CUR(1.0),31/07/26 11:00:00,S,NAC,CY,2024-S1,1000,,
ESTAT:EARN_MW_CUR(1.0),31/07/26 11:00:00,S,NAC,CY,2024-S2,1000,,
ESTAT:EARN_MW_CUR(1.0),31/07/26 11:00:00,S,NAC,CY,2025-S1,1000,,
ESTAT:EARN_MW_CUR(1.0),31/07/26 11:00:00,S,NAC,CY,2025-S2,1000,,
ESTAT:EARN_MW_CUR(1.0),31/07/26 11:00:00,S,NAC,CY,2026-S1,1088,,
ESTAT:EARN_MW_CUR(1.0),31/07/26 11:00:00,S,NAC,CY,2026-S2,1088,,
ESTAT:EARN_MW_CUR(1.0),31/07/26 11:00:00,S,NAC,CZ,1999-S1,3250,,
ESTAT:EARN_MW_CUR(1.0),31/07/26 11:00:00,S,NAC,CZ,1999-S2,3600,,
ESTAT:EARN_MW_CUR(1.0),31/07/26 11:00:00,S,NAC,CZ,2000-S1,4000,,
ESTAT:EARN_MW_CUR(1.0),31/07/26 11:00:00,S,NAC,CZ,2000-S2,4500,,
ESTAT:EARN_MW_CUR(1.0),31/07/26 11:00:00,S,NAC,CZ,2001-S1,5000,,
ESTAT:EARN_MW_CUR(1.0),31/07/26 11:00:00,S,NAC,CZ,2001-S2,5000,,
ESTAT:EARN_MW_CUR(1.0),31/07/26 11:00:00,S,NAC,CZ,2002-S1,5700,,
ESTAT:EARN_MW_CUR(1.0),31/07/26 11:00:00,S,NAC,CZ,2002-S2,5700,,
ESTAT:EARN_MW_CUR(1.0),31/07/26 11:00:00,S,NAC,CZ,2003-S1,6200,,
ESTAT:EARN_MW_CUR(1.0),31/07/26 11:00:00,S,NAC,CZ,2003-S2,6200,,
ESTAT:EARN_MW_CUR(1.0),31/07/26 11:00:00,S,NAC,CZ,2004-S1,6700,,
ESTAT:EARN_MW_CUR(1.0),31/07/26 11:00:00,S,NAC,CZ,2004-S2,6700,,
ESTAT:EARN_MW_CUR(1.0),31/07/26 11:00:00,S,NAC,CZ,2005-S1,7185,,
ESTAT:EARN_MW_CUR(1.0),31/07/26 11:00:00,S,NAC,CZ,2005-S2,7185,,
ESTAT:EARN_MW_CUR(1.0),31/07/26 11:00:00,S,NAC,CZ,2006-S1,7570,,
ESTAT:EARN_MW_CUR(1.0),31/07/26 11:00:00,S,NAC,CZ,2006-S2,7955,,
ESTAT:EARN_MW_CUR(1.0),31/07/26 11:00:00,S,NAC,CZ,2007-S1,8000,,
ESTAT:EARN_MW_CUR(1.0),31/07/26 11:00:00,S,NAC,CZ,2007-S2,8000,,
ESTAT:EARN_MW_CUR(1.0),31/07/26 11:00:00,S,NAC,CZ,2008-S1,8000,,
ESTAT:EARN_MW_CUR(1.0),31/07/26 11:00:00,S,NAC,CZ,2008-S2,8000,,
ESTAT:EARN_MW_CUR(1.0),31/07/26 11:00:00,S,NAC,CZ,2009-S1,8000,,
ESTAT:EARN_MW_CUR(1.0),31/07/26 11:00:00,S,NAC,CZ,2009-S2,8000,,
ESTAT:EARN_MW_CUR(1.0),31/07/26 11:00:00,S,NAC,CZ,2010-S1,8000,,
ESTAT:EARN_MW_CUR(1.0),31/07/26 11:00:00,S,NAC,CZ,2010-S2,8000,,
ESTAT:EARN_MW_CUR(1.0),31/07/26 11:00:00,S,NAC,CZ,2011-S1,8000,,
ESTAT:EARN_MW_CUR(1.0),31/07/26 11:00:00,S,NAC,CZ,2011-S2,8000,,
ESTAT:EARN_MW_CUR(1.0),31/07/26 11:00:00,S,NAC,CZ,2012-S1,8000,,
ESTAT:EARN_MW_CUR(1.0),31/07/26 11:00:00,S,NAC,CZ,2012-S2,8000,,
ESTAT:EARN_MW_CUR(1.0),31/07/26 11:00:00,S,NAC,CZ,2013-S1,8000,,
ESTAT:EARN_MW_CUR(1.0),31/07/26 11:00:00,S,NAC,CZ,2013-S2,8000,,
ESTAT:EARN_MW_CUR(1.0),31/07/26 11:00:00,S,NAC,CZ,2014-S1,8500,,
ESTAT:EARN_MW_CUR(1.0),31/07/26 11:00:00,S,NAC,CZ,2014-S2,8500,,
ESTAT:EARN_MW_CUR(1.0),31/07/26 11:00:00,S,NAC,CZ,2015-S1,9200,,
ESTAT:EARN_MW_CUR(1.0),31/07/26 11:00:00,S,NAC,CZ,2015-S2,9200,,
ESTAT:EARN_MW_CUR(1.0),31/07/26 11:00:00,S,NAC,CZ,2016-S1,9900,,
ESTAT:EARN_MW_CUR(1.0),31/07/26 11:00:00,S,NAC,CZ,2016-S2,9900,,
ESTAT:EARN_MW_CUR(1.0),31/07/26 11:00:00,S,NAC,CZ,2017-S1,11000,,
ESTAT:EARN_MW_CUR(1.0),31/07/26 11:00:00,S,NAC,CZ,2017-S2,11000,,
ESTAT:EARN_MW_CUR(1.0),31/07/26 11:00:00,S,NAC,CZ,2018-S1,12200,,
ESTAT:EARN_MW_CUR(1.0),31/07/26 11:00:00,S,NAC,CZ,2018-S2,12200,,
ESTAT:EARN_MW_CUR(1.0),31/07/26 11:00:00,S,NAC,CZ,2019-S1,13350,,
ESTAT:EARN_MW_CUR(1.0),31/07/26 11:00:00,S,NAC,CZ,2019-S2,13350,,
ESTAT:EARN_MW_CUR(1.0),31/07/26 11:00:00,S,NAC,CZ,2020-S1,14600,,
ESTAT:EARN_MW_CUR(1.0),31/07/26 11:00:00,S,NAC,CZ,2020-S2,14600,,
ESTAT:EARN_MW_CUR(1.0),31/07/26 11:00:00,S,NAC,CZ,2021-S1,15200,,
ESTAT:EARN_MW_CUR(1.0),31/07/26 11:00:00,S,NAC,CZ,2021-S2,15200,,
ESTAT:EARN_MW_CUR(1.0),31/07/26 11:00:00,S,NAC,CZ,2022-S1,16200,,
ESTAT:EARN_MW_CUR(1.0),31/07/26 11:00:00,S,NAC,CZ,2022-S2,16200,,
ESTAT:EARN_MW_CUR(1.0),31/07/26 11:00:00,S,NAC,CZ,2023-S1,17300,,
ESTAT:EARN_MW_CUR(1.0),31/07/26 11:00:00,S,NAC,CZ,2023-S2,17300,,
ESTAT:EARN_MW_CUR(1.0),31/07/26 11:00:00,S,NAC,CZ,2024-S1,18900,,
ESTAT:EARN_MW_CUR(1.0),31/07/26 11:00:00,S,NAC,CZ,2024-S2,18900,,
ESTAT:EARN_MW_CUR(1.0),31/07/26 11:00:00,S,NAC,CZ,2025-S1,20800,,
ESTAT:EARN_MW_CUR(1.0),31/07/26 11:00:00,S,NAC,CZ,2025-S2,20800,,
ESTAT:EARN_MW_CUR(1.0),31/07/26 11:00:00,S,NAC,CZ,2026-S1,22400,,
ESTAT:EARN_MW_CUR(1.0),31/07/26 11:00:00,S,NAC,CZ,2026-S2,22400,,
ESTAT:EARN_MW_CUR(1.0),31/07/26 11:00:00,S,NAC,DE,1999-S1,,m,
ESTAT:EARN_MW_CUR(1.0),31/07/26 11:00:00,S,NAC,DE,1999-S2,,m,
ESTAT:EARN_MW_CUR(1.0),31/07/26 11:00:00,S,NAC,DE,2000-S1,,m,
ESTAT:EARN_MW_CUR(1.0),31/07/26 11:00:00,S,NAC,DE,2000-S2,,m,
ESTAT:EARN_MW_CUR(1.0),31/07/26 11:00:00,S,NAC,DE,2001-S1,,m,
ESTAT:EARN_MW_CUR(1.0),31/07/26 11:00:00,S,NAC,DE,2001-S2,,m,
ESTAT:EARN_MW_CUR(1.0),31/07/26 11:00:00,S,NAC,DE,2002-S1,,m,
ESTAT:EARN_MW_CUR(1.0),31/07/26 11:00:00,S,NAC,DE,2002-S2,,m,
ESTAT:EARN_MW_CUR(1.0),31/07/26 11:00:00,S,NAC,DE,2003-S1,,m,
ESTAT:EARN_MW_CUR(1.0),31/07/26 11:00:00,S,NAC,DE,2003-S2,,m,
ESTAT:EARN_MW_CUR(1.0),31/07/26 11:00:00,S,NAC,DE,2004-S1,,m,
ESTAT:EARN_MW_CUR(1.0),31/07/26 11:00:00,S,NAC,DE,2004-S2,,m,
ESTAT:EARN_MW_CUR(1.0),31/07/26 11:00:00,S,NAC,DE,2005-S1,,m,
ESTAT:EARN_MW_CUR(1.0),31/07/26 11:00:00,S,NAC,DE,2005-S2,,m,
ESTAT:EARN_MW_CUR(1.0),31/07/26 11:00:00,S,NAC,DE,2006-S1,,m,
ESTAT:EARN_MW_CUR(1.0),31/07/26 11:00:00,S,NAC,DE,2006-S2,,m,
ESTAT:EARN_MW_CUR(1.0),31/07/26 11:00:00,S,NAC,DE,2007-S1,,m,
ESTAT:EARN_MW_CUR(1.0),31/07/26 11:00:00,S,NAC,DE,2007-S2,,m,
ESTAT:EARN_MW_CUR(1.0),31/07/26 11:00:00,S,NAC,DE,2008-S1,,m,
ESTAT:EARN_MW_CUR(1.0),31/07/26 11:00:00,S,NAC,DE,2008-S2,,m,
ESTAT:EARN_MW_CUR(1.0),31/07/26 11:00:00,S,NAC,DE,2009-S1,,m,
ESTAT:EARN_MW_CUR(1.0),31/07/26 11:00:00,S,NAC,DE,2009-S2,,m,
ESTAT:EARN_MW_CUR(1.0),31/07/26 11:00:00,S,NAC,DE,2010-S1,,m,
ESTAT:EARN_MW_CUR(1.0),31/07/26 11:00:00,S,NAC,DE,2010-S2,,m,
ESTAT:EARN_MW_CUR(1.0),31/07/26 11:00:00,S,NAC,DE,2011-S1,,m,
ESTAT:EARN_MW_CUR(1.0),31/07/26 11:00:00,S,NAC,DE,2011-S2,,m,
ESTAT:EARN_MW_CUR(1.0),31/07/26 11:00:00,S,NAC,DE,2012-S1,,m,
ESTAT:EARN_MW_CUR(1.0),31/07/26 11:00:00,S,NAC,DE,2012-S2,,m,
ESTAT:EARN_MW_CUR(1.0),31/07/26 11:00:00,S,NAC,DE,2013-S1,,m,
ESTAT:EARN_MW_CUR(1.0),31/07/26 11:00:00,S,NAC,DE,2013-S2,,m,
ESTAT:EARN_MW_CUR(1.0),31/07/26 11:00:00,S,NAC,DE,2014-S1,,m,
ESTAT:EARN_MW_CUR(1.0),31/07/26 11:00:00,S,NAC,DE,2014-S2,,m,
ESTAT:EARN_MW_CUR(1.0),31/07/26 11:00:00,S,NAC,DE,2015-S1,1444,,
ESTAT:EARN_MW_CUR(1.0),31/07/26 11:00:00,S,NAC,DE,2015-S2,1444,,
ESTAT:EARN_MW_CUR(1.0),31/07/26 11:00:00,S,NAC,DE,2016-S1,1444,,
ESTAT:EARN_MW_CUR(1.0),31/07/26 11:00:00,S,NAC,DE,2016-S2,1444,,
ESTAT:EARN_MW_CUR(1.0),31/07/26 11:00:00,S,NAC,DE,2017-S1,1506,,
ESTAT:EARN_MW_CUR(1.0),31/07/26 11:00:00,S,NAC,DE,2017-S2,1506,,
ESTAT:EARN_MW_CUR(1.0),31/07/26 11:00:00,S,NAC,DE,2018-S1,1506,,
ESTAT:EARN_MW_CUR(1.0),31/07/26 11:00:00,S,NAC,DE,2018-S2,1506,,
ESTAT:EARN_MW_CUR(1.0),31/07/26 11:00:00,S,NAC,DE,2019-S1,1561,,
ESTAT:EARN_MW_CUR(1.0),31/07/26 11:00:00,S,NAC,DE,2019-S2,1561,,
ESTAT:EARN_MW_CUR(1.0),31/07/26 11:00:00,S,NAC,DE,2020-S1,1544,,
ESTAT:EARN_MW_CUR(1.0),31/07/26 11:00:00,S,NAC,DE,2020-S2,1544,,
ESTAT:EARN_MW_CUR(1.0),31/07/26 11:00:00,S,NAC,DE,2021-S1,1585,,
ESTAT:EARN_MW_CUR(1.0),31/07/26 11:00:00,S,NAC,DE,2021-S2,1602,,
ESTAT:EARN_MW_CUR(1.0),31/07/26 11:00:00,S,NAC,DE,2022-S1,1634,,
ESTAT:EARN_MW_CUR(1.0),31/07/26 11:00:00,S,NAC,DE,2022-S2,1739,,
ESTAT:EARN_MW_CUR(1.0),31/07/26 11:00:00,S,NAC,DE,2023-S1,1997,,
ESTAT:EARN_MW_CUR(1.0),31/07/26 11:00:00,S,NAC,DE,2023-S2,1997,,
ESTAT:EARN_MW_CUR(1.0),31/07/26 11:00:00,S,NAC,DE,2024-S1,2054,,
ESTAT:EARN_MW_CUR(1.0),31/07/26 11:00:00,S,NAC,DE,2024-S2,2054,,
ESTAT:EARN_MW_CUR(1.0),31/07/26 11:00:00,S,NAC,DE,2025-S1,2161,,
ESTAT:EARN_MW_CUR(1.0),31/07/26 11:00:00,S,NAC,DE,2025-S2,2161,,
ESTAT:EARN_MW_CUR(1.0),31/07/26 11:00:00,S,NAC,DE,2026-S1,2343,,
ESTAT:EARN_MW_CUR(1.0),31/07/26 11:00:00,S,NAC,DE,2026-S2,2343,,
ESTAT:EARN_MW_CUR(1.0),31/07/26 11:00:00,S,NAC,DK,1999-S1,,m,
ESTAT:EARN_MW_CUR(1.0),31/07/26 11:00:00,S,NAC,DK,1999-S2,,m,
ESTAT:EARN_MW_CUR(1.0),31/07/26 11:00:00,S,NAC,DK,2000-S1,,m,
ESTAT:EARN_MW_CUR(1.0),31/07/26 11:00:00,S,NAC,DK,2000-S2,,m,
ESTAT:EARN_MW_CUR(1.0),31/07/26 11:00:00,S,NAC,DK,2001-S1,,m,
ESTAT:EARN_MW_CUR(1.0),31/07/26 11:00:00,S,NAC,DK,2001-S2,,m,
ESTAT:EARN_MW_CUR(1.0),31/07/26 11:00:00,S,NAC,DK,2002-S1,,m,
ESTAT:EARN_MW_CUR(1.0),31/07/26 11:00:00,S,NAC,DK,2002-S2,,m,
ESTAT:EARN_MW_CUR(1.0),31/07/26 11:00:00,S,NAC,DK,2003-S1,,m,
ESTAT:EARN_MW_CUR(1.0),31/07/26 11:00:00,S,NAC,DK,2003-S2,,m,
ESTAT:EARN_MW_CUR(1.0),31/07/26 11:00:00,S,NAC,DK,2004-S1,,m,
ESTAT:EARN_MW_CUR(1.0),31/07/26 11:00:00,S,NAC,DK,2004-S2,,m,
ESTAT:EARN_MW_CUR(1.0),31/07/26 11:00:00,S,NAC,DK,2005-S1,,m,
ESTAT:EARN_MW_CUR(1.0),31/07/26 11:00:00,S,NAC,DK,2005-S2,,m,
ESTAT:EARN_MW_CUR(1.0),31/07/26 11:00:00,S,NAC,DK,2006-S1,,m,
ESTAT:EARN_MW_CUR(1.0),31/07/26 11:00:00,S,NAC,DK,2006-S2,,m,
ESTAT:EARN_MW_CUR(1.0),31/07/26 11:00:00,S,NAC,DK,2007-S1,,m,
ESTAT:EARN_MW_CUR(1.0),31/07/26 11:00:00,S,NAC,DK,2007-S2,,m,
ESTAT:EARN_MW_CUR(1.0),31/07/26 11:00:00,S,NAC,DK,2008-S1,,m,
ESTAT:EARN_MW_CUR(1.0),31/07/26 11:00:00,S,NAC,DK,2008-S2,,m,
ESTAT:EARN_MW_CUR(1.0),31/07/26 11:00:00,S,NAC,DK,2009-S1,,m,
ESTAT:EARN_MW_CUR(1.0),31/07/26 11:00:00,S,NAC,DK,2009-S2,,m,
ESTAT:EARN_MW_CUR(1.0),31/07/26 11:00:00,S,NAC,DK,2010-S1,,m,
ESTAT:EARN_MW_CUR(1.0),31/07/26 11:00:00,S,NAC,DK,2010-S2,,m,
ESTAT:EARN_MW_CUR(1.0),31/07/26 11:00:00,S,NAC,DK,2011-S1,,m,
ESTAT:EARN_MW_CUR(1.0),31/07/26 11:00:00,S,NAC,DK,2011-S2,,m,
ESTAT:EARN_MW_CUR(1.0),31/07/26 11:00:00,S,NAC,DK,2012-S1,,m,
ESTAT:EARN_MW_CUR(1.0),31/07/26 11:00:00,S,NAC,DK,2012-S2,,m,
ESTAT:EARN_MW_CUR(1.0),31/07/26 11:00:00,S,NAC,DK,2013-S1,,m,
ESTAT:EARN_MW_CUR(1.0),31/07/26 11:00:00,S,NAC,DK,2013-S2,,m,
ESTAT:EARN_MW_CUR(1.0),31/07/26 11:00:00,S,NAC,DK,2014-S1,,m,
ESTAT:EARN_MW_CUR(1.0),31/07/26 11:00:00,S,NAC,DK,2014-S2,,m,
ESTAT:EARN_MW_CUR(1.0),31/07/26 11:00:00,S,NAC,DK,2015-S1,,m,
ESTAT:EARN_MW_CUR(1.0),31/07/26 11:00:00,S,NAC,DK,2015-S2,,m,
ESTAT:EARN_MW_CUR(1.0),31/07/26 11:00:00,S,NAC,DK,2016-S1,,m,
ESTAT:EARN_MW_CUR(1.0),31/07/26 11:00:00,S,NAC,DK,2016-S2,,m,
ESTAT:EARN_MW_CUR(1.0),31/07/26 11:00:00,S,NAC,DK,2017-S1,,m,
ESTAT:EARN_MW_CUR(1.0),31/07/26 11:00:00,S,NAC,DK,2017-S2,,m,
ESTAT:EARN_MW_CUR(1.0),31/07/26 11:00:00,S,NAC,DK,2018-S1,,m,
ESTAT:EARN_MW_CUR(1.0),31/07/26 11:00:00,S,NAC,DK,2018-S2,,m,
ESTAT:EARN_MW_CUR(1.0),31/07/26 11:00:00,S,NAC,DK,2019-S1,,m,
ESTAT:EARN_MW_CUR(1.0),31/07/26 11:00:00,S,NAC,DK,2019-S2,,m,
ESTAT:EARN_MW_CUR(1.0),31/07/26 11:00:00,S,NAC,DK,2020-S1,,m,
ESTAT:EARN_MW_CUR(1.0),31/07/26 11:00:00,S,NAC,DK,2020-S2,,m,
ESTAT:EARN_MW_CUR(1.0),31/07/26 11:00:00,S,NAC,DK,2021-S1,,m,
ESTAT:EARN_MW_CUR(1.0),31/07/26 11:00:00,S,NAC,DK,2021-S2,,m,
ESTAT:EARN_MW_CUR(1.0),31/07/26 11:00:00,S,NAC,DK,2022-S1,,m,
ESTAT:EARN_MW_CUR(1.0),31/07/26 11:00:00,S,NAC,DK,2022-S2,,m,
ESTAT:EARN_MW_CUR(1.0),31/07/26 11:00:00,S,NAC,DK,2023-S1,,m,
ESTAT:EARN_MW_CUR(1.0),31/07/26 11:00:00,S,NAC,DK,2023-S2,,m,
ESTAT:EARN_MW_CUR(1.0),31/07/26 11:00:00,S,NAC,DK,2024-S1,,m,
ESTAT:EARN_MW_CUR(1.0),31/07/26 11:00:00,S,NAC,DK,2024-S2,,m,
ESTAT:EARN_MW_CUR(1.0),31/07/26 11:00:00,S,NAC,DK,2025-S1,,m,
ESTAT:EARN_MW_CUR(1.0),31/07/26 11:00:00,S,NAC,DK,2025-S2,,m,
ESTAT:EARN_MW_CUR(1.0),31/07/26 11:00:00,S,NAC,DK,2026-S1,,m,
ESTAT:EARN_MW_CUR(1.0),31/07/26 11:00:00,S,NAC,DK,2026-S2,,m,
ESTAT:EARN_MW_CUR(1.0),31/07/26 11:00:00,S,NAC,EE,1999-S1,80,,
ESTAT:EARN_MW_CUR(1.0),31/07/26 11:00:00,S,NAC,EE,1999-S2,80,,
ESTAT:EARN_MW_CUR(1.0),31/07/26 11:00:00,S,NAC,EE,2000-S1,89,,
ESTAT:EARN_MW_CUR(1.0),31/07/26 11:00:00,S,NAC,EE,2000-S2,89,,
ESTAT:EARN_MW_CUR(1.0),31/07/26 11:00:00,S,NAC,EE,2001-S1,102,,
ESTAT:EARN_MW_CUR(1.0),31/07/26 11:00:00,S,NAC,EE,2001-S2,102,,
ESTAT:EARN_MW_CUR(1.0),31/07/26 11:00:00,S,NAC,EE,2002-S1,118,,
ESTAT:EARN_MW_CUR(1.0),31/07/26 11:00:00,S,NAC,EE,2002-S2,118,,
ESTAT:EARN_MW_CUR(1.0),31/07/26 11:00:00,S,NAC,EE,2003-S1,138,,
ESTAT:EARN_MW_CUR(1.0),31/07/26 11:00:00,S,NAC,EE,2003-S2,138,,
ESTAT:EARN_MW_CUR(1.0),31/07/26 11:00:00,S,NAC,EE,2004-S1,159,,
ESTAT:EARN_MW_CUR(1.0),31/07/26 11:00:00,S,NAC,EE,2004-S2,159,,
ESTAT:EARN_MW_CUR(1.0),31/07/26 11:00:00,S,NAC,EE,2005-S1,172,,
ESTAT:EARN_MW_CUR(1.0),31/07/26 11:00:00,S,NAC,EE,2005-S2,172,,
ESTAT:EARN_MW_CUR(1.0),31/07/26 11:00:00,S,NAC,EE,2006-S1,192,,
ESTAT:EARN_MW_CUR(1.0),31/07/26 11:00:00,S,NAC,EE,2006-S2,192,,
ESTAT:EARN_MW_CUR(1.0),31/07/26 11:00:00,S,NAC,EE,2007-S1,230,,
ESTAT:EARN_MW_CUR(1.0),31/07/26 11:00:00,S,NAC,EE,2007-S2,230,,
ESTAT:EARN_MW_CUR(1.0),31/07/26 11:00:00,S,NAC,EE,2008-S1,278,,
ESTAT:EARN_MW_CUR(1.0),31/07/26 11:00:00,S,NAC,EE,2008-S2,278,,
ESTAT:EARN_MW_CUR(1.0),31/07/26 11:00:00,S,NAC,EE,2009-S1,278,,
ESTAT:EARN_MW_CUR(1.0),31/07/26 11:00:00,S,NAC,EE,2009-S2,278,,
ESTAT:EARN_MW_CUR(1.0),31/07/26 11:00:00,S,NAC,EE,2010-S1,278,,
ESTAT:EARN_MW_CUR(1.0),31/07/26 11:00:00,S,NAC,EE,2010-S2,278,,
ESTAT:EARN_MW_CUR(1.0),31/07/26 11:00:00,S,NAC,EE,2011-S1,278,,
ESTAT:EARN_MW_CUR(1.0),31/07/26 11:00:00,S,NAC,EE,2011-S2,278,,
ESTAT:EARN_MW_CUR(1.0),31/07/26 11:00:00,S,NAC,EE,2012-S1,290,,
ESTAT:EARN_MW_CUR(1.0),31/07/26 11:00:00,S,NAC,EE,2012-S2,290,,
ESTAT:EARN_MW_CUR(1.0),31/07/26 11:00:00,S,NAC,EE,2013-S1,320,,
ESTAT:EARN_MW_CUR(1.0),31/07/26 11:00:00,S,NAC,EE,2013-S2,320,,
ESTAT:EARN_MW_CUR(1.0),31/07/26 11:00:00,S,NAC,EE,2014-S1,355,,
ESTAT:EARN_MW_CUR(1.0),31/07/26 11:00:00,S,NAC,EE,2014-S2,355,,
ESTAT:EARN_MW_CUR(1.0),31/07/26 11:00:00,S,NAC,EE,2015-S1,390,,
ESTAT:EARN_MW_CUR(1.0),31/07/26 11:00:00,S,NAC,EE,2015-S2,390,,
ESTAT:EARN_MW_CUR(1.0),31/07/26 11:00:00,S,NAC,EE,2016-S1,430,,
ESTAT:EARN_MW_CUR(1.0),31/07/26 11:00:00,S,NAC,EE,2016-S2,430,,
ESTAT:EARN_MW_CUR(1.0),31/07/26 11:00:00,S,NAC,EE,2017-S1,470,,
ESTAT:EARN_MW_CUR(1.0),31/07/26 11:00:00,S,NAC,EE,2017-S2,470,,
ESTAT:EARN_MW_CUR(1.0),31/07/26 11:00:00,S,NAC,EE,2018-S1,500,,
ESTAT:EARN_MW_CUR(1.0),31/07/26 11:00:00,S,NAC,EE,2018-S2,500,,
ESTAT:EARN_MW_CUR(1.0),31/07/26 11:00:00,S,NAC,EE,2019-S1,540,,
ESTAT:EARN_MW_CUR(1.0),31/07/26 11:00:00,S,NAC,EE,2019-S2,540,,
ESTAT:EARN_MW_CUR(1.0),31/07/26 11:00:00,S,NAC,EE,2020-S1,584,,
ESTAT:EARN_MW_CUR(1.0),31/07/26 11:00:00,S,NAC,EE,2020-S2,584,,
ESTAT:EARN_MW_CUR(1.0),31/07/26 11:00:00,S,NAC,EE,2021-S1,584,,
ESTAT:EARN_MW_CUR(1.0),31/07/26 11:00:00,S,NAC,EE,2021-S2,584,,
ESTAT:EARN_MW_CUR(1.0),31/07/26 11:00:00,S,NAC,EE,2022-S1,654,,
ESTAT:EARN_MW_CUR(1.0),31/07/26 11:00:00,S,NAC,EE,2022-S2,654,,
ESTAT:EARN_MW_CUR(1.0),31/07/26 11:00:00,S,NAC,EE,2023-S1,725,,
ESTAT:EARN_MW_CUR(1.0),31/07/26 11:00:00,S,NAC,EE,2023-S2,725,,
ESTAT:EARN_MW_CUR(1.0),31/07/26 11:00:00,S,NAC,EE,2024-S1,820,,
ESTAT:EARN_MW_CUR(1.0),31/07/26 11:00:00,S,NAC,EE,2024-S2,820,,
ESTAT:EARN_MW_CUR(1.0),31/07/26 11:00:00,S,NAC,EE,2025-S1,886,,
ESTAT:EARN_MW_CUR(1.0),31/07/26 11:00:00,S,NAC,EE,2025-S2,886,,
ESTAT:EARN_MW_CUR(1.0),31/07/26 11:00:00,S,NAC,EE,2026-S1,886,,
ESTAT:EARN_MW_CUR(1.0),31/07/26 11:00:00,S,NAC,EE,2026-S2,946,,
ESTAT:EARN_MW_CUR(1.0),31/07/26 11:00:00,S,NAC,EL,1999-S1,505,,
ESTAT:EARN_MW_CUR(1.0),31/07/26 11:00:00,S,NAC,EL,1999-S2,512,,
ESTAT:EARN_MW_CUR(1.0),31/07/26 11:00:00,S,NAC,EL,2000-S1,526,,
ESTAT:EARN_MW_CUR(1.0),31/07/26 11:00:00,S,NAC,EL,2000-S2,534,,
ESTAT:EARN_MW_CUR(1.0),31/07/26 11:00:00,S,NAC,EL,2001-S1,544,,
ESTAT:EARN_MW_CUR(1.0),31/07/26 11:00:00,S,NAC,EL,2001-S2,552,,
ESTAT:EARN_MW_CUR(1.0),31/07/26 11:00:00,S,NAC,EL,2002-S1,572,,
ESTAT:EARN_MW_CUR(1.0),31/07/26 11:00:00,S,NAC,EL,2002-S2,582,,
ESTAT:EARN_MW_CUR(1.0),31/07/26 11:00:00,S,NAC,EL,2003-S1,607,,
ESTAT:EARN_MW_CUR(1.0),31/07/26 11:00:00,S,NAC,EL,2003-S2,607,,
ESTAT:EARN_MW_CUR(1.0),31/07/26 11:00:00,S,NAC,EL,2004-S1,631,,
ESTAT:EARN_MW_CUR(1.0),31/07/26 11:00:00,S,NAC,EL,2004-S2,631,,
ESTAT:EARN_MW_CUR(1.0),31/07/26 11:00:00,S,NAC,EL,2005-S1,668,,
ESTAT:EARN_MW_CUR(1.0),31/07/26 11:00:00,S,NAC,EL,2005-S2,668,,
ESTAT:EARN_MW_CUR(1.0),31/07/26 11:00:00,S,NAC,EL,2006-S1,710,,
ESTAT:EARN_MW_CUR(1.0),31/07/26 11:00:00,S,NAC,EL,2006-S2,710,,
ESTAT:EARN_MW_CUR(1.0),31/07/26 11:00:00,S,NAC,EL,2007-S1,730,,
ESTAT:EARN_MW_CUR(1.0),31/07/26 11:00:00,S,NAC,EL,2007-S2,768,,
ESTAT:EARN_MW_CUR(1.0),31/07/26 11:00:00,S,NAC,EL,2008-S1,794,,
ESTAT:EARN_MW_CUR(1.0),31/07/26 11:00:00,S,NAC,EL,2008-S2,794,,
ESTAT:EARN_MW_CUR(1.0),31/07/26 11:00:00,S,NAC,EL,2009-S1,818,,
ESTAT:EARN_MW_CUR(1.0),31/07/26 11:00:00,S,NAC,EL,2009-S2,863,,
ESTAT:EARN_MW_CUR(1.0),31/07/26 11:00:00,S,NAC,EL,2010-S1,863,,
ESTAT:EARN_MW_CUR(1.0),31/07/26 11:00:00,S,NAC,EL,2010-S2,863,,
ESTAT:EARN_MW_CUR(1.0),31/07/26 11:00:00,S,NAC,EL,2011-S1,863,,
ESTAT:EARN_MW_CUR(1.0),31/07/26 11:00:00,S,NAC,EL,2011-S2,877,,
ESTAT:EARN_MW_CUR(1.0),31/07/26 11:00:00,S,NAC,EL,2012-S1,877,,
ESTAT:EARN_MW_CUR(1.0),31/07/26 11:00:00,S,NAC,EL,2012-S2,684,,
ESTAT:EARN_MW_CUR(1.0),31/07/26 11:00:00,S,NAC,EL,2013-S1,684,,
ESTAT:EARN_MW_CUR(1.0),31/07/26 11:00:00,S,NAC,EL,2013-S2,684,,
ESTAT:EARN_MW_CUR(1.0),31/07/26 11:00:00,S,NAC,EL,2014-S1,684,,
ESTAT:EARN_MW_CUR(1.0),31/07/26 11:00:00,S,NAC,EL,2014-S2,684,,
ESTAT:EARN_MW_CUR(1.0),31/07/26 11:00:00,S,NAC,EL,2015-S1,684,,
ESTAT:EARN_MW_CUR(1.0),31/07/26 11:00:00,S,NAC,EL,2015-S2,684,,
ESTAT:EARN_MW_CUR(1.0),31/07/26 11:00:00,S,NAC,EL,2016-S1,684,,
ESTAT:EARN_MW_CUR(1.0),31/07/26 11:00:00,S,NAC,EL,2016-S2,684,,
ESTAT:EARN_MW_CUR(1.0),31/07/26 11:00:00,S,NAC,EL,2017-S1,684,,
ESTAT:EARN_MW_CUR(1.0),31/07/26 11:00:00,S,NAC,EL,2017-S2,684,,
ESTAT:EARN_MW_CUR(1.0),31/07/26 11:00:00,S,NAC,EL,2018-S1,684,,
ESTAT:EARN_MW_CUR(1.0),31/07/26 11:00:00,S,NAC,EL,2018-S2,684,,
ESTAT:EARN_MW_CUR(1.0),31/07/26 11:00:00,S,NAC,EL,2019-S1,684,,
ESTAT:EARN_MW_CUR(1.0),31/07/26 11:00:00,S,NAC,EL,2019-S2,758,,
ESTAT:EARN_MW_CUR(1.0),31/07/26 11:00:00,S,NAC,EL,2020-S1,758,,
ESTAT:EARN_MW_CUR(1.0),31/07/26 11:00:00,S,NAC,EL,2020-S2,758,,
ESTAT:EARN_MW_CUR(1.0),31/07/26 11:00:00,S,NAC,EL,2021-S1,758,,
ESTAT:EARN_MW_CUR(1.0),31/07/26 11:00:00,S,NAC,EL,2021-S2,758,,
ESTAT:EARN_MW_CUR(1.0),31/07/26 11:00:00,S,NAC,EL,2022-S1,774,,
ESTAT:EARN_MW_CUR(1.0),31/07/26 11:00:00,S,NAC,EL,2022-S2,832,,
ESTAT:EARN_MW_CUR(1.0),31/07/26 11:00:00,S,NAC,EL,2023-S1,832,,
ESTAT:EARN_MW_CUR(1.0),31/07/26 11:00:00,S,NAC,EL,2023-S2,910,,
ESTAT:EARN_MW_CUR(1.0),31/07/26 11:00:00,S,NAC,EL,2024-S1,910,,
ESTAT:EARN_MW_CUR(1.0),31/07/26 11:00:00,S,NAC,EL,2024-S2,968,,
ESTAT:EARN_MW_CUR(1.0),31/07/26 11:00:00,S,NAC,EL,2025-S1,968,,
ESTAT:EARN_MW_CUR(1.0),31/07/26 11:00:00,S,NAC,EL,2025-S2,1027,,
ESTAT:EARN_MW_CUR(1.0),31/07/26 11:00:00,S,NAC,EL,2026-S1,1027,,
ESTAT:EARN_MW_CUR(1.0),31/07/26 11:00:00,S,NAC,EL,2026-S2,1073,,
ESTAT:EARN_MW_CUR(1.0),31/07/26 11:00:00,S,NAC,ES,1999-S1,486,,
ESTAT:EARN_MW_CUR(1.0),31/07/26 11:00:00,S,NAC,ES,1999-S2,486,,
ESTAT:EARN_MW_CUR(1.0),31/07/26 11:00:00,S,NAC,ES,2000-S1,496,,
ESTAT:EARN_MW_CUR(1.0),31/07/26 11:00:00,S,NAC,ES,2000-S2,496,,
ESTAT:EARN_MW_CUR(1.0),31/07/26 11:00:00,S,NAC,ES,2001-S1,506,,
ESTAT:EARN_MW_CUR(1.0),31/07/26 11:00:00,S,NAC,ES,2001-S2,506,,
ESTAT:EARN_MW_CUR(1.0),31/07/26 11:00:00,S,NAC,ES,2002-S1,516,,
ESTAT:EARN_MW_CUR(1.0),31/07/26 11:00:00,S,NAC,ES,2002-S2,516,,
ESTAT:EARN_MW_CUR(1.0),31/07/26 11:00:00,S,NAC,ES,2003-S1,526,,
ESTAT:EARN_MW_CUR(1.0),31/07/26 11:00:00,S,NAC,ES,2003-S2,526,,
ESTAT:EARN_MW_CUR(1.0),31/07/26 11:00:00,S,NAC,ES,2004-S1,537,,
ESTAT:EARN_MW_CUR(1.0),31/07/26 11:00:00,S,NAC,ES,2004-S2,573,,
ESTAT:EARN_MW_CUR(1.0),31/07/26 11:00:00,S,NAC,ES,2005-S1,599,,
ESTAT:EARN_MW_CUR(1.0),31/07/26 11:00:00,S,NAC,ES,2005-S2,599,,
ESTAT:EARN_MW_CUR(1.0),31/07/26 11:00:00,S,NAC,ES,2006-S1,631,,
ESTAT:EARN_MW_CUR(1.0),31/07/26 11:00:00,S,NAC,ES,2006-S2,631,,
ESTAT:EARN_MW_CUR(1.0),31/07/26 11:00:00,S,NAC,ES,2007-S1,666,,
ESTAT:EARN_MW_CUR(1.0),31/07/26 11:00:00,S,NAC,ES,2007-S2,666,,
ESTAT:EARN_MW_CUR(1.0),31/07/26 11:00:00,S,NAC,ES,2008-S1,700,,
ESTAT:EARN_MW_CUR(1.0),31/07/26 11:00:00,S,NAC,ES,2008-S2,700,,
ESTAT:EARN_MW_CUR(1.0),31/07/26 11:00:00,S,NAC,ES,2009-S1,728,,
ESTAT:EARN_MW_CUR(1.0),31/07/26 11:00:00,S,NAC,ES,2009-S2,728,,
ESTAT:EARN_MW_CUR(1.0),31/07/26 11:00:00,S,NAC,ES,2010-S1,739,,
ESTAT:EARN_MW_CUR(1.0),31/07/26 11:00:00,S,NAC,ES,2010-S2,739,,
ESTAT:EARN_MW_CUR(1.0),31/07/26 11:00:00,S,NAC,ES,2011-S1,748,,
ESTAT:EARN_MW_CUR(1.0),31/07/26 11:00:00,S,NAC,ES,2011-S2,748,,
ESTAT:EARN_MW_CUR(1.0),31/07/26 11:00:00,S,NAC,ES,2012-S1,748,,
ESTAT:EARN_MW_CUR(1.0),31/07/26 11:00:00,S,NAC,ES,2012-S2,748,,
ESTAT:EARN_MW_CUR(1.0),31/07/26 11:00:00,S,NAC,ES,2013-S1,753,,
ESTAT:EARN_MW_CUR(1.0),31/07/26 11:00:00,S,NAC,ES,2013-S2,753,,
ESTAT:EARN_MW_CUR(1.0),31/07/26 11:00:00,S,NAC,ES,2014-S1,753,,
ESTAT:EARN_MW_CUR(1.0),31/07/26 11:00:00,S,NAC,ES,2014-S2,753,,
ESTAT:EARN_MW_CUR(1.0),31/07/26 11:00:00,S,NAC,ES,2015-S1,757,,
ESTAT:EARN_MW_CUR(1.0),31/07/26 11:00:00,S,NAC,ES,2015-S2,757,,
ESTAT:EARN_MW_CUR(1.0),31/07/26 11:00:00,S,NAC,ES,2016-S1,764,,
ESTAT:EARN_MW_CUR(1.0),31/07/26 11:00:00,S,NAC,ES,2016-S2,764,,
ESTAT:EARN_MW_CUR(1.0),31/07/26 11:00:00,S,NAC,ES,2017-S1,826,,
ESTAT:EARN_MW_CUR(1.0),31/07/26 11:00:00,S,NAC,ES,2017-S2,826,,
ESTAT:EARN_MW_CUR(1.0),31/07/26 11:00:00,S,NAC,ES,2018-S1,859,,
ESTAT:EARN_MW_CUR(1.0),31/07/26 11:00:00,S,NAC,ES,2018-S2,859,,
ESTAT:EARN_MW_CUR(1.0),31/07/26 11:00:00,S,NAC,ES,2019-S1,1050,,
ESTAT:EARN_MW_CUR(1.0),31/07/26 11:00:00,S,NAC,ES,2019-S2,1050,,
ESTAT:EARN_MW_CUR(1.0),31/07/26 11:00:00,S,NAC,ES,2020-S1,1108,,
ESTAT:EARN_MW_CUR(1.0),31/07/26 11:00:00,S,NAC,ES,2020-S2,1108,,
ESTAT:EARN_MW_CUR(1.0),31/07/26 11:00:00,S,NAC,ES,2021-S1,1108,,
ESTAT:EARN_MW_CUR(1.0),31/07/26 11:00:00,S,NAC,ES,2021-S2,1108,,
ESTAT:EARN_MW_CUR(1.0),31/07/26 11:00:00,S,NAC,ES,2022-S1,1126,,
ESTAT:EARN_MW_CUR(1.0),31/07/26 11:00:00,S,NAC,ES,2022-S2,1167,,
ESTAT:EARN_MW_CUR(1.0),31/07/26 11:00:00,S,NAC,ES,2023-S1,1167,,
ESTAT:EARN_MW_CUR(1.0),31/07/26 11:00:00,S,NAC,ES,2023-S2,1260,,
ESTAT:EARN_MW_CUR(1.0),31/07/26 11:00:00,S,NAC,ES,2024-S1,1323,,
ESTAT:EARN_MW_CUR(1.0),31/07/26 11:00:00,S,NAC,ES,2024-S2,1323,,
ESTAT:EARN_MW_CUR(1.0),31/07/26 11:00:00,S,NAC,ES,2025-S1,1381,,
ESTAT:EARN_MW_CUR(1.0),31/07/26 11:00:00,S,NAC,ES,2025-S2,1381,,
ESTAT:EARN_MW_CUR(1.0),31/07/26 11:00:00,S,NAC,ES,2026-S1,1425,,
ESTAT:EARN_MW_CUR(1.0),31/07/26 11:00:00,S,NAC,ES,2026-S2,1425,,
ESTAT:EARN_MW_CUR(1.0),31/07/26 11:00:00,S,NAC,FI,1999-S1,,m,
ESTAT:EARN_MW_CUR(1.0),31/07/26 11:00:00,S,NAC,FI,1999-S2,,m,
ESTAT:EARN_MW_CUR(1.0),31/07/26 11:00:00,S,NAC,FI,2000-S1,,m,
ESTAT:EARN_MW_CUR(1.0),31/07/26 11:00:00,S,NAC,FI,2000-S2,,m,
ESTAT:EARN_MW_CUR(1.0),31/07/26 11:00:00,S,NAC,FI,2001-S1,,m,
ESTAT:EARN_MW_CUR(1.0),31/07/26 11:00:00,S,NAC,FI,2001-S2,,m,
ESTAT:EARN_MW_CUR(1.0),31/07/26 11:00:00,S,NAC,FI,2002-S1,,m,
ESTAT:EARN_MW_CUR(1.0),31/07/26 11:00:00,S,NAC,FI,2002-S2,,m,
ESTAT:EARN_MW_CUR(1.0),31/07/26 11:00:00,S,NAC,FI,2003-S1,,m,
ESTAT:EARN_MW_CUR(1.0),31/07/26 11:00:00,S,NAC,FI,2003-S2,,m,
ESTAT:EARN_MW_CUR(1.0),31/07/26 11:00:00,S,NAC,FI,2004-S1,,m,
ESTAT:EARN_MW_CUR(1.0),31/07/26 11:00:00,S,NAC,FI,2004-S2,,m,
ESTAT:EARN_MW_CUR(1.0),31/07/26 11:00:00,S,NAC,FI,2005-S1,,m,
ESTAT:EARN_MW_CUR(1.0),31/07/26 11:00:00,S,NAC,FI,2005-S2,,m,
ESTAT:EARN_MW_CUR(1.0),31/07/26 11:00:00,S,NAC,FI,2006-S1,,m,
ESTAT:EARN_MW_CUR(1.0),31/07/26 11:00:00,S,NAC,FI,2006-S2,,m,
ESTAT:EARN_MW_CUR(1.0),31/07/26 11:00:00,S,NAC,FI,2007-S1,,m,
ESTAT:EARN_MW_CUR(1.0),31/07/26 11:00:00,S,NAC,FI,2007-S2,,m,
ESTAT:EARN_MW_CUR(1.0),31/07/26 11:00:00,S,NAC,FI,2008-S1,,m,
ESTAT:EARN_MW_CUR(1.0),31/07/26 11:00:00,S,NAC,FI,2008-S2,,m,
ESTAT:EARN_MW_CUR(1.0),31/07/26 11:00:00,S,NAC,FI,2009-S1,,m,
ESTAT:EARN_MW_CUR(1.0),31/07/26 11:00:00,S,NAC,FI,2009-S2,,m,
ESTAT:EARN_MW_CUR(1.0),31/07/26 11:00:00,S,NAC,FI,2010-S1,,m,
ESTAT:EARN_MW_CUR(1.0),31/07/26 11:00:00,S,NAC,FI,2010-S2,,m,
ESTAT:EARN_MW_CUR(1.0),31/07/26 11:00:00,S,NAC,FI,2011-S1,,m,
ESTAT:EARN_MW_CUR(1.0),31/07/26 11:00:00,S,NAC,FI,2011-S2,,m,
ESTAT:EARN_MW_CUR(1.0),31/07/26 11:00:00,S,NAC,FI,2012-S1,,m,
ESTAT:EARN_MW_CUR(1.0),31/07/26 11:00:00,S,NAC,FI,2012-S2,,m,
ESTAT:EARN_MW_CUR(1.0),31/07/26 11:00:00,S,NAC,FI,2013-S1,,m,
ESTAT:EARN_MW_CUR(1.0),31/07/26 11:00:00,S,NAC,FI,2013-S2,,m,
ESTAT:EARN_MW_CUR(1.0),31/07/26 11:00:00,S,NAC,FI,2014-S1,,m,
ESTAT:EARN_MW_CUR(1.0),31/07/26 11:00:00,S,NAC,FI,2014-S2,,m,
ESTAT:EARN_MW_CUR(1.0),31/07/26 11:00:00,S,NAC,FI,2015-S1,,m,
ESTAT:EARN_MW_CUR(1.0),31/07/26 11:00:00,S,NAC,FI,2015-S2,,m,
ESTAT:EARN_MW_CUR(1.0),31/07/26 11:00:00,S,NAC,FI,2016-S1,,m,
ESTAT:EARN_MW_CUR(1.0),31/07/26 11:00:00,S,NAC,FI,2016-S2,,m,
ESTAT:EARN_MW_CUR(1.0),31/07/26 11:00:00,S,NAC,FI,2017-S1,,m,
ESTAT:EARN_MW_CUR(1.0),31/07/26 11:00:00,S,NAC,FI,2017-S2,,m,
ESTAT:EARN_MW_CUR(1.0),31/07/26 11:00:00,S,NAC,FI,2018-S1,,m,
ESTAT:EARN_MW_CUR(1.0),31/07/26 11:00:00,S,NAC,FI,2018-S2,,m,
ESTAT:EARN_MW_CUR(1.0),31/07/26 11:00:00,S,NAC,FI,2019-S1,,m,
ESTAT:EARN_MW_CUR(1.0),31/07/26 11:00:00,S,NAC,FI,2019-S2,,m,
ESTAT:EARN_MW_CUR(1.0),31/07/26 11:00:00,S,NAC,FI,2020-S1,,m,
ESTAT:EARN_MW_CUR(1.0),31/07/26 11:00:00,S,NAC,FI,2020-S2,,m,
ESTAT:EARN_MW_CUR(1.0),31/07/26 11:00:00,S,NAC,FI,2021-S1,,m,
ESTAT:EARN_MW_CUR(1.0),31/07/26 11:00:00,S,NAC,FI,2021-S2,,m,
ESTAT:EARN_MW_CUR(1.0),31/07/26 11:00:00,S,NAC,FI,2022-S1,,m,
ESTAT:EARN_MW_CUR(1.0),31/07/26 11:00:00,S,NAC,FI,2022-S2,,m,
ESTAT:EARN_MW_CUR(1.0),31/07/26 11:00:00,S,NAC,FI,2023-S1,,m,
ESTAT:EARN_MW_CUR(1.0),31/07/26 11:00:00,S,NAC,FI,2023-S2,,m,
ESTAT:EARN_MW_CUR(1.0),31/07/26 11:00:00,S,NAC,FI,2024-S1,,m,
ESTAT:EARN_MW_CUR(1.0),31/07/26 11:00:00,S,NAC,FI,2024-S2,,m,
ESTAT:EARN_MW_CUR(1.0),31/07/26 11:00:00,S,NAC,FI,2025-S1,,m,
ESTAT:EARN_MW_CUR(1.0),31/07/26 11:00:00,S,NAC,FI,2025-S2,,m,
ESTAT:EARN_MW_CUR(1.0),31/07/26 11:00:00,S,NAC,FI,2026-S1,,m,
ESTAT:EARN_MW_CUR(1.0),31/07/26 11:00:00,S,NAC,FI,2026-S2,,m,
ESTAT:EARN_MW_CUR(1.0),31/07/26 11:00:00,S,NAC,FR,1999-S1,1036,,
ESTAT:EARN_MW_CUR(1.0),31/07/26 11:00:00,S,NAC,FR,1999-S2,1049,,
ESTAT:EARN_MW_CUR(1.0),31/07/26 11:00:00,S,NAC,FR,2000-S1,1049,,
ESTAT:EARN_MW_CUR(1.0),31/07/26 11:00:00,S,NAC,FR,2000-S2,1083,,
ESTAT:EARN_MW_CUR(1.0),31/07/26 11:00:00,S,NAC,FR,2001-S1,1083,,
ESTAT:EARN_MW_CUR(1.0),31/07/26 11:00:00,S,NAC,FR,2001-S2,1127,,
ESTAT:EARN_MW_CUR(1.0),31/07/26 11:00:00,S,NAC,FR,2002-S1,1127,,
ESTAT:EARN_MW_CUR(1.0),31/07/26 11:00:00,S,NAC,FR,2002-S2,1154,,
ESTAT:EARN_MW_CUR(1.0),31/07/26 11:00:00,S,NAC,FR,2003-S1,1154,,
ESTAT:EARN_MW_CUR(1.0),31/07/26 11:00:00,S,NAC,FR,2003-S2,1215,,
ESTAT:EARN_MW_CUR(1.0),31/07/26 11:00:00,S,NAC,FR,2004-S1,1215,,
ESTAT:EARN_MW_CUR(1.0),31/07/26 11:00:00,S,NAC,FR,2004-S2,1286,,
ESTAT:EARN_MW_CUR(1.0),31/07/26 11:00:00,S,NAC,FR,2005-S1,1286,,
ESTAT:EARN_MW_CUR(1.0),31/07/26 11:00:00,S,NAC,FR,2005-S2,1218,,
ESTAT:EARN_MW_CUR(1.0),31/07/26 11:00:00,S,NAC,FR,2006-S1,1218,,
ESTAT:EARN_MW_CUR(1.0),31/07/26 11:00:00,S,NAC,FR,2006-S2,1254,,
ESTAT:EARN_MW_CUR(1.0),31/07/26 11:00:00,S,NAC,FR,2007-S1,1254,,
ESTAT:EARN_MW_CUR(1.0),31/07/26 11:00:00,S,NAC,FR,2007-S2,1280,,
ESTAT:EARN_MW_CUR(1.0),31/07/26 11:00:00,S,NAC,FR,2008-S1,1280,,
ESTAT:EARN_MW_CUR(1.0),31/07/26 11:00:00,S,NAC,FR,2008-S2,1321,,
ESTAT:EARN_MW_CUR(1.0),31/07/26 11:00:00,S,NAC,FR,2009-S1,1321,,
ESTAT:EARN_MW_CUR(1.0),31/07/26 11:00:00,S,NAC,FR,2009-S2,1338,,
ESTAT:EARN_MW_CUR(1.0),31/07/26 11:00:00,S,NAC,FR,2010-S1,1344,,
ESTAT:EARN_MW_CUR(1.0),31/07/26 11:00:00,S,NAC,FR,2010-S2,1344,,
ESTAT:EARN_MW_CUR(1.0),31/07/26 11:00:00,S,NAC,FR,2011-S1,1365,,
ESTAT:EARN_MW_CUR(1.0),31/07/26 11:00:00,S,NAC,FR,2011-S2,1365,,
ESTAT:EARN_MW_CUR(1.0),31/07/26 11:00:00,S,NAC,FR,2012-S1,1398,,
ESTAT:EARN_MW_CUR(1.0),31/07/26 11:00:00,S,NAC,FR,2012-S2,1426,,
ESTAT:EARN_MW_CUR(1.0),31/07/26 11:00:00,S,NAC,FR,2013-S1,1430,,
ESTAT:EARN_MW_CUR(1.0),31/07/26 11:00:00,S,NAC,FR,2013-S2,1430,,
ESTAT:EARN_MW_CUR(1.0),31/07/26 11:00:00,S,NAC,FR,2014-S1,1445,,
ESTAT:EARN_MW_CUR(1.0),31/07/26 11:00:00,S,NAC,FR,2014-S2,1445,,
ESTAT:EARN_MW_CUR(1.0),31/07/26 11:00:00,S,NAC,FR,2015-S1,1458,,
ESTAT:EARN_MW_CUR(1.0),31/07/26 11:00:00,S,NAC,FR,2015-S2,1458,,
ESTAT:EARN_MW_CUR(1.0),31/07/26 11:00:00,S,NAC,FR,2016-S1,1467,,
ESTAT:EARN_MW_CUR(1.0),31/07/26 11:00:00,S,NAC,FR,2016-S2,1467,,
ESTAT:EARN_MW_CUR(1.0),31/07/26 11:00:00,S,NAC,FR,2017-S1,1480,,
ESTAT:EARN_MW_CUR(1.0),31/07/26 11:00:00,S,NAC,FR,2017-S2,1480,,
ESTAT:EARN_MW_CUR(1.0),31/07/26 11:00:00,S,NAC,FR,2018-S1,1498,,
ESTAT:EARN_MW_CUR(1.0),31/07/26 11:00:00,S,NAC,FR,2018-S2,1498,,
ESTAT:EARN_MW_CUR(1.0),31/07/26 11:00:00,S,NAC,FR,2019-S1,1521,,
ESTAT:EARN_MW_CUR(1.0),31/07/26 11:00:00,S,NAC,FR,2019-S2,1521,,
ESTAT:EARN_MW_CUR(1.0),31/07/26 11:00:00,S,NAC,FR,2020-S1,1539,,
ESTAT:EARN_MW_CUR(1.0),31/07/26 11:00:00,S,NAC,FR,2020-S2,1539,,
ESTAT:EARN_MW_CUR(1.0),31/07/26 11:00:00,S,NAC,FR,2021-S1,1555,,
ESTAT:EARN_MW_CUR(1.0),31/07/26 11:00:00,S,NAC,FR,2021-S2,1555,,
ESTAT:EARN_MW_CUR(1.0),31/07/26 11:00:00,S,NAC,FR,2022-S1,1603,,
ESTAT:EARN_MW_CUR(1.0),31/07/26 11:00:00,S,NAC,FR,2022-S2,1646,,
ESTAT:EARN_MW_CUR(1.0),31/07/26 11:00:00,S,NAC,FR,2023-S1,1709,,
ESTAT:EARN_MW_CUR(1.0),31/07/26 11:00:00,S,NAC,FR,2023-S2,1747,,
ESTAT:EARN_MW_CUR(1.0),31/07/26 11:00:00,S,NAC,FR,2024-S1,1767,,
ESTAT:EARN_MW_CUR(1.0),31/07/26 11:00:00,S,NAC,FR,2024-S2,1767,,
ESTAT:EARN_MW_CUR(1.0),31/07/26 11:00:00,S,NAC,FR,2025-S1,1802,,
ESTAT:EARN_MW_CUR(1.0),31/07/26 11:00:00,S,NAC,FR,2025-S2,1802,,
ESTAT:EARN_MW_CUR(1.0),31/07/26 11:00:00,S,NAC,FR,2026-S1,1823,,
ESTAT:EARN_MW_CUR(1.0),31/07/26 11:00:00,S,NAC,FR,2026-S2,1867,,
ESTAT:EARN_MW_CUR(1.0),31/07/26 11:00:00,S,NAC,HR,1999-S1,,m,
ESTAT:EARN_MW_CUR(1.0),31/07/26 11:00:00,S,NAC,HR,1999-S2,,m,
ESTAT:EARN_MW_CUR(1.0),31/07/26 11:00:00,S,NAC,HR,2000-S1,,m,
ESTAT:EARN_MW_CUR(1.0),31/07/26 11:00:00,S,NAC,HR,2000-S2,,m,
ESTAT:EARN_MW_CUR(1.0),31/07/26 11:00:00,S,NAC,HR,2001-S1,,m,
ESTAT:EARN_MW_CUR(1.0),31/07/26 11:00:00,S,NAC,HR,2001-S2,,m,
ESTAT:EARN_MW_CUR(1.0),31/07/26 11:00:00,S,NAC,HR,2002-S1,,m,
ESTAT:EARN_MW_CUR(1.0),31/07/26 11:00:00,S,NAC,HR,2002-S2,,m,
ESTAT:EARN_MW_CUR(1.0),31/07/26 11:00:00,S,NAC,HR,2003-S1,,m,
ESTAT:EARN_MW_CUR(1.0),31/07/26 11:00:00,S,NAC,HR,2003-S2,,m,
ESTAT:EARN_MW_CUR(1.0),31/07/26 11:00:00,S,NAC,HR,2004-S1,,m,
ESTAT:EARN_MW_CUR(1.0),31/07/26 11:00:00,S,NAC,HR,2004-S2,,m,
ESTAT:EARN_MW_CUR(1.0),31/07/26 11:00:00,S,NAC,HR,2005-S1,,m,
ESTAT:EARN_MW_CUR(1.0),31/07/26 11:00:00,S,NAC,HR,2005-S2,,m,
ESTAT:EARN_MW_CUR(1.0),31/07/26 11:00:00,S,NAC,HR,2006-S1,,m,
ESTAT:EARN_MW_CUR(1.0),31/07/26 11:00:00,S,NAC,HR,2006-S2,,m,
ESTAT:EARN_MW_CUR(1.0),31/07/26 11:00:00,S,NAC,HR,2007-S1,,m,
ESTAT:EARN_MW_CUR(1.0),31/07/26 11:00:00,S,NAC,HR,2007-S2,,m,
ESTAT:EARN_MW_CUR(1.0),31/07/26 11:00:00,S,NAC,HR,2008-S1,,m,
ESTAT:EARN_MW_CUR(1.0),31/07/26 11:00:00,S,NAC,HR,2008-S2,365,,
ESTAT:EARN_MW_CUR(1.0),31/07/26 11:00:00,S,NAC,HR,2009-S1,365,,
ESTAT:EARN_MW_CUR(1.0),31/07/26 11:00:00,S,NAC,HR,2009-S2,373,,
ESTAT:EARN_MW_CUR(1.0),31/07/26 11:00:00,S,NAC,HR,2010-S1,373,,
ESTAT:EARN_MW_CUR(1.0),31/07/26 11:00:00,S,NAC,HR,2010-S2,373,,
ESTAT:EARN_MW_CUR(1.0),31/07/26 11:00:00,S,NAC,HR,2011-S1,373,,
ESTAT:EARN_MW_CUR(1.0),31/07/26 11:00:00,S,NAC,HR,2011-S2,373,,
ESTAT:EARN_MW_CUR(1.0),31/07/26 11:00:00,S,NAC,HR,2012-S1,373,,
ESTAT:EARN_MW_CUR(1.0),31/07/26 11:00:00,S,NAC,HR,2012-S2,373,,
ESTAT:EARN_MW_CUR(1.0),31/07/26 11:00:00,S,NAC,HR,2013-S1,373,,
ESTAT:EARN_MW_CUR(1.0),31/07/26 11:00:00,S,NAC,HR,2013-S2,396,,
ESTAT:EARN_MW_CUR(1.0),31/07/26 11:00:00,S,NAC,HR,2014-S1,401,,
ESTAT:EARN_MW_CUR(1.0),31/07/26 11:00:00,S,NAC,HR,2014-S2,401,,
ESTAT:EARN_MW_CUR(1.0),31/07/26 11:00:00,S,NAC,HR,2015-S1,402,,
ESTAT:EARN_MW_CUR(1.0),31/07/26 11:00:00,S,NAC,HR,2015-S2,402,,
ESTAT:EARN_MW_CUR(1.0),31/07/26 11:00:00,S,NAC,HR,2016-S1,414,,
ESTAT:EARN_MW_CUR(1.0),31/07/26 11:00:00,S,NAC,HR,2016-S2,414,,
ESTAT:EARN_MW_CUR(1.0),31/07/26 11:00:00,S,NAC,HR,2017-S1,435,,
ESTAT:EARN_MW_CUR(1.0),31/07/26 11:00:00,S,NAC,HR,2017-S2,435,,
ESTAT:EARN_MW_CUR(1.0),31/07/26 11:00:00,S,NAC,HR,2018-S1,457,,
ESTAT:EARN_MW_CUR(1.0),31/07/26 11:00:00,S,NAC,HR,2018-S2,457,,
ESTAT:EARN_MW_CUR(1.0),31/07/26 11:00:00,S,NAC,HR,2019-S1,498,,
ESTAT:EARN_MW_CUR(1.0),31/07/26 11:00:00,S,NAC,HR,2019-S2,498,,
ESTAT:EARN_MW_CUR(1.0),31/07/26 11:00:00,S,NAC,HR,2020-S1,539,,
ESTAT:EARN_MW_CUR(1.0),31/07/26 11:00:00,S,NAC,HR,2020-S2,539,,
ESTAT:EARN_MW_CUR(1.0),31/07/26 11:00:00,S,NAC,HR,2021-S1,564,,
ESTAT:EARN_MW_CUR(1.0),31/07/26 11:00:00,S,NAC,HR,2021-S2,564,,
ESTAT:EARN_MW_CUR(1.0),31/07/26 11:00:00,S,NAC,HR,2022-S1,622,,
ESTAT:EARN_MW_CUR(1.0),31/07/26 11:00:00,S,NAC,HR,2022-S2,622,,
ESTAT:EARN_MW_CUR(1.0),31/07/26 11:00:00,S,NAC,HR,2023-S1,700,,
ESTAT:EARN_MW_CUR(1.0),31/07/26 11:00:00,S,NAC,HR,2023-S2,700,,
ESTAT:EARN_MW_CUR(1.0),31/07/26 11:00:00,S,NAC,HR,2024-S1,840,,
ESTAT:EARN_MW_CUR(1.0),31/07/26 11:00:00,S,NAC,HR,2024-S2,840,,
ESTAT:EARN_MW_CUR(1.0),31/07/26 11:00:00,S,NAC,HR,2025-S1,970,,
ESTAT:EARN_MW_CUR(1.0),31/07/26 11:00:00,S,NAC,HR,2025-S2,970,,
ESTAT:EARN_MW_CUR(1.0),31/07/26 11:00:00,S,NAC,HR,2026-S1,1050,,
ESTAT:EARN_MW_CUR(1.0),31/07/26 11:00:00,S,NAC,HR,2026-S2,1050,,
ESTAT:EARN_MW_CUR(1.0),31/07/26 11:00:00,S,NAC,HU,1999-S1,22500,,
ESTAT:EARN_MW_CUR(1.0),31/07/26 11:00:00,S,NAC,HU,1999-S2,22500,,
ESTAT:EARN_MW_CUR(1.0),31/07/26 11:00:00,S,NAC,HU,2000-S1,25500,,
ESTAT:EARN_MW_CUR(1.0),31/07/26 11:00:00,S,NAC,HU,2000-S2,25500,,
ESTAT:EARN_MW_CUR(1.0),31/07/26 11:00:00,S,NAC,HU,2001-S1,40000,,
ESTAT:EARN_MW_CUR(1.0),31/07/26 11:00:00,S,NAC,HU,2001-S2,40000,,
ESTAT:EARN_MW_CUR(1.0),31/07/26 11:00:00,S,NAC,HU,2002-S1,50000,,
ESTAT:EARN_MW_CUR(1.0),31/07/26 11:00:00,S,NAC,HU,2002-S2,50000,,
ESTAT:EARN_MW_CUR(1.0),31/07/26 11:00:00,S,NAC,HU,2003-S1,50000,,
ESTAT:EARN_MW_CUR(1.0),31/07/26 11:00:00,S,NAC,HU,2003-S2,50000,,
ESTAT:EARN_MW_CUR(1.0),31/07/26 11:00:00,S,NAC,HU,2004-S1,53000,,
ESTAT:EARN_MW_CUR(1.0),31/07/26 11:00:00,S,NAC,HU,2004-S2,53000,,
ESTAT:EARN_MW_CUR(1.0),31/07/26 11:00:00,S,NAC,HU,2005-S1,57000,,
ESTAT:EARN_MW_CUR(1.0),31/07/26 11:00:00,S,NAC,HU,2005-S2,57000,,
ESTAT:EARN_MW_CUR(1.0),31/07/26 11:00:00,S,NAC,HU,2006-S1,62500,,
ESTAT:EARN_MW_CUR(1.0),31/07/26 11:00:00,S,NAC,HU,2006-S2,62500,,
ESTAT:EARN_MW_CUR(1.0),31/07/26 11:00:00,S,NAC,HU,2007-S1,65500,,
ESTAT:EARN_MW_CUR(1.0),31/07/26 11:00:00,S,NAC,HU,2007-S2,65500,,
ESTAT:EARN_MW_CUR(1.0),31/07/26 11:00:00,S,NAC,HU,2008-S1,69000,,
ESTAT:EARN_MW_CUR(1.0),31/07/26 11:00:00,S,NAC,HU,2008-S2,69000,,
ESTAT:EARN_MW_CUR(1.0),31/07/26 11:00:00,S,NAC,HU,2009-S1,71500,,
ESTAT:EARN_MW_CUR(1.0),31/07/26 11:00:00,S,NAC,HU,2009-S2,71500,,
ESTAT:EARN_MW_CUR(1.0),31/07/26 11:00:00,S,NAC,HU,2010-S1,73500,,
ESTAT:EARN_MW_CUR(1.0),31/07/26 11:00:00,S,NAC,HU,2010-S2,73500,,
ESTAT:EARN_MW_CUR(1.0),31/07/26 11:00:00,S,NAC,HU,2011-S1,78000,,
ESTAT:EARN_MW_CUR(1.0),31/07/26 11:00:00,S,NAC,HU,2011-S2,78000,,
ESTAT:EARN_MW_CUR(1.0),31/07/26 11:00:00,S,NAC,HU,2012-S1,93000,,
ESTAT:EARN_MW_CUR(1.0),31/07/26 11:00:00,S,NAC,HU,2012-S2,93000,,
ESTAT:EARN_MW_CUR(1.0),31/07/26 11:00:00,S,NAC,HU,2013-S1,98000,,
ESTAT:EARN_MW_CUR(1.0),31/07/26 11:00:00,S,NAC,HU,2013-S2,98000,,
ESTAT:EARN_MW_CUR(1.0),31/07/26 11:00:00,S,NAC,HU,2014-S1,101500,,
ESTAT:EARN_MW_CUR(1.0),31/07/26 11:00:00,S,NAC,HU,2014-S2,101500,,
ESTAT:EARN_MW_CUR(1.0),31/07/26 11:00:00,S,NAC,HU,2015-S1,105000,,
ESTAT:EARN_MW_CUR(1.0),31/07/26 11:00:00,S,NAC,HU,2015-S2,105000,,
ESTAT:EARN_MW_CUR(1.0),31/07/26 11:00:00,S,NAC,HU,2016-S1,111000,,
ESTAT:EARN_MW_CUR(1.0),31/07/26 11:00:00,S,NAC,HU,2016-S2,111000,,
ESTAT:EARN_MW_CUR(1.0),31/07/26 11:00:00,S,NAC,HU,2017-S1,127500,,
ESTAT:EARN_MW_CUR(1.0),31/07/26 11:00:00,S,NAC,HU,2017-S2,127500,,
ESTAT:EARN_MW_CUR(1.0),31/07/26 11:00:00,S,NAC,HU,2018-S1,138000,,
ESTAT:EARN_MW_CUR(1.0),31/07/26 11:00:00,S,NAC,HU,2018-S2,138000,,
ESTAT:EARN_MW_CUR(1.0),31/07/26 11:00:00,S,NAC,HU,2019-S1,149000,,
ESTAT:EARN_MW_CUR(1.0),31/07/26 11:00:00,S,NAC,HU,2019-S2,149000,,
ESTAT:EARN_MW_CUR(1.0),31/07/26 11:00:00,S,NAC,HU,2020-S1,161000,,
ESTAT:EARN_MW_CUR(1.0),31/07/26 11:00:00,S,NAC,HU,2020-S2,161000,,
ESTAT:EARN_MW_CUR(1.0),31/07/26 11:00:00,S,NAC,HU,2021-S1,161000,,
ESTAT:EARN_MW_CUR(1.0),31/07/26 11:00:00,S,NAC,HU,2021-S2,167400,,
ESTAT:EARN_MW_CUR(1.0),31/07/26 11:00:00,S,NAC,HU,2022-S1,200000,,
ESTAT:EARN_MW_CUR(1.0),31/07/26 11:00:00,S,NAC,HU,2022-S2,200000,,
ESTAT:EARN_MW_CUR(1.0),31/07/26 11:00:00,S,NAC,HU,2023-S1,232000,,
ESTAT:EARN_MW_CUR(1.0),31/07/26 11:00:00,S,NAC,HU,2023-S2,232000,,
ESTAT:EARN_MW_CUR(1.0),31/07/26 11:00:00,S,NAC,HU,2024-S1,266800,,
ESTAT:EARN_MW_CUR(1.0),31/07/26 11:00:00,S,NAC,HU,2024-S2,266800,,
ESTAT:EARN_MW_CUR(1.0),31/07/26 11:00:00,S,NAC,HU,2025-S1,290800,,
ESTAT:EARN_MW_CUR(1.0),31/07/26 11:00:00,S,NAC,HU,2025-S2,290800,,
ESTAT:EARN_MW_CUR(1.0),31/07/26 11:00:00,S,NAC,HU,2026-S1,322800,,
ESTAT:EARN_MW_CUR(1.0),31/07/26 11:00:00,S,NAC,HU,2026-S2,322800,,
ESTAT:EARN_MW_CUR(1.0),31/07/26 11:00:00,S,NAC,IE,1999-S1,,m,
ESTAT:EARN_MW_CUR(1.0),31/07/26 11:00:00,S,NAC,IE,1999-S2,,m,
ESTAT:EARN_MW_CUR(1.0),31/07/26 11:00:00,S,NAC,IE,2000-S1,,m,
ESTAT:EARN_MW_CUR(1.0),31/07/26 11:00:00,S,NAC,IE,2000-S2,945,,
ESTAT:EARN_MW_CUR(1.0),31/07/26 11:00:00,S,NAC,IE,2001-S1,945,,
ESTAT:EARN_MW_CUR(1.0),31/07/26 11:00:00,S,NAC,IE,2001-S2,1009,,
ESTAT:EARN_MW_CUR(1.0),31/07/26 11:00:00,S,NAC,IE,2002-S1,1009,,
ESTAT:EARN_MW_CUR(1.0),31/07/26 11:00:00,S,NAC,IE,2002-S2,1009,,
ESTAT:EARN_MW_CUR(1.0),31/07/26 11:00:00,S,NAC,IE,2003-S1,1073,,
ESTAT:EARN_MW_CUR(1.0),31/07/26 11:00:00,S,NAC,IE,2003-S2,1073,,
ESTAT:EARN_MW_CUR(1.0),31/07/26 11:00:00,S,NAC,IE,2004-S1,1073,,
ESTAT:EARN_MW_CUR(1.0),31/07/26 11:00:00,S,NAC,IE,2004-S2,1183,,
ESTAT:EARN_MW_CUR(1.0),31/07/26 11:00:00,S,NAC,IE,2005-S1,1183,,
ESTAT:EARN_MW_CUR(1.0),31/07/26 11:00:00,S,NAC,IE,2005-S2,1293,,
ESTAT:EARN_MW_CUR(1.0),31/07/26 11:00:00,S,NAC,IE,2006-S1,1293,,
ESTAT:EARN_MW_CUR(1.0),31/07/26 11:00:00,S,NAC,IE,2006-S2,1293,,
ESTAT:EARN_MW_CUR(1.0),31/07/26 11:00:00,S,NAC,IE,2007-S1,1403,,
ESTAT:EARN_MW_CUR(1.0),31/07/26 11:00:00,S,NAC,IE,2007-S2,1462,,
ESTAT:EARN_MW_CUR(1.0),31/07/26 11:00:00,S,NAC,IE,2008-S1,1462,,
ESTAT:EARN_MW_CUR(1.0),31/07/26 11:00:00,S,NAC,IE,2008-S2,1462,,
ESTAT:EARN_MW_CUR(1.0),31/07/26 11:00:00,S,NAC,IE,2009-S1,1462,,
ESTAT:EARN_MW_CUR(1.0),31/07/26 11:00:00,S,NAC,IE,2009-S2,1462,,
ESTAT:EARN_MW_CUR(1.0),31/07/26 11:00:00,S,NAC,IE,2010-S1,1462,,
ESTAT:EARN_MW_CUR(1.0),31/07/26 11:00:00,S,NAC,IE,2010-S2,1462,,
ESTAT:EARN_MW_CUR(1.0),31/07/26 11:00:00,S,NAC,IE,2011-S1,1462,,
ESTAT:EARN_MW_CUR(1.0),31/07/26 11:00:00,S,NAC,IE,2011-S2,1462,,
ESTAT:EARN_MW_CUR(1.0),31/07/26 11:00:00,S,NAC,IE,2012-S1,1462,,
ESTAT:EARN_MW_CUR(1.0),31/07/26 11:00:00,S,NAC,IE,2012-S2,1462,,
ESTAT:EARN_MW_CUR(1.0),31/07/26 11:00:00,S,NAC,IE,2013-S1,1462,,
ESTAT:EARN_MW_CUR(1.0),31/07/26 11:00:00,S,NAC,IE,2013-S2,1462,,
ESTAT:EARN_MW_CUR(1.0),31/07/26 11:00:00,S,NAC,IE,2014-S1,1462,,
ESTAT:EARN_MW_CUR(1.0),31/07/26 11:00:00,S,NAC,IE,2014-S2,1462,,
ESTAT:EARN_MW_CUR(1.0),31/07/26 11:00:00,S,NAC,IE,2015-S1,1462,,
ESTAT:EARN_MW_CUR(1.0),31/07/26 11:00:00,S,NAC,IE,2015-S2,1462,,
ESTAT:EARN_MW_CUR(1.0),31/07/26 11:00:00,S,NAC,IE,2016-S1,1546,,
ESTAT:EARN_MW_CUR(1.0),31/07/26 11:00:00,S,NAC,IE,2016-S2,1546,,
ESTAT:EARN_MW_CUR(1.0),31/07/26 11:00:00,S,NAC,IE,2017-S1,1563,,
ESTAT:EARN_MW_CUR(1.0),31/07/26 11:00:00,S,NAC,IE,2017-S2,1563,,
ESTAT:EARN_MW_CUR(1.0),31/07/26 11:00:00,S,NAC,IE,2018-S1,1614,,
ESTAT:EARN_MW_CUR(1.0),31/07/26 11:00:00,S,NAC,IE,2018-S2,1614,,
ESTAT:EARN_MW_CUR(1.0),31/07/26 11:00:00,S,NAC,IE,2019-S1,1656,,
ESTAT:EARN_MW_CUR(1.0),31/07/26 11:00:00,S,NAC,IE,2019-S2,1656,,
ESTAT:EARN_MW_CUR(1.0),31/07/26 11:00:00,S,NAC,IE,2020-S1,1656,,
ESTAT:EARN_MW_CUR(1.0),31/07/26 11:00:00,S,NAC,IE,2020-S2,1707,,
ESTAT:EARN_MW_CUR(1.0),31/07/26 11:00:00,S,NAC,IE,2021-S1,1724,,
ESTAT:EARN_MW_CUR(1.0),31/07/26 11:00:00,S,NAC,IE,2021-S2,1724,,
ESTAT:EARN_MW_CUR(1.0),31/07/26 11:00:00,S,NAC,IE,2022-S1,1775,,
ESTAT:EARN_MW_CUR(1.0),31/07/26 11:00:00,S,NAC,IE,2022-S2,1775,,
ESTAT:EARN_MW_CUR(1.0),31/07/26 11:00:00,S,NAC,IE,2023-S1,1910,,
ESTAT:EARN_MW_CUR(1.0),31/07/26 11:00:00,S,NAC,IE,2023-S2,1910,,
ESTAT:EARN_MW_CUR(1.0),31/07/26 11:00:00,S,NAC,IE,2024-S1,2146,,
ESTAT:EARN_MW_CUR(1.0),31/07/26 11:00:00,S,NAC,IE,2024-S2,2146,,
ESTAT:EARN_MW_CUR(1.0),31/07/26 11:00:00,S,NAC,IE,2025-S1,2282,,
ESTAT:EARN_MW_CUR(1.0),31/07/26 11:00:00,S,NAC,IE,2025-S2,2282,,
ESTAT:EARN_MW_CUR(1.0),31/07/26 11:00:00,S,NAC,IE,2026-S1,2391,,
ESTAT:EARN_MW_CUR(1.0),31/07/26 11:00:00,S,NAC,IE,2026-S2,2391,,
ESTAT:EARN_MW_CUR(1.0),31/07/26 11:00:00,S,NAC,IS,1999-S1,,m,
ESTAT:EARN_MW_CUR(1.0),31/07/26 11:00:00,S,NAC,IS,1999-S2,,m,
ESTAT:EARN_MW_CUR(1.0),31/07/26 11:00:00,S,NAC,IS,2000-S1,,m,
ESTAT:EARN_MW_CUR(1.0),31/07/26 11:00:00,S,NAC,IS,2000-S2,,m,
ESTAT:EARN_MW_CUR(1.0),31/07/26 11:00:00,S,NAC,IS,2001-S1,,m,
ESTAT:EARN_MW_CUR(1.0),31/07/26 11:00:00,S,NAC,IS,2001-S2,,m,
ESTAT:EARN_MW_CUR(1.0),31/07/26 11:00:00,S,NAC,IS,2002-S1,,m,
ESTAT:EARN_MW_CUR(1.0),31/07/26 11:00:00,S,NAC,IS,2002-S2,,m,
ESTAT:EARN_MW_CUR(1.0),31/07/26 11:00:00,S,NAC,IS,2003-S1,,m,
ESTAT:EARN_MW_CUR(1.0),31/07/26 11:00:00,S,NAC,IS,2003-S2,,m,
ESTAT:EARN_MW_CUR(1.0),31/07/26 11:00:00,S,NAC,IS,2004-S1,,m,
ESTAT:EARN_MW_CUR(1.0),31/07/26 11:00:00,S,NAC,IS,2004-S2,,m,
ESTAT:EARN_MW_CUR(1.0),31/07/26 11:00:00,S,NAC,IS,2005-S1,,m,
ESTAT:EARN_MW_CUR(1.0),31/07/26 11:00:00,S,NAC,IS,2005-S2,,m,
ESTAT:EARN_MW_CUR(1.0),31/07/26 11:00:00,S,NAC,IS,2006-S1,,m,
ESTAT:EARN_MW_CUR(1.0),31/07/26 11:00:00,S,NAC,IS,2006-S2,,m,
ESTAT:EARN_MW_CUR(1.0),31/07/26 11:00:00,S,NAC,IS,2007-S1,,m,
ESTAT:EARN_MW_CUR(1.0),31/07/26 11:00:00,S,NAC,IS,2007-S2,,m,
ESTAT:EARN_MW_CUR(1.0),31/07/26 11:00:00,S,NAC,IS,2008-S1,,m,
ESTAT:EARN_MW_CUR(1.0),31/07/26 11:00:00,S,NAC,IS,2008-S2,,m,
ESTAT:EARN_MW_CUR(1.0),31/07/26 11:00:00,S,NAC,IS,2009-S1,,m,
ESTAT:EARN_MW_CUR(1.0),31/07/26 11:00:00,S,NAC,IS,2009-S2,,m,
ESTAT:EARN_MW_CUR(1.0),31/07/26 11:00:00,S,NAC,IS,2010-S1,,m,
ESTAT:EARN_MW_CUR(1.0),31/07/26 11:00:00,S,NAC,IS,2010-S2,,m,
ESTAT:EARN_MW_CUR(1.0),31/07/26 11:00:00,S,NAC,IS,2011-S1,,m,
ESTAT:EARN_MW_CUR(1.0),31/07/26 11:00:00,S,NAC,IS,2011-S2,,m,
ESTAT:EARN_MW_CUR(1.0),31/07/26 11:00:00,S,NAC,IS,2012-S1,,m,
ESTAT:EARN_MW_CUR(1.0),31/07/26 11:00:00,S,NAC,IS,2012-S2,,m,
ESTAT:EARN_MW_CUR(1.0),31/07/26 11:00:00,S,NAC,IS,2013-S1,,m,
ESTAT:EARN_MW_CUR(1.0),31/07/26 11:00:00,S,NAC,IS,2013-S2,,m,
ESTAT:EARN_MW_CUR(1.0),31/07/26 11:00:00,S,NAC,IS,2014-S1,,m,
ESTAT:EARN_MW_CUR(1.0),31/07/26 11:00:00,S,NAC,IS,2014-S2,,m,
ESTAT:EARN_MW_CUR(1.0),31/07/26 11:00:00,S,NAC,IS,2015-S1,,m,
ESTAT:EARN_MW_CUR(1.0),31/07/26 11:00:00,S,NAC,IS,2015-S2,,m,
ESTAT:EARN_MW_CUR(1.0),31/07/26 11:00:00,S,NAC,IS,2016-S1,,m,
ESTAT:EARN_MW_CUR(1.0),31/07/26 11:00:00,S,NAC,IS,2016-S2,,m,
ESTAT:EARN_MW_CUR(1.0),31/07/26 11:00:00,S,NAC,IS,2017-S1,,m,
ESTAT:EARN_MW_CUR(1.0),31/07/26 11:00:00,S,NAC,IS,2017-S2,,m,
ESTAT:EARN_MW_CUR(1.0),31/07/26 11:00:00,S,NAC,IS,2018-S1,,m,
ESTAT:EARN_MW_CUR(1.0),31/07/26 11:00:00,S,NAC,IS,2018-S2,,m,
ESTAT:EARN_MW_CUR(1.0),31/07/26 11:00:00,S,NAC,IS,2019-S1,,m,
ESTAT:EARN_MW_CUR(1.0),31/07/26 11:00:00,S,NAC,IS,2019-S2,,m,
ESTAT:EARN_MW_CUR(1.0),31/07/26 11:00:00,S,NAC,IS,2020-S1,,m,
ESTAT:EARN_MW_CUR(1.0),31/07/26 11:00:00,S,NAC,IS,2020-S2,,m,
ESTAT:EARN_MW_CUR(1.0),31/07/26 11:00:00,S,NAC,IS,2021-S1,,m,
ESTAT:EARN_MW_CUR(1.0),31/07/26 11:00:00,S,NAC,IS,2021-S2,,m,
ESTAT:EARN_MW_CUR(1.0),31/07/26 11:00:00,S,NAC,IS,2022-S1,,m,
ESTAT:EARN_MW_CUR(1.0),31/07/26 11:00:00,S,NAC,IS,2022-S2,,m,
ESTAT:EARN_MW_CUR(1.0),31/07/26 11:00:00,S,NAC,IS,2023-S1,,m,
ESTAT:EARN_MW_CUR(1.0),31/07/26 11:00:00,S,NAC,IS,2023-S2,,m,
ESTAT:EARN_MW_CUR(1.0),31/07/26 11:00:00,S,NAC,IS,2024-S1,,m,
ESTAT:EARN_MW_CUR(1.0),31/07/26 11:00:00,S,NAC,IS,2024-S2,,m,
ESTAT:EARN_MW_CUR(1.0),31/07/26 11:00:00,S,NAC,IS,2025-S1,,m,
ESTAT:EARN_MW_CUR(1.0),31/07/26 11:00:00,S,NAC,IS,2025-S2,,m,
ESTAT:EARN_MW_CUR(1.0),31/07/26 11:00:00,S,NAC,IS,2026-S1,,m,
ESTAT:EARN_MW_CUR(1.0),31/07/26 11:00:00,S,NAC,IS,2026-S2,,m,
ESTAT:EARN_MW_CUR(1.0),31/07/26 11:00:00,S,NAC,IT,1999-S1,,m,
ESTAT:EARN_MW_CUR(1.0),31/07/26 11:00:00,S,NAC,IT,1999-S2,,m,
ESTAT:EARN_MW_CUR(1.0),31/07/26 11:00:00,S,NAC,IT,2000-S1,,m,
ESTAT:EARN_MW_CUR(1.0),31/07/26 11:00:00,S,NAC,IT,2000-S2,,m,
ESTAT:EARN_MW_CUR(1.0),31/07/26 11:00:00,S,NAC,IT,2001-S1,,m,
ESTAT:EARN_MW_CUR(1.0),31/07/26 11:00:00,S,NAC,IT,2001-S2,,m,
ESTAT:EARN_MW_CUR(1.0),31/07/26 11:00:00,S,NAC,IT,2002-S1,,m,
ESTAT:EARN_MW_CUR(1.0),31/07/26 11:00:00,S,NAC,IT,2002-S2,,m,
ESTAT:EARN_MW_CUR(1.0),31/07/26 11:00:00,S,NAC,IT,2003-S1,,m,
ESTAT:EARN_MW_CUR(1.0),31/07/26 11:00:00,S,NAC,IT,2003-S2,,m,
ESTAT:EARN_MW_CUR(1.0),31/07/26 11:00:00,S,NAC,IT,2004-S1,,m,
ESTAT:EARN_MW_CUR(1.0),31/07/26 11:00:00,S,NAC,IT,2004-S2,,m,
ESTAT:EARN_MW_CUR(1.0),31/07/26 11:00:00,S,NAC,IT,2005-S1,,m,
ESTAT:EARN_MW_CUR(1.0),31/07/26 11:00:00,S,NAC,IT,2005-S2,,m,
ESTAT:EARN_MW_CUR(1.0),31/07/26 11:00:00,S,NAC,IT,2006-S1,,m,
ESTAT:EARN_MW_CUR(1.0),31/07/26 11:00:00,S,NAC,IT,2006-S2,,m,
ESTAT:EARN_MW_CUR(1.0),31/07/26 11:00:00,S,NAC,IT,2007-S1,,m,
ESTAT:EARN_MW_CUR(1.0),31/07/26 11:00:00,S,NAC,IT,2007-S2,,m,
ESTAT:EARN_MW_CUR(1.0),31/07/26 11:00:00,S,NAC,IT,2008-S1,,m,
ESTAT:EARN_MW_CUR(1.0),31/07/26 11:00:00,S,NAC,IT,2008-S2,,m,
ESTAT:EARN_MW_CUR(1.0),31/07/26 11:00:00,S,NAC,IT,2009-S1,,m,
ESTAT:EARN_MW_CUR(1.0),31/07/26 11:00:00,S,NAC,IT,2009-S2,,m,
ESTAT:EARN_MW_CUR(1.0),31/07/26 11:00:00,S,NAC,IT,2010-S1,,m,
ESTAT:EARN_MW_CUR(1.0),31/07/26 11:00:00,S,NAC,IT,2010-S2,,m,
ESTAT:EARN_MW_CUR(1.0),31/07/26 11:00:00,S,NAC,IT,2011-S1,,m,
ESTAT:EARN_MW_CUR(1.0),31/07/26 11:00:00,S,NAC,IT,2011-S2,,m,
ESTAT:EARN_MW_CUR(1.0),31/07/26 11:00:00,S,NAC,IT,2012-S1,,m,
ESTAT:EARN_MW_CUR(1.0),31/07/26 11:00:00,S,NAC,IT,2012-S2,,m,
ESTAT:EARN_MW_CUR(1.0),31/07/26 11:00:00,S,NAC,IT,2013-S1,,m,
ESTAT:EARN_MW_CUR(1.0),31/07/26 11:00:00,S,NAC,IT,2013-S2,,m,
ESTAT:EARN_MW_CUR(1.0),31/07/26 11:00:00,S,NAC,IT,2014-S1,,m,
ESTAT:EARN_MW_CUR(1.0),31/07/26 11:00:00,S,NAC,IT,2014-S2,,m,
ESTAT:EARN_MW_CUR(1.0),31/07/26 11:00:00,S,NAC,IT,2015-S1,,m,
ESTAT:EARN_MW_CUR(1.0),31/07/26 11:00:00,S,NAC,IT,2015-S2,,m,
ESTAT:EARN_MW_CUR(1.0),31/07/26 11:00:00,S,NAC,IT,2016-S1,,m,
ESTAT:EARN_MW_CUR(1.0),31/07/26 11:00:00,S,NAC,IT,2016-S2,,m,
ESTAT:EARN_MW_CUR(1.0),31/07/26 11:00:00,S,NAC,IT,2017-S1,,m,
ESTAT:EARN_MW_CUR(1.0),31/07/26 11:00:00,S,NAC,IT,2017-S2,,m,
ESTAT:EARN_MW_CUR(1.0),31/07/26 11:00:00,S,NAC,IT,2018-S1,,m,
ESTAT:EARN_MW_CUR(1.0),31/07/26 11:00:00,S,NAC,IT,2018-S2,,m,
ESTAT:EARN_MW_CUR(1.0),31/07/26 11:00:00,S,NAC,IT,2019-S1,,m,
ESTAT:EARN_MW_CUR(1.0),31/07/26 11:00:00,S,NAC,IT,2019-S2,,m,
ESTAT:EARN_MW_CUR(1.0),31/07/26 11:00:00,S,NAC,IT,2020-S1,,m,
ESTAT:EARN_MW_CUR(1.0),31/07/26 11:00:00,S,NAC,IT,2020-S2,,m,
ESTAT:EARN_MW_CUR(1.0),31/07/26 11:00:00,S,NAC,IT,2021-S1,,m,
ESTAT:EARN_MW_CUR(1.0),31/07/26 11:00:00,S,NAC,IT,2021-S2,,m,
ESTAT:EARN_MW_CUR(1.0),31/07/26 11:00:00,S,NAC,IT,2022-S1,,m,
ESTAT:EARN_MW_CUR(1.0),31/07/26 11:00:00,S,NAC,IT,2022-S2,,m,
ESTAT:EARN_MW_CUR(1.0),31/07/26 11:00:00,S,NAC,IT,2023-S1,,m,
ESTAT:EARN_MW_CUR(1.0),31/07/26 11:00:00,S,NAC,IT,2023-S2,,m,
ESTAT:EARN_MW_CUR(1.0),31/07/26 11:00:00,S,NAC,IT,2024-S1,,m,
ESTAT:EARN_MW_CUR(1.0),31/07/26 11:00:00,S,NAC,IT,2024-S2,,m,
ESTAT:EARN_MW_CUR(1.0),31/07/26 11:00:00,S,NAC,IT,2025-S1,,m,
ESTAT:EARN_MW_CUR(1.0),31/07/26 11:00:00,S,NAC,IT,2025-S2,,m,
ESTAT:EARN_MW_CUR(1.0),31/07/26 11:00:00,S,NAC,IT,2026-S1,,m,
ESTAT:EARN_MW_CUR(1.0),31/07/26 11:00:00,S,NAC,IT,2026-S2,,m,
ESTAT:EARN_MW_CUR(1.0),31/07/26 11:00:00,S,NAC,LT,1999-S1,125,,
ESTAT:EARN_MW_CUR(1.0),31/07/26 11:00:00,S,NAC,LT,1999-S2,125,,
ESTAT:EARN_MW_CUR(1.0),31/07/26 11:00:00,S,NAC,LT,2000-S1,125,,
ESTAT:EARN_MW_CUR(1.0),31/07/26 11:00:00,S,NAC,LT,2000-S2,125,,
ESTAT:EARN_MW_CUR(1.0),31/07/26 11:00:00,S,NAC,LT,2001-S1,125,,
ESTAT:EARN_MW_CUR(1.0),31/07/26 11:00:00,S,NAC,LT,2001-S2,125,,
ESTAT:EARN_MW_CUR(1.0),31/07/26 11:00:00,S,NAC,LT,2002-S1,125,,
ESTAT:EARN_MW_CUR(1.0),31/07/26 11:00:00,S,NAC,LT,2002-S2,125,,
ESTAT:EARN_MW_CUR(1.0),31/07/26 11:00:00,S,NAC,LT,2003-S1,125,,
ESTAT:EARN_MW_CUR(1.0),31/07/26 11:00:00,S,NAC,LT,2003-S2,125,,
ESTAT:EARN_MW_CUR(1.0),31/07/26 11:00:00,S,NAC,LT,2004-S1,130,,
ESTAT:EARN_MW_CUR(1.0),31/07/26 11:00:00,S,NAC,LT,2004-S2,145,,
ESTAT:EARN_MW_CUR(1.0),31/07/26 11:00:00,S,NAC,LT,2005-S1,145,,
ESTAT:EARN_MW_CUR(1.0),31/07/26 11:00:00,S,NAC,LT,2005-S2,159,,
ESTAT:EARN_MW_CUR(1.0),31/07/26 11:00:00,S,NAC,LT,2006-S1,159,,
ESTAT:EARN_MW_CUR(1.0),31/07/26 11:00:00,S,NAC,LT,2006-S2,174,,
ESTAT:EARN_MW_CUR(1.0),31/07/26 11:00:00,S,NAC,LT,2007-S1,174,,
ESTAT:EARN_MW_CUR(1.0),31/07/26 11:00:00,S,NAC,LT,2007-S2,203,,
ESTAT:EARN_MW_CUR(1.0),31/07/26 11:00:00,S,NAC,LT,2008-S1,232,,
ESTAT:EARN_MW_CUR(1.0),31/07/26 11:00:00,S,NAC,LT,2008-S2,232,,
ESTAT:EARN_MW_CUR(1.0),31/07/26 11:00:00,S,NAC,LT,2009-S1,232,,
ESTAT:EARN_MW_CUR(1.0),31/07/26 11:00:00,S,NAC,LT,2009-S2,232,,
ESTAT:EARN_MW_CUR(1.0),31/07/26 11:00:00,S,NAC,LT,2010-S1,232,,
ESTAT:EARN_MW_CUR(1.0),31/07/26 11:00:00,S,NAC,LT,2010-S2,232,,
ESTAT:EARN_MW_CUR(1.0),31/07/26 11:00:00,S,NAC,LT,2011-S1,232,,
ESTAT:EARN_MW_CUR(1.0),31/07/26 11:00:00,S,NAC,LT,2011-S2,232,,
ESTAT:EARN_MW_CUR(1.0),31/07/26 11:00:00,S,NAC,LT,2012-S1,232,,
ESTAT:EARN_MW_CUR(1.0),31/07/26 11:00:00,S,NAC,LT,2012-S2,232,,
ESTAT:EARN_MW_CUR(1.0),31/07/26 11:00:00,S,NAC,LT,2013-S1,290,,
ESTAT:EARN_MW_CUR(1.0),31/07/26 11:00:00,S,NAC,LT,2013-S2,290,,
ESTAT:EARN_MW_CUR(1.0),31/07/26 11:00:00,S,NAC,LT,2014-S1,290,,
ESTAT:EARN_MW_CUR(1.0),31/07/26 11:00:00,S,NAC,LT,2014-S2,290,,
ESTAT:EARN_MW_CUR(1.0),31/07/26 11:00:00,S,NAC,LT,2015-S1,300,,
ESTAT:EARN_MW_CUR(1.0),31/07/26 11:00:00,S,NAC,LT,2015-S2,325,,
ESTAT:EARN_MW_CUR(1.0),31/07/26 11:00:00,S,NAC,LT,2016-S1,350,,
ESTAT:EARN_MW_CUR(1.0),31/07/26 11:00:00,S,NAC,LT,2016-S2,380,,
ESTAT:EARN_MW_CUR(1.0),31/07/26 11:00:00,S,NAC,LT,2017-S1,380,,
ESTAT:EARN_MW_CUR(1.0),31/07/26 11:00:00,S,NAC,LT,2017-S2,380,,
ESTAT:EARN_MW_CUR(1.0),31/07/26 11:00:00,S,NAC,LT,2018-S1,400,,
ESTAT:EARN_MW_CUR(1.0),31/07/26 11:00:00,S,NAC,LT,2018-S2,400,,
ESTAT:EARN_MW_CUR(1.0),31/07/26 11:00:00,S,NAC,LT,2019-S1,555,,
ESTAT:EARN_MW_CUR(1.0),31/07/26 11:00:00,S,NAC,LT,2019-S2,555,,
ESTAT:EARN_MW_CUR(1.0),31/07/26 11:00:00,S,NAC,LT,2020-S1,607,,
ESTAT:EARN_MW_CUR(1.0),31/07/26 11:00:00,S,NAC,LT,2020-S2,607,,
ESTAT:EARN_MW_CUR(1.0),31/07/26 11:00:00,S,NAC,LT,2021-S1,642,,
ESTAT:EARN_MW_CUR(1.0),31/07/26 11:00:00,S,NAC,LT,2021-S2,642,,
ESTAT:EARN_MW_CUR(1.0),31/07/26 11:00:00,S,NAC,LT,2022-S1,730,,
ESTAT:EARN_MW_CUR(1.0),31/07/26 11:00:00,S,NAC,LT,2022-S2,730,,
ESTAT:EARN_MW_CUR(1.0),31/07/26 11:00:00,S,NAC,LT,2023-S1,840,,
ESTAT:EARN_MW_CUR(1.0),31/07/26 11:00:00,S,NAC,LT,2023-S2,840,,
ESTAT:EARN_MW_CUR(1.0),31/07/26 11:00:00,S,NAC,LT,2024-S1,924,,
ESTAT:EARN_MW_CUR(1.0),31/07/26 11:00:00,S,NAC,LT,2024-S2,924,,
ESTAT:EARN_MW_CUR(1.0),31/07/26 11:00:00,S,NAC,LT,2025-S1,1038,,
ESTAT:EARN_MW_CUR(1.0),31/07/26 11:00:00,S,NAC,LT,2025-S2,1038,,
ESTAT:EARN_MW_CUR(1.0),31/07/26 11:00:00,S,NAC,LT,2026-S1,1153,,
ESTAT:EARN_MW_CUR(1.0),31/07/26 11:00:00,S,NAC,LT,2026-S2,1153,,
ESTAT:EARN_MW_CUR(1.0),31/07/26 11:00:00,S,NAC,LU,1999-S1,1162,,
ESTAT:EARN_MW_CUR(1.0),31/07/26 11:00:00,S,NAC,LU,1999-S2,1162,,
ESTAT:EARN_MW_CUR(1.0),31/07/26 11:00:00,S,NAC,LU,2000-S1,1191,,
ESTAT:EARN_MW_CUR(1.0),31/07/26 11:00:00,S,NAC,LU,2000-S2,1221,,
ESTAT:EARN_MW_CUR(1.0),31/07/26 11:00:00,S,NAC,LU,2001-S1,1259,,
ESTAT:EARN_MW_CUR(1.0),31/07/26 11:00:00,S,NAC,LU,2001-S2,1290,,
ESTAT:EARN_MW_CUR(1.0),31/07/26 11:00:00,S,NAC,LU,2002-S1,1290,,
ESTAT:EARN_MW_CUR(1.0),31/07/26 11:00:00,S,NAC,LU,2002-S2,1322,,
ESTAT:EARN_MW_CUR(1.0),31/07/26 11:00:00,S,NAC,LU,2003-S1,1369,,
ESTAT:EARN_MW_CUR(1.0),31/07/26 11:00:00,S,NAC,LU,2003-S2,1369,,
ESTAT:EARN_MW_CUR(1.0),31/07/26 11:00:00,S,NAC,LU,2004-S1,1403,,
ESTAT:EARN_MW_CUR(1.0),31/07/26 11:00:00,S,NAC,LU,2004-S2,1403,,
ESTAT:EARN_MW_CUR(1.0),31/07/26 11:00:00,S,NAC,LU,2005-S1,1467,,
ESTAT:EARN_MW_CUR(1.0),31/07/26 11:00:00,S,NAC,LU,2005-S2,1467,,
ESTAT:EARN_MW_CUR(1.0),31/07/26 11:00:00,S,NAC,LU,2006-S1,1503,,
ESTAT:EARN_MW_CUR(1.0),31/07/26 11:00:00,S,NAC,LU,2006-S2,1503,,
ESTAT:EARN_MW_CUR(1.0),31/07/26 11:00:00,S,NAC,LU,2007-S1,1570,,
ESTAT:EARN_MW_CUR(1.0),31/07/26 11:00:00,S,NAC,LU,2007-S2,1570,,
ESTAT:EARN_MW_CUR(1.0),31/07/26 11:00:00,S,NAC,LU,2008-S1,1570,,
ESTAT:EARN_MW_CUR(1.0),31/07/26 11:00:00,S,NAC,LU,2008-S2,1610,,
ESTAT:EARN_MW_CUR(1.0),31/07/26 11:00:00,S,NAC,LU,2009-S1,1642,,
ESTAT:EARN_MW_CUR(1.0),31/07/26 11:00:00,S,NAC,LU,2009-S2,1683,,
ESTAT:EARN_MW_CUR(1.0),31/07/26 11:00:00,S,NAC,LU,2010-S1,1683,,
ESTAT:EARN_MW_CUR(1.0),31/07/26 11:00:00,S,NAC,LU,2010-S2,1725,,
ESTAT:EARN_MW_CUR(1.0),31/07/26 11:00:00,S,NAC,LU,2011-S1,1758,,
ESTAT:EARN_MW_CUR(1.0),31/07/26 11:00:00,S,NAC,LU,2011-S2,1758,,
ESTAT:EARN_MW_CUR(1.0),31/07/26 11:00:00,S,NAC,LU,2012-S1,1801,,
ESTAT:EARN_MW_CUR(1.0),31/07/26 11:00:00,S,NAC,LU,2012-S2,1801,,
ESTAT:EARN_MW_CUR(1.0),31/07/26 11:00:00,S,NAC,LU,2013-S1,1874,,
ESTAT:EARN_MW_CUR(1.0),31/07/26 11:00:00,S,NAC,LU,2013-S2,1874,,
ESTAT:EARN_MW_CUR(1.0),31/07/26 11:00:00,S,NAC,LU,2014-S1,1921,,
ESTAT:EARN_MW_CUR(1.0),31/07/26 11:00:00,S,NAC,LU,2014-S2,1921,,
ESTAT:EARN_MW_CUR(1.0),31/07/26 11:00:00,S,NAC,LU,2015-S1,1923,,
ESTAT:EARN_MW_CUR(1.0),31/07/26 11:00:00,S,NAC,LU,2015-S2,1923,,
ESTAT:EARN_MW_CUR(1.0),31/07/26 11:00:00,S,NAC,LU,2016-S1,1923,,
ESTAT:EARN_MW_CUR(1.0),31/07/26 11:00:00,S,NAC,LU,2016-S2,1923,,
ESTAT:EARN_MW_CUR(1.0),31/07/26 11:00:00,S,NAC,LU,2017-S1,1999,,
ESTAT:EARN_MW_CUR(1.0),31/07/26 11:00:00,S,NAC,LU,2017-S2,1999,,
ESTAT:EARN_MW_CUR(1.0),31/07/26 11:00:00,S,NAC,LU,2018-S1,1999,,
ESTAT:EARN_MW_CUR(1.0),31/07/26 11:00:00,S,NAC,LU,2018-S2,1999,,
ESTAT:EARN_MW_CUR(1.0),31/07/26 11:00:00,S,NAC,LU,2019-S1,2090,,
ESTAT:EARN_MW_CUR(1.0),31/07/26 11:00:00,S,NAC,LU,2019-S2,2090,,
ESTAT:EARN_MW_CUR(1.0),31/07/26 11:00:00,S,NAC,LU,2020-S1,2142,,
ESTAT:EARN_MW_CUR(1.0),31/07/26 11:00:00,S,NAC,LU,2020-S2,2142,,
ESTAT:EARN_MW_CUR(1.0),31/07/26 11:00:00,S,NAC,LU,2021-S1,2202,,
ESTAT:EARN_MW_CUR(1.0),31/07/26 11:00:00,S,NAC,LU,2021-S2,2202,,
ESTAT:EARN_MW_CUR(1.0),31/07/26 11:00:00,S,NAC,LU,2022-S1,2257,,
ESTAT:EARN_MW_CUR(1.0),31/07/26 11:00:00,S,NAC,LU,2022-S2,2313,,
ESTAT:EARN_MW_CUR(1.0),31/07/26 11:00:00,S,NAC,LU,2023-S1,2387,,
ESTAT:EARN_MW_CUR(1.0),31/07/26 11:00:00,S,NAC,LU,2023-S2,2508,,
ESTAT:EARN_MW_CUR(1.0),31/07/26 11:00:00,S,NAC,LU,2024-S1,2571,,
ESTAT:EARN_MW_CUR(1.0),31/07/26 11:00:00,S,NAC,LU,2024-S2,2571,,
ESTAT:EARN_MW_CUR(1.0),31/07/26 11:00:00,S,NAC,LU,2025-S1,2638,,
ESTAT:EARN_MW_CUR(1.0),31/07/26 11:00:00,S,NAC,LU,2025-S2,2704,,
ESTAT:EARN_MW_CUR(1.0),31/07/26 11:00:00,S,NAC,LU,2026-S1,2704,,
ESTAT:EARN_MW_CUR(1.0),31/07/26 11:00:00,S,NAC,LU,2026-S2,2771,,
ESTAT:EARN_MW_CUR(1.0),31/07/26 11:00:00,S,NAC,LV,1999-S1,71,,
ESTAT:EARN_MW_CUR(1.0),31/07/26 11:00:00,S,NAC,LV,1999-S2,71,,
ESTAT:EARN_MW_CUR(1.0),31/07/26 11:00:00,S,NAC,LV,2000-S1,71,,
ESTAT:EARN_MW_CUR(1.0),31/07/26 11:00:00,S,NAC,LV,2000-S2,71,,
ESTAT:EARN_MW_CUR(1.0),31/07/26 11:00:00,S,NAC,LV,2001-S1,71,,
ESTAT:EARN_MW_CUR(1.0),31/07/26 11:00:00,S,NAC,LV,2001-S2,85,,
ESTAT:EARN_MW_CUR(1.0),31/07/26 11:00:00,S,NAC,LV,2002-S1,85,,
ESTAT:EARN_MW_CUR(1.0),31/07/26 11:00:00,S,NAC,LV,2002-S2,85,,
ESTAT:EARN_MW_CUR(1.0),31/07/26 11:00:00,S,NAC,LV,2003-S1,100,,
ESTAT:EARN_MW_CUR(1.0),31/07/26 11:00:00,S,NAC,LV,2003-S2,100,,
ESTAT:EARN_MW_CUR(1.0),31/07/26 11:00:00,S,NAC,LV,2004-S1,114,,
ESTAT:EARN_MW_CUR(1.0),31/07/26 11:00:00,S,NAC,LV,2004-S2,114,,
ESTAT:EARN_MW_CUR(1.0),31/07/26 11:00:00,S,NAC,LV,2005-S1,114,,
ESTAT:EARN_MW_CUR(1.0),31/07/26 11:00:00,S,NAC,LV,2005-S2,114,,
ESTAT:EARN_MW_CUR(1.0),31/07/26 11:00:00,S,NAC,LV,2006-S1,128,,
ESTAT:EARN_MW_CUR(1.0),31/07/26 11:00:00,S,NAC,LV,2006-S2,128,,
ESTAT:EARN_MW_CUR(1.0),31/07/26 11:00:00,S,NAC,LV,2007-S1,171,,
ESTAT:EARN_MW_CUR(1.0),31/07/26 11:00:00,S,NAC,LV,2007-S2,171,,
ESTAT:EARN_MW_CUR(1.0),31/07/26 11:00:00,S,NAC,LV,2008-S1,228,,
ESTAT:EARN_MW_CUR(1.0),31/07/26 11:00:00,S,NAC,LV,2008-S2,228,,
ESTAT:EARN_MW_CUR(1.0),31/07/26 11:00:00,S,NAC,LV,2009-S1,256,,
ESTAT:EARN_MW_CUR(1.0),31/07/26 11:00:00,S,NAC,LV,2009-S2,256,,
ESTAT:EARN_MW_CUR(1.0),31/07/26 11:00:00,S,NAC,LV,2010-S1,256,,
ESTAT:EARN_MW_CUR(1.0),31/07/26 11:00:00,S,NAC,LV,2010-S2,256,,
ESTAT:EARN_MW_CUR(1.0),31/07/26 11:00:00,S,NAC,LV,2011-S1,285,,
ESTAT:EARN_MW_CUR(1.0),31/07/26 11:00:00,S,NAC,LV,2011-S2,285,,
ESTAT:EARN_MW_CUR(1.0),31/07/26 11:00:00,S,NAC,LV,2012-S1,285,,
ESTAT:EARN_MW_CUR(1.0),31/07/26 11:00:00,S,NAC,LV,2012-S2,285,,
ESTAT:EARN_MW_CUR(1.0),31/07/26 11:00:00,S,NAC,LV,2013-S1,285,,
ESTAT:EARN_MW_CUR(1.0),31/07/26 11:00:00,S,NAC,LV,2013-S2,285,,
ESTAT:EARN_MW_CUR(1.0),31/07/26 11:00:00,S,NAC,LV,2014-S1,320,,
ESTAT:EARN_MW_CUR(1.0),31/07/26 11:00:00,S,NAC,LV,2014-S2,320,,
ESTAT:EARN_MW_CUR(1.0),31/07/26 11:00:00,S,NAC,LV,2015-S1,360,,
ESTAT:EARN_MW_CUR(1.0),31/07/26 11:00:00,S,NAC,LV,2015-S2,360,,
ESTAT:EARN_MW_CUR(1.0),31/07/26 11:00:00,S,NAC,LV,2016-S1,370,,
ESTAT:EARN_MW_CUR(1.0),31/07/26 11:00:00,S,NAC,LV,2016-S2,370,,
ESTAT:EARN_MW_CUR(1.0),31/07/26 11:00:00,S,NAC,LV,2017-S1,380,,
ESTAT:EARN_MW_CUR(1.0),31/07/26 11:00:00,S,NAC,LV,2017-S2,380,,
ESTAT:EARN_MW_CUR(1.0),31/07/26 11:00:00,S,NAC,LV,2018-S1,430,,
ESTAT:EARN_MW_CUR(1.0),31/07/26 11:00:00,S,NAC,LV,2018-S2,430,,
ESTAT:EARN_MW_CUR(1.0),31/07/26 11:00:00,S,NAC,LV,2019-S1,430,,
ESTAT:EARN_MW_CUR(1.0),31/07/26 11:00:00,S,NAC,LV,2019-S2,430,,
ESTAT:EARN_MW_CUR(1.0),31/07/26 11:00:00,S,NAC,LV,2020-S1,430,,
ESTAT:EARN_MW_CUR(1.0),31/07/26 11:00:00,S,NAC,LV,2020-S2,430,,
ESTAT:EARN_MW_CUR(1.0),31/07/26 11:00:00,S,NAC,LV,2021-S1,500,,
ESTAT:EARN_MW_CUR(1.0),31/07/26 11:00:00,S,NAC,LV,2021-S2,500,,
ESTAT:EARN_MW_CUR(1.0),31/07/26 11:00:00,S,NAC,LV,2022-S1,500,,
ESTAT:EARN_MW_CUR(1.0),31/07/26 11:00:00,S,NAC,LV,2022-S2,500,,
ESTAT:EARN_MW_CUR(1.0),31/07/26 11:00:00,S,NAC,LV,2023-S1,620,,
ESTAT:EARN_MW_CUR(1.0),31/07/26 11:00:00,S,NAC,LV,2023-S2,620,,
ESTAT:EARN_MW_CUR(1.0),31/07/26 11:00:00,S,NAC,LV,2024-S1,700,,
ESTAT:EARN_MW_CUR(1.0),31/07/26 11:00:00,S,NAC,LV,2024-S2,700,,
ESTAT:EARN_MW_CUR(1.0),31/07/26 11:00:00,S,NAC,LV,2025-S1,740,,
ESTAT:EARN_MW_CUR(1.0),31/07/26 11:00:00,S,NAC,LV,2025-S2,740,,
ESTAT:EARN_MW_CUR(1.0),31/07/26 11:00:00,S,NAC,LV,2026-S1,780,,
ESTAT:EARN_MW_CUR(1.0),31/07/26 11:00:00,S,NAC,LV,2026-S2,780,,
ESTAT:EARN_MW_CUR(1.0),31/07/26 11:00:00,S,NAC,MD,1999-S1,18,,
ESTAT:EARN_MW_CUR(1.0),31/07/26 11:00:00,S,NAC,MD,1999-S2,18,,
ESTAT:EARN_MW_CUR(1.0),31/07/26 11:00:00,S,NAC,MD,2000-S1,18,,
ESTAT:EARN_MW_CUR(1.0),31/07/26 11:00:00,S,NAC,MD,2000-S2,18,,
ESTAT:EARN_MW_CUR(1.0),31/07/26 11:00:00,S,NAC,MD,2001-S1,100,,
ESTAT:EARN_MW_CUR(1.0),31/07/26 11:00:00,S,NAC,MD,2001-S2,100,,
ESTAT:EARN_MW_CUR(1.0),31/07/26 11:00:00,S,NAC,MD,2002-S1,100,,
ESTAT:EARN_MW_CUR(1.0),31/07/26 11:00:00,S,NAC,MD,2002-S2,100,,
ESTAT:EARN_MW_CUR(1.0),31/07/26 11:00:00,S,NAC,MD,2003-S1,100,,
ESTAT:EARN_MW_CUR(1.0),31/07/26 11:00:00,S,NAC,MD,2003-S2,100,,
ESTAT:EARN_MW_CUR(1.0),31/07/26 11:00:00,S,NAC,MD,2004-S1,100,,
ESTAT:EARN_MW_CUR(1.0),31/07/26 11:00:00,S,NAC,MD,2004-S2,100,,
ESTAT:EARN_MW_CUR(1.0),31/07/26 11:00:00,S,NAC,MD,2005-S1,200,,
ESTAT:EARN_MW_CUR(1.0),31/07/26 11:00:00,S,NAC,MD,2005-S2,200,,
ESTAT:EARN_MW_CUR(1.0),31/07/26 11:00:00,S,NAC,MD,2006-S1,200,,
ESTAT:EARN_MW_CUR(1.0),31/07/26 11:00:00,S,NAC,MD,2006-S2,200,,
ESTAT:EARN_MW_CUR(1.0),31/07/26 11:00:00,S,NAC,MD,2007-S1,200,,
ESTAT:EARN_MW_CUR(1.0),31/07/26 11:00:00,S,NAC,MD,2007-S2,400,,
ESTAT:EARN_MW_CUR(1.0),31/07/26 11:00:00,S,NAC,MD,2008-S1,400,,
ESTAT:EARN_MW_CUR(1.0),31/07/26 11:00:00,S,NAC,MD,2008-S2,400,,
ESTAT:EARN_MW_CUR(1.0),31/07/26 11:00:00,S,NAC,MD,2009-S1,600,,
ESTAT:EARN_MW_CUR(1.0),31/07/26 11:00:00,S,NAC,MD,2009-S2,600,,
ESTAT:EARN_MW_CUR(1.0),31/07/26 11:00:00,S,NAC,MD,2010-S1,600,,
ESTAT:EARN_MW_CUR(1.0),31/07/26 11:00:00,S,NAC,MD,2010-S2,600,,
ESTAT:EARN_MW_CUR(1.0),31/07/26 11:00:00,S,NAC,MD,2011-S1,600,,
ESTAT:EARN_MW_CUR(1.0),31/07/26 11:00:00,S,NAC,MD,2011-S2,600,,
ESTAT:EARN_MW_CUR(1.0),31/07/26 11:00:00,S,NAC,MD,2012-S1,600,,
ESTAT:EARN_MW_CUR(1.0),31/07/26 11:00:00,S,NAC,MD,2012-S2,600,,
ESTAT:EARN_MW_CUR(1.0),31/07/26 11:00:00,S,NAC,MD,2013-S1,600,,
ESTAT:EARN_MW_CUR(1.0),31/07/26 11:00:00,S,NAC,MD,2013-S2,600,,
ESTAT:EARN_MW_CUR(1.0),31/07/26 11:00:00,S,NAC,MD,2014-S1,600,,
ESTAT:EARN_MW_CUR(1.0),31/07/26 11:00:00,S,NAC,MD,2014-S2,600,,
ESTAT:EARN_MW_CUR(1.0),31/07/26 11:00:00,S,NAC,MD,2015-S1,1000,,
ESTAT:EARN_MW_CUR(1.0),31/07/26 11:00:00,S,NAC,MD,2015-S2,1000,,
ESTAT:EARN_MW_CUR(1.0),31/07/26 11:00:00,S,NAC,MD,2016-S1,1000,,
ESTAT:EARN_MW_CUR(1.0),31/07/26 11:00:00,S,NAC,MD,2016-S2,1000,,
ESTAT:EARN_MW_CUR(1.0),31/07/26 11:00:00,S,NAC,MD,2017-S1,1000,,
ESTAT:EARN_MW_CUR(1.0),31/07/26 11:00:00,S,NAC,MD,2017-S2,1000,,
ESTAT:EARN_MW_CUR(1.0),31/07/26 11:00:00,S,NAC,MD,2018-S1,1000,,
ESTAT:EARN_MW_CUR(1.0),31/07/26 11:00:00,S,NAC,MD,2018-S2,1000,,
ESTAT:EARN_MW_CUR(1.0),31/07/26 11:00:00,S,NAC,MD,2019-S1,1000,,
ESTAT:EARN_MW_CUR(1.0),31/07/26 11:00:00,S,NAC,MD,2019-S2,1000,,
ESTAT:EARN_MW_CUR(1.0),31/07/26 11:00:00,S,NAC,MD,2020-S1,1000,,
ESTAT:EARN_MW_CUR(1.0),31/07/26 11:00:00,S,NAC,MD,2020-S2,1000,,
ESTAT:EARN_MW_CUR(1.0),31/07/26 11:00:00,S,NAC,MD,2021-S1,1000,,
ESTAT:EARN_MW_CUR(1.0),31/07/26 11:00:00,S,NAC,MD,2021-S2,1000,,
ESTAT:EARN_MW_CUR(1.0),31/07/26 11:00:00,S,NAC,MD,2022-S1,1000,,
ESTAT:EARN_MW_CUR(1.0),31/07/26 11:00:00,S,NAC,MD,2022-S2,1000,,
ESTAT:EARN_MW_CUR(1.0),31/07/26 11:00:00,S,NAC,MD,2023-S1,4000,,
ESTAT:EARN_MW_CUR(1.0),31/07/26 11:00:00,S,NAC,MD,2023-S2,4000,,
ESTAT:EARN_MW_CUR(1.0),31/07/26 11:00:00,S,NAC,MD,2024-S1,5000,,
ESTAT:EARN_MW_CUR(1.0),31/07/26 11:00:00,S,NAC,MD,2024-S2,5000,,
ESTAT:EARN_MW_CUR(1.0),31/07/26 11:00:00,S,NAC,MD,2025-S1,5500,,
ESTAT:EARN_MW_CUR(1.0),31/07/26 11:00:00,S,NAC,MD,2025-S2,5500,,
ESTAT:EARN_MW_CUR(1.0),31/07/26 11:00:00,S,NAC,MD,2026-S1,6300,,
ESTAT:EARN_MW_CUR(1.0),31/07/26 11:00:00,S,NAC,MD,2026-S2,6300,,
ESTAT:EARN_MW_CUR(1.0),31/07/26 11:00:00,S,NAC,ME,2013-S2,288,,
ESTAT:EARN_MW_CUR(1.0),31/07/26 11:00:00,S,NAC,ME,2014-S1,288,,
ESTAT:EARN_MW_CUR(1.0),31/07/26 11:00:00,S,NAC,ME,2014-S2,288,,
ESTAT:EARN_MW_CUR(1.0),31/07/26 11:00:00,S,NAC,ME,2015-S1,288,,
ESTAT:EARN_MW_CUR(1.0),31/07/26 11:00:00,S,NAC,ME,2015-S2,288,,
ESTAT:EARN_MW_CUR(1.0),31/07/26 11:00:00,S,NAC,ME,2016-S1,288,,
ESTAT:EARN_MW_CUR(1.0),31/07/26 11:00:00,S,NAC,ME,2016-S2,288,,
ESTAT:EARN_MW_CUR(1.0),31/07/26 11:00:00,S,NAC,ME,2017-S1,288,,
ESTAT:EARN_MW_CUR(1.0),31/07/26 11:00:00,S,NAC,ME,2017-S2,288,,
ESTAT:EARN_MW_CUR(1.0),31/07/26 11:00:00,S,NAC,ME,2018-S1,288,,
ESTAT:EARN_MW_CUR(1.0),31/07/26 11:00:00,S,NAC,ME,2018-S2,288,,
ESTAT:EARN_MW_CUR(1.0),31/07/26 11:00:00,S,NAC,ME,2019-S1,288,,
ESTAT:EARN_MW_CUR(1.0),31/07/26 11:00:00,S,NAC,ME,2019-S2,331,,
ESTAT:EARN_MW_CUR(1.0),31/07/26 11:00:00,S,NAC,ME,2020-S1,331,,
ESTAT:EARN_MW_CUR(1.0),31/07/26 11:00:00,S,NAC,ME,2020-S2,331,,
ESTAT:EARN_MW_CUR(1.0),31/07/26 11:00:00,S,NAC,ME,2021-S1,331,,
ESTAT:EARN_MW_CUR(1.0),31/07/26 11:00:00,S,NAC,ME,2021-S2,331,,
ESTAT:EARN_MW_CUR(1.0),31/07/26 11:00:00,S,NAC,ME,2022-S1,533,,
ESTAT:EARN_MW_CUR(1.0),31/07/26 11:00:00,S,NAC,ME,2022-S2,533,,
ESTAT:EARN_MW_CUR(1.0),31/07/26 11:00:00,S,NAC,ME,2023-S1,533,,
ESTAT:EARN_MW_CUR(1.0),31/07/26 11:00:00,S,NAC,ME,2023-S2,533,,
ESTAT:EARN_MW_CUR(1.0),31/07/26 11:00:00,S,NAC,ME,2024-S1,533,,
ESTAT:EARN_MW_CUR(1.0),31/07/26 11:00:00,S,NAC,ME,2024-S2,533,,
ESTAT:EARN_MW_CUR(1.0),31/07/26 11:00:00,S,NAC,ME,2025-S1,670,,
ESTAT:EARN_MW_CUR(1.0),31/07/26 11:00:00,S,NAC,ME,2025-S2,670,,
ESTAT:EARN_MW_CUR(1.0),31/07/26 11:00:00,S,NAC,ME,2026-S1,670,,
ESTAT:EARN_MW_CUR(1.0),31/07/26 11:00:00,S,NAC,ME,2026-S2,670,,
ESTAT:EARN_MW_CUR(1.0),31/07/26 11:00:00,S,NAC,MK,2013-S1,12268,,
ESTAT:EARN_MW_CUR(1.0),31/07/26 11:00:00,S,NAC,MK,2013-S2,12268,,
ESTAT:EARN_MW_CUR(1.0),31/07/26 11:00:00,S,NAC,MK,2014-S1,13140,,
ESTAT:EARN_MW_CUR(1.0),31/07/26 11:00:00,S,NAC,MK,2014-S2,13140,,
ESTAT:EARN_MW_CUR(1.0),31/07/26 11:00:00,S,NAC,MK,2015-S1,13140,,
ESTAT:EARN_MW_CUR(1.0),31/07/26 11:00:00,S,NAC,MK,2015-S2,13986,,
ESTAT:EARN_MW_CUR(1.0),31/07/26 11:00:00,S,NAC,MK,2016-S1,13986,,
ESTAT:EARN_MW_CUR(1.0),31/07/26 11:00:00,S,NAC,MK,2016-S2,14563,,
ESTAT:EARN_MW_CUR(1.0),31/07/26 11:00:00,S,NAC,MK,2017-S1,14810,,
ESTAT:EARN_MW_CUR(1.0),31/07/26 11:00:00,S,NAC,MK,2017-S2,17130,,
ESTAT:EARN_MW_CUR(1.0),31/07/26 11:00:00,S,NAC,MK,2018-S1,17130,,
ESTAT:EARN_MW_CUR(1.0),31/07/26 11:00:00,S,NAC,MK,2018-S2,17130,,
ESTAT:EARN_MW_CUR(1.0),31/07/26 11:00:00,S,NAC,MK,2019-S1,17943,,
ESTAT:EARN_MW_CUR(1.0),31/07/26 11:00:00,S,NAC,MK,2019-S2,20997,,
ESTAT:EARN_MW_CUR(1.0),31/07/26 11:00:00,S,NAC,MK,2020-S1,21107,,
ESTAT:EARN_MW_CUR(1.0),31/07/26 11:00:00,S,NAC,MK,2020-S2,21107,,
ESTAT:EARN_MW_CUR(1.0),31/07/26 11:00:00,S,NAC,MK,2021-S1,21776,,
ESTAT:EARN_MW_CUR(1.0),31/07/26 11:00:00,S,NAC,MK,2021-S2,22146,,
ESTAT:EARN_MW_CUR(1.0),31/07/26 11:00:00,S,NAC,MK,2022-S1,22146,,
ESTAT:EARN_MW_CUR(1.0),31/07/26 11:00:00,S,NAC,MK,2022-S2,26422,,
ESTAT:EARN_MW_CUR(1.0),31/07/26 11:00:00,S,NAC,MK,2023-S1,26422,,
ESTAT:EARN_MW_CUR(1.0),31/07/26 11:00:00,S,NAC,MK,2023-S2,29739,,
ESTAT:EARN_MW_CUR(1.0),31/07/26 11:00:00,S,NAC,MK,2024-S1,29739,,
ESTAT:EARN_MW_CUR(1.0),31/07/26 11:00:00,S,NAC,MK,2024-S2,33352,,
ESTAT:EARN_MW_CUR(1.0),31/07/26 11:00:00,S,NAC,MK,2025-S1,33352,,
ESTAT:EARN_MW_CUR(1.0),31/07/26 11:00:00,S,NAC,MK,2025-S2,36037,,
ESTAT:EARN_MW_CUR(1.0),31/07/26 11:00:00,S,NAC,MK,2026-S1,36037,,
ESTAT:EARN_MW_CUR(1.0),31/07/26 11:00:00,S,NAC,MK,2026-S2,38507,,
ESTAT:EARN_MW_CUR(1.0),31/07/26 11:00:00,S,NAC,MT,1999-S1,478,,
ESTAT:EARN_MW_CUR(1.0),31/07/26 11:00:00,S,NAC,MT,1999-S2,478,,
ESTAT:EARN_MW_CUR(1.0),31/07/26 11:00:00,S,NAC,MT,2000-S1,488,,
ESTAT:EARN_MW_CUR(1.0),31/07/26 11:00:00,S,NAC,MT,2000-S2,488,,
ESTAT:EARN_MW_CUR(1.0),31/07/26 11:00:00,S,NAC,MT,2001-S1,503,,
ESTAT:EARN_MW_CUR(1.0),31/07/26 11:00:00,S,NAC,MT,2001-S2,503,,
ESTAT:EARN_MW_CUR(1.0),31/07/26 11:00:00,S,NAC,MT,2002-S1,519,,
ESTAT:EARN_MW_CUR(1.0),31/07/26 11:00:00,S,NAC,MT,2002-S2,519,,
ESTAT:EARN_MW_CUR(1.0),31/07/26 11:00:00,S,NAC,MT,2003-S1,536,,
ESTAT:EARN_MW_CUR(1.0),31/07/26 11:00:00,S,NAC,MT,2003-S2,536,,
ESTAT:EARN_MW_CUR(1.0),31/07/26 11:00:00,S,NAC,MT,2004-S1,544,,
ESTAT:EARN_MW_CUR(1.0),31/07/26 11:00:00,S,NAC,MT,2004-S2,544,,
ESTAT:EARN_MW_CUR(1.0),31/07/26 11:00:00,S,NAC,MT,2005-S1,562,,
ESTAT:EARN_MW_CUR(1.0),31/07/26 11:00:00,S,NAC,MT,2005-S2,562,,
ESTAT:EARN_MW_CUR(1.0),31/07/26 11:00:00,S,NAC,MT,2006-S1,584,,
ESTAT:EARN_MW_CUR(1.0),31/07/26 11:00:00,S,NAC,MT,2006-S2,584,,
ESTAT:EARN_MW_CUR(1.0),31/07/26 11:00:00,S,NAC,MT,2007-S1,602,,
ESTAT:EARN_MW_CUR(1.0),31/07/26 11:00:00,S,NAC,MT,2007-S2,602,,
ESTAT:EARN_MW_CUR(1.0),31/07/26 11:00:00,S,NAC,MT,2008-S1,617,,
ESTAT:EARN_MW_CUR(1.0),31/07/26 11:00:00,S,NAC,MT,2008-S2,617,,
ESTAT:EARN_MW_CUR(1.0),31/07/26 11:00:00,S,NAC,MT,2009-S1,635,,
ESTAT:EARN_MW_CUR(1.0),31/07/26 11:00:00,S,NAC,MT,2009-S2,635,,
ESTAT:EARN_MW_CUR(1.0),31/07/26 11:00:00,S,NAC,MT,2010-S1,660,,
ESTAT:EARN_MW_CUR(1.0),31/07/26 11:00:00,S,NAC,MT,2010-S2,660,,
ESTAT:EARN_MW_CUR(1.0),31/07/26 11:00:00,S,NAC,MT,2011-S1,665,,
ESTAT:EARN_MW_CUR(1.0),31/07/26 11:00:00,S,NAC,MT,2011-S2,665,,
ESTAT:EARN_MW_CUR(1.0),31/07/26 11:00:00,S,NAC,MT,2012-S1,685,,
ESTAT:EARN_MW_CUR(1.0),31/07/26 11:00:00,S,NAC,MT,2012-S2,685,,
ESTAT:EARN_MW_CUR(1.0),31/07/26 11:00:00,S,NAC,MT,2013-S1,703,,
ESTAT:EARN_MW_CUR(1.0),31/07/26 11:00:00,S,NAC,MT,2013-S2,703,,
ESTAT:EARN_MW_CUR(1.0),31/07/26 11:00:00,S,NAC,MT,2014-S1,718,,
ESTAT:EARN_MW_CUR(1.0),31/07/26 11:00:00,S,NAC,MT,2014-S2,718,,
ESTAT:EARN_MW_CUR(1.0),31/07/26 11:00:00,S,NAC,MT,2015-S1,720,,
ESTAT:EARN_MW_CUR(1.0),31/07/26 11:00:00,S,NAC,MT,2015-S2,720,,
ESTAT:EARN_MW_CUR(1.0),31/07/26 11:00:00,S,NAC,MT,2016-S1,728,,
ESTAT:EARN_MW_CUR(1.0),31/07/26 11:00:00,S,NAC,MT,2016-S2,728,,
ESTAT:EARN_MW_CUR(1.0),31/07/26 11:00:00,S,NAC,MT,2017-S1,736,,
ESTAT:EARN_MW_CUR(1.0),31/07/26 11:00:00,S,NAC,MT,2017-S2,736,,
ESTAT:EARN_MW_CUR(1.0),31/07/26 11:00:00,S,NAC,MT,2018-S1,748,,
ESTAT:EARN_MW_CUR(1.0),31/07/26 11:00:00,S,NAC,MT,2018-S2,748,,
ESTAT:EARN_MW_CUR(1.0),31/07/26 11:00:00,S,NAC,MT,2019-S1,762,,
ESTAT:EARN_MW_CUR(1.0),31/07/26 11:00:00,S,NAC,MT,2019-S2,762,,
ESTAT:EARN_MW_CUR(1.0),31/07/26 11:00:00,S,NAC,MT,2020-S1,777,,
ESTAT:EARN_MW_CUR(1.0),31/07/26 11:00:00,S,NAC,MT,2020-S2,777,,
ESTAT:EARN_MW_CUR(1.0),31/07/26 11:00:00,S,NAC,MT,2021-S1,785,,
ESTAT:EARN_MW_CUR(1.0),31/07/26 11:00:00,S,NAC,MT,2021-S2,785,,
ESTAT:EARN_MW_CUR(1.0),31/07/26 11:00:00,S,NAC,MT,2022-S1,792,,
ESTAT:EARN_MW_CUR(1.0),31/07/26 11:00:00,S,NAC,MT,2022-S2,792,,
ESTAT:EARN_MW_CUR(1.0),31/07/26 11:00:00,S,NAC,MT,2023-S1,835,,
ESTAT:EARN_MW_CUR(1.0),31/07/26 11:00:00,S,NAC,MT,2023-S2,835,,
ESTAT:EARN_MW_CUR(1.0),31/07/26 11:00:00,S,NAC,MT,2024-S1,925,,
ESTAT:EARN_MW_CUR(1.0),31/07/26 11:00:00,S,NAC,MT,2024-S2,925,,
ESTAT:EARN_MW_CUR(1.0),31/07/26 11:00:00,S,NAC,MT,2025-S1,961,,
ESTAT:EARN_MW_CUR(1.0),31/07/26 11:00:00,S,NAC,MT,2025-S2,961,,
ESTAT:EARN_MW_CUR(1.0),31/07/26 11:00:00,S,NAC,MT,2026-S1,994,,
ESTAT:EARN_MW_CUR(1.0),31/07/26 11:00:00,S,NAC,MT,2026-S2,994,,
ESTAT:EARN_MW_CUR(1.0),31/07/26 11:00:00,S,NAC,NL,1999-S1,1064,,
ESTAT:EARN_MW_CUR(1.0),31/07/26 11:00:00,S,NAC,NL,1999-S2,1078,,
ESTAT:EARN_MW_CUR(1.0),31/07/26 11:00:00,S,NAC,NL,2000-S1,1092,,
ESTAT:EARN_MW_CUR(1.0),31/07/26 11:00:00,S,NAC,NL,2000-S2,1111,,
ESTAT:EARN_MW_CUR(1.0),31/07/26 11:00:00,S,NAC,NL,2001-S1,1155,,
ESTAT:EARN_MW_CUR(1.0),31/07/26 11:00:00,S,NAC,NL,2001-S2,1180,,
ESTAT:EARN_MW_CUR(1.0),31/07/26 11:00:00,S,NAC,NL,2002-S1,1207,,
ESTAT:EARN_MW_CUR(1.0),31/07/26 11:00:00,S,NAC,NL,2002-S2,1232,,
ESTAT:EARN_MW_CUR(1.0),31/07/26 11:00:00,S,NAC,NL,2003-S1,1249,,
ESTAT:EARN_MW_CUR(1.0),31/07/26 11:00:00,S,NAC,NL,2003-S2,1265,,
ESTAT:EARN_MW_CUR(1.0),31/07/26 11:00:00,S,NAC,NL,2004-S1,1265,,
ESTAT:EARN_MW_CUR(1.0),31/07/26 11:00:00,S,NAC,NL,2004-S2,1265,,
ESTAT:EARN_MW_CUR(1.0),31/07/26 11:00:00,S,NAC,NL,2005-S1,1265,,
ESTAT:EARN_MW_CUR(1.0),31/07/26 11:00:00,S,NAC,NL,2005-S2,1265,,
ESTAT:EARN_MW_CUR(1.0),31/07/26 11:00:00,S,NAC,NL,2006-S1,1273,,
ESTAT:EARN_MW_CUR(1.0),31/07/26 11:00:00,S,NAC,NL,2006-S2,1285,,
ESTAT:EARN_MW_CUR(1.0),31/07/26 11:00:00,S,NAC,NL,2007-S1,1301,,
ESTAT:EARN_MW_CUR(1.0),31/07/26 11:00:00,S,NAC,NL,2007-S2,1317,,
ESTAT:EARN_MW_CUR(1.0),31/07/26 11:00:00,S,NAC,NL,2008-S1,1335,,
ESTAT:EARN_MW_CUR(1.0),31/07/26 11:00:00,S,NAC,NL,2008-S2,1357,,
ESTAT:EARN_MW_CUR(1.0),31/07/26 11:00:00,S,NAC,NL,2009-S1,1381,,
ESTAT:EARN_MW_CUR(1.0),31/07/26 11:00:00,S,NAC,NL,2009-S2,1399,,
ESTAT:EARN_MW_CUR(1.0),31/07/26 11:00:00,S,NAC,NL,2010-S1,1408,,
ESTAT:EARN_MW_CUR(1.0),31/07/26 11:00:00,S,NAC,NL,2010-S2,1416,,
ESTAT:EARN_MW_CUR(1.0),31/07/26 11:00:00,S,NAC,NL,2011-S1,1424,,
ESTAT:EARN_MW_CUR(1.0),31/07/26 11:00:00,S,NAC,NL,2011-S2,1435,,
ESTAT:EARN_MW_CUR(1.0),31/07/26 11:00:00,S,NAC,NL,2012-S1,1447,,
ESTAT:EARN_MW_CUR(1.0),31/07/26 11:00:00,S,NAC,NL,2012-S2,1456,,
ESTAT:EARN_MW_CUR(1.0),31/07/26 11:00:00,S,NAC,NL,2013-S1,1469,,
ESTAT:EARN_MW_CUR(1.0),31/07/26 11:00:00,S,NAC,NL,2013-S2,1478,,
ESTAT:EARN_MW_CUR(1.0),31/07/26 11:00:00,S,NAC,NL,2014-S1,1486,,
ESTAT:EARN_MW_CUR(1.0),31/07/26 11:00:00,S,NAC,NL,2014-S2,1495,,
ESTAT:EARN_MW_CUR(1.0),31/07/26 11:00:00,S,NAC,NL,2015-S1,1502,,
ESTAT:EARN_MW_CUR(1.0),31/07/26 11:00:00,S,NAC,NL,2015-S2,1508,,
ESTAT:EARN_MW_CUR(1.0),31/07/26 11:00:00,S,NAC,NL,2016-S1,1525,,
ESTAT:EARN_MW_CUR(1.0),31/07/26 11:00:00,S,NAC,NL,2016-S2,1537,,
ESTAT:EARN_MW_CUR(1.0),31/07/26 11:00:00,S,NAC,NL,2017-S1,1552,,
ESTAT:EARN_MW_CUR(1.0),31/07/26 11:00:00,S,NAC,NL,2017-S2,1565,,
ESTAT:EARN_MW_CUR(1.0),31/07/26 11:00:00,S,NAC,NL,2018-S1,1578,,
ESTAT:EARN_MW_CUR(1.0),31/07/26 11:00:00,S,NAC,NL,2018-S2,1594,,
ESTAT:EARN_MW_CUR(1.0),31/07/26 11:00:00,S,NAC,NL,2019-S1,1616,,
ESTAT:EARN_MW_CUR(1.0),31/07/26 11:00:00,S,NAC,NL,2019-S2,1636,,
ESTAT:EARN_MW_CUR(1.0),31/07/26 11:00:00,S,NAC,NL,2020-S1,1654,,
ESTAT:EARN_MW_CUR(1.0),31/07/26 11:00:00,S,NAC,NL,2020-S2,1680,,
ESTAT:EARN_MW_CUR(1.0),31/07/26 11:00:00,S,NAC,NL,2021-S1,1685,,
ESTAT:EARN_MW_CUR(1.0),31/07/26 11:00:00,S,NAC,NL,2021-S2,1701,,
ESTAT:EARN_MW_CUR(1.0),31/07/26 11:00:00,S,NAC,NL,2022-S1,1725,,
ESTAT:EARN_MW_CUR(1.0),31/07/26 11:00:00,S,NAC,NL,2022-S2,1756,,
ESTAT:EARN_MW_CUR(1.0),31/07/26 11:00:00,S,NAC,NL,2023-S1,1934,,
ESTAT:EARN_MW_CUR(1.0),31/07/26 11:00:00,S,NAC,NL,2023-S2,1995,,
ESTAT:EARN_MW_CUR(1.0),31/07/26 11:00:00,S,NAC,NL,2024-S1,2070,,
ESTAT:EARN_MW_CUR(1.0),31/07/26 11:00:00,S,NAC,NL,2024-S2,2134,,
ESTAT:EARN_MW_CUR(1.0),31/07/26 11:00:00,S,NAC,NL,2025-S1,2193,,
ESTAT:EARN_MW_CUR(1.0),31/07/26 11:00:00,S,NAC,NL,2025-S2,2246,,
ESTAT:EARN_MW_CUR(1.0),31/07/26 11:00:00,S,NAC,NL,2026-S1,2295,,
ESTAT:EARN_MW_CUR(1.0),31/07/26 11:00:00,S,NAC,NL,2026-S2,2338,,
ESTAT:EARN_MW_CUR(1.0),31/07/26 11:00:00,S,NAC,NO,1999-S1,,m,
ESTAT:EARN_MW_CUR(1.0),31/07/26 11:00:00,S,NAC,NO,1999-S2,,m,
ESTAT:EARN_MW_CUR(1.0),31/07/26 11:00:00,S,NAC,NO,2000-S1,,m,
ESTAT:EARN_MW_CUR(1.0),31/07/26 11:00:00,S,NAC,NO,2000-S2,,m,
ESTAT:EARN_MW_CUR(1.0),31/07/26 11:00:00,S,NAC,NO,2001-S1,,m,
ESTAT:EARN_MW_CUR(1.0),31/07/26 11:00:00,S,NAC,NO,2001-S2,,m,
ESTAT:EARN_MW_CUR(1.0),31/07/26 11:00:00,S,NAC,NO,2002-S1,,m,
ESTAT:EARN_MW_CUR(1.0),31/07/26 11:00:00,S,NAC,NO,2002-S2,,m,
ESTAT:EARN_MW_CUR(1.0),31/07/26 11:00:00,S,NAC,NO,2003-S1,,m,
ESTAT:EARN_MW_CUR(1.0),31/07/26 11:00:00,S,NAC,NO,2003-S2,,m,
ESTAT:EARN_MW_CUR(1.0),31/07/26 11:00:00,S,NAC,NO,2004-S1,,m,
ESTAT:EARN_MW_CUR(1.0),31/07/26 11:00:00,S,NAC,NO,2004-S2,,m,
ESTAT:EARN_MW_CUR(1.0),31/07/26 11:00:00,S,NAC,NO,2005-S1,,m,
ESTAT:EARN_MW_CUR(1.0),31/07/26 11:00:00,S,NAC,NO,2005-S2,,m,
ESTAT:EARN_MW_CUR(1.0),31/07/26 11:00:00,S,NAC,NO,2006-S1,,m,
ESTAT:EARN_MW_CUR(1.0),31/07/26 11:00:00,S,NAC,NO,2006-S2,,m,
ESTAT:EARN_MW_CUR(1.0),31/07/26 11:00:00,S,NAC,NO,2007-S1,,m,
ESTAT:EARN_MW_CUR(1.0),31/07/26 11:00:00,S,NAC,NO,2007-S2,,m,
ESTAT:EARN_MW_CUR(1.0),31/07/26 11:00:00,S,NAC,NO,2008-S1,,m,
ESTAT:EARN_MW_CUR(1.0),31/07/26 11:00:00,S,NAC,NO,2008-S2,,m,
ESTAT:EARN_MW_CUR(1.0),31/07/26 11:00:00,S,NAC,NO,2009-S1,,m,
ESTAT:EARN_MW_CUR(1.0),31/07/26 11:00:00,S,NAC,NO,2009-S2,,m,
ESTAT:EARN_MW_CUR(1.0),31/07/26 11:00:00,S,NAC,NO,2010-S1,,m,
ESTAT:EARN_MW_CUR(1.0),31/07/26 11:00:00,S,NAC,NO,2010-S2,,m,
ESTAT:EARN_MW_CUR(1.0),31/07/26 11:00:00,S,NAC,NO,2011-S1,,m,
ESTAT:EARN_MW_CUR(1.0),31/07/26 11:00:00,S,NAC,NO,2011-S2,,m,
ESTAT:EARN_MW_CUR(1.0),31/07/26 11:00:00,S,NAC,NO,2012-S1,,m,
ESTAT:EARN_MW_CUR(1.0),31/07/26 11:00:00,S,NAC,NO,2012-S2,,m,
ESTAT:EARN_MW_CUR(1.0),31/07/26 11:00:00,S,NAC,NO,2013-S1,,m,
ESTAT:EARN_MW_CUR(1.0),31/07/26 11:00:00,S,NAC,NO,2013-S2,,m,
ESTAT:EARN_MW_CUR(1.0),31/07/26 11:00:00,S,NAC,NO,2014-S1,,m,
ESTAT:EARN_MW_CUR(1.0),31/07/26 11:00:00,S,NAC,NO,2014-S2,,m,
ESTAT:EARN_MW_CUR(1.0),31/07/26 11:00:00,S,NAC,NO,2015-S1,,m,
ESTAT:EARN_MW_CUR(1.0),31/07/26 11:00:00,S,NAC,NO,2015-S2,,m,
ESTAT:EARN_MW_CUR(1.0),31/07/26 11:00:00,S,NAC,NO,2016-S1,,m,
ESTAT:EARN_MW_CUR(1.0),31/07/26 11:00:00,S,NAC,NO,2016-S2,,m,
ESTAT:EARN_MW_CUR(1.0),31/07/26 11:00:00,S,NAC,NO,2017-S1,,m,
ESTAT:EARN_MW_CUR(1.0),31/07/26 11:00:00,S,NAC,NO,2017-S2,,m,
ESTAT:EARN_MW_CUR(1.0),31/07/26 11:00:00,S,NAC,NO,2018-S1,,m,
ESTAT:EARN_MW_CUR(1.0),31/07/26 11:00:00,S,NAC,NO,2018-S2,,m,
ESTAT:EARN_MW_CUR(1.0),31/07/26 11:00:00,S,NAC,NO,2019-S1,,m,
ESTAT:EARN_MW_CUR(1.0),31/07/26 11:00:00,S,NAC,NO,2019-S2,,m,
ESTAT:EARN_MW_CUR(1.0),31/07/26 11:00:00,S,NAC,NO,2020-S1,,m,
ESTAT:EARN_MW_CUR(1.0),31/07/26 11:00:00,S,NAC,NO,2020-S2,,m,
ESTAT:EARN_MW_CUR(1.0),31/07/26 11:00:00,S,NAC,NO,2021-S1,,m,
ESTAT:EARN_MW_CUR(1.0),31/07/26 11:00:00,S,NAC,NO,2021-S2,,m,
ESTAT:EARN_MW_CUR(1.0),31/07/26 11:00:00,S,NAC,NO,2022-S1,,m,
ESTAT:EARN_MW_CUR(1.0),31/07/26 11:00:00,S,NAC,NO,2022-S2,,m,
ESTAT:EARN_MW_CUR(1.0),31/07/26 11:00:00,S,NAC,NO,2023-S1,,m,
ESTAT:EARN_MW_CUR(1.0),31/07/26 11:00:00,S,NAC,NO,2023-S2,,m,
ESTAT:EARN_MW_CUR(1.0),31/07/26 11:00:00,S,NAC,NO,2024-S1,,m,
ESTAT:EARN_MW_CUR(1.0),31/07/26 11:00:00,S,NAC,NO,2024-S2,,m,
ESTAT:EARN_MW_CUR(1.0),31/07/26 11:00:00,S,NAC,NO,2025-S1,,m,
ESTAT:EARN_MW_CUR(1.0),31/07/26 11:00:00,S,NAC,NO,2025-S2,,m,
ESTAT:EARN_MW_CUR(1.0),31/07/26 11:00:00,S,NAC,NO,2026-S1,,m,
ESTAT:EARN_MW_CUR(1.0),31/07/26 11:00:00,S,NAC,NO,2026-S2,,m,
ESTAT:EARN_MW_CUR(1.0),31/07/26 11:00:00,S,NAC,PL,1999-S1,650,,
ESTAT:EARN_MW_CUR(1.0),31/07/26 11:00:00,S,NAC,PL,1999-S2,650,,
ESTAT:EARN_MW_CUR(1.0),31/07/26 11:00:00,S,NAC,PL,2000-S1,670,,
ESTAT:EARN_MW_CUR(1.0),31/07/26 11:00:00,S,NAC,PL,2000-S2,700,,
ESTAT:EARN_MW_CUR(1.0),31/07/26 11:00:00,S,NAC,PL,2001-S1,760,,
ESTAT:EARN_MW_CUR(1.0),31/07/26 11:00:00,S,NAC,PL,2001-S2,760,,
ESTAT:EARN_MW_CUR(1.0),31/07/26 11:00:00,S,NAC,PL,2002-S1,760,,
ESTAT:EARN_MW_CUR(1.0),31/07/26 11:00:00,S,NAC,PL,2002-S2,760,,
ESTAT:EARN_MW_CUR(1.0),31/07/26 11:00:00,S,NAC,PL,2003-S1,800,,
ESTAT:EARN_MW_CUR(1.0),31/07/26 11:00:00,S,NAC,PL,2003-S2,800,,
ESTAT:EARN_MW_CUR(1.0),31/07/26 11:00:00,S,NAC,PL,2004-S1,824,,
ESTAT:EARN_MW_CUR(1.0),31/07/26 11:00:00,S,NAC,PL,2004-S2,824,,
ESTAT:EARN_MW_CUR(1.0),31/07/26 11:00:00,S,NAC,PL,2005-S1,849,,
ESTAT:EARN_MW_CUR(1.0),31/07/26 11:00:00,S,NAC,PL,2005-S2,849,,
ESTAT:EARN_MW_CUR(1.0),31/07/26 11:00:00,S,NAC,PL,2006-S1,899,,
ESTAT:EARN_MW_CUR(1.0),31/07/26 11:00:00,S,NAC,PL,2006-S2,899,,
ESTAT:EARN_MW_CUR(1.0),31/07/26 11:00:00,S,NAC,PL,2007-S1,936,,
ESTAT:EARN_MW_CUR(1.0),31/07/26 11:00:00,S,NAC,PL,2007-S2,936,,
ESTAT:EARN_MW_CUR(1.0),31/07/26 11:00:00,S,NAC,PL,2008-S1,1126,,
ESTAT:EARN_MW_CUR(1.0),31/07/26 11:00:00,S,NAC,PL,2008-S2,1126,,
ESTAT:EARN_MW_CUR(1.0),31/07/26 11:00:00,S,NAC,PL,2009-S1,1276,,
ESTAT:EARN_MW_CUR(1.0),31/07/26 11:00:00,S,NAC,PL,2009-S2,1276,,
ESTAT:EARN_MW_CUR(1.0),31/07/26 11:00:00,S,NAC,PL,2010-S1,1317,,
ESTAT:EARN_MW_CUR(1.0),31/07/26 11:00:00,S,NAC,PL,2010-S2,1317,,
ESTAT:EARN_MW_CUR(1.0),31/07/26 11:00:00,S,NAC,PL,2011-S1,1386,,
ESTAT:EARN_MW_CUR(1.0),31/07/26 11:00:00,S,NAC,PL,2011-S2,1386,,
ESTAT:EARN_MW_CUR(1.0),31/07/26 11:00:00,S,NAC,PL,2012-S1,1500,,
ESTAT:EARN_MW_CUR(1.0),31/07/26 11:00:00,S,NAC,PL,2012-S2,1500,,
ESTAT:EARN_MW_CUR(1.0),31/07/26 11:00:00,S,NAC,PL,2013-S1,1600,,
ESTAT:EARN_MW_CUR(1.0),31/07/26 11:00:00,S,NAC,PL,2013-S2,1600,,
ESTAT:EARN_MW_CUR(1.0),31/07/26 11:00:00,S,NAC,PL,2014-S1,1680,,
ESTAT:EARN_MW_CUR(1.0),31/07/26 11:00:00,S,NAC,PL,2014-S2,1680,,
ESTAT:EARN_MW_CUR(1.0),31/07/26 11:00:00,S,NAC,PL,2015-S1,1750,,
ESTAT:EARN_MW_CUR(1.0),31/07/26 11:00:00,S,NAC,PL,2015-S2,1750,,
ESTAT:EARN_MW_CUR(1.0),31/07/26 11:00:00,S,NAC,PL,2016-S1,1850,,
ESTAT:EARN_MW_CUR(1.0),31/07/26 11:00:00,S,NAC,PL,2016-S2,1850,,
ESTAT:EARN_MW_CUR(1.0),31/07/26 11:00:00,S,NAC,PL,2017-S1,2000,,
ESTAT:EARN_MW_CUR(1.0),31/07/26 11:00:00,S,NAC,PL,2017-S2,2000,,
ESTAT:EARN_MW_CUR(1.0),31/07/26 11:00:00,S,NAC,PL,2018-S1,2100,,
ESTAT:EARN_MW_CUR(1.0),31/07/26 11:00:00,S,NAC,PL,2018-S2,2100,,
ESTAT:EARN_MW_CUR(1.0),31/07/26 11:00:00,S,NAC,PL,2019-S1,2250,,
ESTAT:EARN_MW_CUR(1.0),31/07/26 11:00:00,S,NAC,PL,2019-S2,2250,,
ESTAT:EARN_MW_CUR(1.0),31/07/26 11:00:00,S,NAC,PL,2020-S1,2600,,
ESTAT:EARN_MW_CUR(1.0),31/07/26 11:00:00,S,NAC,PL,2020-S2,2600,,
ESTAT:EARN_MW_CUR(1.0),31/07/26 11:00:00,S,NAC,PL,2021-S1,2800,,
ESTAT:EARN_MW_CUR(1.0),31/07/26 11:00:00,S,NAC,PL,2021-S2,2800,,
ESTAT:EARN_MW_CUR(1.0),31/07/26 11:00:00,S,NAC,PL,2022-S1,3010,,
ESTAT:EARN_MW_CUR(1.0),31/07/26 11:00:00,S,NAC,PL,2022-S2,3010,,
ESTAT:EARN_MW_CUR(1.0),31/07/26 11:00:00,S,NAC,PL,2023-S1,3490,,
ESTAT:EARN_MW_CUR(1.0),31/07/26 11:00:00,S,NAC,PL,2023-S2,3600,,
ESTAT:EARN_MW_CUR(1.0),31/07/26 11:00:00,S,NAC,PL,2024-S1,4242,,
ESTAT:EARN_MW_CUR(1.0),31/07/26 11:00:00,S,NAC,PL,2024-S2,4300,,
ESTAT:EARN_MW_CUR(1.0),31/07/26 11:00:00,S,NAC,PL,2025-S1,4666,,
ESTAT:EARN_MW_CUR(1.0),31/07/26 11:00:00,S,NAC,PL,2025-S2,4666,,
ESTAT:EARN_MW_CUR(1.0),31/07/26 11:00:00,S,NAC,PL,2026-S1,4806,,
ESTAT:EARN_MW_CUR(1.0),31/07/26 11:00:00,S,NAC,PL,2026-S2,4806,,
ESTAT:EARN_MW_CUR(1.0),31/07/26 11:00:00,S,NAC,PT,1999-S1,357,,
ESTAT:EARN_MW_CUR(1.0),31/07/26 11:00:00,S,NAC,PT,1999-S2,357,,
ESTAT:EARN_MW_CUR(1.0),31/07/26 11:00:00,S,NAC,PT,2000-S1,371,,
ESTAT:EARN_MW_CUR(1.0),31/07/26 11:00:00,S,NAC,PT,2000-S2,371,,
ESTAT:EARN_MW_CUR(1.0),31/07/26 11:00:00,S,NAC,PT,2001-S1,390,,
ESTAT:EARN_MW_CUR(1.0),31/07/26 11:00:00,S,NAC,PT,2001-S2,390,,
ESTAT:EARN_MW_CUR(1.0),31/07/26 11:00:00,S,NAC,PT,2002-S1,406,,
ESTAT:EARN_MW_CUR(1.0),31/07/26 11:00:00,S,NAC,PT,2002-S2,406,,
ESTAT:EARN_MW_CUR(1.0),31/07/26 11:00:00,S,NAC,PT,2003-S1,416,,
ESTAT:EARN_MW_CUR(1.0),31/07/26 11:00:00,S,NAC,PT,2003-S2,416,,
ESTAT:EARN_MW_CUR(1.0),31/07/26 11:00:00,S,NAC,PT,2004-S1,426,,
ESTAT:EARN_MW_CUR(1.0),31/07/26 11:00:00,S,NAC,PT,2004-S2,426,,
ESTAT:EARN_MW_CUR(1.0),31/07/26 11:00:00,S,NAC,PT,2005-S1,437,,
ESTAT:EARN_MW_CUR(1.0),31/07/26 11:00:00,S,NAC,PT,2005-S2,437,,
ESTAT:EARN_MW_CUR(1.0),31/07/26 11:00:00,S,NAC,PT,2006-S1,450,,
ESTAT:EARN_MW_CUR(1.0),31/07/26 11:00:00,S,NAC,PT,2006-S2,450,,
ESTAT:EARN_MW_CUR(1.0),31/07/26 11:00:00,S,NAC,PT,2007-S1,470,,
ESTAT:EARN_MW_CUR(1.0),31/07/26 11:00:00,S,NAC,PT,2007-S2,470,,
ESTAT:EARN_MW_CUR(1.0),31/07/26 11:00:00,S,NAC,PT,2008-S1,497,,
ESTAT:EARN_MW_CUR(1.0),31/07/26 11:00:00,S,NAC,PT,2008-S2,497,,
ESTAT:EARN_MW_CUR(1.0),31/07/26 11:00:00,S,NAC,PT,2009-S1,525,,
ESTAT:EARN_MW_CUR(1.0),31/07/26 11:00:00,S,NAC,PT,2009-S2,525,,
ESTAT:EARN_MW_CUR(1.0),31/07/26 11:00:00,S,NAC,PT,2010-S1,554,,
ESTAT:EARN_MW_CUR(1.0),31/07/26 11:00:00,S,NAC,PT,2010-S2,554,,
ESTAT:EARN_MW_CUR(1.0),31/07/26 11:00:00,S,NAC,PT,2011-S1,566,,
ESTAT:EARN_MW_CUR(1.0),31/07/26 11:00:00,S,NAC,PT,2011-S2,566,,
ESTAT:EARN_MW_CUR(1.0),31/07/26 11:00:00,S,NAC,PT,2012-S1,566,,
ESTAT:EARN_MW_CUR(1.0),31/07/26 11:00:00,S,NAC,PT,2012-S2,566,,
ESTAT:EARN_MW_CUR(1.0),31/07/26 11:00:00,S,NAC,PT,2013-S1,566,,
ESTAT:EARN_MW_CUR(1.0),31/07/26 11:00:00,S,NAC,PT,2013-S2,566,,
ESTAT:EARN_MW_CUR(1.0),31/07/26 11:00:00,S,NAC,PT,2014-S1,566,,
ESTAT:EARN_MW_CUR(1.0),31/07/26 11:00:00,S,NAC,PT,2014-S2,566,,
ESTAT:EARN_MW_CUR(1.0),31/07/26 11:00:00,S,NAC,PT,2015-S1,589,,
ESTAT:EARN_MW_CUR(1.0),31/07/26 11:00:00,S,NAC,PT,2015-S2,589,,
ESTAT:EARN_MW_CUR(1.0),31/07/26 11:00:00,S,NAC,PT,2016-S1,618,,
ESTAT:EARN_MW_CUR(1.0),31/07/26 11:00:00,S,NAC,PT,2016-S2,618,,
ESTAT:EARN_MW_CUR(1.0),31/07/26 11:00:00,S,NAC,PT,2017-S1,650,,
ESTAT:EARN_MW_CUR(1.0),31/07/26 11:00:00,S,NAC,PT,2017-S2,650,,
ESTAT:EARN_MW_CUR(1.0),31/07/26 11:00:00,S,NAC,PT,2018-S1,677,,
ESTAT:EARN_MW_CUR(1.0),31/07/26 11:00:00,S,NAC,PT,2018-S2,677,,
ESTAT:EARN_MW_CUR(1.0),31/07/26 11:00:00,S,NAC,PT,2019-S1,700,,
ESTAT:EARN_MW_CUR(1.0),31/07/26 11:00:00,S,NAC,PT,2019-S2,700,,
ESTAT:EARN_MW_CUR(1.0),31/07/26 11:00:00,S,NAC,PT,2020-S1,741,,
ESTAT:EARN_MW_CUR(1.0),31/07/26 11:00:00,S,NAC,PT,2020-S2,741,,
ESTAT:EARN_MW_CUR(1.0),31/07/26 11:00:00,S,NAC,PT,2021-S1,776,,
ESTAT:EARN_MW_CUR(1.0),31/07/26 11:00:00,S,NAC,PT,2021-S2,776,,
ESTAT:EARN_MW_CUR(1.0),31/07/26 11:00:00,S,NAC,PT,2022-S1,823,,
ESTAT:EARN_MW_CUR(1.0),31/07/26 11:00:00,S,NAC,PT,2022-S2,823,,
ESTAT:EARN_MW_CUR(1.0),31/07/26 11:00:00,S,NAC,PT,2023-S1,887,,
ESTAT:EARN_MW_CUR(1.0),31/07/26 11:00:00,S,NAC,PT,2023-S2,887,,
ESTAT:EARN_MW_CUR(1.0),31/07/26 11:00:00,S,NAC,PT,2024-S1,957,,
ESTAT:EARN_MW_CUR(1.0),31/07/26 11:00:00,S,NAC,PT,2024-S2,957,,
ESTAT:EARN_MW_CUR(1.0),31/07/26 11:00:00,S,NAC,PT,2025-S1,1015,,
ESTAT:EARN_MW_CUR(1.0),31/07/26 11:00:00,S,NAC,PT,2025-S2,1015,,
ESTAT:EARN_MW_CUR(1.0),31/07/26 11:00:00,S,NAC,PT,2026-S1,1073,,
ESTAT:EARN_MW_CUR(1.0),31/07/26 11:00:00,S,NAC,PT,2026-S2,1073,,
ESTAT:EARN_MW_CUR(1.0),31/07/26 11:00:00,S,NAC,RO,1999-S1,35,,
ESTAT:EARN_MW_CUR(1.0),31/07/26 11:00:00,S,NAC,RO,1999-S2,45,,
ESTAT:EARN_MW_CUR(1.0),31/07/26 11:00:00,S,NAC,RO,2000-S1,45,,
ESTAT:EARN_MW_CUR(1.0),31/07/26 11:00:00,S,NAC,RO,2000-S2,70,,
ESTAT:EARN_MW_CUR(1.0),31/07/26 11:00:00,S,NAC,RO,2001-S1,100,,
ESTAT:EARN_MW_CUR(1.0),31/07/26 11:00:00,S,NAC,RO,2001-S2,140,,
ESTAT:EARN_MW_CUR(1.0),31/07/26 11:00:00,S,NAC,RO,2002-S1,140,,
ESTAT:EARN_MW_CUR(1.0),31/07/26 11:00:00,S,NAC,RO,2002-S2,175,,
ESTAT:EARN_MW_CUR(1.0),31/07/26 11:00:00,S,NAC,RO,2003-S1,250,,
ESTAT:EARN_MW_CUR(1.0),31/07/26 11:00:00,S,NAC,RO,2003-S2,250,,
ESTAT:EARN_MW_CUR(1.0),31/07/26 11:00:00,S,NAC,RO,2004-S1,280,,
ESTAT:EARN_MW_CUR(1.0),31/07/26 11:00:00,S,NAC,RO,2004-S2,280,,
ESTAT:EARN_MW_CUR(1.0),31/07/26 11:00:00,S,NAC,RO,2005-S1,310,,
ESTAT:EARN_MW_CUR(1.0),31/07/26 11:00:00,S,NAC,RO,2005-S2,310,,
ESTAT:EARN_MW_CUR(1.0),31/07/26 11:00:00,S,NAC,RO,2006-S1,330,,
ESTAT:EARN_MW_CUR(1.0),31/07/26 11:00:00,S,NAC,RO,2006-S2,330,,
ESTAT:EARN_MW_CUR(1.0),31/07/26 11:00:00,S,NAC,RO,2007-S1,390,,
ESTAT:EARN_MW_CUR(1.0),31/07/26 11:00:00,S,NAC,RO,2007-S2,390,,
ESTAT:EARN_MW_CUR(1.0),31/07/26 11:00:00,S,NAC,RO,2008-S1,500,,
ESTAT:EARN_MW_CUR(1.0),31/07/26 11:00:00,S,NAC,RO,2008-S2,500,,
ESTAT:EARN_MW_CUR(1.0),31/07/26 11:00:00,S,NAC,RO,2009-S1,600,,
ESTAT:EARN_MW_CUR(1.0),31/07/26 11:00:00,S,NAC,RO,2009-S2,600,,
ESTAT:EARN_MW_CUR(1.0),31/07/26 11:00:00,S,NAC,RO,2010-S1,600,,
ESTAT:EARN_MW_CUR(1.0),31/07/26 11:00:00,S,NAC,RO,2010-S2,600,,
ESTAT:EARN_MW_CUR(1.0),31/07/26 11:00:00,S,NAC,RO,2011-S1,670,,
ESTAT:EARN_MW_CUR(1.0),31/07/26 11:00:00,S,NAC,RO,2011-S2,670,,
ESTAT:EARN_MW_CUR(1.0),31/07/26 11:00:00,S,NAC,RO,2012-S1,700,,
ESTAT:EARN_MW_CUR(1.0),31/07/26 11:00:00,S,NAC,RO,2012-S2,700,,
ESTAT:EARN_MW_CUR(1.0),31/07/26 11:00:00,S,NAC,RO,2013-S1,700,,
ESTAT:EARN_MW_CUR(1.0),31/07/26 11:00:00,S,NAC,RO,2013-S2,800,,
ESTAT:EARN_MW_CUR(1.0),31/07/26 11:00:00,S,NAC,RO,2014-S1,850,,
ESTAT:EARN_MW_CUR(1.0),31/07/26 11:00:00,S,NAC,RO,2014-S2,900,,
ESTAT:EARN_MW_CUR(1.0),31/07/26 11:00:00,S,NAC,RO,2015-S1,975,,
ESTAT:EARN_MW_CUR(1.0),31/07/26 11:00:00,S,NAC,RO,2015-S2,1050,,
ESTAT:EARN_MW_CUR(1.0),31/07/26 11:00:00,S,NAC,RO,2016-S1,1050,,
ESTAT:EARN_MW_CUR(1.0),31/07/26 11:00:00,S,NAC,RO,2016-S2,1250,,
ESTAT:EARN_MW_CUR(1.0),31/07/26 11:00:00,S,NAC,RO,2017-S1,1250,,
ESTAT:EARN_MW_CUR(1.0),31/07/26 11:00:00,S,NAC,RO,2017-S2,1450,,
ESTAT:EARN_MW_CUR(1.0),31/07/26 11:00:00,S,NAC,RO,2018-S1,1900,,
ESTAT:EARN_MW_CUR(1.0),31/07/26 11:00:00,S,NAC,RO,2018-S2,1900,,
ESTAT:EARN_MW_CUR(1.0),31/07/26 11:00:00,S,NAC,RO,2019-S1,2080,,
ESTAT:EARN_MW_CUR(1.0),31/07/26 11:00:00,S,NAC,RO,2019-S2,2080,,
ESTAT:EARN_MW_CUR(1.0),31/07/26 11:00:00,S,NAC,RO,2020-S1,2230,,
ESTAT:EARN_MW_CUR(1.0),31/07/26 11:00:00,S,NAC,RO,2020-S2,2230,,
ESTAT:EARN_MW_CUR(1.0),31/07/26 11:00:00,S,NAC,RO,2021-S1,2230,,
ESTAT:EARN_MW_CUR(1.0),31/07/26 11:00:00,S,NAC,RO,2021-S2,2300,,
ESTAT:EARN_MW_CUR(1.0),31/07/26 11:00:00,S,NAC,RO,2022-S1,2550,,
ESTAT:EARN_MW_CUR(1.0),31/07/26 11:00:00,S,NAC,RO,2022-S2,2550,,
ESTAT:EARN_MW_CUR(1.0),31/07/26 11:00:00,S,NAC,RO,2023-S1,3000,,
ESTAT:EARN_MW_CUR(1.0),31/07/26 11:00:00,S,NAC,RO,2023-S2,3000,,
ESTAT:EARN_MW_CUR(1.0),31/07/26 11:00:00,S,NAC,RO,2024-S1,3300,,
ESTAT:EARN_MW_CUR(1.0),31/07/26 11:00:00,S,NAC,RO,2024-S2,3700,,
ESTAT:EARN_MW_CUR(1.0),31/07/26 11:00:00,S,NAC,RO,2025-S1,4050,,
ESTAT:EARN_MW_CUR(1.0),31/07/26 11:00:00,S,NAC,RO,2025-S2,4050,,
ESTAT:EARN_MW_CUR(1.0),31/07/26 11:00:00,S,NAC,RO,2026-S1,4050,,
ESTAT:EARN_MW_CUR(1.0),31/07/26 11:00:00,S,NAC,RO,2026-S2,4325,,
ESTAT:EARN_MW_CUR(1.0),31/07/26 11:00:00,S,NAC,RS,1999-S1,387,,
ESTAT:EARN_MW_CUR(1.0),31/07/26 11:00:00,S,NAC,RS,1999-S2,387,,
ESTAT:EARN_MW_CUR(1.0),31/07/26 11:00:00,S,NAC,RS,2000-S1,387,,
ESTAT:EARN_MW_CUR(1.0),31/07/26 11:00:00,S,NAC,RS,2000-S2,471,,
ESTAT:EARN_MW_CUR(1.0),31/07/26 11:00:00,S,NAC,RS,2001-S1,402,,
ESTAT:EARN_MW_CUR(1.0),31/07/26 11:00:00,S,NAC,RS,2001-S2,2932,,
ESTAT:EARN_MW_CUR(1.0),31/07/26 11:00:00,S,NAC,RS,2002-S1,4608,,
ESTAT:EARN_MW_CUR(1.0),31/07/26 11:00:00,S,NAC,RS,2002-S2,5617,,
ESTAT:EARN_MW_CUR(1.0),31/07/26 11:00:00,S,NAC,RS,2003-S1,6241,,
ESTAT:EARN_MW_CUR(1.0),31/07/26 11:00:00,S,NAC,RS,2003-S2,6740,,
ESTAT:EARN_MW_CUR(1.0),31/07/26 11:00:00,S,NAC,RS,2004-S1,7921,,
ESTAT:EARN_MW_CUR(1.0),31/07/26 11:00:00,S,NAC,RS,2004-S2,8943,,
ESTAT:EARN_MW_CUR(1.0),31/07/26 11:00:00,S,NAC,RS,2005-S1,9837,,
ESTAT:EARN_MW_CUR(1.0),31/07/26 11:00:00,S,NAC,RS,2005-S2,10476,,
ESTAT:EARN_MW_CUR(1.0),31/07/26 11:00:00,S,NAC,RS,2006-S1,11753,,
ESTAT:EARN_MW_CUR(1.0),31/07/26 11:00:00,S,NAC,RS,2006-S2,12520,,
ESTAT:EARN_MW_CUR(1.0),31/07/26 11:00:00,S,NAC,RS,2007-S1,12796,,
ESTAT:EARN_MW_CUR(1.0),31/07/26 11:00:00,S,NAC,RS,2007-S2,14897,,
ESTAT:EARN_MW_CUR(1.0),31/07/26 11:00:00,S,NAC,RS,2008-S1,16511,,
ESTAT:EARN_MW_CUR(1.0),31/07/26 11:00:00,S,NAC,RS,2008-S2,18409,,
ESTAT:EARN_MW_CUR(1.0),31/07/26 11:00:00,S,NAC,RS,2009-S1,20643,,
ESTAT:EARN_MW_CUR(1.0),31/07/26 11:00:00,S,NAC,RS,2009-S2,20578,,
ESTAT:EARN_MW_CUR(1.0),31/07/26 11:00:00,S,NAC,RS,2010-S1,21323,,
ESTAT:EARN_MW_CUR(1.0),31/07/26 11:00:00,S,NAC,RS,2010-S2,21218,,
ESTAT:EARN_MW_CUR(1.0),31/07/26 11:00:00,S,NAC,RS,2011-S1,22459,,
ESTAT:EARN_MW_CUR(1.0),31/07/26 11:00:00,S,NAC,RS,2011-S2,24067,,
ESTAT:EARN_MW_CUR(1.0),31/07/26 11:00:00,S,NAC,RS,2012-S1,24067,,
ESTAT:EARN_MW_CUR(1.0),31/07/26 11:00:00,S,NAC,RS,2012-S2,27206,,
ESTAT:EARN_MW_CUR(1.0),31/07/26 11:00:00,S,NAC,RS,2013-S1,27206,,
ESTAT:EARN_MW_CUR(1.0),31/07/26 11:00:00,S,NAC,RS,2013-S2,26976,,
ESTAT:EARN_MW_CUR(1.0),31/07/26 11:00:00,S,NAC,RS,2014-S1,26976,,
ESTAT:EARN_MW_CUR(1.0),31/07/26 11:00:00,S,NAC,RS,2014-S2,26941,,
ESTAT:EARN_MW_CUR(1.0),31/07/26 11:00:00,S,NAC,RS,2015-S1,28431,,
ESTAT:EARN_MW_CUR(1.0),31/07/26 11:00:00,S,NAC,RS,2015-S2,28403,,
ESTAT:EARN_MW_CUR(1.0),31/07/26 11:00:00,S,NAC,RS,2016-S1,28403,,
ESTAT:EARN_MW_CUR(1.0),31/07/26 11:00:00,S,NAC,RS,2016-S2,28379,,
ESTAT:EARN_MW_CUR(1.0),31/07/26 11:00:00,S,NAC,RS,2017-S1,30613,,
ESTAT:EARN_MW_CUR(1.0),31/07/26 11:00:00,S,NAC,RS,2017-S2,30586,,
ESTAT:EARN_MW_CUR(1.0),31/07/26 11:00:00,S,NAC,RS,2018-S1,33813,,
ESTAT:EARN_MW_CUR(1.0),31/07/26 11:00:00,S,NAC,RS,2018-S2,33355,,
ESTAT:EARN_MW_CUR(1.0),31/07/26 11:00:00,S,NAC,RS,2019-S1,36408,,
ESTAT:EARN_MW_CUR(1.0),31/07/26 11:00:00,S,NAC,RS,2019-S2,36365,,
ESTAT:EARN_MW_CUR(1.0),31/07/26 11:00:00,S,NAC,RS,2020-S1,40502,,
ESTAT:EARN_MW_CUR(1.0),31/07/26 11:00:00,S,NAC,RS,2020-S2,40502,,
ESTAT:EARN_MW_CUR(1.0),31/07/26 11:00:00,S,NAC,RS,2021-S1,43044,,
ESTAT:EARN_MW_CUR(1.0),31/07/26 11:00:00,S,NAC,RS,2021-S2,43044,,
ESTAT:EARN_MW_CUR(1.0),31/07/26 11:00:00,S,NAC,RS,2022-S1,47193,,
ESTAT:EARN_MW_CUR(1.0),31/07/26 11:00:00,S,NAC,RS,2022-S2,47193,,
ESTAT:EARN_MW_CUR(1.0),31/07/26 11:00:00,S,NAC,RS,2023-S1,53993,,
ESTAT:EARN_MW_CUR(1.0),31/07/26 11:00:00,S,NAC,RS,2023-S2,53993,,
ESTAT:EARN_MW_CUR(1.0),31/07/26 11:00:00,S,NAC,RS,2024-S1,63700,,
ESTAT:EARN_MW_CUR(1.0),31/07/26 11:00:00,S,NAC,RS,2024-S2,63700,,
ESTAT:EARN_MW_CUR(1.0),31/07/26 11:00:00,S,NAC,RS,2025-S1,72396,,
ESTAT:EARN_MW_CUR(1.0),31/07/26 11:00:00,S,NAC,RS,2025-S2,72396,,
ESTAT:EARN_MW_CUR(1.0),31/07/26 11:00:00,S,NAC,RS,2026-S1,87207,,
ESTAT:EARN_MW_CUR(1.0),31/07/26 11:00:00,S,NAC,RS,2026-S2,87207,,
ESTAT:EARN_MW_CUR(1.0),31/07/26 11:00:00,S,NAC,SE,1999-S1,,m,
ESTAT:EARN_MW_CUR(1.0),31/07/26 11:00:00,S,NAC,SE,1999-S2,,m,
ESTAT:EARN_MW_CUR(1.0),31/07/26 11:00:00,S,NAC,SE,2000-S1,,m,
ESTAT:EARN_MW_CUR(1.0),31/07/26 11:00:00,S,NAC,SE,2000-S2,,m,
ESTAT:EARN_MW_CUR(1.0),31/07/26 11:00:00,S,NAC,SE,2001-S1,,m,
ESTAT:EARN_MW_CUR(1.0),31/07/26 11:00:00,S,NAC,SE,2001-S2,,m,
ESTAT:EARN_MW_CUR(1.0),31/07/26 11:00:00,S,NAC,SE,2002-S1,,m,
ESTAT:EARN_MW_CUR(1.0),31/07/26 11:00:00,S,NAC,SE,2002-S2,,m,
ESTAT:EARN_MW_CUR(1.0),31/07/26 11:00:00,S,NAC,SE,2003-S1,,m,
ESTAT:EARN_MW_CUR(1.0),31/07/26 11:00:00,S,NAC,SE,2003-S2,,m,
ESTAT:EARN_MW_CUR(1.0),31/07/26 11:00:00,S,NAC,SE,2004-S1,,m,
ESTAT:EARN_MW_CUR(1.0),31/07/26 11:00:00,S,NAC,SE,2004-S2,,m,
ESTAT:EARN_MW_CUR(1.0),31/07/26 11:00:00,S,NAC,SE,2005-S1,,m,
ESTAT:EARN_MW_CUR(1.0),31/07/26 11:00:00,S,NAC,SE,2005-S2,,m,
ESTAT:EARN_MW_CUR(1.0),31/07/26 11:00:00,S,NAC,SE,2006-S1,,m,
ESTAT:EARN_MW_CUR(1.0),31/07/26 11:00:00,S,NAC,SE,2006-S2,,m,
ESTAT:EARN_MW_CUR(1.0),31/07/26 11:00:00,S,NAC,SE,2007-S1,,m,
ESTAT:EARN_MW_CUR(1.0),31/07/26 11:00:00,S,NAC,SE,2007-S2,,m,
ESTAT:EARN_MW_CUR(1.0),31/07/26 11:00:00,S,NAC,SE,2008-S1,,m,
ESTAT:EARN_MW_CUR(1.0),31/07/26 11:00:00,S,NAC,SE,2008-S2,,m,
ESTAT:EARN_MW_CUR(1.0),31/07/26 11:00:00,S,NAC,SE,2009-S1,,m,
ESTAT:EARN_MW_CUR(1.0),31/07/26 11:00:00,S,NAC,SE,2009-S2,,m,
ESTAT:EARN_MW_CUR(1.0),31/07/26 11:00:00,S,NAC,SE,2010-S1,,m,
ESTAT:EARN_MW_CUR(1.0),31/07/26 11:00:00,S,NAC,SE,2010-S2,,m,
ESTAT:EARN_MW_CUR(1.0),31/07/26 11:00:00,S,NAC,SE,2011-S1,,m,
ESTAT:EARN_MW_CUR(1.0),31/07/26 11:00:00,S,NAC,SE,2011-S2,,m,
ESTAT:EARN_MW_CUR(1.0),31/07/26 11:00:00,S,NAC,SE,2012-S1,,m,
ESTAT:EARN_MW_CUR(1.0),31/07/26 11:00:00,S,NAC,SE,2012-S2,,m,
ESTAT:EARN_MW_CUR(1.0),31/07/26 11:00:00,S,NAC,SE,2013-S1,,m,
ESTAT:EARN_MW_CUR(1.0),31/07/26 11:00:00,S,NAC,SE,2013-S2,,m,
ESTAT:EARN_MW_CUR(1.0),31/07/26 11:00:00,S,NAC,SE,2014-S1,,m,
ESTAT:EARN_MW_CUR(1.0),31/07/26 11:00:00,S,NAC,SE,2014-S2,,m,
ESTAT:EARN_MW_CUR(1.0),31/07/26 11:00:00,S,NAC,SE,2015-S1,,m,
ESTAT:EARN_MW_CUR(1.0),31/07/26 11:00:00,S,NAC,SE,2015-S2,,m,
ESTAT:EARN_MW_CUR(1.0),31/07/26 11:00:00,S,NAC,SE,2016-S1,,m,
ESTAT:EARN_MW_CUR(1.0),31/07/26 11:00:00,S,NAC,SE,2016-S2,,m,
ESTAT:EARN_MW_CUR(1.0),31/07/26 11:00:00,S,NAC,SE,2017-S1,,m,
ESTAT:EARN_MW_CUR(1.0),31/07/26 11:00:00,S,NAC,SE,2017-S2,,m,
ESTAT:EARN_MW_CUR(1.0),31/07/26 11:00:00,S,NAC,SE,2018-S1,,m,
ESTAT:EARN_MW_CUR(1.0),31/07/26 11:00:00,S,NAC,SE,2018-S2,,m,
ESTAT:EARN_MW_CUR(1.0),31/07/26 11:00:00,S,NAC,SE,2019-S1,,m,
ESTAT:EARN_MW_CUR(1.0),31/07/26 11:00:00,S,NAC,SE,2019-S2,,m,
ESTAT:EARN_MW_CUR(1.0),31/07/26 11:00:00,S,NAC,SE,2020-S1,,m,
ESTAT:EARN_MW_CUR(1.0),31/07/26 11:00:00,S,NAC,SE,2020-S2,,m,
ESTAT:EARN_MW_CUR(1.0),31/07/26 11:00:00,S,NAC,SE,2021-S1,,m,
ESTAT:EARN_MW_CUR(1.0),31/07/26 11:00:00,S,NAC,SE,2021-S2,,m,
ESTAT:EARN_MW_CUR(1.0),31/07/26 11:00:00,S,NAC,SE,2022-S1,,m,
ESTAT:EARN_MW_CUR(1.0),31/07/26 11:00:00,S,NAC,SE,2022-S2,,m,
ESTAT:EARN_MW_CUR(1.0),31/07/26 11:00:00,S,NAC,SE,2023-S1,,m,
ESTAT:EARN_MW_CUR(1.0),31/07/26 11:00:00,S,NAC,SE,2023-S2,,m,
ESTAT:EARN_MW_CUR(1.0),31/07/26 11:00:00,S,NAC,SE,2024-S1,,m,
ESTAT:EARN_MW_CUR(1.0),31/07/26 11:00:00,S,NAC,SE,2024-S2,,m,
ESTAT:EARN_MW_CUR(1.0),31/07/26 11:00:00,S,NAC,SE,2025-S1,,m,
ESTAT:EARN_MW_CUR(1.0),31/07/26 11:00:00,S,NAC,SE,2025-S2,,m,
ESTAT:EARN_MW_CUR(1.0),31/07/26 11:00:00,S,NAC,SE,2026-S1,,m,
ESTAT:EARN_MW_CUR(1.0),31/07/26 11:00:00,S,NAC,SE,2026-S2,,m,
ESTAT:EARN_MW_CUR(1.0),31/07/26 11:00:00,S,NAC,SI,1999-S1,285,,
ESTAT:EARN_MW_CUR(1.0),31/07/26 11:00:00,S,NAC,SI,1999-S2,285,,
ESTAT:EARN_MW_CUR(1.0),31/07/26 11:00:00,S,NAC,SI,2000-S1,310,,
ESTAT:EARN_MW_CUR(1.0),31/07/26 11:00:00,S,NAC,SI,2000-S2,321,,
ESTAT:EARN_MW_CUR(1.0),31/07/26 11:00:00,S,NAC,SI,2001-S1,352,,
ESTAT:EARN_MW_CUR(1.0),31/07/26 11:00:00,S,NAC,SI,2001-S2,352,,
ESTAT:EARN_MW_CUR(1.0),31/07/26 11:00:00,S,NAC,SI,2002-S1,395,,
ESTAT:EARN_MW_CUR(1.0),31/07/26 11:00:00,S,NAC,SI,2002-S2,395,,
ESTAT:EARN_MW_CUR(1.0),31/07/26 11:00:00,S,NAC,SI,2003-S1,432,,
ESTAT:EARN_MW_CUR(1.0),31/07/26 11:00:00,S,NAC,SI,2003-S2,432,,
ESTAT:EARN_MW_CUR(1.0),31/07/26 11:00:00,S,NAC,SI,2004-S1,465,,
ESTAT:EARN_MW_CUR(1.0),31/07/26 11:00:00,S,NAC,SI,2004-S2,465,,
ESTAT:EARN_MW_CUR(1.0),31/07/26 11:00:00,S,NAC,SI,2005-S1,490,,
ESTAT:EARN_MW_CUR(1.0),31/07/26 11:00:00,S,NAC,SI,2005-S2,490,,
ESTAT:EARN_MW_CUR(1.0),31/07/26 11:00:00,S,NAC,SI,2006-S1,512,,
ESTAT:EARN_MW_CUR(1.0),31/07/26 11:00:00,S,NAC,SI,2006-S2,512,,
ESTAT:EARN_MW_CUR(1.0),31/07/26 11:00:00,S,NAC,SI,2007-S1,522,,
ESTAT:EARN_MW_CUR(1.0),31/07/26 11:00:00,S,NAC,SI,2007-S2,522,,
ESTAT:EARN_MW_CUR(1.0),31/07/26 11:00:00,S,NAC,SI,2008-S1,539,,
ESTAT:EARN_MW_CUR(1.0),31/07/26 11:00:00,S,NAC,SI,2008-S2,567,,
ESTAT:EARN_MW_CUR(1.0),31/07/26 11:00:00,S,NAC,SI,2009-S1,589,,
ESTAT:EARN_MW_CUR(1.0),31/07/26 11:00:00,S,NAC,SI,2009-S2,589,,
ESTAT:EARN_MW_CUR(1.0),31/07/26 11:00:00,S,NAC,SI,2010-S1,597,,
ESTAT:EARN_MW_CUR(1.0),31/07/26 11:00:00,S,NAC,SI,2010-S2,734,,
ESTAT:EARN_MW_CUR(1.0),31/07/26 11:00:00,S,NAC,SI,2011-S1,748,,
ESTAT:EARN_MW_CUR(1.0),31/07/26 11:00:00,S,NAC,SI,2011-S2,748,,
ESTAT:EARN_MW_CUR(1.0),31/07/26 11:00:00,S,NAC,SI,2012-S1,763,,
ESTAT:EARN_MW_CUR(1.0),31/07/26 11:00:00,S,NAC,SI,2012-S2,763,,
ESTAT:EARN_MW_CUR(1.0),31/07/26 11:00:00,S,NAC,SI,2013-S1,784,,
ESTAT:EARN_MW_CUR(1.0),31/07/26 11:00:00,S,NAC,SI,2013-S2,784,,
ESTAT:EARN_MW_CUR(1.0),31/07/26 11:00:00,S,NAC,SI,2014-S1,789,,
ESTAT:EARN_MW_CUR(1.0),31/07/26 11:00:00,S,NAC,SI,2014-S2,789,,
ESTAT:EARN_MW_CUR(1.0),31/07/26 11:00:00,S,NAC,SI,2015-S1,791,,
ESTAT:EARN_MW_CUR(1.0),31/07/26 11:00:00,S,NAC,SI,2015-S2,791,,
ESTAT:EARN_MW_CUR(1.0),31/07/26 11:00:00,S,NAC,SI,2016-S1,791,,
ESTAT:EARN_MW_CUR(1.0),31/07/26 11:00:00,S,NAC,SI,2016-S2,791,,
ESTAT:EARN_MW_CUR(1.0),31/07/26 11:00:00,S,NAC,SI,2017-S1,805,,
ESTAT:EARN_MW_CUR(1.0),31/07/26 11:00:00,S,NAC,SI,2017-S2,805,,
ESTAT:EARN_MW_CUR(1.0),31/07/26 11:00:00,S,NAC,SI,2018-S1,843,,
ESTAT:EARN_MW_CUR(1.0),31/07/26 11:00:00,S,NAC,SI,2018-S2,843,,
ESTAT:EARN_MW_CUR(1.0),31/07/26 11:00:00,S,NAC,SI,2019-S1,887,,
ESTAT:EARN_MW_CUR(1.0),31/07/26 11:00:00,S,NAC,SI,2019-S2,887,,
ESTAT:EARN_MW_CUR(1.0),31/07/26 11:00:00,S,NAC,SI,2020-S1,941,,
ESTAT:EARN_MW_CUR(1.0),31/07/26 11:00:00,S,NAC,SI,2020-S2,941,,
ESTAT:EARN_MW_CUR(1.0),31/07/26 11:00:00,S,NAC,SI,2021-S1,1024,,
ESTAT:EARN_MW_CUR(1.0),31/07/26 11:00:00,S,NAC,SI,2021-S2,1024,,
ESTAT:EARN_MW_CUR(1.0),31/07/26 11:00:00,S,NAC,SI,2022-S1,1074,,
ESTAT:EARN_MW_CUR(1.0),31/07/26 11:00:00,S,NAC,SI,2022-S2,1074,,
ESTAT:EARN_MW_CUR(1.0),31/07/26 11:00:00,S,NAC,SI,2023-S1,1203,,
ESTAT:EARN_MW_CUR(1.0),31/07/26 11:00:00,S,NAC,SI,2023-S2,1203,,
ESTAT:EARN_MW_CUR(1.0),31/07/26 11:00:00,S,NAC,SI,2024-S1,1254,,
ESTAT:EARN_MW_CUR(1.0),31/07/26 11:00:00,S,NAC,SI,2024-S2,1254,,
ESTAT:EARN_MW_CUR(1.0),31/07/26 11:00:00,S,NAC,SI,2025-S1,1278,,
ESTAT:EARN_MW_CUR(1.0),31/07/26 11:00:00,S,NAC,SI,2025-S2,1278,,
ESTAT:EARN_MW_CUR(1.0),31/07/26 11:00:00,S,NAC,SI,2026-S1,1482,,
ESTAT:EARN_MW_CUR(1.0),31/07/26 11:00:00,S,NAC,SI,2026-S2,1482,,
ESTAT:EARN_MW_CUR(1.0),31/07/26 11:00:00,S,NAC,SK,1999-S1,100,,
ESTAT:EARN_MW_CUR(1.0),31/07/26 11:00:00,S,NAC,SK,1999-S2,120,,
ESTAT:EARN_MW_CUR(1.0),31/07/26 11:00:00,S,NAC,SK,2000-S1,133,,
ESTAT:EARN_MW_CUR(1.0),31/07/26 11:00:00,S,NAC,SK,2000-S2,133,,
ESTAT:EARN_MW_CUR(1.0),31/07/26 11:00:00,S,NAC,SK,2001-S1,146,,
ESTAT:EARN_MW_CUR(1.0),31/07/26 11:00:00,S,NAC,SK,2001-S2,146,,
ESTAT:EARN_MW_CUR(1.0),31/07/26 11:00:00,S,NAC,SK,2002-S1,163,,
ESTAT:EARN_MW_CUR(1.0),31/07/26 11:00:00,S,NAC,SK,2002-S2,163,,
ESTAT:EARN_MW_CUR(1.0),31/07/26 11:00:00,S,NAC,SK,2003-S1,185,,
ESTAT:EARN_MW_CUR(1.0),31/07/26 11:00:00,S,NAC,SK,2003-S2,185,,
ESTAT:EARN_MW_CUR(1.0),31/07/26 11:00:00,S,NAC,SK,2004-S1,202,,
ESTAT:EARN_MW_CUR(1.0),31/07/26 11:00:00,S,NAC,SK,2004-S2,202,,
ESTAT:EARN_MW_CUR(1.0),31/07/26 11:00:00,S,NAC,SK,2005-S1,216,,
ESTAT:EARN_MW_CUR(1.0),31/07/26 11:00:00,S,NAC,SK,2005-S2,216,,
ESTAT:EARN_MW_CUR(1.0),31/07/26 11:00:00,S,NAC,SK,2006-S1,229,,
ESTAT:EARN_MW_CUR(1.0),31/07/26 11:00:00,S,NAC,SK,2006-S2,229,,
ESTAT:EARN_MW_CUR(1.0),31/07/26 11:00:00,S,NAC,SK,2007-S1,252,,
ESTAT:EARN_MW_CUR(1.0),31/07/26 11:00:00,S,NAC,SK,2007-S2,252,,
ESTAT:EARN_MW_CUR(1.0),31/07/26 11:00:00,S,NAC,SK,2008-S1,269,,
ESTAT:EARN_MW_CUR(1.0),31/07/26 11:00:00,S,NAC,SK,2008-S2,269,,
ESTAT:EARN_MW_CUR(1.0),31/07/26 11:00:00,S,NAC,SK,2009-S1,296,,
ESTAT:EARN_MW_CUR(1.0),31/07/26 11:00:00,S,NAC,SK,2009-S2,296,,
ESTAT:EARN_MW_CUR(1.0),31/07/26 11:00:00,S,NAC,SK,2010-S1,308,,
ESTAT:EARN_MW_CUR(1.0),31/07/26 11:00:00,S,NAC,SK,2010-S2,308,,
ESTAT:EARN_MW_CUR(1.0),31/07/26 11:00:00,S,NAC,SK,2011-S1,317,,
ESTAT:EARN_MW_CUR(1.0),31/07/26 11:00:00,S,NAC,SK,2011-S2,317,,
ESTAT:EARN_MW_CUR(1.0),31/07/26 11:00:00,S,NAC,SK,2012-S1,327,,
ESTAT:EARN_MW_CUR(1.0),31/07/26 11:00:00,S,NAC,SK,2012-S2,327,,
ESTAT:EARN_MW_CUR(1.0),31/07/26 11:00:00,S,NAC,SK,2013-S1,338,,
ESTAT:EARN_MW_CUR(1.0),31/07/26 11:00:00,S,NAC,SK,2013-S2,338,,
ESTAT:EARN_MW_CUR(1.0),31/07/26 11:00:00,S,NAC,SK,2014-S1,352,,
ESTAT:EARN_MW_CUR(1.0),31/07/26 11:00:00,S,NAC,SK,2014-S2,352,,
ESTAT:EARN_MW_CUR(1.0),31/07/26 11:00:00,S,NAC,SK,2015-S1,380,,
ESTAT:EARN_MW_CUR(1.0),31/07/26 11:00:00,S,NAC,SK,2015-S2,380,,
ESTAT:EARN_MW_CUR(1.0),31/07/26 11:00:00,S,NAC,SK,2016-S1,405,,
ESTAT:EARN_MW_CUR(1.0),31/07/26 11:00:00,S,NAC,SK,2016-S2,405,,
ESTAT:EARN_MW_CUR(1.0),31/07/26 11:00:00,S,NAC,SK,2017-S1,435,,
ESTAT:EARN_MW_CUR(1.0),31/07/26 11:00:00,S,NAC,SK,2017-S2,435,,
ESTAT:EARN_MW_CUR(1.0),31/07/26 11:00:00,S,NAC,SK,2018-S1,480,,
ESTAT:EARN_MW_CUR(1.0),31/07/26 11:00:00,S,NAC,SK,2018-S2,480,,
ESTAT:EARN_MW_CUR(1.0),31/07/26 11:00:00,S,NAC,SK,2019-S1,520,,
ESTAT:EARN_MW_CUR(1.0),31/07/26 11:00:00,S,NAC,SK,2019-S2,520,,
ESTAT:EARN_MW_CUR(1.0),31/07/26 11:00:00,S,NAC,SK,2020-S1,580,,
ESTAT:EARN_MW_CUR(1.0),31/07/26 11:00:00,S,NAC,SK,2020-S2,580,,
ESTAT:EARN_MW_CUR(1.0),31/07/26 11:00:00,S,NAC,SK,2021-S1,623,,
ESTAT:EARN_MW_CUR(1.0),31/07/26 11:00:00,S,NAC,SK,2021-S2,623,,
ESTAT:EARN_MW_CUR(1.0),31/07/26 11:00:00,S,NAC,SK,2022-S1,646,,
ESTAT:EARN_MW_CUR(1.0),31/07/26 11:00:00,S,NAC,SK,2022-S2,646,,
ESTAT:EARN_MW_CUR(1.0),31/07/26 11:00:00,S,NAC,SK,2023-S1,700,,
ESTAT:EARN_MW_CUR(1.0),31/07/26 11:00:00,S,NAC,SK,2023-S2,700,,
ESTAT:EARN_MW_CUR(1.0),31/07/26 11:00:00,S,NAC,SK,2024-S1,750,,
ESTAT:EARN_MW_CUR(1.0),31/07/26 11:00:00,S,NAC,SK,2024-S2,750,,
ESTAT:EARN_MW_CUR(1.0),31/07/26 11:00:00,S,NAC,SK,2025-S1,816,,
ESTAT:EARN_MW_CUR(1.0),31/07/26 11:00:00,S,NAC,SK,2025-S2,816,,
ESTAT:EARN_MW_CUR(1.0),31/07/26 11:00:00,S,NAC,SK,2026-S1,915,,
ESTAT:EARN_MW_CUR(1.0),31/07/26 11:00:00,S,NAC,SK,2026-S2,915,,
ESTAT:EARN_MW_CUR(1.0),31/07/26 11:00:00,S,NAC,TR,1999-S1,78,,
ESTAT:EARN_MW_CUR(1.0),31/07/26 11:00:00,S,NAC,TR,1999-S2,94,,
ESTAT:EARN_MW_CUR(1.0),31/07/26 11:00:00,S,NAC,TR,2000-S1,110,,
ESTAT:EARN_MW_CUR(1.0),31/07/26 11:00:00,S,NAC,TR,2000-S2,119,,
ESTAT:EARN_MW_CUR(1.0),31/07/26 11:00:00,S,NAC,TR,2001-S1,140,,
ESTAT:EARN_MW_CUR(1.0),31/07/26 11:00:00,S,NAC,TR,2001-S2,168,,
ESTAT:EARN_MW_CUR(1.0),31/07/26 11:00:00,S,NAC,TR,2002-S1,222,,
ESTAT:EARN_MW_CUR(1.0),31/07/26 11:00:00,S,NAC,TR,2002-S2,251,,
ESTAT:EARN_MW_CUR(1.0),31/07/26 11:00:00,S,NAC,TR,2003-S1,306,,
ESTAT:EARN_MW_CUR(1.0),31/07/26 11:00:00,S,NAC,TR,2003-S2,306,,
ESTAT:EARN_MW_CUR(1.0),31/07/26 11:00:00,S,NAC,TR,2004-S1,423,,
ESTAT:EARN_MW_CUR(1.0),31/07/26 11:00:00,S,NAC,TR,2004-S2,444,,
ESTAT:EARN_MW_CUR(1.0),31/07/26 11:00:00,S,NAC,TR,2005-S1,489,,
ESTAT:EARN_MW_CUR(1.0),31/07/26 11:00:00,S,NAC,TR,2005-S2,489,,
ESTAT:EARN_MW_CUR(1.0),31/07/26 11:00:00,S,NAC,TR,2006-S1,531,,
ESTAT:EARN_MW_CUR(1.0),31/07/26 11:00:00,S,NAC,TR,2006-S2,531,,
ESTAT:EARN_MW_CUR(1.0),31/07/26 11:00:00,S,NAC,TR,2007-S1,563,,
ESTAT:EARN_MW_CUR(1.0),31/07/26 11:00:00,S,NAC,TR,2007-S2,585,,
ESTAT:EARN_MW_CUR(1.0),31/07/26 11:00:00,S,NAC,TR,2008-S1,608,,
ESTAT:EARN_MW_CUR(1.0),31/07/26 11:00:00,S,NAC,TR,2008-S2,639,,
ESTAT:EARN_MW_CUR(1.0),31/07/26 11:00:00,S,NAC,TR,2009-S1,666,,
ESTAT:EARN_MW_CUR(1.0),31/07/26 11:00:00,S,NAC,TR,2009-S2,693,,
ESTAT:EARN_MW_CUR(1.0),31/07/26 11:00:00,S,NAC,TR,2010-S1,729,,
ESTAT:EARN_MW_CUR(1.0),31/07/26 11:00:00,S,NAC,TR,2010-S2,761,,
ESTAT:EARN_MW_CUR(1.0),31/07/26 11:00:00,S,NAC,TR,2011-S1,797,,
ESTAT:EARN_MW_CUR(1.0),31/07/26 11:00:00,S,NAC,TR,2011-S2,837,,
ESTAT:EARN_MW_CUR(1.0),31/07/26 11:00:00,S,NAC,TR,2012-S1,887,,
ESTAT:EARN_MW_CUR(1.0),31/07/26 11:00:00,S,NAC,TR,2012-S2,941,,
ESTAT:EARN_MW_CUR(1.0),31/07/26 11:00:00,S,NAC,TR,2013-S1,979,,
ESTAT:EARN_MW_CUR(1.0),31/07/26 11:00:00,S,NAC,TR,2013-S2,1022,,
ESTAT:EARN_MW_CUR(1.0),31/07/26 11:00:00,S,NAC,TR,2014-S1,1071,,
ESTAT:EARN_MW_CUR(1.0),31/07/26 11:00:00,S,NAC,TR,2014-S2,1134,,
ESTAT:EARN_MW_CUR(1.0),31/07/26 11:00:00,S,NAC,TR,2015-S1,1202,,
ESTAT:EARN_MW_CUR(1.0),31/07/26 11:00:00,S,NAC,TR,2015-S2,1274,,
ESTAT:EARN_MW_CUR(1.0),31/07/26 11:00:00,S,NAC,TR,2016-S1,1647,,
ESTAT:EARN_MW_CUR(1.0),31/07/26 11:00:00,S,NAC,TR,2016-S2,1647,,
ESTAT:EARN_MW_CUR(1.0),31/07/26 11:00:00,S,NAC,TR,2017-S1,1778,,
ESTAT:EARN_MW_CUR(1.0),31/07/26 11:00:00,S,NAC,TR,2017-S2,1778,,
ESTAT:EARN_MW_CUR(1.0),31/07/26 11:00:00,S,NAC,TR,2018-S1,2030,,
ESTAT:EARN_MW_CUR(1.0),31/07/26 11:00:00,S,NAC,TR,2018-S2,2030,,
ESTAT:EARN_MW_CUR(1.0),31/07/26 11:00:00,S,NAC,TR,2019-S1,2558,,
ESTAT:EARN_MW_CUR(1.0),31/07/26 11:00:00,S,NAC,TR,2019-S2,2558,,
ESTAT:EARN_MW_CUR(1.0),31/07/26 11:00:00,S,NAC,TR,2020-S1,2943,,
ESTAT:EARN_MW_CUR(1.0),31/07/26 11:00:00,S,NAC,TR,2020-S2,2943,,
ESTAT:EARN_MW_CUR(1.0),31/07/26 11:00:00,S,NAC,TR,2021-S1,3578,,
ESTAT:EARN_MW_CUR(1.0),31/07/26 11:00:00,S,NAC,TR,2021-S2,3578,,
ESTAT:EARN_MW_CUR(1.0),31/07/26 11:00:00,S,NAC,TR,2022-S1,5004,,
ESTAT:EARN_MW_CUR(1.0),31/07/26 11:00:00,S,NAC,TR,2022-S2,6471,,
ESTAT:EARN_MW_CUR(1.0),31/07/26 11:00:00,S,NAC,TR,2023-S1,10008,,
ESTAT:EARN_MW_CUR(1.0),31/07/26 11:00:00,S,NAC,TR,2023-S2,13415,,
ESTAT:EARN_MW_CUR(1.0),31/07/26 11:00:00,S,NAC,TR,2024-S1,20003,,
ESTAT:EARN_MW_CUR(1.0),31/07/26 11:00:00,S,NAC,TR,2024-S2,20003,,
ESTAT:EARN_MW_CUR(1.0),31/07/26 11:00:00,S,NAC,TR,2025-S1,26006,,
ESTAT:EARN_MW_CUR(1.0),31/07/26 11:00:00,S,NAC,TR,2025-S2,26006,,
ESTAT:EARN_MW_CUR(1.0),31/07/26 11:00:00,S,NAC,TR,2026-S1,33030,,
ESTAT:EARN_MW_CUR(1.0),31/07/26 11:00:00,S,NAC,TR,2026-S2,33030,,
ESTAT:EARN_MW_CUR(1.0),31/07/26 11:00:00,S,NAC,UA,1999-S1,74,,
ESTAT:EARN_MW_CUR(1.0),31/07/26 11:00:00,S,NAC,UA,1999-S2,74,,
ESTAT:EARN_MW_CUR(1.0),31/07/26 11:00:00,S,NAC,UA,2000-S1,74,,
ESTAT:EARN_MW_CUR(1.0),31/07/26 11:00:00,S,NAC,UA,2000-S2,118,,
ESTAT:EARN_MW_CUR(1.0),31/07/26 11:00:00,S,NAC,UA,2001-S1,118,,
ESTAT:EARN_MW_CUR(1.0),31/07/26 11:00:00,S,NAC,UA,2001-S2,118,,
ESTAT:EARN_MW_CUR(1.0),31/07/26 11:00:00,S,NAC,UA,2002-S1,140,,
ESTAT:EARN_MW_CUR(1.0),31/07/26 11:00:00,S,NAC,UA,2002-S2,165,,
ESTAT:EARN_MW_CUR(1.0),31/07/26 11:00:00,S,NAC,UA,2003-S1,185,,
ESTAT:EARN_MW_CUR(1.0),31/07/26 11:00:00,S,NAC,UA,2003-S2,185,,
ESTAT:EARN_MW_CUR(1.0),31/07/26 11:00:00,S,NAC,UA,2004-S1,205,,
ESTAT:EARN_MW_CUR(1.0),31/07/26 11:00:00,S,NAC,UA,2004-S2,205,,
ESTAT:EARN_MW_CUR(1.0),31/07/26 11:00:00,S,NAC,UA,2005-S1,262,,
ESTAT:EARN_MW_CUR(1.0),31/07/26 11:00:00,S,NAC,UA,2005-S2,310,,
ESTAT:EARN_MW_CUR(1.0),31/07/26 11:00:00,S,NAC,UA,2006-S1,350,,
ESTAT:EARN_MW_CUR(1.0),31/07/26 11:00:00,S,NAC,UA,2006-S2,375,,
ESTAT:EARN_MW_CUR(1.0),31/07/26 11:00:00,S,NAC,UA,2007-S1,400,,
ESTAT:EARN_MW_CUR(1.0),31/07/26 11:00:00,S,NAC,UA,2007-S2,440,,
ESTAT:EARN_MW_CUR(1.0),31/07/26 11:00:00,S,NAC,UA,2008-S1,515,,
ESTAT:EARN_MW_CUR(1.0),31/07/26 11:00:00,S,NAC,UA,2008-S2,525,,
ESTAT:EARN_MW_CUR(1.0),31/07/26 11:00:00,S,NAC,UA,2009-S1,605,,
ESTAT:EARN_MW_CUR(1.0),31/07/26 11:00:00,S,NAC,UA,2009-S2,630,,
ESTAT:EARN_MW_CUR(1.0),31/07/26 11:00:00,S,NAC,UA,2010-S1,869,,
ESTAT:EARN_MW_CUR(1.0),31/07/26 11:00:00,S,NAC,UA,2010-S2,888,,
ESTAT:EARN_MW_CUR(1.0),31/07/26 11:00:00,S,NAC,UA,2011-S1,941,,
ESTAT:EARN_MW_CUR(1.0),31/07/26 11:00:00,S,NAC,UA,2011-S2,960,,
ESTAT:EARN_MW_CUR(1.0),31/07/26 11:00:00,S,NAC,UA,2012-S1,1073,,
ESTAT:EARN_MW_CUR(1.0),31/07/26 11:00:00,S,NAC,UA,2012-S2,1102,,
ESTAT:EARN_MW_CUR(1.0),31/07/26 11:00:00,S,NAC,UA,2013-S1,1147,,
ESTAT:EARN_MW_CUR(1.0),31/07/26 11:00:00,S,NAC,UA,2013-S2,1147,,
ESTAT:EARN_MW_CUR(1.0),31/07/26 11:00:00,S,NAC,UA,2014-S1,1218,,
ESTAT:EARN_MW_CUR(1.0),31/07/26 11:00:00,S,NAC,UA,2014-S2,1218,,
ESTAT:EARN_MW_CUR(1.0),31/07/26 11:00:00,S,NAC,UA,2015-S1,1218,,
ESTAT:EARN_MW_CUR(1.0),31/07/26 11:00:00,S,NAC,UA,2015-S2,1218,,
ESTAT:EARN_MW_CUR(1.0),31/07/26 11:00:00,S,NAC,UA,2016-S1,1378,,
ESTAT:EARN_MW_CUR(1.0),31/07/26 11:00:00,S,NAC,UA,2016-S2,1450,,
ESTAT:EARN_MW_CUR(1.0),31/07/26 11:00:00,S,NAC,UA,2017-S1,3200,,
ESTAT:EARN_MW_CUR(1.0),31/07/26 11:00:00,S,NAC,UA,2017-S2,3200,,
ESTAT:EARN_MW_CUR(1.0),31/07/26 11:00:00,S,NAC,UA,2018-S1,3723,,
ESTAT:EARN_MW_CUR(1.0),31/07/26 11:00:00,S,NAC,UA,2018-S2,3723,,
ESTAT:EARN_MW_CUR(1.0),31/07/26 11:00:00,S,NAC,UA,2019-S1,4173,,
ESTAT:EARN_MW_CUR(1.0),31/07/26 11:00:00,S,NAC,UA,2019-S2,4173,,
ESTAT:EARN_MW_CUR(1.0),31/07/26 11:00:00,S,NAC,UA,2020-S1,4723,,
ESTAT:EARN_MW_CUR(1.0),31/07/26 11:00:00,S,NAC,UA,2020-S2,4723,,
ESTAT:EARN_MW_CUR(1.0),31/07/26 11:00:00,S,NAC,UA,2021-S1,6000,,
ESTAT:EARN_MW_CUR(1.0),31/07/26 11:00:00,S,NAC,UA,2021-S2,6000,,
ESTAT:EARN_MW_CUR(1.0),31/07/26 11:00:00,S,NAC,UA,2022-S1,6500,,
ESTAT:EARN_MW_CUR(1.0),31/07/26 11:00:00,S,NAC,UA,2022-S2,6500,,
ESTAT:EARN_MW_CUR(1.0),31/07/26 11:00:00,S,NAC,UA,2023-S1,6700,,
ESTAT:EARN_MW_CUR(1.0),31/07/26 11:00:00,S,NAC,UA,2023-S2,6700,,
ESTAT:EARN_MW_CUR(1.0),31/07/26 11:00:00,S,NAC,UA,2024-S1,7100,,
ESTAT:EARN_MW_CUR(1.0),31/07/26 11:00:00,S,NAC,UA,2024-S2,8000,,
ESTAT:EARN_MW_CUR(1.0),31/07/26 11:00:00,S,NAC,UA,2025-S1,8000,,
ESTAT:EARN_MW_CUR(1.0),31/07/26 11:00:00,S,NAC,UA,2025-S2,8000,,
ESTAT:EARN_MW_CUR(1.0),31/07/26 11:00:00,S,NAC,UA,2026-S1,8647,,
ESTAT:EARN_MW_CUR(1.0),31/07/26 11:00:00,S,NAC,UA,2026-S2,8647,,
ESTAT:EARN_MW_CUR(1.0),31/07/26 11:00:00,S,NAC,UK,1999-S1,,m,
ESTAT:EARN_MW_CUR(1.0),31/07/26 11:00:00,S,NAC,UK,1999-S2,592,,
ESTAT:EARN_MW_CUR(1.0),31/07/26 11:00:00,S,NAC,UK,2000-S1,592,,
ESTAT:EARN_MW_CUR(1.0),31/07/26 11:00:00,S,NAC,UK,2000-S2,592,,
ESTAT:EARN_MW_CUR(1.0),31/07/26 11:00:00,S,NAC,UK,2001-S1,610,,
ESTAT:EARN_MW_CUR(1.0),31/07/26 11:00:00,S,NAC,UK,2001-S2,610,,
ESTAT:EARN_MW_CUR(1.0),31/07/26 11:00:00,S,NAC,UK,2002-S1,675,,
ESTAT:EARN_MW_CUR(1.0),31/07/26 11:00:00,S,NAC,UK,2002-S2,675,,
ESTAT:EARN_MW_CUR(1.0),31/07/26 11:00:00,S,NAC,UK,2003-S1,692,,
ESTAT:EARN_MW_CUR(1.0),31/07/26 11:00:00,S,NAC,UK,2003-S2,692,,
ESTAT:EARN_MW_CUR(1.0),31/07/26 11:00:00,S,NAC,UK,2004-S1,743,,
ESTAT:EARN_MW_CUR(1.0),31/07/26 11:00:00,S,NAC,UK,2004-S2,743,,
ESTAT:EARN_MW_CUR(1.0),31/07/26 11:00:00,S,NAC,UK,2005-S1,800,,
ESTAT:EARN_MW_CUR(1.0),31/07/26 11:00:00,S,NAC,UK,2005-S2,800,,
ESTAT:EARN_MW_CUR(1.0),31/07/26 11:00:00,S,NAC,UK,2006-S1,831,,
ESTAT:EARN_MW_CUR(1.0),31/07/26 11:00:00,S,NAC,UK,2006-S2,831,,
ESTAT:EARN_MW_CUR(1.0),31/07/26 11:00:00,S,NAC,UK,2007-S1,883,,
ESTAT:EARN_MW_CUR(1.0),31/07/26 11:00:00,S,NAC,UK,2007-S2,883,,
ESTAT:EARN_MW_CUR(1.0),31/07/26 11:00:00,S,NAC,UK,2008-S1,911,,
ESTAT:EARN_MW_CUR(1.0),31/07/26 11:00:00,S,NAC,UK,2008-S2,911,,
ESTAT:EARN_MW_CUR(1.0),31/07/26 11:00:00,S,NAC,UK,2009-S1,948,,
ESTAT:EARN_MW_CUR(1.0),31/07/26 11:00:00,S,NAC,UK,2009-S2,948,,
ESTAT:EARN_MW_CUR(1.0),31/07/26 11:00:00,S,NAC,UK,2010-S1,956,,
ESTAT:EARN_MW_CUR(1.0),31/07/26 11:00:00,S,NAC,UK,2010-S2,956,,
ESTAT:EARN_MW_CUR(1.0),31/07/26 11:00:00,S,NAC,UK,2011-S1,978,,
ESTAT:EARN_MW_CUR(1.0),31/07/26 11:00:00,S,NAC,UK,2011-S2,978,,
ESTAT:EARN_MW_CUR(1.0),31/07/26 11:00:00,S,NAC,UK,2012-S1,1004,,
ESTAT:EARN_MW_CUR(1.0),31/07/26 11:00:00,S,NAC,UK,2012-S2,1004,,
ESTAT:EARN_MW_CUR(1.0),31/07/26 11:00:00,S,NAC,UK,2013-S1,1020,,
ESTAT:EARN_MW_CUR(1.0),31/07/26 11:00:00,S,NAC,UK,2013-S2,1020,,
ESTAT:EARN_MW_CUR(1.0),31/07/26 11:00:00,S,NAC,UK,2014-S1,1043,,
ESTAT:EARN_MW_CUR(1.0),31/07/26 11:00:00,S,NAC,UK,2014-S2,1043,,
ESTAT:EARN_MW_CUR(1.0),31/07/26 11:00:00,S,NAC,UK,2015-S1,1074,,
ESTAT:EARN_MW_CUR(1.0),31/07/26 11:00:00,S,NAC,UK,2015-S2,1074,,
ESTAT:EARN_MW_CUR(1.0),31/07/26 11:00:00,S,NAC,UK,2016-S1,1110,,
ESTAT:EARN_MW_CUR(1.0),31/07/26 11:00:00,S,NAC,UK,2016-S2,1193,,
ESTAT:EARN_MW_CUR(1.0),31/07/26 11:00:00,S,NAC,UK,2017-S1,1193,,
ESTAT:EARN_MW_CUR(1.0),31/07/26 11:00:00,S,NAC,UK,2017-S2,1243,,
ESTAT:EARN_MW_CUR(1.0),31/07/26 11:00:00,S,NAC,UK,2018-S1,1242,,
ESTAT:EARN_MW_CUR(1.0),31/07/26 11:00:00,S,NAC,UK,2018-S2,1300,,
ESTAT:EARN_MW_CUR(1.0),31/07/26 11:00:00,S,NAC,UK,2019-S1,1300,,
ESTAT:EARN_MW_CUR(1.0),31/07/26 11:00:00,S,NAC,UK,2019-S2,1360,,
ESTAT:EARN_MW_CUR(1.0),31/07/26 11:00:00,S,NAC,UK,2020-S1,1360,,
ESTAT:EARN_MW_CUR(1.0),31/07/26 11:00:00,S,NAC,UK,2020-S2,1445,,
ESTAT:EARN_MW_CUR(1.0),31/07/26 11:00:00,S,NAC,US,1999-S1,893,,
ESTAT:EARN_MW_CUR(1.0),31/07/26 11:00:00,S,NAC,US,1999-S2,893,,
ESTAT:EARN_MW_CUR(1.0),31/07/26 11:00:00,S,NAC,US,2000-S1,893,,
ESTAT:EARN_MW_CUR(1.0),31/07/26 11:00:00,S,NAC,US,2000-S2,893,,
ESTAT:EARN_MW_CUR(1.0),31/07/26 11:00:00,S,NAC,US,2001-S1,893,,
ESTAT:EARN_MW_CUR(1.0),31/07/26 11:00:00,S,NAC,US,2001-S2,893,,
ESTAT:EARN_MW_CUR(1.0),31/07/26 11:00:00,S,NAC,US,2002-S1,893,,
ESTAT:EARN_MW_CUR(1.0),31/07/26 11:00:00,S,NAC,US,2002-S2,893,,
ESTAT:EARN_MW_CUR(1.0),31/07/26 11:00:00,S,NAC,US,2003-S1,893,,
ESTAT:EARN_MW_CUR(1.0),31/07/26 11:00:00,S,NAC,US,2003-S2,893,,
ESTAT:EARN_MW_CUR(1.0),31/07/26 11:00:00,S,NAC,US,2004-S1,893,,
ESTAT:EARN_MW_CUR(1.0),31/07/26 11:00:00,S,NAC,US,2004-S2,893,,
ESTAT:EARN_MW_CUR(1.0),31/07/26 11:00:00,S,NAC,US,2005-S1,893,,
ESTAT:EARN_MW_CUR(1.0),31/07/26 11:00:00,S,NAC,US,2005-S2,893,,
ESTAT:EARN_MW_CUR(1.0),31/07/26 11:00:00,S,NAC,US,2006-S1,893,,
ESTAT:EARN_MW_CUR(1.0),31/07/26 11:00:00,S,NAC,US,2006-S2,893,,
ESTAT:EARN_MW_CUR(1.0),31/07/26 11:00:00,S,NAC,US,2007-S1,893,,
ESTAT:EARN_MW_CUR(1.0),31/07/26 11:00:00,S,NAC,US,2007-S2,893,,
ESTAT:EARN_MW_CUR(1.0),31/07/26 11:00:00,S,NAC,US,2008-S1,1014,,
ESTAT:EARN_MW_CUR(1.0),31/07/26 11:00:00,S,NAC,US,2008-S2,1014,,
ESTAT:EARN_MW_CUR(1.0),31/07/26 11:00:00,S,NAC,US,2009-S1,1135,,
ESTAT:EARN_MW_CUR(1.0),31/07/26 11:00:00,S,NAC,US,2009-S2,1135,,
ESTAT:EARN_MW_CUR(1.0),31/07/26 11:00:00,S,NAC,US,2010-S1,1257,,
ESTAT:EARN_MW_CUR(1.0),31/07/26 11:00:00,S,NAC,US,2010-S2,1257,,
ESTAT:EARN_MW_CUR(1.0),31/07/26 11:00:00,S,NAC,US,2011-S1,1257,,
ESTAT:EARN_MW_CUR(1.0),31/07/26 11:00:00,S,NAC,US,2011-S2,1257,,
ESTAT:EARN_MW_CUR(1.0),31/07/26 11:00:00,S,NAC,US,2012-S1,1257,,
ESTAT:EARN_MW_CUR(1.0),31/07/26 11:00:00,S,NAC,US,2012-S2,1257,,
ESTAT:EARN_MW_CUR(1.0),31/07/26 11:00:00,S,NAC,US,2013-S1,1257,,
ESTAT:EARN_MW_CUR(1.0),31/07/26 11:00:00,S,NAC,US,2013-S2,1257,,
ESTAT:EARN_MW_CUR(1.0),31/07/26 11:00:00,S,NAC,US,2014-S1,1257,,
ESTAT:EARN_MW_CUR(1.0),31/07/26 11:00:00,S,NAC,US,2014-S2,1257,,
ESTAT:EARN_MW_CUR(1.0),31/07/26 11:00:00,S,NAC,US,2015-S1,1257,,
ESTAT:EARN_MW_CUR(1.0),31/07/26 11:00:00,S,NAC,US,2015-S2,1257,,
ESTAT:EARN_MW_CUR(1.0),31/07/26 11:00:00,S,NAC,US,2016-S1,1257,,
ESTAT:EARN_MW_CUR(1.0),31/07/26 11:00:00,S,NAC,US,2016-S2,1257,,
ESTAT:EARN_MW_CUR(1.0),31/07/26 11:00:00,S,NAC,US,2017-S1,1257,,
ESTAT:EARN_MW_CUR(1.0),31/07/26 11:00:00,S,NAC,US,2017-S2,1257,,
ESTAT:EARN_MW_CUR(1.0),31/07/26 11:00:00,S,NAC,US,2018-S1,1257,,
ESTAT:EARN_MW_CUR(1.0),31/07/26 11:00:00,S,NAC,US,2018-S2,1257,,
ESTAT:EARN_MW_CUR(1.0),31/07/26 11:00:00,S,NAC,US,2019-S1,1257,,
ESTAT:EARN_MW_CUR(1.0),31/07/26 11:00:00,S,NAC,US,2019-S2,1257,,
ESTAT:EARN_MW_CUR(1.0),31/07/26 11:00:00,S,NAC,US,2020-S1,1257,,
ESTAT:EARN_MW_CUR(1.0),31/07/26 11:00:00,S,NAC,US,2020-S2,1257,,
ESTAT:EARN_MW_CUR(1.0),31/07/26 11:00:00,S,NAC,US,2021-S1,1257,,
ESTAT:EARN_MW_CUR(1.0),31/07/26 11:00:00,S,NAC,US,2021-S2,1257,,
ESTAT:EARN_MW_CUR(1.0),31/07/26 11:00:00,S,NAC,US,2022-S1,1257,,
ESTAT:EARN_MW_CUR(1.0),31/07/26 11:00:00,S,NAC,US,2022-S2,1257,,
ESTAT:EARN_MW_CUR(1.0),31/07/26 11:00:00,S,NAC,US,2023-S1,1257,,
ESTAT:EARN_MW_CUR(1.0),31/07/26 11:00:00,S,NAC,US,2023-S2,1257,,
ESTAT:EARN_MW_CUR(1.0),31/07/26 11:00:00,S,NAC,US,2024-S1,1257,,
ESTAT:EARN_MW_CUR(1.0),31/07/26 11:00:00,S,NAC,US,2024-S2,1257,,
ESTAT:EARN_MW_CUR(1.0),31/07/26 11:00:00,S,NAC,US,2025-S1,1257,,
ESTAT:EARN_MW_CUR(1.0),31/07/26 11:00:00,S,NAC,US,2025-S2,1257,,
ESTAT:EARN_MW_CUR(1.0),31/07/26 11:00:00,S,NAC,US,2026-S1,1257,,
ESTAT:EARN_MW_CUR(1.0),31/07/26 11:00:00,S,NAC,US,2026-S2,1257,,
ESTAT:EARN_MW_CUR(1.0),31/07/26 11:00:00,S,PPS,AL,1999-S1,85,,
ESTAT:EARN_MW_CUR(1.0),31/07/26 11:00:00,S,PPS,AL,1999-S2,93,,
ESTAT:EARN_MW_CUR(1.0),31/07/26 11:00:00,S,PPS,AL,2000-S1,94,,
ESTAT:EARN_MW_CUR(1.0),31/07/26 11:00:00,S,PPS,AL,2000-S2,104,,
ESTAT:EARN_MW_CUR(1.0),31/07/26 11:00:00,S,PPS,AL,2001-S1,103,,
ESTAT:EARN_MW_CUR(1.0),31/07/26 11:00:00,S,PPS,AL,2001-S2,112,,
ESTAT:EARN_MW_CUR(1.0),31/07/26 11:00:00,S,PPS,AL,2002-S1,110,,
ESTAT:EARN_MW_CUR(1.0),31/07/26 11:00:00,S,PPS,AL,2002-S2,137,,
ESTAT:EARN_MW_CUR(1.0),31/07/26 11:00:00,S,PPS,AL,2003-S1,138,,
ESTAT:EARN_MW_CUR(1.0),31/07/26 11:00:00,S,PPS,AL,2003-S2,148,,
ESTAT:EARN_MW_CUR(1.0),31/07/26 11:00:00,S,PPS,AL,2004-S1,149,,
ESTAT:EARN_MW_CUR(1.0),31/07/26 11:00:00,S,PPS,AL,2004-S2,160,,
ESTAT:EARN_MW_CUR(1.0),31/07/26 11:00:00,S,PPS,AL,2005-S1,161,,
ESTAT:EARN_MW_CUR(1.0),31/07/26 11:00:00,S,PPS,AL,2005-S2,176,,
ESTAT:EARN_MW_CUR(1.0),31/07/26 11:00:00,S,PPS,AL,2006-S1,173,,
ESTAT:EARN_MW_CUR(1.0),31/07/26 11:00:00,S,PPS,AL,2006-S2,206,,
ESTAT:EARN_MW_CUR(1.0),31/07/26 11:00:00,S,PPS,AL,2007-S1,204,,
ESTAT:EARN_MW_CUR(1.0),31/07/26 11:00:00,S,PPS,AL,2007-S2,204,,
ESTAT:EARN_MW_CUR(1.0),31/07/26 11:00:00,S,PPS,AL,2008-S1,230,,
ESTAT:EARN_MW_CUR(1.0),31/07/26 11:00:00,S,PPS,AL,2008-S2,244,,
ESTAT:EARN_MW_CUR(1.0),31/07/26 11:00:00,S,PPS,AL,2009-S1,237,,
ESTAT:EARN_MW_CUR(1.0),31/07/26 11:00:00,S,PPS,AL,2009-S2,251,,
ESTAT:EARN_MW_CUR(1.0),31/07/26 11:00:00,S,PPS,AL,2010-S1,255,,
ESTAT:EARN_MW_CUR(1.0),31/07/26 11:00:00,S,PPS,AL,2010-S2,269,,
ESTAT:EARN_MW_CUR(1.0),31/07/26 11:00:00,S,PPS,AL,2011-S1,271,,
ESTAT:EARN_MW_CUR(1.0),31/07/26 11:00:00,S,PPS,AL,2011-S2,285,,
ESTAT:EARN_MW_CUR(1.0),31/07/26 11:00:00,S,PPS,AL,2012-S1,294,,
ESTAT:EARN_MW_CUR(1.0),31/07/26 11:00:00,S,PPS,AL,2012-S2,309,,
ESTAT:EARN_MW_CUR(1.0),31/07/26 11:00:00,S,PPS,AL,2013-S1,302,,
ESTAT:EARN_MW_CUR(1.0),31/07/26 11:00:00,S,PPS,AL,2013-S2,316,,
ESTAT:EARN_MW_CUR(1.0),31/07/26 11:00:00,S,PPS,AL,2014-S1,314,,
ESTAT:EARN_MW_CUR(1.0),31/07/26 11:00:00,S,PPS,AL,2014-S2,314,,
ESTAT:EARN_MW_CUR(1.0),31/07/26 11:00:00,S,PPS,AL,2015-S1,326,,
ESTAT:EARN_MW_CUR(1.0),31/07/26 11:00:00,S,PPS,AL,2015-S2,326,,
ESTAT:EARN_MW_CUR(1.0),31/07/26 11:00:00,S,PPS,AL,2016-S1,314,,
ESTAT:EARN_MW_CUR(1.0),31/07/26 11:00:00,S,PPS,AL,2016-S2,314,,
ESTAT:EARN_MW_CUR(1.0),31/07/26 11:00:00,S,PPS,AL,2017-S1,313,,
ESTAT:EARN_MW_CUR(1.0),31/07/26 11:00:00,S,PPS,AL,2017-S2,341,,
ESTAT:EARN_MW_CUR(1.0),31/07/26 11:00:00,S,PPS,AL,2018-S1,337,,
ESTAT:EARN_MW_CUR(1.0),31/07/26 11:00:00,S,PPS,AL,2018-S2,337,,
ESTAT:EARN_MW_CUR(1.0),31/07/26 11:00:00,S,PPS,AL,2019-S1,363,,
ESTAT:EARN_MW_CUR(1.0),31/07/26 11:00:00,S,PPS,AL,2019-S2,363,,
ESTAT:EARN_MW_CUR(1.0),31/07/26 11:00:00,S,PPS,AL,2020-S1,353,,
ESTAT:EARN_MW_CUR(1.0),31/07/26 11:00:00,S,PPS,AL,2020-S2,353,,
ESTAT:EARN_MW_CUR(1.0),31/07/26 11:00:00,S,PPS,AL,2021-S1,398,,
ESTAT:EARN_MW_CUR(1.0),31/07/26 11:00:00,S,PPS,AL,2021-S2,398,,
ESTAT:EARN_MW_CUR(1.0),31/07/26 11:00:00,S,PPS,AL,2022-S1,407,,
ESTAT:EARN_MW_CUR(1.0),31/07/26 11:00:00,S,PPS,AL,2022-S2,435,,
ESTAT:EARN_MW_CUR(1.0),31/07/26 11:00:00,S,PPS,AL,2023-S1,479,,
ESTAT:EARN_MW_CUR(1.0),31/07/26 11:00:00,S,PPS,AL,2023-S2,564,,
ESTAT:EARN_MW_CUR(1.0),31/07/26 11:00:00,S,PPS,AL,2024-S1,562,,
ESTAT:EARN_MW_CUR(1.0),31/07/26 11:00:00,S,PPS,AL,2024-S2,562,,
ESTAT:EARN_MW_CUR(1.0),31/07/26 11:00:00,S,PPS,AL,2025-S1,564,,
ESTAT:EARN_MW_CUR(1.0),31/07/26 11:00:00,S,PPS,AL,2025-S2,564,,
ESTAT:EARN_MW_CUR(1.0),31/07/26 11:00:00,S,PPS,AL,2026-S1,705,e,
ESTAT:EARN_MW_CUR(1.0),31/07/26 11:00:00,S,PPS,AL,2026-S2,705,e,
ESTAT:EARN_MW_CUR(1.0),31/07/26 11:00:00,S,PPS,AT,1999-S1,,m,
ESTAT:EARN_MW_CUR(1.0),31/07/26 11:00:00,S,PPS,AT,1999-S2,,m,
ESTAT:EARN_MW_CUR(1.0),31/07/26 11:00:00,S,PPS,AT,2000-S1,,m,
ESTAT:EARN_MW_CUR(1.0),31/07/26 11:00:00,S,PPS,AT,2000-S2,,m,
ESTAT:EARN_MW_CUR(1.0),31/07/26 11:00:00,S,PPS,AT,2001-S1,,m,
ESTAT:EARN_MW_CUR(1.0),31/07/26 11:00:00,S,PPS,AT,2001-S2,,m,
ESTAT:EARN_MW_CUR(1.0),31/07/26 11:00:00,S,PPS,AT,2002-S1,,m,
ESTAT:EARN_MW_CUR(1.0),31/07/26 11:00:00,S,PPS,AT,2002-S2,,m,
ESTAT:EARN_MW_CUR(1.0),31/07/26 11:00:00,S,PPS,AT,2003-S1,,m,
ESTAT:EARN_MW_CUR(1.0),31/07/26 11:00:00,S,PPS,AT,2003-S2,,m,
ESTAT:EARN_MW_CUR(1.0),31/07/26 11:00:00,S,PPS,AT,2004-S1,,m,
ESTAT:EARN_MW_CUR(1.0),31/07/26 11:00:00,S,PPS,AT,2004-S2,,m,
ESTAT:EARN_MW_CUR(1.0),31/07/26 11:00:00,S,PPS,AT,2005-S1,,m,
ESTAT:EARN_MW_CUR(1.0),31/07/26 11:00:00,S,PPS,AT,2005-S2,,m,
ESTAT:EARN_MW_CUR(1.0),31/07/26 11:00:00,S,PPS,AT,2006-S1,,m,
ESTAT:EARN_MW_CUR(1.0),31/07/26 11:00:00,S,PPS,AT,2006-S2,,m,
ESTAT:EARN_MW_CUR(1.0),31/07/26 11:00:00,S,PPS,AT,2007-S1,,m,
ESTAT:EARN_MW_CUR(1.0),31/07/26 11:00:00,S,PPS,AT,2007-S2,,m,
ESTAT:EARN_MW_CUR(1.0),31/07/26 11:00:00,S,PPS,AT,2008-S1,,m,
ESTAT:EARN_MW_CUR(1.0),31/07/26 11:00:00,S,PPS,AT,2008-S2,,m,
ESTAT:EARN_MW_CUR(1.0),31/07/26 11:00:00,S,PPS,AT,2009-S1,,m,
ESTAT:EARN_MW_CUR(1.0),31/07/26 11:00:00,S,PPS,AT,2009-S2,,m,
ESTAT:EARN_MW_CUR(1.0),31/07/26 11:00:00,S,PPS,AT,2010-S1,,m,
ESTAT:EARN_MW_CUR(1.0),31/07/26 11:00:00,S,PPS,AT,2010-S2,,m,
ESTAT:EARN_MW_CUR(1.0),31/07/26 11:00:00,S,PPS,AT,2011-S1,,m,
ESTAT:EARN_MW_CUR(1.0),31/07/26 11:00:00,S,PPS,AT,2011-S2,,m,
ESTAT:EARN_MW_CUR(1.0),31/07/26 11:00:00,S,PPS,AT,2012-S1,,m,
ESTAT:EARN_MW_CUR(1.0),31/07/26 11:00:00,S,PPS,AT,2012-S2,,m,
ESTAT:EARN_MW_CUR(1.0),31/07/26 11:00:00,S,PPS,AT,2013-S1,,m,
ESTAT:EARN_MW_CUR(1.0),31/07/26 11:00:00,S,PPS,AT,2013-S2,,m,
ESTAT:EARN_MW_CUR(1.0),31/07/26 11:00:00,S,PPS,AT,2014-S1,,m,
ESTAT:EARN_MW_CUR(1.0),31/07/26 11:00:00,S,PPS,AT,2014-S2,,m,
ESTAT:EARN_MW_CUR(1.0),31/07/26 11:00:00,S,PPS,AT,2015-S1,,m,
ESTAT:EARN_MW_CUR(1.0),31/07/26 11:00:00,S,PPS,AT,2015-S2,,m,
ESTAT:EARN_MW_CUR(1.0),31/07/26 11:00:00,S,PPS,AT,2016-S1,,m,
ESTAT:EARN_MW_CUR(1.0),31/07/26 11:00:00,S,PPS,AT,2016-S2,,m,
ESTAT:EARN_MW_CUR(1.0),31/07/26 11:00:00,S,PPS,AT,2017-S1,,m,
ESTAT:EARN_MW_CUR(1.0),31/07/26 11:00:00,S,PPS,AT,2017-S2,,m,
ESTAT:EARN_MW_CUR(1.0),31/07/26 11:00:00,S,PPS,AT,2018-S1,,m,
ESTAT:EARN_MW_CUR(1.0),31/07/26 11:00:00,S,PPS,AT,2018-S2,,m,
ESTAT:EARN_MW_CUR(1.0),31/07/26 11:00:00,S,PPS,AT,2019-S1,,m,
ESTAT:EARN_MW_CUR(1.0),31/07/26 11:00:00,S,PPS,AT,2019-S2,,m,
ESTAT:EARN_MW_CUR(1.0),31/07/26 11:00:00,S,PPS,AT,2020-S1,,m,
ESTAT:EARN_MW_CUR(1.0),31/07/26 11:00:00,S,PPS,AT,2020-S2,,m,
ESTAT:EARN_MW_CUR(1.0),31/07/26 11:00:00,S,PPS,AT,2021-S1,,m,
ESTAT:EARN_MW_CUR(1.0),31/07/26 11:00:00,S,PPS,AT,2021-S2,,m,
ESTAT:EARN_MW_CUR(1.0),31/07/26 11:00:00,S,PPS,AT,2022-S1,,m,
ESTAT:EARN_MW_CUR(1.0),31/07/26 11:00:00,S,PPS,AT,2022-S2,,m,
ESTAT:EARN_MW_CUR(1.0),31/07/26 11:00:00,S,PPS,AT,2023-S1,,m,
ESTAT:EARN_MW_CUR(1.0),31/07/26 11:00:00,S,PPS,AT,2023-S2,,m,
ESTAT:EARN_MW_CUR(1.0),31/07/26 11:00:00,S,PPS,AT,2024-S1,,m,
ESTAT:EARN_MW_CUR(1.0),31/07/26 11:00:00,S,PPS,AT,2024-S2,,m,
ESTAT:EARN_MW_CUR(1.0),31/07/26 11:00:00,S,PPS,AT,2025-S1,,m,
ESTAT:EARN_MW_CUR(1.0),31/07/26 11:00:00,S,PPS,AT,2025-S2,,m,
ESTAT:EARN_MW_CUR(1.0),31/07/26 11:00:00,S,PPS,AT,2026-S1,,m,
ESTAT:EARN_MW_CUR(1.0),31/07/26 11:00:00,S,PPS,AT,2026-S2,,m,
ESTAT:EARN_MW_CUR(1.0),31/07/26 11:00:00,S,PPS,BE,1999-S1,950,,
ESTAT:EARN_MW_CUR(1.0),31/07/26 11:00:00,S,PPS,BE,1999-S2,970,,
ESTAT:EARN_MW_CUR(1.0),31/07/26 11:00:00,S,PPS,BE,2000-S1,1005,,
ESTAT:EARN_MW_CUR(1.0),31/07/26 11:00:00,S,PPS,BE,2000-S2,1005,,
ESTAT:EARN_MW_CUR(1.0),31/07/26 11:00:00,S,PPS,BE,2001-S1,1021,,
ESTAT:EARN_MW_CUR(1.0),31/07/26 11:00:00,S,PPS,BE,2001-S2,1041,,
ESTAT:EARN_MW_CUR(1.0),31/07/26 11:00:00,S,PPS,BE,2002-S1,1054,,
ESTAT:EARN_MW_CUR(1.0),31/07/26 11:00:00,S,PPS,BE,2002-S2,1075,,
ESTAT:EARN_MW_CUR(1.0),31/07/26 11:00:00,S,PPS,BE,2003-S1,1062,,
ESTAT:EARN_MW_CUR(1.0),31/07/26 11:00:00,S,PPS,BE,2003-S2,1083,,
ESTAT:EARN_MW_CUR(1.0),31/07/26 11:00:00,S,PPS,BE,2004-S1,1083,,
ESTAT:EARN_MW_CUR(1.0),31/07/26 11:00:00,S,PPS,BE,2004-S2,1083,,
ESTAT:EARN_MW_CUR(1.0),31/07/26 11:00:00,S,PPS,BE,2005-S1,1108,,
ESTAT:EARN_MW_CUR(1.0),31/07/26 11:00:00,S,PPS,BE,2005-S2,1108,,
ESTAT:EARN_MW_CUR(1.0),31/07/26 11:00:00,S,PPS,BE,2006-S1,1124,,
ESTAT:EARN_MW_CUR(1.0),31/07/26 11:00:00,S,PPS,BE,2006-S2,1124,,
ESTAT:EARN_MW_CUR(1.0),31/07/26 11:00:00,S,PPS,BE,2007-S1,1141,,
ESTAT:EARN_MW_CUR(1.0),31/07/26 11:00:00,S,PPS,BE,2007-S2,1163,,
ESTAT:EARN_MW_CUR(1.0),31/07/26 11:00:00,S,PPS,BE,2008-S1,1183,,
ESTAT:EARN_MW_CUR(1.0),31/07/26 11:00:00,S,PPS,BE,2008-S2,1206,,
ESTAT:EARN_MW_CUR(1.0),31/07/26 11:00:00,S,PPS,BE,2009-S1,1243,,
ESTAT:EARN_MW_CUR(1.0),31/07/26 11:00:00,S,PPS,BE,2009-S2,1243,,
ESTAT:EARN_MW_CUR(1.0),31/07/26 11:00:00,S,PPS,BE,2010-S1,1247,,
ESTAT:EARN_MW_CUR(1.0),31/07/26 11:00:00,S,PPS,BE,2010-S2,1247,,
ESTAT:EARN_MW_CUR(1.0),31/07/26 11:00:00,S,PPS,BE,2011-S1,1272,,
ESTAT:EARN_MW_CUR(1.0),31/07/26 11:00:00,S,PPS,BE,2011-S2,1298,,
ESTAT:EARN_MW_CUR(1.0),31/07/26 11:00:00,S,PPS,BE,2012-S1,1295,,
ESTAT:EARN_MW_CUR(1.0),31/07/26 11:00:00,S,PPS,BE,2012-S2,1320,,
ESTAT:EARN_MW_CUR(1.0),31/07/26 11:00:00,S,PPS,BE,2013-S1,1343,,
ESTAT:EARN_MW_CUR(1.0),31/07/26 11:00:00,S,PPS,BE,2013-S2,1343,,
ESTAT:EARN_MW_CUR(1.0),31/07/26 11:00:00,S,PPS,BE,2014-S1,1351,,
ESTAT:EARN_MW_CUR(1.0),31/07/26 11:00:00,S,PPS,BE,2014-S2,1351,,
ESTAT:EARN_MW_CUR(1.0),31/07/26 11:00:00,S,PPS,BE,2015-S1,1351,,
ESTAT:EARN_MW_CUR(1.0),31/07/26 11:00:00,S,PPS,BE,2015-S2,1351,,
ESTAT:EARN_MW_CUR(1.0),31/07/26 11:00:00,S,PPS,BE,2016-S1,1325,,
ESTAT:EARN_MW_CUR(1.0),31/07/26 11:00:00,S,PPS,BE,2016-S2,1352,,
ESTAT:EARN_MW_CUR(1.0),31/07/26 11:00:00,S,PPS,BE,2017-S1,1341,,
ESTAT:EARN_MW_CUR(1.0),31/07/26 11:00:00,S,PPS,BE,2017-S2,1368,,
ESTAT:EARN_MW_CUR(1.0),31/07/26 11:00:00,S,PPS,BE,2018-S1,1363,,
ESTAT:EARN_MW_CUR(1.0),31/07/26 11:00:00,S,PPS,BE,2018-S2,1363,,
ESTAT:EARN_MW_CUR(1.0),31/07/26 11:00:00,S,PPS,BE,2019-S1,1387,,
ESTAT:EARN_MW_CUR(1.0),31/07/26 11:00:00,S,PPS,BE,2019-S2,1387,,
ESTAT:EARN_MW_CUR(1.0),31/07/26 11:00:00,S,PPS,BE,2020-S1,1403,,
ESTAT:EARN_MW_CUR(1.0),31/07/26 11:00:00,S,PPS,BE,2020-S2,1431,,
ESTAT:EARN_MW_CUR(1.0),31/07/26 11:00:00,S,PPS,BE,2021-S1,1408,,
ESTAT:EARN_MW_CUR(1.0),31/07/26 11:00:00,S,PPS,BE,2021-S2,1408,,
ESTAT:EARN_MW_CUR(1.0),31/07/26 11:00:00,S,PPS,BE,2022-S1,1412,,
ESTAT:EARN_MW_CUR(1.0),31/07/26 11:00:00,S,PPS,BE,2022-S2,1569,,
ESTAT:EARN_MW_CUR(1.0),31/07/26 11:00:00,S,PPS,BE,2023-S1,1672,,
ESTAT:EARN_MW_CUR(1.0),31/07/26 11:00:00,S,PPS,BE,2023-S2,1672,,
ESTAT:EARN_MW_CUR(1.0),31/07/26 11:00:00,S,PPS,BE,2024-S1,1709,,
ESTAT:EARN_MW_CUR(1.0),31/07/26 11:00:00,S,PPS,BE,2024-S2,1774,,
ESTAT:EARN_MW_CUR(1.0),31/07/26 11:00:00,S,PPS,BE,2025-S1,1781,,
ESTAT:EARN_MW_CUR(1.0),31/07/26 11:00:00,S,PPS,BE,2025-S2,1817,,
ESTAT:EARN_MW_CUR(1.0),31/07/26 11:00:00,S,PPS,BE,2026-S1,1817,e,
ESTAT:EARN_MW_CUR(1.0),31/07/26 11:00:00,S,PPS,BE,2026-S2,1922,e,
ESTAT:EARN_MW_CUR(1.0),31/07/26 11:00:00,S,PPS,BG,1999-S1,83,,
ESTAT:EARN_MW_CUR(1.0),31/07/26 11:00:00,S,PPS,BG,1999-S2,90,,
ESTAT:EARN_MW_CUR(1.0),31/07/26 11:00:00,S,PPS,BG,2000-S1,89,,
ESTAT:EARN_MW_CUR(1.0),31/07/26 11:00:00,S,PPS,BG,2000-S2,99,,
ESTAT:EARN_MW_CUR(1.0),31/07/26 11:00:00,S,PPS,BG,2001-S1,99,,
ESTAT:EARN_MW_CUR(1.0),31/07/26 11:00:00,S,PPS,BG,2001-S2,107,,
ESTAT:EARN_MW_CUR(1.0),31/07/26 11:00:00,S,PPS,BG,2002-S1,126,,
ESTAT:EARN_MW_CUR(1.0),31/07/26 11:00:00,S,PPS,BG,2002-S2,126,,
ESTAT:EARN_MW_CUR(1.0),31/07/26 11:00:00,S,PPS,BG,2003-S1,140,,
ESTAT:EARN_MW_CUR(1.0),31/07/26 11:00:00,S,PPS,BG,2003-S2,140,,
ESTAT:EARN_MW_CUR(1.0),31/07/26 11:00:00,S,PPS,BG,2004-S1,146,,
ESTAT:EARN_MW_CUR(1.0),31/07/26 11:00:00,S,PPS,BG,2004-S2,146,,
ESTAT:EARN_MW_CUR(1.0),31/07/26 11:00:00,S,PPS,BG,2005-S1,180,,
ESTAT:EARN_MW_CUR(1.0),31/07/26 11:00:00,S,PPS,BG,2005-S2,180,,
ESTAT:EARN_MW_CUR(1.0),31/07/26 11:00:00,S,PPS,BG,2006-S1,179,,
ESTAT:EARN_MW_CUR(1.0),31/07/26 11:00:00,S,PPS,BG,2006-S2,179,,
ESTAT:EARN_MW_CUR(1.0),31/07/26 11:00:00,S,PPS,BG,2007-S1,191,,
ESTAT:EARN_MW_CUR(1.0),31/07/26 11:00:00,S,PPS,BG,2007-S2,191,,
ESTAT:EARN_MW_CUR(1.0),31/07/26 11:00:00,S,PPS,BG,2008-S1,218,,
ESTAT:EARN_MW_CUR(1.0),31/07/26 11:00:00,S,PPS,BG,2008-S2,218,,
ESTAT:EARN_MW_CUR(1.0),31/07/26 11:00:00,S,PPS,BG,2009-S1,229,,
ESTAT:EARN_MW_CUR(1.0),31/07/26 11:00:00,S,PPS,BG,2009-S2,229,,
ESTAT:EARN_MW_CUR(1.0),31/07/26 11:00:00,S,PPS,BG,2010-S1,232,,
ESTAT:EARN_MW_CUR(1.0),31/07/26 11:00:00,S,PPS,BG,2010-S2,232,,
ESTAT:EARN_MW_CUR(1.0),31/07/26 11:00:00,S,PPS,BG,2011-S1,236,,
ESTAT:EARN_MW_CUR(1.0),31/07/26 11:00:00,S,PPS,BG,2011-S2,236,,
ESTAT:EARN_MW_CUR(1.0),31/07/26 11:00:00,S,PPS,BG,2012-S1,266,,
ESTAT:EARN_MW_CUR(1.0),31/07/26 11:00:00,S,PPS,BG,2012-S2,286,,
ESTAT:EARN_MW_CUR(1.0),31/07/26 11:00:00,S,PPS,BG,2013-S1,313,,
ESTAT:EARN_MW_CUR(1.0),31/07/26 11:00:00,S,PPS,BG,2013-S2,313,,
ESTAT:EARN_MW_CUR(1.0),31/07/26 11:00:00,S,PPS,BG,2014-S1,353,,
ESTAT:EARN_MW_CUR(1.0),31/07/26 11:00:00,S,PPS,BG,2014-S2,353,,
ESTAT:EARN_MW_CUR(1.0),31/07/26 11:00:00,S,PPS,BG,2015-S1,370,,
ESTAT:EARN_MW_CUR(1.0),31/07/26 11:00:00,S,PPS,BG,2015-S2,390,,
ESTAT:EARN_MW_CUR(1.0),31/07/26 11:00:00,S,PPS,BG,2016-S1,433,,
ESTAT:EARN_MW_CUR(1.0),31/07/26 11:00:00,S,PPS,BG,2016-S2,433,,
ESTAT:EARN_MW_CUR(1.0),31/07/26 11:00:00,S,PPS,BG,2017-S1,459,,
ESTAT:EARN_MW_CUR(1.0),31/07/26 11:00:00,S,PPS,BG,2017-S2,459,,
ESTAT:EARN_MW_CUR(1.0),31/07/26 11:00:00,S,PPS,BG,2018-S1,503,,
ESTAT:EARN_MW_CUR(1.0),31/07/26 11:00:00,S,PPS,BG,2018-S2,503,,
ESTAT:EARN_MW_CUR(1.0),31/07/26 11:00:00,S,PPS,BG,2019-S1,534,,
ESTAT:EARN_MW_CUR(1.0),31/07/26 11:00:00,S,PPS,BG,2019-S2,534,,
ESTAT:EARN_MW_CUR(1.0),31/07/26 11:00:00,S,PPS,BG,2020-S1,565,,
ESTAT:EARN_MW_CUR(1.0),31/07/26 11:00:00,S,PPS,BG,2020-S2,565,,
ESTAT:EARN_MW_CUR(1.0),31/07/26 11:00:00,S,PPS,BG,2021-S1,598,,
ESTAT:EARN_MW_CUR(1.0),31/07/26 11:00:00,S,PPS,BG,2021-S2,598,,
ESTAT:EARN_MW_CUR(1.0),31/07/26 11:00:00,S,PPS,BG,2022-S1,570,,
ESTAT:EARN_MW_CUR(1.0),31/07/26 11:00:00,S,PPS,BG,2022-S2,624,,
ESTAT:EARN_MW_CUR(1.0),31/07/26 11:00:00,S,PPS,BG,2023-S1,675,,
ESTAT:EARN_MW_CUR(1.0),31/07/26 11:00:00,S,PPS,BG,2023-S2,675,,
ESTAT:EARN_MW_CUR(1.0),31/07/26 11:00:00,S,PPS,BG,2024-S1,789,,
ESTAT:EARN_MW_CUR(1.0),31/07/26 11:00:00,S,PPS,BG,2024-S2,789,,
ESTAT:EARN_MW_CUR(1.0),31/07/26 11:00:00,S,PPS,BG,2025-S1,882,,
ESTAT:EARN_MW_CUR(1.0),31/07/26 11:00:00,S,PPS,BG,2025-S2,882,,
ESTAT:EARN_MW_CUR(1.0),31/07/26 11:00:00,S,PPS,BG,2026-S1,993,e,
ESTAT:EARN_MW_CUR(1.0),31/07/26 11:00:00,S,PPS,BG,2026-S2,993,e,
ESTAT:EARN_MW_CUR(1.0),31/07/26 11:00:00,S,PPS,CH,1999-S1,,m,
ESTAT:EARN_MW_CUR(1.0),31/07/26 11:00:00,S,PPS,CH,1999-S2,,m,
ESTAT:EARN_MW_CUR(1.0),31/07/26 11:00:00,S,PPS,CH,2000-S1,,m,
ESTAT:EARN_MW_CUR(1.0),31/07/26 11:00:00,S,PPS,CH,2000-S2,,m,
ESTAT:EARN_MW_CUR(1.0),31/07/26 11:00:00,S,PPS,CH,2001-S1,,m,
ESTAT:EARN_MW_CUR(1.0),31/07/26 11:00:00,S,PPS,CH,2001-S2,,m,
ESTAT:EARN_MW_CUR(1.0),31/07/26 11:00:00,S,PPS,CH,2002-S1,,m,
ESTAT:EARN_MW_CUR(1.0),31/07/26 11:00:00,S,PPS,CH,2002-S2,,m,
ESTAT:EARN_MW_CUR(1.0),31/07/26 11:00:00,S,PPS,CH,2003-S1,,m,
ESTAT:EARN_MW_CUR(1.0),31/07/26 11:00:00,S,PPS,CH,2003-S2,,m,
ESTAT:EARN_MW_CUR(1.0),31/07/26 11:00:00,S,PPS,CH,2004-S1,,m,
ESTAT:EARN_MW_CUR(1.0),31/07/26 11:00:00,S,PPS,CH,2004-S2,,m,
ESTAT:EARN_MW_CUR(1.0),31/07/26 11:00:00,S,PPS,CH,2005-S1,,m,
ESTAT:EARN_MW_CUR(1.0),31/07/26 11:00:00,S,PPS,CH,2005-S2,,m,
ESTAT:EARN_MW_CUR(1.0),31/07/26 11:00:00,S,PPS,CH,2006-S1,,m,
ESTAT:EARN_MW_CUR(1.0),31/07/26 11:00:00,S,PPS,CH,2006-S2,,m,
ESTAT:EARN_MW_CUR(1.0),31/07/26 11:00:00,S,PPS,CH,2007-S1,,m,
ESTAT:EARN_MW_CUR(1.0),31/07/26 11:00:00,S,PPS,CH,2007-S2,,m,
ESTAT:EARN_MW_CUR(1.0),31/07/26 11:00:00,S,PPS,CH,2008-S1,,m,
ESTAT:EARN_MW_CUR(1.0),31/07/26 11:00:00,S,PPS,CH,2008-S2,,m,
ESTAT:EARN_MW_CUR(1.0),31/07/26 11:00:00,S,PPS,CH,2009-S1,,m,
ESTAT:EARN_MW_CUR(1.0),31/07/26 11:00:00,S,PPS,CH,2009-S2,,m,
ESTAT:EARN_MW_CUR(1.0),31/07/26 11:00:00,S,PPS,CH,2010-S1,,m,
ESTAT:EARN_MW_CUR(1.0),31/07/26 11:00:00,S,PPS,CH,2010-S2,,m,
ESTAT:EARN_MW_CUR(1.0),31/07/26 11:00:00,S,PPS,CH,2011-S1,,m,
ESTAT:EARN_MW_CUR(1.0),31/07/26 11:00:00,S,PPS,CH,2011-S2,,m,
ESTAT:EARN_MW_CUR(1.0),31/07/26 11:00:00,S,PPS,CH,2012-S1,,m,
ESTAT:EARN_MW_CUR(1.0),31/07/26 11:00:00,S,PPS,CH,2012-S2,,m,
ESTAT:EARN_MW_CUR(1.0),31/07/26 11:00:00,S,PPS,CH,2013-S1,,m,
ESTAT:EARN_MW_CUR(1.0),31/07/26 11:00:00,S,PPS,CH,2013-S2,,m,
ESTAT:EARN_MW_CUR(1.0),31/07/26 11:00:00,S,PPS,CH,2014-S1,,m,
ESTAT:EARN_MW_CUR(1.0),31/07/26 11:00:00,S,PPS,CH,2014-S2,,m,
ESTAT:EARN_MW_CUR(1.0),31/07/26 11:00:00,S,PPS,CH,2015-S1,,m,
ESTAT:EARN_MW_CUR(1.0),31/07/26 11:00:00,S,PPS,CH,2015-S2,,m,
ESTAT:EARN_MW_CUR(1.0),31/07/26 11:00:00,S,PPS,CH,2016-S1,,m,
ESTAT:EARN_MW_CUR(1.0),31/07/26 11:00:00,S,PPS,CH,2016-S2,,m,
ESTAT:EARN_MW_CUR(1.0),31/07/26 11:00:00,S,PPS,CH,2017-S1,,m,
ESTAT:EARN_MW_CUR(1.0),31/07/26 11:00:00,S,PPS,CH,2017-S2,,m,
ESTAT:EARN_MW_CUR(1.0),31/07/26 11:00:00,S,PPS,CH,2018-S1,,m,
ESTAT:EARN_MW_CUR(1.0),31/07/26 11:00:00,S,PPS,CH,2018-S2,,m,
ESTAT:EARN_MW_CUR(1.0),31/07/26 11:00:00,S,PPS,CH,2019-S1,,m,
ESTAT:EARN_MW_CUR(1.0),31/07/26 11:00:00,S,PPS,CH,2019-S2,,m,
ESTAT:EARN_MW_CUR(1.0),31/07/26 11:00:00,S,PPS,CH,2020-S1,,m,
ESTAT:EARN_MW_CUR(1.0),31/07/26 11:00:00,S,PPS,CH,2020-S2,,m,
ESTAT:EARN_MW_CUR(1.0),31/07/26 11:00:00,S,PPS,CH,2021-S1,,m,
ESTAT:EARN_MW_CUR(1.0),31/07/26 11:00:00,S,PPS,CH,2021-S2,,m,
ESTAT:EARN_MW_CUR(1.0),31/07/26 11:00:00,S,PPS,CH,2022-S1,,m,
ESTAT:EARN_MW_CUR(1.0),31/07/26 11:00:00,S,PPS,CH,2022-S2,,m,
ESTAT:EARN_MW_CUR(1.0),31/07/26 11:00:00,S,PPS,CH,2023-S1,,m,
ESTAT:EARN_MW_CUR(1.0),31/07/26 11:00:00,S,PPS,CH,2023-S2,,m,
ESTAT:EARN_MW_CUR(1.0),31/07/26 11:00:00,S,PPS,CH,2024-S1,,m,
ESTAT:EARN_MW_CUR(1.0),31/07/26 11:00:00,S,PPS,CH,2024-S2,,m,
ESTAT:EARN_MW_CUR(1.0),31/07/26 11:00:00,S,PPS,CH,2025-S1,,m,
ESTAT:EARN_MW_CUR(1.0),31/07/26 11:00:00,S,PPS,CH,2025-S2,,m,
ESTAT:EARN_MW_CUR(1.0),31/07/26 11:00:00,S,PPS,CH,2026-S1,,m,
ESTAT:EARN_MW_CUR(1.0),31/07/26 11:00:00,S,PPS,CH,2026-S2,,m,
ESTAT:EARN_MW_CUR(1.0),31/07/26 11:00:00,S,PPS,CY,1999-S1,,m,
ESTAT:EARN_MW_CUR(1.0),31/07/26 11:00:00,S,PPS,CY,1999-S2,,m,
ESTAT:EARN_MW_CUR(1.0),31/07/26 11:00:00,S,PPS,CY,2000-S1,,m,
ESTAT:EARN_MW_CUR(1.0),31/07/26 11:00:00,S,PPS,CY,2000-S2,,m,
ESTAT:EARN_MW_CUR(1.0),31/07/26 11:00:00,S,PPS,CY,2001-S1,,m,
ESTAT:EARN_MW_CUR(1.0),31/07/26 11:00:00,S,PPS,CY,2001-S2,,m,
ESTAT:EARN_MW_CUR(1.0),31/07/26 11:00:00,S,PPS,CY,2002-S1,,m,
ESTAT:EARN_MW_CUR(1.0),31/07/26 11:00:00,S,PPS,CY,2002-S2,,m,
ESTAT:EARN_MW_CUR(1.0),31/07/26 11:00:00,S,PPS,CY,2003-S1,,m,
ESTAT:EARN_MW_CUR(1.0),31/07/26 11:00:00,S,PPS,CY,2003-S2,,m,
ESTAT:EARN_MW_CUR(1.0),31/07/26 11:00:00,S,PPS,CY,2004-S1,,m,
ESTAT:EARN_MW_CUR(1.0),31/07/26 11:00:00,S,PPS,CY,2004-S2,,m,
ESTAT:EARN_MW_CUR(1.0),31/07/26 11:00:00,S,PPS,CY,2005-S1,,m,
ESTAT:EARN_MW_CUR(1.0),31/07/26 11:00:00,S,PPS,CY,2005-S2,,m,
ESTAT:EARN_MW_CUR(1.0),31/07/26 11:00:00,S,PPS,CY,2006-S1,,m,
ESTAT:EARN_MW_CUR(1.0),31/07/26 11:00:00,S,PPS,CY,2006-S2,,m,
ESTAT:EARN_MW_CUR(1.0),31/07/26 11:00:00,S,PPS,CY,2007-S1,,m,
ESTAT:EARN_MW_CUR(1.0),31/07/26 11:00:00,S,PPS,CY,2007-S2,,m,
ESTAT:EARN_MW_CUR(1.0),31/07/26 11:00:00,S,PPS,CY,2008-S1,,m,
ESTAT:EARN_MW_CUR(1.0),31/07/26 11:00:00,S,PPS,CY,2008-S2,,m,
ESTAT:EARN_MW_CUR(1.0),31/07/26 11:00:00,S,PPS,CY,2009-S1,,m,
ESTAT:EARN_MW_CUR(1.0),31/07/26 11:00:00,S,PPS,CY,2009-S2,,m,
ESTAT:EARN_MW_CUR(1.0),31/07/26 11:00:00,S,PPS,CY,2010-S1,,m,
ESTAT:EARN_MW_CUR(1.0),31/07/26 11:00:00,S,PPS,CY,2010-S2,,m,
ESTAT:EARN_MW_CUR(1.0),31/07/26 11:00:00,S,PPS,CY,2011-S1,,m,
ESTAT:EARN_MW_CUR(1.0),31/07/26 11:00:00,S,PPS,CY,2011-S2,,m,
ESTAT:EARN_MW_CUR(1.0),31/07/26 11:00:00,S,PPS,CY,2012-S1,,m,
ESTAT:EARN_MW_CUR(1.0),31/07/26 11:00:00,S,PPS,CY,2012-S2,,m,
ESTAT:EARN_MW_CUR(1.0),31/07/26 11:00:00,S,PPS,CY,2013-S1,,m,
ESTAT:EARN_MW_CUR(1.0),31/07/26 11:00:00,S,PPS,CY,2013-S2,,m,
ESTAT:EARN_MW_CUR(1.0),31/07/26 11:00:00,S,PPS,CY,2014-S1,,m,
ESTAT:EARN_MW_CUR(1.0),31/07/26 11:00:00,S,PPS,CY,2014-S2,,m,
ESTAT:EARN_MW_CUR(1.0),31/07/26 11:00:00,S,PPS,CY,2015-S1,,m,
ESTAT:EARN_MW_CUR(1.0),31/07/26 11:00:00,S,PPS,CY,2015-S2,,m,
ESTAT:EARN_MW_CUR(1.0),31/07/26 11:00:00,S,PPS,CY,2016-S1,,m,
ESTAT:EARN_MW_CUR(1.0),31/07/26 11:00:00,S,PPS,CY,2016-S2,,m,
ESTAT:EARN_MW_CUR(1.0),31/07/26 11:00:00,S,PPS,CY,2017-S1,,m,
ESTAT:EARN_MW_CUR(1.0),31/07/26 11:00:00,S,PPS,CY,2017-S2,,m,
ESTAT:EARN_MW_CUR(1.0),31/07/26 11:00:00,S,PPS,CY,2018-S1,,m,
ESTAT:EARN_MW_CUR(1.0),31/07/26 11:00:00,S,PPS,CY,2018-S2,,m,
ESTAT:EARN_MW_CUR(1.0),31/07/26 11:00:00,S,PPS,CY,2019-S1,,m,
ESTAT:EARN_MW_CUR(1.0),31/07/26 11:00:00,S,PPS,CY,2019-S2,,m,
ESTAT:EARN_MW_CUR(1.0),31/07/26 11:00:00,S,PPS,CY,2020-S1,,m,
ESTAT:EARN_MW_CUR(1.0),31/07/26 11:00:00,S,PPS,CY,2020-S2,,m,
ESTAT:EARN_MW_CUR(1.0),31/07/26 11:00:00,S,PPS,CY,2021-S1,,m,
ESTAT:EARN_MW_CUR(1.0),31/07/26 11:00:00,S,PPS,CY,2021-S2,,m,
ESTAT:EARN_MW_CUR(1.0),31/07/26 11:00:00,S,PPS,CY,2022-S1,,m,
ESTAT:EARN_MW_CUR(1.0),31/07/26 11:00:00,S,PPS,CY,2022-S2,,m,
ESTAT:EARN_MW_CUR(1.0),31/07/26 11:00:00,S,PPS,CY,2023-S1,1021,,
ESTAT:EARN_MW_CUR(1.0),31/07/26 11:00:00,S,PPS,CY,2023-S2,1021,,
ESTAT:EARN_MW_CUR(1.0),31/07/26 11:00:00,S,PPS,CY,2024-S1,1091,,
ESTAT:EARN_MW_CUR(1.0),31/07/26 11:00:00,S,PPS,CY,2024-S2,1091,,
ESTAT:EARN_MW_CUR(1.0),31/07/26 11:00:00,S,PPS,CY,2025-S1,1121,,
ESTAT:EARN_MW_CUR(1.0),31/07/26 11:00:00,S,PPS,CY,2025-S2,1121,,
ESTAT:EARN_MW_CUR(1.0),31/07/26 11:00:00,S,PPS,CY,2026-S1,1220,e,
ESTAT:EARN_MW_CUR(1.0),31/07/26 11:00:00,S,PPS,CY,2026-S2,1220,e,
ESTAT:EARN_MW_CUR(1.0),31/07/26 11:00:00,S,PPS,CZ,1999-S1,180,,
ESTAT:EARN_MW_CUR(1.0),31/07/26 11:00:00,S,PPS,CZ,1999-S2,200,,
ESTAT:EARN_MW_CUR(1.0),31/07/26 11:00:00,S,PPS,CZ,2000-S1,220,,
ESTAT:EARN_MW_CUR(1.0),31/07/26 11:00:00,S,PPS,CZ,2000-S2,247,,
ESTAT:EARN_MW_CUR(1.0),31/07/26 11:00:00,S,PPS,CZ,2001-S1,279,,
ESTAT:EARN_MW_CUR(1.0),31/07/26 11:00:00,S,PPS,CZ,2001-S2,279,,
ESTAT:EARN_MW_CUR(1.0),31/07/26 11:00:00,S,PPS,CZ,2002-S1,307,,
ESTAT:EARN_MW_CUR(1.0),31/07/26 11:00:00,S,PPS,CZ,2002-S2,307,,
ESTAT:EARN_MW_CUR(1.0),31/07/26 11:00:00,S,PPS,CZ,2003-S1,342,,
ESTAT:EARN_MW_CUR(1.0),31/07/26 11:00:00,S,PPS,CZ,2003-S2,342,,
ESTAT:EARN_MW_CUR(1.0),31/07/26 11:00:00,S,PPS,CZ,2004-S1,365,,
ESTAT:EARN_MW_CUR(1.0),31/07/26 11:00:00,S,PPS,CZ,2004-S2,365,,
ESTAT:EARN_MW_CUR(1.0),31/07/26 11:00:00,S,PPS,CZ,2005-S1,394,,
ESTAT:EARN_MW_CUR(1.0),31/07/26 11:00:00,S,PPS,CZ,2005-S2,394,,
ESTAT:EARN_MW_CUR(1.0),31/07/26 11:00:00,S,PPS,CZ,2006-S1,408,,
ESTAT:EARN_MW_CUR(1.0),31/07/26 11:00:00,S,PPS,CZ,2006-S2,429,,
ESTAT:EARN_MW_CUR(1.0),31/07/26 11:00:00,S,PPS,CZ,2007-S1,436,,
ESTAT:EARN_MW_CUR(1.0),31/07/26 11:00:00,S,PPS,CZ,2007-S2,436,,
ESTAT:EARN_MW_CUR(1.0),31/07/26 11:00:00,S,PPS,CZ,2008-S1,433,,
ESTAT:EARN_MW_CUR(1.0),31/07/26 11:00:00,S,PPS,CZ,2008-S2,433,,
ESTAT:EARN_MW_CUR(1.0),31/07/26 11:00:00,S,PPS,CZ,2009-S1,434,,
ESTAT:EARN_MW_CUR(1.0),31/07/26 11:00:00,S,PPS,CZ,2009-S2,434,,
ESTAT:EARN_MW_CUR(1.0),31/07/26 11:00:00,S,PPS,CZ,2010-S1,434,,
ESTAT:EARN_MW_CUR(1.0),31/07/26 11:00:00,S,PPS,CZ,2010-S2,434,,
ESTAT:EARN_MW_CUR(1.0),31/07/26 11:00:00,S,PPS,CZ,2011-S1,434,,
ESTAT:EARN_MW_CUR(1.0),31/07/26 11:00:00,S,PPS,CZ,2011-S2,434,,
ESTAT:EARN_MW_CUR(1.0),31/07/26 11:00:00,S,PPS,CZ,2012-S1,432,,
ESTAT:EARN_MW_CUR(1.0),31/07/26 11:00:00,S,PPS,CZ,2012-S2,432,,
ESTAT:EARN_MW_CUR(1.0),31/07/26 11:00:00,S,PPS,CZ,2013-S1,439,,
ESTAT:EARN_MW_CUR(1.0),31/07/26 11:00:00,S,PPS,CZ,2013-S2,439,,
ESTAT:EARN_MW_CUR(1.0),31/07/26 11:00:00,S,PPS,CZ,2014-S1,472,,
ESTAT:EARN_MW_CUR(1.0),31/07/26 11:00:00,S,PPS,CZ,2014-S2,472,,
ESTAT:EARN_MW_CUR(1.0),31/07/26 11:00:00,S,PPS,CZ,2015-S1,505,,
ESTAT:EARN_MW_CUR(1.0),31/07/26 11:00:00,S,PPS,CZ,2015-S2,505,,
ESTAT:EARN_MW_CUR(1.0),31/07/26 11:00:00,S,PPS,CZ,2016-S1,536,,
ESTAT:EARN_MW_CUR(1.0),31/07/26 11:00:00,S,PPS,CZ,2016-S2,536,,
ESTAT:EARN_MW_CUR(1.0),31/07/26 11:00:00,S,PPS,CZ,2017-S1,593,,
ESTAT:EARN_MW_CUR(1.0),31/07/26 11:00:00,S,PPS,CZ,2017-S2,593,,
ESTAT:EARN_MW_CUR(1.0),31/07/26 11:00:00,S,PPS,CZ,2018-S1,643,,
ESTAT:EARN_MW_CUR(1.0),31/07/26 11:00:00,S,PPS,CZ,2018-S2,643,,
ESTAT:EARN_MW_CUR(1.0),31/07/26 11:00:00,S,PPS,CZ,2019-S1,693,,
ESTAT:EARN_MW_CUR(1.0),31/07/26 11:00:00,S,PPS,CZ,2019-S2,693,,
ESTAT:EARN_MW_CUR(1.0),31/07/26 11:00:00,S,PPS,CZ,2020-S1,723,,
ESTAT:EARN_MW_CUR(1.0),31/07/26 11:00:00,S,PPS,CZ,2020-S2,723,,
ESTAT:EARN_MW_CUR(1.0),31/07/26 11:00:00,S,PPS,CZ,2021-S1,711,,
ESTAT:EARN_MW_CUR(1.0),31/07/26 11:00:00,S,PPS,CZ,2021-S2,711,,
ESTAT:EARN_MW_CUR(1.0),31/07/26 11:00:00,S,PPS,CZ,2022-S1,736,,
ESTAT:EARN_MW_CUR(1.0),31/07/26 11:00:00,S,PPS,CZ,2022-S2,736,,
ESTAT:EARN_MW_CUR(1.0),31/07/26 11:00:00,S,PPS,CZ,2023-S1,786,,
ESTAT:EARN_MW_CUR(1.0),31/07/26 11:00:00,S,PPS,CZ,2023-S2,786,,
ESTAT:EARN_MW_CUR(1.0),31/07/26 11:00:00,S,PPS,CZ,2024-S1,851,,
ESTAT:EARN_MW_CUR(1.0),31/07/26 11:00:00,S,PPS,CZ,2024-S2,851,,
ESTAT:EARN_MW_CUR(1.0),31/07/26 11:00:00,S,PPS,CZ,2025-S1,942,,
ESTAT:EARN_MW_CUR(1.0),31/07/26 11:00:00,S,PPS,CZ,2025-S2,942,,
ESTAT:EARN_MW_CUR(1.0),31/07/26 11:00:00,S,PPS,CZ,2026-S1,1015,e,
ESTAT:EARN_MW_CUR(1.0),31/07/26 11:00:00,S,PPS,CZ,2026-S2,1015,e,
ESTAT:EARN_MW_CUR(1.0),31/07/26 11:00:00,S,PPS,DE,1999-S1,,m,
ESTAT:EARN_MW_CUR(1.0),31/07/26 11:00:00,S,PPS,DE,1999-S2,,m,
ESTAT:EARN_MW_CUR(1.0),31/07/26 11:00:00,S,PPS,DE,2000-S1,,m,
ESTAT:EARN_MW_CUR(1.0),31/07/26 11:00:00,S,PPS,DE,2000-S2,,m,
ESTAT:EARN_MW_CUR(1.0),31/07/26 11:00:00,S,PPS,DE,2001-S1,,m,
ESTAT:EARN_MW_CUR(1.0),31/07/26 11:00:00,S,PPS,DE,2001-S2,,m,
ESTAT:EARN_MW_CUR(1.0),31/07/26 11:00:00,S,PPS,DE,2002-S1,,m,
ESTAT:EARN_MW_CUR(1.0),31/07/26 11:00:00,S,PPS,DE,2002-S2,,m,
ESTAT:EARN_MW_CUR(1.0),31/07/26 11:00:00,S,PPS,DE,2003-S1,,m,
ESTAT:EARN_MW_CUR(1.0),31/07/26 11:00:00,S,PPS,DE,2003-S2,,m,
ESTAT:EARN_MW_CUR(1.0),31/07/26 11:00:00,S,PPS,DE,2004-S1,,m,
ESTAT:EARN_MW_CUR(1.0),31/07/26 11:00:00,S,PPS,DE,2004-S2,,m,
ESTAT:EARN_MW_CUR(1.0),31/07/26 11:00:00,S,PPS,DE,2005-S1,,m,
ESTAT:EARN_MW_CUR(1.0),31/07/26 11:00:00,S,PPS,DE,2005-S2,,m,
ESTAT:EARN_MW_CUR(1.0),31/07/26 11:00:00,S,PPS,DE,2006-S1,,m,
ESTAT:EARN_MW_CUR(1.0),31/07/26 11:00:00,S,PPS,DE,2006-S2,,m,
ESTAT:EARN_MW_CUR(1.0),31/07/26 11:00:00,S,PPS,DE,2007-S1,,m,
ESTAT:EARN_MW_CUR(1.0),31/07/26 11:00:00,S,PPS,DE,2007-S2,,m,
ESTAT:EARN_MW_CUR(1.0),31/07/26 11:00:00,S,PPS,DE,2008-S1,,m,
ESTAT:EARN_MW_CUR(1.0),31/07/26 11:00:00,S,PPS,DE,2008-S2,,m,
ESTAT:EARN_MW_CUR(1.0),31/07/26 11:00:00,S,PPS,DE,2009-S1,,m,
ESTAT:EARN_MW_CUR(1.0),31/07/26 11:00:00,S,PPS,DE,2009-S2,,m,
ESTAT:EARN_MW_CUR(1.0),31/07/26 11:00:00,S,PPS,DE,2010-S1,,m,
ESTAT:EARN_MW_CUR(1.0),31/07/26 11:00:00,S,PPS,DE,2010-S2,,m,
ESTAT:EARN_MW_CUR(1.0),31/07/26 11:00:00,S,PPS,DE,2011-S1,,m,
ESTAT:EARN_MW_CUR(1.0),31/07/26 11:00:00,S,PPS,DE,2011-S2,,m,
ESTAT:EARN_MW_CUR(1.0),31/07/26 11:00:00,S,PPS,DE,2012-S1,,m,
ESTAT:EARN_MW_CUR(1.0),31/07/26 11:00:00,S,PPS,DE,2012-S2,,m,
ESTAT:EARN_MW_CUR(1.0),31/07/26 11:00:00,S,PPS,DE,2013-S1,,m,
ESTAT:EARN_MW_CUR(1.0),31/07/26 11:00:00,S,PPS,DE,2013-S2,,m,
ESTAT:EARN_MW_CUR(1.0),31/07/26 11:00:00,S,PPS,DE,2014-S1,,m,
ESTAT:EARN_MW_CUR(1.0),31/07/26 11:00:00,S,PPS,DE,2014-S2,,m,
ESTAT:EARN_MW_CUR(1.0),31/07/26 11:00:00,S,PPS,DE,2015-S1,1349,,
ESTAT:EARN_MW_CUR(1.0),31/07/26 11:00:00,S,PPS,DE,2015-S2,1349,,
ESTAT:EARN_MW_CUR(1.0),31/07/26 11:00:00,S,PPS,DE,2016-S1,1348,,
ESTAT:EARN_MW_CUR(1.0),31/07/26 11:00:00,S,PPS,DE,2016-S2,1348,,
ESTAT:EARN_MW_CUR(1.0),31/07/26 11:00:00,S,PPS,DE,2017-S1,1414,,
ESTAT:EARN_MW_CUR(1.0),31/07/26 11:00:00,S,PPS,DE,2017-S2,1414,,
ESTAT:EARN_MW_CUR(1.0),31/07/26 11:00:00,S,PPS,DE,2018-S1,1424,,
ESTAT:EARN_MW_CUR(1.0),31/07/26 11:00:00,S,PPS,DE,2018-S2,1424,,
ESTAT:EARN_MW_CUR(1.0),31/07/26 11:00:00,S,PPS,DE,2019-S1,1459,,
ESTAT:EARN_MW_CUR(1.0),31/07/26 11:00:00,S,PPS,DE,2019-S2,1459,,
ESTAT:EARN_MW_CUR(1.0),31/07/26 11:00:00,S,PPS,DE,2020-S1,1444,,
ESTAT:EARN_MW_CUR(1.0),31/07/26 11:00:00,S,PPS,DE,2020-S2,1444,,
ESTAT:EARN_MW_CUR(1.0),31/07/26 11:00:00,S,PPS,DE,2021-S1,1479,,
ESTAT:EARN_MW_CUR(1.0),31/07/26 11:00:00,S,PPS,DE,2021-S2,1494,,
ESTAT:EARN_MW_CUR(1.0),31/07/26 11:00:00,S,PPS,DE,2022-S1,1507,,
ESTAT:EARN_MW_CUR(1.0),31/07/26 11:00:00,S,PPS,DE,2022-S2,1604,,
ESTAT:EARN_MW_CUR(1.0),31/07/26 11:00:00,S,PPS,DE,2023-S1,1832,,
ESTAT:EARN_MW_CUR(1.0),31/07/26 11:00:00,S,PPS,DE,2023-S2,1832,,
ESTAT:EARN_MW_CUR(1.0),31/07/26 11:00:00,S,PPS,DE,2024-S1,1888,,
ESTAT:EARN_MW_CUR(1.0),31/07/26 11:00:00,S,PPS,DE,2024-S2,1888,,
ESTAT:EARN_MW_CUR(1.0),31/07/26 11:00:00,S,PPS,DE,2025-S1,1996,,
ESTAT:EARN_MW_CUR(1.0),31/07/26 11:00:00,S,PPS,DE,2025-S2,1996,,
ESTAT:EARN_MW_CUR(1.0),31/07/26 11:00:00,S,PPS,DE,2026-S1,2164,e,
ESTAT:EARN_MW_CUR(1.0),31/07/26 11:00:00,S,PPS,DE,2026-S2,2164,e,
ESTAT:EARN_MW_CUR(1.0),31/07/26 11:00:00,S,PPS,DK,1999-S1,,m,
ESTAT:EARN_MW_CUR(1.0),31/07/26 11:00:00,S,PPS,DK,1999-S2,,m,
ESTAT:EARN_MW_CUR(1.0),31/07/26 11:00:00,S,PPS,DK,2000-S1,,m,
ESTAT:EARN_MW_CUR(1.0),31/07/26 11:00:00,S,PPS,DK,2000-S2,,m,
ESTAT:EARN_MW_CUR(1.0),31/07/26 11:00:00,S,PPS,DK,2001-S1,,m,
ESTAT:EARN_MW_CUR(1.0),31/07/26 11:00:00,S,PPS,DK,2001-S2,,m,
ESTAT:EARN_MW_CUR(1.0),31/07/26 11:00:00,S,PPS,DK,2002-S1,,m,
ESTAT:EARN_MW_CUR(1.0),31/07/26 11:00:00,S,PPS,DK,2002-S2,,m,
ESTAT:EARN_MW_CUR(1.0),31/07/26 11:00:00,S,PPS,DK,2003-S1,,m,
ESTAT:EARN_MW_CUR(1.0),31/07/26 11:00:00,S,PPS,DK,2003-S2,,m,
ESTAT:EARN_MW_CUR(1.0),31/07/26 11:00:00,S,PPS,DK,2004-S1,,m,
ESTAT:EARN_MW_CUR(1.0),31/07/26 11:00:00,S,PPS,DK,2004-S2,,m,
ESTAT:EARN_MW_CUR(1.0),31/07/26 11:00:00,S,PPS,DK,2005-S1,,m,
ESTAT:EARN_MW_CUR(1.0),31/07/26 11:00:00,S,PPS,DK,2005-S2,,m,
ESTAT:EARN_MW_CUR(1.0),31/07/26 11:00:00,S,PPS,DK,2006-S1,,m,
ESTAT:EARN_MW_CUR(1.0),31/07/26 11:00:00,S,PPS,DK,2006-S2,,m,
ESTAT:EARN_MW_CUR(1.0),31/07/26 11:00:00,S,PPS,DK,2007-S1,,m,
ESTAT:EARN_MW_CUR(1.0),31/07/26 11:00:00,S,PPS,DK,2007-S2,,m,
ESTAT:EARN_MW_CUR(1.0),31/07/26 11:00:00,S,PPS,DK,2008-S1,,m,
ESTAT:EARN_MW_CUR(1.0),31/07/26 11:00:00,S,PPS,DK,2008-S2,,m,
ESTAT:EARN_MW_CUR(1.0),31/07/26 11:00:00,S,PPS,DK,2009-S1,,m,
ESTAT:EARN_MW_CUR(1.0),31/07/26 11:00:00,S,PPS,DK,2009-S2,,m,
ESTAT:EARN_MW_CUR(1.0),31/07/26 11:00:00,S,PPS,DK,2010-S1,,m,
ESTAT:EARN_MW_CUR(1.0),31/07/26 11:00:00,S,PPS,DK,2010-S2,,m,
ESTAT:EARN_MW_CUR(1.0),31/07/26 11:00:00,S,PPS,DK,2011-S1,,m,
ESTAT:EARN_MW_CUR(1.0),31/07/26 11:00:00,S,PPS,DK,2011-S2,,m,
ESTAT:EARN_MW_CUR(1.0),31/07/26 11:00:00,S,PPS,DK,2012-S1,,m,
ESTAT:EARN_MW_CUR(1.0),31/07/26 11:00:00,S,PPS,DK,2012-S2,,m,
ESTAT:EARN_MW_CUR(1.0),31/07/26 11:00:00,S,PPS,DK,2013-S1,,m,
ESTAT:EARN_MW_CUR(1.0),31/07/26 11:00:00,S,PPS,DK,2013-S2,,m,
ESTAT:EARN_MW_CUR(1.0),31/07/26 11:00:00,S,PPS,DK,2014-S1,,m,
ESTAT:EARN_MW_CUR(1.0),31/07/26 11:00:00,S,PPS,DK,2014-S2,,m,
ESTAT:EARN_MW_CUR(1.0),31/07/26 11:00:00,S,PPS,DK,2015-S1,,m,
ESTAT:EARN_MW_CUR(1.0),31/07/26 11:00:00,S,PPS,DK,2015-S2,,m,
ESTAT:EARN_MW_CUR(1.0),31/07/26 11:00:00,S,PPS,DK,2016-S1,,m,
ESTAT:EARN_MW_CUR(1.0),31/07/26 11:00:00,S,PPS,DK,2016-S2,,m,
ESTAT:EARN_MW_CUR(1.0),31/07/26 11:00:00,S,PPS,DK,2017-S1,,m,
ESTAT:EARN_MW_CUR(1.0),31/07/26 11:00:00,S,PPS,DK,2017-S2,,m,
ESTAT:EARN_MW_CUR(1.0),31/07/26 11:00:00,S,PPS,DK,2018-S1,,m,
ESTAT:EARN_MW_CUR(1.0),31/07/26 11:00:00,S,PPS,DK,2018-S2,,m,
ESTAT:EARN_MW_CUR(1.0),31/07/26 11:00:00,S,PPS,DK,2019-S1,,m,
ESTAT:EARN_MW_CUR(1.0),31/07/26 11:00:00,S,PPS,DK,2019-S2,,m,
ESTAT:EARN_MW_CUR(1.0),31/07/26 11:00:00,S,PPS,DK,2020-S1,,m,
ESTAT:EARN_MW_CUR(1.0),31/07/26 11:00:00,S,PPS,DK,2020-S2,,m,
ESTAT:EARN_MW_CUR(1.0),31/07/26 11:00:00,S,PPS,DK,2021-S1,,m,
ESTAT:EARN_MW_CUR(1.0),31/07/26 11:00:00,S,PPS,DK,2021-S2,,m,
ESTAT:EARN_MW_CUR(1.0),31/07/26 11:00:00,S,PPS,DK,2022-S1,,m,
ESTAT:EARN_MW_CUR(1.0),31/07/26 11:00:00,S,PPS,DK,2022-S2,,m,
ESTAT:EARN_MW_CUR(1.0),31/07/26 11:00:00,S,PPS,DK,2023-S1,,m,
ESTAT:EARN_MW_CUR(1.0),31/07/26 11:00:00,S,PPS,DK,2023-S2,,m,
ESTAT:EARN_MW_CUR(1.0),31/07/26 11:00:00,S,PPS,DK,2024-S1,,m,
ESTAT:EARN_MW_CUR(1.0),31/07/26 11:00:00,S,PPS,DK,2024-S2,,m,
ESTAT:EARN_MW_CUR(1.0),31/07/26 11:00:00,S,PPS,DK,2025-S1,,m,
ESTAT:EARN_MW_CUR(1.0),31/07/26 11:00:00,S,PPS,DK,2025-S2,,m,
ESTAT:EARN_MW_CUR(1.0),31/07/26 11:00:00,S,PPS,DK,2026-S1,,m,
ESTAT:EARN_MW_CUR(1.0),31/07/26 11:00:00,S,PPS,DK,2026-S2,,m,
ESTAT:EARN_MW_CUR(1.0),31/07/26 11:00:00,S,PPS,EE,1999-S1,133,,
ESTAT:EARN_MW_CUR(1.0),31/07/26 11:00:00,S,PPS,EE,1999-S2,133,,
ESTAT:EARN_MW_CUR(1.0),31/07/26 11:00:00,S,PPS,EE,2000-S1,148,,
ESTAT:EARN_MW_CUR(1.0),31/07/26 11:00:00,S,PPS,EE,2000-S2,148,,
ESTAT:EARN_MW_CUR(1.0),31/07/26 11:00:00,S,PPS,EE,2001-S1,162,,
ESTAT:EARN_MW_CUR(1.0),31/07/26 11:00:00,S,PPS,EE,2001-S2,162,,
ESTAT:EARN_MW_CUR(1.0),31/07/26 11:00:00,S,PPS,EE,2002-S1,189,,
ESTAT:EARN_MW_CUR(1.0),31/07/26 11:00:00,S,PPS,EE,2002-S2,189,,
ESTAT:EARN_MW_CUR(1.0),31/07/26 11:00:00,S,PPS,EE,2003-S1,220,,
ESTAT:EARN_MW_CUR(1.0),31/07/26 11:00:00,S,PPS,EE,2003-S2,220,,
ESTAT:EARN_MW_CUR(1.0),31/07/26 11:00:00,S,PPS,EE,2004-S1,248,,
ESTAT:EARN_MW_CUR(1.0),31/07/26 11:00:00,S,PPS,EE,2004-S2,248,,
ESTAT:EARN_MW_CUR(1.0),31/07/26 11:00:00,S,PPS,EE,2005-S1,263,,
ESTAT:EARN_MW_CUR(1.0),31/07/26 11:00:00,S,PPS,EE,2005-S2,263,,
ESTAT:EARN_MW_CUR(1.0),31/07/26 11:00:00,S,PPS,EE,2006-S1,276,,
ESTAT:EARN_MW_CUR(1.0),31/07/26 11:00:00,S,PPS,EE,2006-S2,276,,
ESTAT:EARN_MW_CUR(1.0),31/07/26 11:00:00,S,PPS,EE,2007-S1,314,,
ESTAT:EARN_MW_CUR(1.0),31/07/26 11:00:00,S,PPS,EE,2007-S2,314,,
ESTAT:EARN_MW_CUR(1.0),31/07/26 11:00:00,S,PPS,EE,2008-S1,368,,
ESTAT:EARN_MW_CUR(1.0),31/07/26 11:00:00,S,PPS,EE,2008-S2,368,,
ESTAT:EARN_MW_CUR(1.0),31/07/26 11:00:00,S,PPS,EE,2009-S1,375,,
ESTAT:EARN_MW_CUR(1.0),31/07/26 11:00:00,S,PPS,EE,2009-S2,375,,
ESTAT:EARN_MW_CUR(1.0),31/07/26 11:00:00,S,PPS,EE,2010-S1,381,,
ESTAT:EARN_MW_CUR(1.0),31/07/26 11:00:00,S,PPS,EE,2010-S2,381,,
ESTAT:EARN_MW_CUR(1.0),31/07/26 11:00:00,S,PPS,EE,2011-S1,375,,
ESTAT:EARN_MW_CUR(1.0),31/07/26 11:00:00,S,PPS,EE,2011-S2,375,,
ESTAT:EARN_MW_CUR(1.0),31/07/26 11:00:00,S,PPS,EE,2012-S1,384,,
ESTAT:EARN_MW_CUR(1.0),31/07/26 11:00:00,S,PPS,EE,2012-S2,384,,
ESTAT:EARN_MW_CUR(1.0),31/07/26 11:00:00,S,PPS,EE,2013-S1,417,,
ESTAT:EARN_MW_CUR(1.0),31/07/26 11:00:00,S,PPS,EE,2013-S2,417,,
ESTAT:EARN_MW_CUR(1.0),31/07/26 11:00:00,S,PPS,EE,2014-S1,458,,
ESTAT:EARN_MW_CUR(1.0),31/07/26 11:00:00,S,PPS,EE,2014-S2,458,,
ESTAT:EARN_MW_CUR(1.0),31/07/26 11:00:00,S,PPS,EE,2015-S1,503,,
ESTAT:EARN_MW_CUR(1.0),31/07/26 11:00:00,S,PPS,EE,2015-S2,503,,
ESTAT:EARN_MW_CUR(1.0),31/07/26 11:00:00,S,PPS,EE,2016-S1,546,,
ESTAT:EARN_MW_CUR(1.0),31/07/26 11:00:00,S,PPS,EE,2016-S2,546,,
ESTAT:EARN_MW_CUR(1.0),31/07/26 11:00:00,S,PPS,EE,2017-S1,581,,
ESTAT:EARN_MW_CUR(1.0),31/07/26 11:00:00,S,PPS,EE,2017-S2,581,,
ESTAT:EARN_MW_CUR(1.0),31/07/26 11:00:00,S,PPS,EE,2018-S1,603,,
ESTAT:EARN_MW_CUR(1.0),31/07/26 11:00:00,S,PPS,EE,2018-S2,603,,
ESTAT:EARN_MW_CUR(1.0),31/07/26 11:00:00,S,PPS,EE,2019-S1,636,,
ESTAT:EARN_MW_CUR(1.0),31/07/26 11:00:00,S,PPS,EE,2019-S2,636,,
ESTAT:EARN_MW_CUR(1.0),31/07/26 11:00:00,S,PPS,EE,2020-S1,679,,
ESTAT:EARN_MW_CUR(1.0),31/07/26 11:00:00,S,PPS,EE,2020-S2,679,,
ESTAT:EARN_MW_CUR(1.0),31/07/26 11:00:00,S,PPS,EE,2021-S1,641,,
ESTAT:EARN_MW_CUR(1.0),31/07/26 11:00:00,S,PPS,EE,2021-S2,641,,
ESTAT:EARN_MW_CUR(1.0),31/07/26 11:00:00,S,PPS,EE,2022-S1,657,,
ESTAT:EARN_MW_CUR(1.0),31/07/26 11:00:00,S,PPS,EE,2022-S2,657,,
ESTAT:EARN_MW_CUR(1.0),31/07/26 11:00:00,S,PPS,EE,2023-S1,727,,
ESTAT:EARN_MW_CUR(1.0),31/07/26 11:00:00,S,PPS,EE,2023-S2,727,,
ESTAT:EARN_MW_CUR(1.0),31/07/26 11:00:00,S,PPS,EE,2024-S1,818,,
ESTAT:EARN_MW_CUR(1.0),31/07/26 11:00:00,S,PPS,EE,2024-S2,818,,
ESTAT:EARN_MW_CUR(1.0),31/07/26 11:00:00,S,PPS,EE,2025-S1,876,,
ESTAT:EARN_MW_CUR(1.0),31/07/26 11:00:00,S,PPS,EE,2025-S2,876,,
ESTAT:EARN_MW_CUR(1.0),31/07/26 11:00:00,S,PPS,EE,2026-S1,876,e,
ESTAT:EARN_MW_CUR(1.0),31/07/26 11:00:00,S,PPS,EE,2026-S2,935,e,
ESTAT:EARN_MW_CUR(1.0),31/07/26 11:00:00,S,PPS,EL,1999-S1,582,,
ESTAT:EARN_MW_CUR(1.0),31/07/26 11:00:00,S,PPS,EL,1999-S2,590,,
ESTAT:EARN_MW_CUR(1.0),31/07/26 11:00:00,S,PPS,EL,2000-S1,604,,
ESTAT:EARN_MW_CUR(1.0),31/07/26 11:00:00,S,PPS,EL,2000-S2,613,,
ESTAT:EARN_MW_CUR(1.0),31/07/26 11:00:00,S,PPS,EL,2001-S1,635,,
ESTAT:EARN_MW_CUR(1.0),31/07/26 11:00:00,S,PPS,EL,2001-S2,644,,
ESTAT:EARN_MW_CUR(1.0),31/07/26 11:00:00,S,PPS,EL,2002-S1,676,,
ESTAT:EARN_MW_CUR(1.0),31/07/26 11:00:00,S,PPS,EL,2002-S2,688,,
ESTAT:EARN_MW_CUR(1.0),31/07/26 11:00:00,S,PPS,EL,2003-S1,700,,
ESTAT:EARN_MW_CUR(1.0),31/07/26 11:00:00,S,PPS,EL,2003-S2,700,,
ESTAT:EARN_MW_CUR(1.0),31/07/26 11:00:00,S,PPS,EL,2004-S1,713,,
ESTAT:EARN_MW_CUR(1.0),31/07/26 11:00:00,S,PPS,EL,2004-S2,713,,
ESTAT:EARN_MW_CUR(1.0),31/07/26 11:00:00,S,PPS,EL,2005-S1,745,,
ESTAT:EARN_MW_CUR(1.0),31/07/26 11:00:00,S,PPS,EL,2005-S2,745,,
ESTAT:EARN_MW_CUR(1.0),31/07/26 11:00:00,S,PPS,EL,2006-S1,788,,
ESTAT:EARN_MW_CUR(1.0),31/07/26 11:00:00,S,PPS,EL,2006-S2,788,,
ESTAT:EARN_MW_CUR(1.0),31/07/26 11:00:00,S,PPS,EL,2007-S1,786,,
ESTAT:EARN_MW_CUR(1.0),31/07/26 11:00:00,S,PPS,EL,2007-S2,826,,
ESTAT:EARN_MW_CUR(1.0),31/07/26 11:00:00,S,PPS,EL,2008-S1,856,,
ESTAT:EARN_MW_CUR(1.0),31/07/26 11:00:00,S,PPS,EL,2008-S2,856,,
ESTAT:EARN_MW_CUR(1.0),31/07/26 11:00:00,S,PPS,EL,2009-S1,858,,
ESTAT:EARN_MW_CUR(1.0),31/07/26 11:00:00,S,PPS,EL,2009-S2,905,,
ESTAT:EARN_MW_CUR(1.0),31/07/26 11:00:00,S,PPS,EL,2010-S1,884,,
ESTAT:EARN_MW_CUR(1.0),31/07/26 11:00:00,S,PPS,EL,2010-S2,884,,
ESTAT:EARN_MW_CUR(1.0),31/07/26 11:00:00,S,PPS,EL,2011-S1,884,,
ESTAT:EARN_MW_CUR(1.0),31/07/26 11:00:00,S,PPS,EL,2011-S2,898,,
ESTAT:EARN_MW_CUR(1.0),31/07/26 11:00:00,S,PPS,EL,2012-S1,911,,
ESTAT:EARN_MW_CUR(1.0),31/07/26 11:00:00,S,PPS,EL,2012-S2,711,,
ESTAT:EARN_MW_CUR(1.0),31/07/26 11:00:00,S,PPS,EL,2013-S1,740,,
ESTAT:EARN_MW_CUR(1.0),31/07/26 11:00:00,S,PPS,EL,2013-S2,740,,
ESTAT:EARN_MW_CUR(1.0),31/07/26 11:00:00,S,PPS,EL,2014-S1,771,,
ESTAT:EARN_MW_CUR(1.0),31/07/26 11:00:00,S,PPS,EL,2014-S2,771,,
ESTAT:EARN_MW_CUR(1.0),31/07/26 11:00:00,S,PPS,EL,2015-S1,775,,
ESTAT:EARN_MW_CUR(1.0),31/07/26 11:00:00,S,PPS,EL,2015-S2,775,,
ESTAT:EARN_MW_CUR(1.0),31/07/26 11:00:00,S,PPS,EL,2016-S1,780,,
ESTAT:EARN_MW_CUR(1.0),31/07/26 11:00:00,S,PPS,EL,2016-S2,780,,
ESTAT:EARN_MW_CUR(1.0),31/07/26 11:00:00,S,PPS,EL,2017-S1,787,,
ESTAT:EARN_MW_CUR(1.0),31/07/26 11:00:00,S,PPS,EL,2017-S2,787,,
ESTAT:EARN_MW_CUR(1.0),31/07/26 11:00:00,S,PPS,EL,2018-S1,788,,
ESTAT:EARN_MW_CUR(1.0),31/07/26 11:00:00,S,PPS,EL,2018-S2,788,,
ESTAT:EARN_MW_CUR(1.0),31/07/26 11:00:00,S,PPS,EL,2019-S1,787,,
ESTAT:EARN_MW_CUR(1.0),31/07/26 11:00:00,S,PPS,EL,2019-S2,873,,
ESTAT:EARN_MW_CUR(1.0),31/07/26 11:00:00,S,PPS,EL,2020-S1,858,,
ESTAT:EARN_MW_CUR(1.0),31/07/26 11:00:00,S,PPS,EL,2020-S2,858,,
ESTAT:EARN_MW_CUR(1.0),31/07/26 11:00:00,S,PPS,EL,2021-S1,869,,
ESTAT:EARN_MW_CUR(1.0),31/07/26 11:00:00,S,PPS,EL,2021-S2,869,,
ESTAT:EARN_MW_CUR(1.0),31/07/26 11:00:00,S,PPS,EL,2022-S1,885,,
ESTAT:EARN_MW_CUR(1.0),31/07/26 11:00:00,S,PPS,EL,2022-S2,952,,
ESTAT:EARN_MW_CUR(1.0),31/07/26 11:00:00,S,PPS,EL,2023-S1,969,,
ESTAT:EARN_MW_CUR(1.0),31/07/26 11:00:00,S,PPS,EL,2023-S2,1060,,
ESTAT:EARN_MW_CUR(1.0),31/07/26 11:00:00,S,PPS,EL,2024-S1,1052,,
ESTAT:EARN_MW_CUR(1.0),31/07/26 11:00:00,S,PPS,EL,2024-S2,1119,,
ESTAT:EARN_MW_CUR(1.0),31/07/26 11:00:00,S,PPS,EL,2025-S1,1108,,
ESTAT:EARN_MW_CUR(1.0),31/07/26 11:00:00,S,PPS,EL,2025-S2,1175,,
ESTAT:EARN_MW_CUR(1.0),31/07/26 11:00:00,S,PPS,EL,2026-S1,1175,e,
ESTAT:EARN_MW_CUR(1.0),31/07/26 11:00:00,S,PPS,EL,2026-S2,1229,e,
ESTAT:EARN_MW_CUR(1.0),31/07/26 11:00:00,S,PPS,ES,1999-S1,535,,
ESTAT:EARN_MW_CUR(1.0),31/07/26 11:00:00,S,PPS,ES,1999-S2,535,,
ESTAT:EARN_MW_CUR(1.0),31/07/26 11:00:00,S,PPS,ES,2000-S1,547,,
ESTAT:EARN_MW_CUR(1.0),31/07/26 11:00:00,S,PPS,ES,2000-S2,547,,
ESTAT:EARN_MW_CUR(1.0),31/07/26 11:00:00,S,PPS,ES,2001-S1,559,,
ESTAT:EARN_MW_CUR(1.0),31/07/26 11:00:00,S,PPS,ES,2001-S2,559,,
ESTAT:EARN_MW_CUR(1.0),31/07/26 11:00:00,S,PPS,ES,2002-S1,576,,
ESTAT:EARN_MW_CUR(1.0),31/07/26 11:00:00,S,PPS,ES,2002-S2,576,,
ESTAT:EARN_MW_CUR(1.0),31/07/26 11:00:00,S,PPS,ES,2003-S1,577,,
ESTAT:EARN_MW_CUR(1.0),31/07/26 11:00:00,S,PPS,ES,2003-S2,577,,
ESTAT:EARN_MW_CUR(1.0),31/07/26 11:00:00,S,PPS,ES,2004-S1,573,,
ESTAT:EARN_MW_CUR(1.0),31/07/26 11:00:00,S,PPS,ES,2004-S2,611,,
ESTAT:EARN_MW_CUR(1.0),31/07/26 11:00:00,S,PPS,ES,2005-S1,638,,
ESTAT:EARN_MW_CUR(1.0),31/07/26 11:00:00,S,PPS,ES,2005-S2,638,,
ESTAT:EARN_MW_CUR(1.0),31/07/26 11:00:00,S,PPS,ES,2006-S1,670,,
ESTAT:EARN_MW_CUR(1.0),31/07/26 11:00:00,S,PPS,ES,2006-S2,670,,
ESTAT:EARN_MW_CUR(1.0),31/07/26 11:00:00,S,PPS,ES,2007-S1,691,,
ESTAT:EARN_MW_CUR(1.0),31/07/26 11:00:00,S,PPS,ES,2007-S2,691,,
ESTAT:EARN_MW_CUR(1.0),31/07/26 11:00:00,S,PPS,ES,2008-S1,722,,
ESTAT:EARN_MW_CUR(1.0),31/07/26 11:00:00,S,PPS,ES,2008-S2,722,,
ESTAT:EARN_MW_CUR(1.0),31/07/26 11:00:00,S,PPS,ES,2009-S1,735,,
ESTAT:EARN_MW_CUR(1.0),31/07/26 11:00:00,S,PPS,ES,2009-S2,735,,
ESTAT:EARN_MW_CUR(1.0),31/07/26 11:00:00,S,PPS,ES,2010-S1,741,,
ESTAT:EARN_MW_CUR(1.0),31/07/26 11:00:00,S,PPS,ES,2010-S2,741,,
ESTAT:EARN_MW_CUR(1.0),31/07/26 11:00:00,S,PPS,ES,2011-S1,748,,
ESTAT:EARN_MW_CUR(1.0),31/07/26 11:00:00,S,PPS,ES,2011-S2,748,,
ESTAT:EARN_MW_CUR(1.0),31/07/26 11:00:00,S,PPS,ES,2012-S1,754,,
ESTAT:EARN_MW_CUR(1.0),31/07/26 11:00:00,S,PPS,ES,2012-S2,754,,
ESTAT:EARN_MW_CUR(1.0),31/07/26 11:00:00,S,PPS,ES,2013-S1,773,,
ESTAT:EARN_MW_CUR(1.0),31/07/26 11:00:00,S,PPS,ES,2013-S2,773,,
ESTAT:EARN_MW_CUR(1.0),31/07/26 11:00:00,S,PPS,ES,2014-S1,782,,
ESTAT:EARN_MW_CUR(1.0),31/07/26 11:00:00,S,PPS,ES,2014-S2,782,,
ESTAT:EARN_MW_CUR(1.0),31/07/26 11:00:00,S,PPS,ES,2015-S1,798,,
ESTAT:EARN_MW_CUR(1.0),31/07/26 11:00:00,S,PPS,ES,2015-S2,798,,
ESTAT:EARN_MW_CUR(1.0),31/07/26 11:00:00,S,PPS,ES,2016-S1,802,,
ESTAT:EARN_MW_CUR(1.0),31/07/26 11:00:00,S,PPS,ES,2016-S2,802,,
ESTAT:EARN_MW_CUR(1.0),31/07/26 11:00:00,S,PPS,ES,2017-S1,872,,
ESTAT:EARN_MW_CUR(1.0),31/07/26 11:00:00,S,PPS,ES,2017-S2,872,,
ESTAT:EARN_MW_CUR(1.0),31/07/26 11:00:00,S,PPS,ES,2018-S1,891,,
ESTAT:EARN_MW_CUR(1.0),31/07/26 11:00:00,S,PPS,ES,2018-S2,891,,
ESTAT:EARN_MW_CUR(1.0),31/07/26 11:00:00,S,PPS,ES,2019-S1,1094,,
ESTAT:EARN_MW_CUR(1.0),31/07/26 11:00:00,S,PPS,ES,2019-S2,1094,,
ESTAT:EARN_MW_CUR(1.0),31/07/26 11:00:00,S,PPS,ES,2020-S1,1133,,
ESTAT:EARN_MW_CUR(1.0),31/07/26 11:00:00,S,PPS,ES,2020-S2,1133,,
ESTAT:EARN_MW_CUR(1.0),31/07/26 11:00:00,S,PPS,ES,2021-S1,1173,,
ESTAT:EARN_MW_CUR(1.0),31/07/26 11:00:00,S,PPS,ES,2021-S2,1173,,
ESTAT:EARN_MW_CUR(1.0),31/07/26 11:00:00,S,PPS,ES,2022-S1,1200,,
ESTAT:EARN_MW_CUR(1.0),31/07/26 11:00:00,S,PPS,ES,2022-S2,1244,,
ESTAT:EARN_MW_CUR(1.0),31/07/26 11:00:00,S,PPS,ES,2023-S1,1292,,
ESTAT:EARN_MW_CUR(1.0),31/07/26 11:00:00,S,PPS,ES,2023-S2,1396,,
ESTAT:EARN_MW_CUR(1.0),31/07/26 11:00:00,S,PPS,ES,2024-S1,1450,,
ESTAT:EARN_MW_CUR(1.0),31/07/26 11:00:00,S,PPS,ES,2024-S2,1450,,
ESTAT:EARN_MW_CUR(1.0),31/07/26 11:00:00,S,PPS,ES,2025-S1,1508,,
ESTAT:EARN_MW_CUR(1.0),31/07/26 11:00:00,S,PPS,ES,2025-S2,1508,,
ESTAT:EARN_MW_CUR(1.0),31/07/26 11:00:00,S,PPS,ES,2026-S1,1556,e,
ESTAT:EARN_MW_CUR(1.0),31/07/26 11:00:00,S,PPS,ES,2026-S2,1556,e,
ESTAT:EARN_MW_CUR(1.0),31/07/26 11:00:00,S,PPS,FI,1999-S1,,m,
ESTAT:EARN_MW_CUR(1.0),31/07/26 11:00:00,S,PPS,FI,1999-S2,,m,
ESTAT:EARN_MW_CUR(1.0),31/07/26 11:00:00,S,PPS,FI,2000-S1,,m,
ESTAT:EARN_MW_CUR(1.0),31/07/26 11:00:00,S,PPS,FI,2000-S2,,m,
ESTAT:EARN_MW_CUR(1.0),31/07/26 11:00:00,S,PPS,FI,2001-S1,,m,
ESTAT:EARN_MW_CUR(1.0),31/07/26 11:00:00,S,PPS,FI,2001-S2,,m,
ESTAT:EARN_MW_CUR(1.0),31/07/26 11:00:00,S,PPS,FI,2002-S1,,m,
ESTAT:EARN_MW_CUR(1.0),31/07/26 11:00:00,S,PPS,FI,2002-S2,,m,
ESTAT:EARN_MW_CUR(1.0),31/07/26 11:00:00,S,PPS,FI,2003-S1,,m,
ESTAT:EARN_MW_CUR(1.0),31/07/26 11:00:00,S,PPS,FI,2003-S2,,m,
ESTAT:EARN_MW_CUR(1.0),31/07/26 11:00:00,S,PPS,FI,2004-S1,,m,
ESTAT:EARN_MW_CUR(1.0),31/07/26 11:00:00,S,PPS,FI,2004-S2,,m,
ESTAT:EARN_MW_CUR(1.0),31/07/26 11:00:00,S,PPS,FI,2005-S1,,m,
ESTAT:EARN_MW_CUR(1.0),31/07/26 11:00:00,S,PPS,FI,2005-S2,,m,
ESTAT:EARN_MW_CUR(1.0),31/07/26 11:00:00,S,PPS,FI,2006-S1,,m,
ESTAT:EARN_MW_CUR(1.0),31/07/26 11:00:00,S,PPS,FI,2006-S2,,m,
ESTAT:EARN_MW_CUR(1.0),31/07/26 11:00:00,S,PPS,FI,2007-S1,,m,
ESTAT:EARN_MW_CUR(1.0),31/07/26 11:00:00,S,PPS,FI,2007-S2,,m,
ESTAT:EARN_MW_CUR(1.0),31/07/26 11:00:00,S,PPS,FI,2008-S1,,m,
ESTAT:EARN_MW_CUR(1.0),31/07/26 11:00:00,S,PPS,FI,2008-S2,,m,
ESTAT:EARN_MW_CUR(1.0),31/07/26 11:00:00,S,PPS,FI,2009-S1,,m,
ESTAT:EARN_MW_CUR(1.0),31/07/26 11:00:00,S,PPS,FI,2009-S2,,m,
ESTAT:EARN_MW_CUR(1.0),31/07/26 11:00:00,S,PPS,FI,2010-S1,,m,
ESTAT:EARN_MW_CUR(1.0),31/07/26 11:00:00,S,PPS,FI,2010-S2,,m,
ESTAT:EARN_MW_CUR(1.0),31/07/26 11:00:00,S,PPS,FI,2011-S1,,m,
ESTAT:EARN_MW_CUR(1.0),31/07/26 11:00:00,S,PPS,FI,2011-S2,,m,
ESTAT:EARN_MW_CUR(1.0),31/07/26 11:00:00,S,PPS,FI,2012-S1,,m,
ESTAT:EARN_MW_CUR(1.0),31/07/26 11:00:00,S,PPS,FI,2012-S2,,m,
ESTAT:EARN_MW_CUR(1.0),31/07/26 11:00:00,S,PPS,FI,2013-S1,,m,
ESTAT:EARN_MW_CUR(1.0),31/07/26 11:00:00,S,PPS,FI,2013-S2,,m,
ESTAT:EARN_MW_CUR(1.0),31/07/26 11:00:00,S,PPS,FI,2014-S1,,m,
ESTAT:EARN_MW_CUR(1.0),31/07/26 11:00:00,S,PPS,FI,2014-S2,,m,
ESTAT:EARN_MW_CUR(1.0),31/07/26 11:00:00,S,PPS,FI,2015-S1,,m,
ESTAT:EARN_MW_CUR(1.0),31/07/26 11:00:00,S,PPS,FI,2015-S2,,m,
ESTAT:EARN_MW_CUR(1.0),31/07/26 11:00:00,S,PPS,FI,2016-S1,,m,
ESTAT:EARN_MW_CUR(1.0),31/07/26 11:00:00,S,PPS,FI,2016-S2,,m,
ESTAT:EARN_MW_CUR(1.0),31/07/26 11:00:00,S,PPS,FI,2017-S1,,m,
ESTAT:EARN_MW_CUR(1.0),31/07/26 11:00:00,S,PPS,FI,2017-S2,,m,
ESTAT:EARN_MW_CUR(1.0),31/07/26 11:00:00,S,PPS,FI,2018-S1,,m,
ESTAT:EARN_MW_CUR(1.0),31/07/26 11:00:00,S,PPS,FI,2018-S2,,m,
ESTAT:EARN_MW_CUR(1.0),31/07/26 11:00:00,S,PPS,FI,2019-S1,,m,
ESTAT:EARN_MW_CUR(1.0),31/07/26 11:00:00,S,PPS,FI,2019-S2,,m,
ESTAT:EARN_MW_CUR(1.0),31/07/26 11:00:00,S,PPS,FI,2020-S1,,m,
ESTAT:EARN_MW_CUR(1.0),31/07/26 11:00:00,S,PPS,FI,2020-S2,,m,
ESTAT:EARN_MW_CUR(1.0),31/07/26 11:00:00,S,PPS,FI,2021-S1,,m,
ESTAT:EARN_MW_CUR(1.0),31/07/26 11:00:00,S,PPS,FI,2021-S2,,m,
ESTAT:EARN_MW_CUR(1.0),31/07/26 11:00:00,S,PPS,FI,2022-S1,,m,
ESTAT:EARN_MW_CUR(1.0),31/07/26 11:00:00,S,PPS,FI,2022-S2,,m,
ESTAT:EARN_MW_CUR(1.0),31/07/26 11:00:00,S,PPS,FI,2023-S1,,m,
ESTAT:EARN_MW_CUR(1.0),31/07/26 11:00:00,S,PPS,FI,2023-S2,,m,
ESTAT:EARN_MW_CUR(1.0),31/07/26 11:00:00,S,PPS,FI,2024-S1,,m,
ESTAT:EARN_MW_CUR(1.0),31/07/26 11:00:00,S,PPS,FI,2024-S2,,m,
ESTAT:EARN_MW_CUR(1.0),31/07/26 11:00:00,S,PPS,FI,2025-S1,,m,
ESTAT:EARN_MW_CUR(1.0),31/07/26 11:00:00,S,PPS,FI,2025-S2,,m,
ESTAT:EARN_MW_CUR(1.0),31/07/26 11:00:00,S,PPS,FI,2026-S1,,m,
ESTAT:EARN_MW_CUR(1.0),31/07/26 11:00:00,S,PPS,FI,2026-S2,,m,
ESTAT:EARN_MW_CUR(1.0),31/07/26 11:00:00,S,PPS,FR,1999-S1,914,,
ESTAT:EARN_MW_CUR(1.0),31/07/26 11:00:00,S,PPS,FR,1999-S2,926,,
ESTAT:EARN_MW_CUR(1.0),31/07/26 11:00:00,S,PPS,FR,2000-S1,951,,
ESTAT:EARN_MW_CUR(1.0),31/07/26 11:00:00,S,PPS,FR,2000-S2,982,,
ESTAT:EARN_MW_CUR(1.0),31/07/26 11:00:00,S,PPS,FR,2001-S1,1004,,
ESTAT:EARN_MW_CUR(1.0),31/07/26 11:00:00,S,PPS,FR,2001-S2,1045,,
ESTAT:EARN_MW_CUR(1.0),31/07/26 11:00:00,S,PPS,FR,2002-S1,1048,,
ESTAT:EARN_MW_CUR(1.0),31/07/26 11:00:00,S,PPS,FR,2002-S2,1073,,
ESTAT:EARN_MW_CUR(1.0),31/07/26 11:00:00,S,PPS,FR,2003-S1,1040,,
ESTAT:EARN_MW_CUR(1.0),31/07/26 11:00:00,S,PPS,FR,2003-S2,1095,,
ESTAT:EARN_MW_CUR(1.0),31/07/26 11:00:00,S,PPS,FR,2004-S1,1084,,
ESTAT:EARN_MW_CUR(1.0),31/07/26 11:00:00,S,PPS,FR,2004-S2,1148,,
ESTAT:EARN_MW_CUR(1.0),31/07/26 11:00:00,S,PPS,FR,2005-S1,1171,,
ESTAT:EARN_MW_CUR(1.0),31/07/26 11:00:00,S,PPS,FR,2005-S2,1109,,
ESTAT:EARN_MW_CUR(1.0),31/07/26 11:00:00,S,PPS,FR,2006-S1,1102,,
ESTAT:EARN_MW_CUR(1.0),31/07/26 11:00:00,S,PPS,FR,2006-S2,1135,,
ESTAT:EARN_MW_CUR(1.0),31/07/26 11:00:00,S,PPS,FR,2007-S1,1136,,
ESTAT:EARN_MW_CUR(1.0),31/07/26 11:00:00,S,PPS,FR,2007-S2,1159,,
ESTAT:EARN_MW_CUR(1.0),31/07/26 11:00:00,S,PPS,FR,2008-S1,1145,,
ESTAT:EARN_MW_CUR(1.0),31/07/26 11:00:00,S,PPS,FR,2008-S2,1182,,
ESTAT:EARN_MW_CUR(1.0),31/07/26 11:00:00,S,PPS,FR,2009-S1,1176,,
ESTAT:EARN_MW_CUR(1.0),31/07/26 11:00:00,S,PPS,FR,2009-S2,1191,,
ESTAT:EARN_MW_CUR(1.0),31/07/26 11:00:00,S,PPS,FR,2010-S1,1203,,
ESTAT:EARN_MW_CUR(1.0),31/07/26 11:00:00,S,PPS,FR,2010-S2,1203,,
ESTAT:EARN_MW_CUR(1.0),31/07/26 11:00:00,S,PPS,FR,2011-S1,1225,,
ESTAT:EARN_MW_CUR(1.0),31/07/26 11:00:00,S,PPS,FR,2011-S2,1225,,
ESTAT:EARN_MW_CUR(1.0),31/07/26 11:00:00,S,PPS,FR,2012-S1,1249,,
ESTAT:EARN_MW_CUR(1.0),31/07/26 11:00:00,S,PPS,FR,2012-S2,1274,,
ESTAT:EARN_MW_CUR(1.0),31/07/26 11:00:00,S,PPS,FR,2013-S1,1294,,
ESTAT:EARN_MW_CUR(1.0),31/07/26 11:00:00,S,PPS,FR,2013-S2,1294,,
ESTAT:EARN_MW_CUR(1.0),31/07/26 11:00:00,S,PPS,FR,2014-S1,1301,,
ESTAT:EARN_MW_CUR(1.0),31/07/26 11:00:00,S,PPS,FR,2014-S2,1301,,
ESTAT:EARN_MW_CUR(1.0),31/07/26 11:00:00,S,PPS,FR,2015-S1,1301,,
ESTAT:EARN_MW_CUR(1.0),31/07/26 11:00:00,S,PPS,FR,2015-S2,1301,,
ESTAT:EARN_MW_CUR(1.0),31/07/26 11:00:00,S,PPS,FR,2016-S1,1305,,
ESTAT:EARN_MW_CUR(1.0),31/07/26 11:00:00,S,PPS,FR,2016-S2,1305,,
ESTAT:EARN_MW_CUR(1.0),31/07/26 11:00:00,S,PPS,FR,2017-S1,1310,,
ESTAT:EARN_MW_CUR(1.0),31/07/26 11:00:00,S,PPS,FR,2017-S2,1310,,
ESTAT:EARN_MW_CUR(1.0),31/07/26 11:00:00,S,PPS,FR,2018-S1,1315,,
ESTAT:EARN_MW_CUR(1.0),31/07/26 11:00:00,S,PPS,FR,2018-S2,1315,,
ESTAT:EARN_MW_CUR(1.0),31/07/26 11:00:00,S,PPS,FR,2019-S1,1341,,
ESTAT:EARN_MW_CUR(1.0),31/07/26 11:00:00,S,PPS,FR,2019-S2,1341,,
ESTAT:EARN_MW_CUR(1.0),31/07/26 11:00:00,S,PPS,FR,2020-S1,1363,,
ESTAT:EARN_MW_CUR(1.0),31/07/26 11:00:00,S,PPS,FR,2020-S2,1363,,
ESTAT:EARN_MW_CUR(1.0),31/07/26 11:00:00,S,PPS,FR,2021-S1,1360,,
ESTAT:EARN_MW_CUR(1.0),31/07/26 11:00:00,S,PPS,FR,2021-S2,1360,,
ESTAT:EARN_MW_CUR(1.0),31/07/26 11:00:00,S,PPS,FR,2022-S1,1429,,
ESTAT:EARN_MW_CUR(1.0),31/07/26 11:00:00,S,PPS,FR,2022-S2,1467,,
ESTAT:EARN_MW_CUR(1.0),31/07/26 11:00:00,S,PPS,FR,2023-S1,1531,,
ESTAT:EARN_MW_CUR(1.0),31/07/26 11:00:00,S,PPS,FR,2023-S2,1565,,
ESTAT:EARN_MW_CUR(1.0),31/07/26 11:00:00,S,PPS,FR,2024-S1,1589,,
ESTAT:EARN_MW_CUR(1.0),31/07/26 11:00:00,S,PPS,FR,2024-S2,1589,,
ESTAT:EARN_MW_CUR(1.0),31/07/26 11:00:00,S,PPS,FR,2025-S1,1633,,
ESTAT:EARN_MW_CUR(1.0),31/07/26 11:00:00,S,PPS,FR,2025-S2,1633,,
ESTAT:EARN_MW_CUR(1.0),31/07/26 11:00:00,S,PPS,FR,2026-S1,1652,e,
ESTAT:EARN_MW_CUR(1.0),31/07/26 11:00:00,S,PPS,FR,2026-S2,1692,e,
ESTAT:EARN_MW_CUR(1.0),31/07/26 11:00:00,S,PPS,HR,1999-S1,,m,
ESTAT:EARN_MW_CUR(1.0),31/07/26 11:00:00,S,PPS,HR,1999-S2,,m,
ESTAT:EARN_MW_CUR(1.0),31/07/26 11:00:00,S,PPS,HR,2000-S1,,m,
ESTAT:EARN_MW_CUR(1.0),31/07/26 11:00:00,S,PPS,HR,2000-S2,,m,
ESTAT:EARN_MW_CUR(1.0),31/07/26 11:00:00,S,PPS,HR,2001-S1,,m,
ESTAT:EARN_MW_CUR(1.0),31/07/26 11:00:00,S,PPS,HR,2001-S2,,m,
ESTAT:EARN_MW_CUR(1.0),31/07/26 11:00:00,S,PPS,HR,2002-S1,,m,
ESTAT:EARN_MW_CUR(1.0),31/07/26 11:00:00,S,PPS,HR,2002-S2,,m,
ESTAT:EARN_MW_CUR(1.0),31/07/26 11:00:00,S,PPS,HR,2003-S1,,m,
ESTAT:EARN_MW_CUR(1.0),31/07/26 11:00:00,S,PPS,HR,2003-S2,,m,
ESTAT:EARN_MW_CUR(1.0),31/07/26 11:00:00,S,PPS,HR,2004-S1,,m,
ESTAT:EARN_MW_CUR(1.0),31/07/26 11:00:00,S,PPS,HR,2004-S2,,m,
ESTAT:EARN_MW_CUR(1.0),31/07/26 11:00:00,S,PPS,HR,2005-S1,,m,
ESTAT:EARN_MW_CUR(1.0),31/07/26 11:00:00,S,PPS,HR,2005-S2,,m,
ESTAT:EARN_MW_CUR(1.0),31/07/26 11:00:00,S,PPS,HR,2006-S1,,m,
ESTAT:EARN_MW_CUR(1.0),31/07/26 11:00:00,S,PPS,HR,2006-S2,,m,
ESTAT:EARN_MW_CUR(1.0),31/07/26 11:00:00,S,PPS,HR,2007-S1,,m,
ESTAT:EARN_MW_CUR(1.0),31/07/26 11:00:00,S,PPS,HR,2007-S2,,m,
ESTAT:EARN_MW_CUR(1.0),31/07/26 11:00:00,S,PPS,HR,2008-S1,,m,
ESTAT:EARN_MW_CUR(1.0),31/07/26 11:00:00,S,PPS,HR,2008-S2,508,,
ESTAT:EARN_MW_CUR(1.0),31/07/26 11:00:00,S,PPS,HR,2009-S1,500,,
ESTAT:EARN_MW_CUR(1.0),31/07/26 11:00:00,S,PPS,HR,2009-S2,512,,
ESTAT:EARN_MW_CUR(1.0),31/07/26 11:00:00,S,PPS,HR,2010-S1,516,,
ESTAT:EARN_MW_CUR(1.0),31/07/26 11:00:00,S,PPS,HR,2010-S2,516,,
ESTAT:EARN_MW_CUR(1.0),31/07/26 11:00:00,S,PPS,HR,2011-S1,519,,
ESTAT:EARN_MW_CUR(1.0),31/07/26 11:00:00,S,PPS,HR,2011-S2,519,,
ESTAT:EARN_MW_CUR(1.0),31/07/26 11:00:00,S,PPS,HR,2012-S1,526,,
ESTAT:EARN_MW_CUR(1.0),31/07/26 11:00:00,S,PPS,HR,2012-S2,526,,
ESTAT:EARN_MW_CUR(1.0),31/07/26 11:00:00,S,PPS,HR,2013-S1,530,,
ESTAT:EARN_MW_CUR(1.0),31/07/26 11:00:00,S,PPS,HR,2013-S2,563,,
ESTAT:EARN_MW_CUR(1.0),31/07/26 11:00:00,S,PPS,HR,2014-S1,577,,
ESTAT:EARN_MW_CUR(1.0),31/07/26 11:00:00,S,PPS,HR,2014-S2,577,,
ESTAT:EARN_MW_CUR(1.0),31/07/26 11:00:00,S,PPS,HR,2015-S1,587,,
ESTAT:EARN_MW_CUR(1.0),31/07/26 11:00:00,S,PPS,HR,2015-S2,587,,
ESTAT:EARN_MW_CUR(1.0),31/07/26 11:00:00,S,PPS,HR,2016-S1,604,,
ESTAT:EARN_MW_CUR(1.0),31/07/26 11:00:00,S,PPS,HR,2016-S2,604,,
ESTAT:EARN_MW_CUR(1.0),31/07/26 11:00:00,S,PPS,HR,2017-S1,634,,
ESTAT:EARN_MW_CUR(1.0),31/07/26 11:00:00,S,PPS,HR,2017-S2,634,,
ESTAT:EARN_MW_CUR(1.0),31/07/26 11:00:00,S,PPS,HR,2018-S1,657,,
ESTAT:EARN_MW_CUR(1.0),31/07/26 11:00:00,S,PPS,HR,2018-S2,657,,
ESTAT:EARN_MW_CUR(1.0),31/07/26 11:00:00,S,PPS,HR,2019-S1,709,,
ESTAT:EARN_MW_CUR(1.0),31/07/26 11:00:00,S,PPS,HR,2019-S2,709,,
ESTAT:EARN_MW_CUR(1.0),31/07/26 11:00:00,S,PPS,HR,2020-S1,762,,
ESTAT:EARN_MW_CUR(1.0),31/07/26 11:00:00,S,PPS,HR,2020-S2,762,,
ESTAT:EARN_MW_CUR(1.0),31/07/26 11:00:00,S,PPS,HR,2021-S1,813,,
ESTAT:EARN_MW_CUR(1.0),31/07/26 11:00:00,S,PPS,HR,2021-S2,813,,
ESTAT:EARN_MW_CUR(1.0),31/07/26 11:00:00,S,PPS,HR,2022-S1,851,,
ESTAT:EARN_MW_CUR(1.0),31/07/26 11:00:00,S,PPS,HR,2022-S2,851,,
ESTAT:EARN_MW_CUR(1.0),31/07/26 11:00:00,S,PPS,HR,2023-S1,935,,
ESTAT:EARN_MW_CUR(1.0),31/07/26 11:00:00,S,PPS,HR,2023-S2,935,,
ESTAT:EARN_MW_CUR(1.0),31/07/26 11:00:00,S,PPS,HR,2024-S1,1096,,
ESTAT:EARN_MW_CUR(1.0),31/07/26 11:00:00,S,PPS,HR,2024-S2,1096,,
ESTAT:EARN_MW_CUR(1.0),31/07/26 11:00:00,S,PPS,HR,2025-S1,1237,,
ESTAT:EARN_MW_CUR(1.0),31/07/26 11:00:00,S,PPS,HR,2025-S2,1237,,
ESTAT:EARN_MW_CUR(1.0),31/07/26 11:00:00,S,PPS,HR,2026-S1,1339,e,
ESTAT:EARN_MW_CUR(1.0),31/07/26 11:00:00,S,PPS,HR,2026-S2,1339,e,
ESTAT:EARN_MW_CUR(1.0),31/07/26 11:00:00,S,PPS,HU,1999-S1,177,,
ESTAT:EARN_MW_CUR(1.0),31/07/26 11:00:00,S,PPS,HU,1999-S2,177,,
ESTAT:EARN_MW_CUR(1.0),31/07/26 11:00:00,S,PPS,HU,2000-S1,189,,
ESTAT:EARN_MW_CUR(1.0),31/07/26 11:00:00,S,PPS,HU,2000-S2,189,,
ESTAT:EARN_MW_CUR(1.0),31/07/26 11:00:00,S,PPS,HU,2001-S1,280,,
ESTAT:EARN_MW_CUR(1.0),31/07/26 11:00:00,S,PPS,HU,2001-S2,280,,
ESTAT:EARN_MW_CUR(1.0),31/07/26 11:00:00,S,PPS,HU,2002-S1,337,,
ESTAT:EARN_MW_CUR(1.0),31/07/26 11:00:00,S,PPS,HU,2002-S2,337,,
ESTAT:EARN_MW_CUR(1.0),31/07/26 11:00:00,S,PPS,HU,2003-S1,328,,
ESTAT:EARN_MW_CUR(1.0),31/07/26 11:00:00,S,PPS,HU,2003-S2,328,,
ESTAT:EARN_MW_CUR(1.0),31/07/26 11:00:00,S,PPS,HU,2004-S1,331,,
ESTAT:EARN_MW_CUR(1.0),31/07/26 11:00:00,S,PPS,HU,2004-S2,331,,
ESTAT:EARN_MW_CUR(1.0),31/07/26 11:00:00,S,PPS,HU,2005-S1,351,,
ESTAT:EARN_MW_CUR(1.0),31/07/26 11:00:00,S,PPS,HU,2005-S2,351,,
ESTAT:EARN_MW_CUR(1.0),31/07/26 11:00:00,S,PPS,HU,2006-S1,376,,
ESTAT:EARN_MW_CUR(1.0),31/07/26 11:00:00,S,PPS,HU,2006-S2,376,,
ESTAT:EARN_MW_CUR(1.0),31/07/26 11:00:00,S,PPS,HU,2007-S1,374,,
ESTAT:EARN_MW_CUR(1.0),31/07/26 11:00:00,S,PPS,HU,2007-S2,374,,
ESTAT:EARN_MW_CUR(1.0),31/07/26 11:00:00,S,PPS,HU,2008-S1,391,,
ESTAT:EARN_MW_CUR(1.0),31/07/26 11:00:00,S,PPS,HU,2008-S2,391,,
ESTAT:EARN_MW_CUR(1.0),31/07/26 11:00:00,S,PPS,HU,2009-S1,401,,
ESTAT:EARN_MW_CUR(1.0),31/07/26 11:00:00,S,PPS,HU,2009-S2,401,,
ESTAT:EARN_MW_CUR(1.0),31/07/26 11:00:00,S,PPS,HU,2010-S1,413,,
ESTAT:EARN_MW_CUR(1.0),31/07/26 11:00:00,S,PPS,HU,2010-S2,413,,
ESTAT:EARN_MW_CUR(1.0),31/07/26 11:00:00,S,PPS,HU,2011-S1,443,,
ESTAT:EARN_MW_CUR(1.0),31/07/26 11:00:00,S,PPS,HU,2011-S2,443,,
ESTAT:EARN_MW_CUR(1.0),31/07/26 11:00:00,S,PPS,HU,2012-S1,514,,
ESTAT:EARN_MW_CUR(1.0),31/07/26 11:00:00,S,PPS,HU,2012-S2,514,,
ESTAT:EARN_MW_CUR(1.0),31/07/26 11:00:00,S,PPS,HU,2013-S1,541,,
ESTAT:EARN_MW_CUR(1.0),31/07/26 11:00:00,S,PPS,HU,2013-S2,541,,
ESTAT:EARN_MW_CUR(1.0),31/07/26 11:00:00,S,PPS,HU,2014-S1,546,,
ESTAT:EARN_MW_CUR(1.0),31/07/26 11:00:00,S,PPS,HU,2014-S2,546,,
ESTAT:EARN_MW_CUR(1.0),31/07/26 11:00:00,S,PPS,HU,2015-S1,552,,
ESTAT:EARN_MW_CUR(1.0),31/07/26 11:00:00,S,PPS,HU,2015-S2,552,,
ESTAT:EARN_MW_CUR(1.0),31/07/26 11:00:00,S,PPS,HU,2016-S1,571,,
ESTAT:EARN_MW_CUR(1.0),31/07/26 11:00:00,S,PPS,HU,2016-S2,571,,
ESTAT:EARN_MW_CUR(1.0),31/07/26 11:00:00,S,PPS,HU,2017-S1,626,,
ESTAT:EARN_MW_CUR(1.0),31/07/26 11:00:00,S,PPS,HU,2017-S2,626,,
ESTAT:EARN_MW_CUR(1.0),31/07/26 11:00:00,S,PPS,HU,2018-S1,656,,
ESTAT:EARN_MW_CUR(1.0),31/07/26 11:00:00,S,PPS,HU,2018-S2,656,,
ESTAT:EARN_MW_CUR(1.0),31/07/26 11:00:00,S,PPS,HU,2019-S1,680,,
ESTAT:EARN_MW_CUR(1.0),31/07/26 11:00:00,S,PPS,HU,2019-S2,680,,
ESTAT:EARN_MW_CUR(1.0),31/07/26 11:00:00,S,PPS,HU,2020-S1,692,,
ESTAT:EARN_MW_CUR(1.0),31/07/26 11:00:00,S,PPS,HU,2020-S2,692,,
ESTAT:EARN_MW_CUR(1.0),31/07/26 11:00:00,S,PPS,HU,2021-S1,659,,
ESTAT:EARN_MW_CUR(1.0),31/07/26 11:00:00,S,PPS,HU,2021-S2,685,,
ESTAT:EARN_MW_CUR(1.0),31/07/26 11:00:00,S,PPS,HU,2022-S1,754,,
ESTAT:EARN_MW_CUR(1.0),31/07/26 11:00:00,S,PPS,HU,2022-S2,754,,
ESTAT:EARN_MW_CUR(1.0),31/07/26 11:00:00,S,PPS,HU,2023-S1,819,,
ESTAT:EARN_MW_CUR(1.0),31/07/26 11:00:00,S,PPS,HU,2023-S2,819,,
ESTAT:EARN_MW_CUR(1.0),31/07/26 11:00:00,S,PPS,HU,2024-S1,909,,
ESTAT:EARN_MW_CUR(1.0),31/07/26 11:00:00,S,PPS,HU,2024-S2,909,,
ESTAT:EARN_MW_CUR(1.0),31/07/26 11:00:00,S,PPS,HU,2025-S1,944,,
ESTAT:EARN_MW_CUR(1.0),31/07/26 11:00:00,S,PPS,HU,2025-S2,944,,
ESTAT:EARN_MW_CUR(1.0),31/07/26 11:00:00,S,PPS,HU,2026-S1,1048,e,
ESTAT:EARN_MW_CUR(1.0),31/07/26 11:00:00,S,PPS,HU,2026-S2,1048,e,
ESTAT:EARN_MW_CUR(1.0),31/07/26 11:00:00,S,PPS,IE,1999-S1,,m,
ESTAT:EARN_MW_CUR(1.0),31/07/26 11:00:00,S,PPS,IE,1999-S2,,m,
ESTAT:EARN_MW_CUR(1.0),31/07/26 11:00:00,S,PPS,IE,2000-S1,,m,
ESTAT:EARN_MW_CUR(1.0),31/07/26 11:00:00,S,PPS,IE,2000-S2,797,,
ESTAT:EARN_MW_CUR(1.0),31/07/26 11:00:00,S,PPS,IE,2001-S1,774,,
ESTAT:EARN_MW_CUR(1.0),31/07/26 11:00:00,S,PPS,IE,2001-S2,826,,
ESTAT:EARN_MW_CUR(1.0),31/07/26 11:00:00,S,PPS,IE,2002-S1,792,,
ESTAT:EARN_MW_CUR(1.0),31/07/26 11:00:00,S,PPS,IE,2002-S2,792,,
ESTAT:EARN_MW_CUR(1.0),31/07/26 11:00:00,S,PPS,IE,2003-S1,842,,
ESTAT:EARN_MW_CUR(1.0),31/07/26 11:00:00,S,PPS,IE,2003-S2,842,,
ESTAT:EARN_MW_CUR(1.0),31/07/26 11:00:00,S,PPS,IE,2004-S1,846,,
ESTAT:EARN_MW_CUR(1.0),31/07/26 11:00:00,S,PPS,IE,2004-S2,933,,
ESTAT:EARN_MW_CUR(1.0),31/07/26 11:00:00,S,PPS,IE,2005-S1,937,,
ESTAT:EARN_MW_CUR(1.0),31/07/26 11:00:00,S,PPS,IE,2005-S2,1024,,
ESTAT:EARN_MW_CUR(1.0),31/07/26 11:00:00,S,PPS,IE,2006-S1,1021,,
ESTAT:EARN_MW_CUR(1.0),31/07/26 11:00:00,S,PPS,IE,2006-S2,1021,,
ESTAT:EARN_MW_CUR(1.0),31/07/26 11:00:00,S,PPS,IE,2007-S1,1104,,
ESTAT:EARN_MW_CUR(1.0),31/07/26 11:00:00,S,PPS,IE,2007-S2,1150,,
ESTAT:EARN_MW_CUR(1.0),31/07/26 11:00:00,S,PPS,IE,2008-S1,1129,,
ESTAT:EARN_MW_CUR(1.0),31/07/26 11:00:00,S,PPS,IE,2008-S2,1129,,
ESTAT:EARN_MW_CUR(1.0),31/07/26 11:00:00,S,PPS,IE,2009-S1,1162,,
ESTAT:EARN_MW_CUR(1.0),31/07/26 11:00:00,S,PPS,IE,2009-S2,1162,,
ESTAT:EARN_MW_CUR(1.0),31/07/26 11:00:00,S,PPS,IE,2010-S1,1216,,
ESTAT:EARN_MW_CUR(1.0),31/07/26 11:00:00,S,PPS,IE,2010-S2,1216,,
ESTAT:EARN_MW_CUR(1.0),31/07/26 11:00:00,S,PPS,IE,2011-S1,1207,,
ESTAT:EARN_MW_CUR(1.0),31/07/26 11:00:00,S,PPS,IE,2011-S2,1207,,
ESTAT:EARN_MW_CUR(1.0),31/07/26 11:00:00,S,PPS,IE,2012-S1,1200,,
ESTAT:EARN_MW_CUR(1.0),31/07/26 11:00:00,S,PPS,IE,2012-S2,1200,,
ESTAT:EARN_MW_CUR(1.0),31/07/26 11:00:00,S,PPS,IE,2013-S1,1179,,
ESTAT:EARN_MW_CUR(1.0),31/07/26 11:00:00,S,PPS,IE,2013-S2,1179,,
ESTAT:EARN_MW_CUR(1.0),31/07/26 11:00:00,S,PPS,IE,2014-S1,1143,,
ESTAT:EARN_MW_CUR(1.0),31/07/26 11:00:00,S,PPS,IE,2014-S2,1143,,
ESTAT:EARN_MW_CUR(1.0),31/07/26 11:00:00,S,PPS,IE,2015-S1,1139,,
ESTAT:EARN_MW_CUR(1.0),31/07/26 11:00:00,S,PPS,IE,2015-S2,1139,,
ESTAT:EARN_MW_CUR(1.0),31/07/26 11:00:00,S,PPS,IE,2016-S1,1195,,
ESTAT:EARN_MW_CUR(1.0),31/07/26 11:00:00,S,PPS,IE,2016-S2,1195,,
ESTAT:EARN_MW_CUR(1.0),31/07/26 11:00:00,S,PPS,IE,2017-S1,1188,,
ESTAT:EARN_MW_CUR(1.0),31/07/26 11:00:00,S,PPS,IE,2017-S2,1188,,
ESTAT:EARN_MW_CUR(1.0),31/07/26 11:00:00,S,PPS,IE,2018-S1,1203,,
ESTAT:EARN_MW_CUR(1.0),31/07/26 11:00:00,S,PPS,IE,2018-S2,1203,,
ESTAT:EARN_MW_CUR(1.0),31/07/26 11:00:00,S,PPS,IE,2019-S1,1215,,
ESTAT:EARN_MW_CUR(1.0),31/07/26 11:00:00,S,PPS,IE,2019-S2,1215,,
ESTAT:EARN_MW_CUR(1.0),31/07/26 11:00:00,S,PPS,IE,2020-S1,1169,,
ESTAT:EARN_MW_CUR(1.0),31/07/26 11:00:00,S,PPS,IE,2020-S2,1205,,
ESTAT:EARN_MW_CUR(1.0),31/07/26 11:00:00,S,PPS,IE,2021-S1,1246,,
ESTAT:EARN_MW_CUR(1.0),31/07/26 11:00:00,S,PPS,IE,2021-S2,1246,,
ESTAT:EARN_MW_CUR(1.0),31/07/26 11:00:00,S,PPS,IE,2022-S1,1297,,
ESTAT:EARN_MW_CUR(1.0),31/07/26 11:00:00,S,PPS,IE,2022-S2,1297,,
ESTAT:EARN_MW_CUR(1.0),31/07/26 11:00:00,S,PPS,IE,2023-S1,1388,,
ESTAT:EARN_MW_CUR(1.0),31/07/26 11:00:00,S,PPS,IE,2023-S2,1388,,
ESTAT:EARN_MW_CUR(1.0),31/07/26 11:00:00,S,PPS,IE,2024-S1,1569,,
ESTAT:EARN_MW_CUR(1.0),31/07/26 11:00:00,S,PPS,IE,2024-S2,1569,,
ESTAT:EARN_MW_CUR(1.0),31/07/26 11:00:00,S,PPS,IE,2025-S1,1676,,
ESTAT:EARN_MW_CUR(1.0),31/07/26 11:00:00,S,PPS,IE,2025-S2,1676,,
ESTAT:EARN_MW_CUR(1.0),31/07/26 11:00:00,S,PPS,IE,2026-S1,1756,e,
ESTAT:EARN_MW_CUR(1.0),31/07/26 11:00:00,S,PPS,IE,2026-S2,1756,e,
ESTAT:EARN_MW_CUR(1.0),31/07/26 11:00:00,S,PPS,IS,1999-S1,,m,
ESTAT:EARN_MW_CUR(1.0),31/07/26 11:00:00,S,PPS,IS,1999-S2,,m,
ESTAT:EARN_MW_CUR(1.0),31/07/26 11:00:00,S,PPS,IS,2000-S1,,m,
ESTAT:EARN_MW_CUR(1.0),31/07/26 11:00:00,S,PPS,IS,2000-S2,,m,
ESTAT:EARN_MW_CUR(1.0),31/07/26 11:00:00,S,PPS,IS,2001-S1,,m,
ESTAT:EARN_MW_CUR(1.0),31/07/26 11:00:00,S,PPS,IS,2001-S2,,m,
ESTAT:EARN_MW_CUR(1.0),31/07/26 11:00:00,S,PPS,IS,2002-S1,,m,
ESTAT:EARN_MW_CUR(1.0),31/07/26 11:00:00,S,PPS,IS,2002-S2,,m,
ESTAT:EARN_MW_CUR(1.0),31/07/26 11:00:00,S,PPS,IS,2003-S1,,m,
ESTAT:EARN_MW_CUR(1.0),31/07/26 11:00:00,S,PPS,IS,2003-S2,,m,
ESTAT:EARN_MW_CUR(1.0),31/07/26 11:00:00,S,PPS,IS,2004-S1,,m,
ESTAT:EARN_MW_CUR(1.0),31/07/26 11:00:00,S,PPS,IS,2004-S2,,m,
ESTAT:EARN_MW_CUR(1.0),31/07/26 11:00:00,S,PPS,IS,2005-S1,,m,
ESTAT:EARN_MW_CUR(1.0),31/07/26 11:00:00,S,PPS,IS,2005-S2,,m,
ESTAT:EARN_MW_CUR(1.0),31/07/26 11:00:00,S,PPS,IS,2006-S1,,m,
ESTAT:EARN_MW_CUR(1.0),31/07/26 11:00:00,S,PPS,IS,2006-S2,,m,
ESTAT:EARN_MW_CUR(1.0),31/07/26 11:00:00,S,PPS,IS,2007-S1,,m,
ESTAT:EARN_MW_CUR(1.0),31/07/26 11:00:00,S,PPS,IS,2007-S2,,m,
ESTAT:EARN_MW_CUR(1.0),31/07/26 11:00:00,S,PPS,IS,2008-S1,,m,
ESTAT:EARN_MW_CUR(1.0),31/07/26 11:00:00,S,PPS,IS,2008-S2,,m,
ESTAT:EARN_MW_CUR(1.0),31/07/26 11:00:00,S,PPS,IS,2009-S1,,m,
ESTAT:EARN_MW_CUR(1.0),31/07/26 11:00:00,S,PPS,IS,2009-S2,,m,
ESTAT:EARN_MW_CUR(1.0),31/07/26 11:00:00,S,PPS,IS,2010-S1,,m,
ESTAT:EARN_MW_CUR(1.0),31/07/26 11:00:00,S,PPS,IS,2010-S2,,m,
ESTAT:EARN_MW_CUR(1.0),31/07/26 11:00:00,S,PPS,IS,2011-S1,,m,
ESTAT:EARN_MW_CUR(1.0),31/07/26 11:00:00,S,PPS,IS,2011-S2,,m,
ESTAT:EARN_MW_CUR(1.0),31/07/26 11:00:00,S,PPS,IS,2012-S1,,m,
ESTAT:EARN_MW_CUR(1.0),31/07/26 11:00:00,S,PPS,IS,2012-S2,,m,
ESTAT:EARN_MW_CUR(1.0),31/07/26 11:00:00,S,PPS,IS,2013-S1,,m,
ESTAT:EARN_MW_CUR(1.0),31/07/26 11:00:00,S,PPS,IS,2013-S2,,m,
ESTAT:EARN_MW_CUR(1.0),31/07/26 11:00:00,S,PPS,IS,2014-S1,,m,
ESTAT:EARN_MW_CUR(1.0),31/07/26 11:00:00,S,PPS,IS,2014-S2,,m,
ESTAT:EARN_MW_CUR(1.0),31/07/26 11:00:00,S,PPS,IS,2015-S1,,m,
ESTAT:EARN_MW_CUR(1.0),31/07/26 11:00:00,S,PPS,IS,2015-S2,,m,
ESTAT:EARN_MW_CUR(1.0),31/07/26 11:00:00,S,PPS,IS,2016-S1,,m,
ESTAT:EARN_MW_CUR(1.0),31/07/26 11:00:00,S,PPS,IS,2016-S2,,m,
ESTAT:EARN_MW_CUR(1.0),31/07/26 11:00:00,S,PPS,IS,2017-S1,,m,
ESTAT:EARN_MW_CUR(1.0),31/07/26 11:00:00,S,PPS,IS,2017-S2,,m,
ESTAT:EARN_MW_CUR(1.0),31/07/26 11:00:00,S,PPS,IS,2018-S1,,m,
ESTAT:EARN_MW_CUR(1.0),31/07/26 11:00:00,S,PPS,IS,2018-S2,,m,
ESTAT:EARN_MW_CUR(1.0),31/07/26 11:00:00,S,PPS,IS,2019-S1,,m,
ESTAT:EARN_MW_CUR(1.0),31/07/26 11:00:00,S,PPS,IS,2019-S2,,m,
ESTAT:EARN_MW_CUR(1.0),31/07/26 11:00:00,S,PPS,IS,2020-S1,,m,
ESTAT:EARN_MW_CUR(1.0),31/07/26 11:00:00,S,PPS,IS,2020-S2,,m,
ESTAT:EARN_MW_CUR(1.0),31/07/26 11:00:00,S,PPS,IS,2021-S1,,m,
ESTAT:EARN_MW_CUR(1.0),31/07/26 11:00:00,S,PPS,IS,2021-S2,,m,
ESTAT:EARN_MW_CUR(1.0),31/07/26 11:00:00,S,PPS,IS,2022-S1,,m,
ESTAT:EARN_MW_CUR(1.0),31/07/26 11:00:00,S,PPS,IS,2022-S2,,m,
ESTAT:EARN_MW_CUR(1.0),31/07/26 11:00:00,S,PPS,IS,2023-S1,,m,
ESTAT:EARN_MW_CUR(1.0),31/07/26 11:00:00,S,PPS,IS,2023-S2,,m,
ESTAT:EARN_MW_CUR(1.0),31/07/26 11:00:00,S,PPS,IS,2024-S1,,m,
ESTAT:EARN_MW_CUR(1.0),31/07/26 11:00:00,S,PPS,IS,2024-S2,,m,
ESTAT:EARN_MW_CUR(1.0),31/07/26 11:00:00,S,PPS,IS,2025-S1,,m,
ESTAT:EARN_MW_CUR(1.0),31/07/26 11:00:00,S,PPS,IS,2025-S2,,m,
ESTAT:EARN_MW_CUR(1.0),31/07/26 11:00:00,S,PPS,IS,2026-S1,,m,
ESTAT:EARN_MW_CUR(1.0),31/07/26 11:00:00,S,PPS,IS,2026-S2,,m,
ESTAT:EARN_MW_CUR(1.0),31/07/26 11:00:00,S,PPS,IT,1999-S1,,m,
ESTAT:EARN_MW_CUR(1.0),31/07/26 11:00:00,S,PPS,IT,1999-S2,,m,
ESTAT:EARN_MW_CUR(1.0),31/07/26 11:00:00,S,PPS,IT,2000-S1,,m,
ESTAT:EARN_MW_CUR(1.0),31/07/26 11:00:00,S,PPS,IT,2000-S2,,m,
ESTAT:EARN_MW_CUR(1.0),31/07/26 11:00:00,S,PPS,IT,2001-S1,,m,
ESTAT:EARN_MW_CUR(1.0),31/07/26 11:00:00,S,PPS,IT,2001-S2,,m,
ESTAT:EARN_MW_CUR(1.0),31/07/26 11:00:00,S,PPS,IT,2002-S1,,m,
ESTAT:EARN_MW_CUR(1.0),31/07/26 11:00:00,S,PPS,IT,2002-S2,,m,
ESTAT:EARN_MW_CUR(1.0),31/07/26 11:00:00,S,PPS,IT,2003-S1,,m,
ESTAT:EARN_MW_CUR(1.0),31/07/26 11:00:00,S,PPS,IT,2003-S2,,m,
ESTAT:EARN_MW_CUR(1.0),31/07/26 11:00:00,S,PPS,IT,2004-S1,,m,
ESTAT:EARN_MW_CUR(1.0),31/07/26 11:00:00,S,PPS,IT,2004-S2,,m,
ESTAT:EARN_MW_CUR(1.0),31/07/26 11:00:00,S,PPS,IT,2005-S1,,m,
ESTAT:EARN_MW_CUR(1.0),31/07/26 11:00:00,S,PPS,IT,2005-S2,,m,
ESTAT:EARN_MW_CUR(1.0),31/07/26 11:00:00,S,PPS,IT,2006-S1,,m,
ESTAT:EARN_MW_CUR(1.0),31/07/26 11:00:00,S,PPS,IT,2006-S2,,m,
ESTAT:EARN_MW_CUR(1.0),31/07/26 11:00:00,S,PPS,IT,2007-S1,,m,
ESTAT:EARN_MW_CUR(1.0),31/07/26 11:00:00,S,PPS,IT,2007-S2,,m,
ESTAT:EARN_MW_CUR(1.0),31/07/26 11:00:00,S,PPS,IT,2008-S1,,m,
ESTAT:EARN_MW_CUR(1.0),31/07/26 11:00:00,S,PPS,IT,2008-S2,,m,
ESTAT:EARN_MW_CUR(1.0),31/07/26 11:00:00,S,PPS,IT,2009-S1,,m,
ESTAT:EARN_MW_CUR(1.0),31/07/26 11:00:00,S,PPS,IT,2009-S2,,m,
ESTAT:EARN_MW_CUR(1.0),31/07/26 11:00:00,S,PPS,IT,2010-S1,,m,
ESTAT:EARN_MW_CUR(1.0),31/07/26 11:00:00,S,PPS,IT,2010-S2,,m,
ESTAT:EARN_MW_CUR(1.0),31/07/26 11:00:00,S,PPS,IT,2011-S1,,m,
ESTAT:EARN_MW_CUR(1.0),31/07/26 11:00:00,S,PPS,IT,2011-S2,,m,
ESTAT:EARN_MW_CUR(1.0),31/07/26 11:00:00,S,PPS,IT,2012-S1,,m,
ESTAT:EARN_MW_CUR(1.0),31/07/26 11:00:00,S,PPS,IT,2012-S2,,m,
ESTAT:EARN_MW_CUR(1.0),31/07/26 11:00:00,S,PPS,IT,2013-S1,,m,
ESTAT:EARN_MW_CUR(1.0),31/07/26 11:00:00,S,PPS,IT,2013-S2,,m,
ESTAT:EARN_MW_CUR(1.0),31/07/26 11:00:00,S,PPS,IT,2014-S1,,m,
ESTAT:EARN_MW_CUR(1.0),31/07/26 11:00:00,S,PPS,IT,2014-S2,,m,
ESTAT:EARN_MW_CUR(1.0),31/07/26 11:00:00,S,PPS,IT,2015-S1,,m,
ESTAT:EARN_MW_CUR(1.0),31/07/26 11:00:00,S,PPS,IT,2015-S2,,m,
ESTAT:EARN_MW_CUR(1.0),31/07/26 11:00:00,S,PPS,IT,2016-S1,,m,
ESTAT:EARN_MW_CUR(1.0),31/07/26 11:00:00,S,PPS,IT,2016-S2,,m,
ESTAT:EARN_MW_CUR(1.0),31/07/26 11:00:00,S,PPS,IT,2017-S1,,m,
ESTAT:EARN_MW_CUR(1.0),31/07/26 11:00:00,S,PPS,IT,2017-S2,,m,
ESTAT:EARN_MW_CUR(1.0),31/07/26 11:00:00,S,PPS,IT,2018-S1,,m,
ESTAT:EARN_MW_CUR(1.0),31/07/26 11:00:00,S,PPS,IT,2018-S2,,m,
ESTAT:EARN_MW_CUR(1.0),31/07/26 11:00:00,S,PPS,IT,2019-S1,,m,
ESTAT:EARN_MW_CUR(1.0),31/07/26 11:00:00,S,PPS,IT,2019-S2,,m,
ESTAT:EARN_MW_CUR(1.0),31/07/26 11:00:00,S,PPS,IT,2020-S1,,m,
ESTAT:EARN_MW_CUR(1.0),31/07/26 11:00:00,S,PPS,IT,2020-S2,,m,
ESTAT:EARN_MW_CUR(1.0),31/07/26 11:00:00,S,PPS,IT,2021-S1,,m,
ESTAT:EARN_MW_CUR(1.0),31/07/26 11:00:00,S,PPS,IT,2021-S2,,m,
ESTAT:EARN_MW_CUR(1.0),31/07/26 11:00:00,S,PPS,IT,2022-S1,,m,
ESTAT:EARN_MW_CUR(1.0),31/07/26 11:00:00,S,PPS,IT,2022-S2,,m,
ESTAT:EARN_MW_CUR(1.0),31/07/26 11:00:00,S,PPS,IT,2023-S1,,m,
ESTAT:EARN_MW_CUR(1.0),31/07/26 11:00:00,S,PPS,IT,2023-S2,,m,
ESTAT:EARN_MW_CUR(1.0),31/07/26 11:00:00,S,PPS,IT,2024-S1,,m,
ESTAT:EARN_MW_CUR(1.0),31/07/26 11:00:00,S,PPS,IT,2024-S2,,m,
ESTAT:EARN_MW_CUR(1.0),31/07/26 11:00:00,S,PPS,IT,2025-S1,,m,
ESTAT:EARN_MW_CUR(1.0),31/07/26 11:00:00,S,PPS,IT,2025-S2,,m,
ESTAT:EARN_MW_CUR(1.0),31/07/26 11:00:00,S,PPS,IT,2026-S1,,m,
ESTAT:EARN_MW_CUR(1.0),31/07/26 11:00:00,S,PPS,IT,2026-S2,,m,
ESTAT:EARN_MW_CUR(1.0),31/07/26 11:00:00,S,PPS,LT,1999-S1,206,,
ESTAT:EARN_MW_CUR(1.0),31/07/26 11:00:00,S,PPS,LT,1999-S2,206,,
ESTAT:EARN_MW_CUR(1.0),31/07/26 11:00:00,S,PPS,LT,2000-S1,211,,
ESTAT:EARN_MW_CUR(1.0),31/07/26 11:00:00,S,PPS,LT,2000-S2,211,,
ESTAT:EARN_MW_CUR(1.0),31/07/26 11:00:00,S,PPS,LT,2001-S1,213,,
ESTAT:EARN_MW_CUR(1.0),31/07/26 11:00:00,S,PPS,LT,2001-S2,213,,
ESTAT:EARN_MW_CUR(1.0),31/07/26 11:00:00,S,PPS,LT,2002-S1,220,,
ESTAT:EARN_MW_CUR(1.0),31/07/26 11:00:00,S,PPS,LT,2002-S2,220,,
ESTAT:EARN_MW_CUR(1.0),31/07/26 11:00:00,S,PPS,LT,2003-S1,233,,
ESTAT:EARN_MW_CUR(1.0),31/07/26 11:00:00,S,PPS,LT,2003-S2,233,,
ESTAT:EARN_MW_CUR(1.0),31/07/26 11:00:00,S,PPS,LT,2004-S1,241,,
ESTAT:EARN_MW_CUR(1.0),31/07/26 11:00:00,S,PPS,LT,2004-S2,268,,
ESTAT:EARN_MW_CUR(1.0),31/07/26 11:00:00,S,PPS,LT,2005-S1,259,,
ESTAT:EARN_MW_CUR(1.0),31/07/26 11:00:00,S,PPS,LT,2005-S2,285,,
ESTAT:EARN_MW_CUR(1.0),31/07/26 11:00:00,S,PPS,LT,2006-S1,270,,
ESTAT:EARN_MW_CUR(1.0),31/07/26 11:00:00,S,PPS,LT,2006-S2,294,,
ESTAT:EARN_MW_CUR(1.0),31/07/26 11:00:00,S,PPS,LT,2007-S1,282,,
ESTAT:EARN_MW_CUR(1.0),31/07/26 11:00:00,S,PPS,LT,2007-S2,329,,
ESTAT:EARN_MW_CUR(1.0),31/07/26 11:00:00,S,PPS,LT,2008-S1,352,,
ESTAT:EARN_MW_CUR(1.0),31/07/26 11:00:00,S,PPS,LT,2008-S2,352,,
ESTAT:EARN_MW_CUR(1.0),31/07/26 11:00:00,S,PPS,LT,2009-S1,350,,
ESTAT:EARN_MW_CUR(1.0),31/07/26 11:00:00,S,PPS,LT,2009-S2,350,,
ESTAT:EARN_MW_CUR(1.0),31/07/26 11:00:00,S,PPS,LT,2010-S1,360,,
ESTAT:EARN_MW_CUR(1.0),31/07/26 11:00:00,S,PPS,LT,2010-S2,360,,
ESTAT:EARN_MW_CUR(1.0),31/07/26 11:00:00,S,PPS,LT,2011-S1,355,,
ESTAT:EARN_MW_CUR(1.0),31/07/26 11:00:00,S,PPS,LT,2011-S2,355,,
ESTAT:EARN_MW_CUR(1.0),31/07/26 11:00:00,S,PPS,LT,2012-S1,354,,
ESTAT:EARN_MW_CUR(1.0),31/07/26 11:00:00,S,PPS,LT,2012-S2,354,,
ESTAT:EARN_MW_CUR(1.0),31/07/26 11:00:00,S,PPS,LT,2013-S1,448,,
ESTAT:EARN_MW_CUR(1.0),31/07/26 11:00:00,S,PPS,LT,2013-S2,448,,
ESTAT:EARN_MW_CUR(1.0),31/07/26 11:00:00,S,PPS,LT,2014-S1,448,,
ESTAT:EARN_MW_CUR(1.0),31/07/26 11:00:00,S,PPS,LT,2014-S2,448,,
ESTAT:EARN_MW_CUR(1.0),31/07/26 11:00:00,S,PPS,LT,2015-S1,468,,
ESTAT:EARN_MW_CUR(1.0),31/07/26 11:00:00,S,PPS,LT,2015-S2,507,,
ESTAT:EARN_MW_CUR(1.0),31/07/26 11:00:00,S,PPS,LT,2016-S1,538,,
ESTAT:EARN_MW_CUR(1.0),31/07/26 11:00:00,S,PPS,LT,2016-S2,584,,
ESTAT:EARN_MW_CUR(1.0),31/07/26 11:00:00,S,PPS,LT,2017-S1,575,,
ESTAT:EARN_MW_CUR(1.0),31/07/26 11:00:00,S,PPS,LT,2017-S2,575,,
ESTAT:EARN_MW_CUR(1.0),31/07/26 11:00:00,S,PPS,LT,2018-S1,593,,
ESTAT:EARN_MW_CUR(1.0),31/07/26 11:00:00,S,PPS,LT,2018-S2,593,,
ESTAT:EARN_MW_CUR(1.0),31/07/26 11:00:00,S,PPS,LT,2019-S1,816,,
ESTAT:EARN_MW_CUR(1.0),31/07/26 11:00:00,S,PPS,LT,2019-S2,816,,
ESTAT:EARN_MW_CUR(1.0),31/07/26 11:00:00,S,PPS,LT,2020-S1,868,,
ESTAT:EARN_MW_CUR(1.0),31/07/26 11:00:00,S,PPS,LT,2020-S2,868,,
ESTAT:EARN_MW_CUR(1.0),31/07/26 11:00:00,S,PPS,LT,2021-S1,897,,
ESTAT:EARN_MW_CUR(1.0),31/07/26 11:00:00,S,PPS,LT,2021-S2,897,,
ESTAT:EARN_MW_CUR(1.0),31/07/26 11:00:00,S,PPS,LT,2022-S1,920,,
ESTAT:EARN_MW_CUR(1.0),31/07/26 11:00:00,S,PPS,LT,2022-S2,920,,
ESTAT:EARN_MW_CUR(1.0),31/07/26 11:00:00,S,PPS,LT,2023-S1,1013,,
ESTAT:EARN_MW_CUR(1.0),31/07/26 11:00:00,S,PPS,LT,2023-S2,1013,,
ESTAT:EARN_MW_CUR(1.0),31/07/26 11:00:00,S,PPS,LT,2024-S1,1132,,
ESTAT:EARN_MW_CUR(1.0),31/07/26 11:00:00,S,PPS,LT,2024-S2,1132,,
ESTAT:EARN_MW_CUR(1.0),31/07/26 11:00:00,S,PPS,LT,2025-S1,1254,,
ESTAT:EARN_MW_CUR(1.0),31/07/26 11:00:00,S,PPS,LT,2025-S2,1254,,
ESTAT:EARN_MW_CUR(1.0),31/07/26 11:00:00,S,PPS,LT,2026-S1,1393,e,
ESTAT:EARN_MW_CUR(1.0),31/07/26 11:00:00,S,PPS,LT,2026-S2,1393,e,
ESTAT:EARN_MW_CUR(1.0),31/07/26 11:00:00,S,PPS,LU,1999-S1,1040,,
ESTAT:EARN_MW_CUR(1.0),31/07/26 11:00:00,S,PPS,LU,1999-S2,1040,,
ESTAT:EARN_MW_CUR(1.0),31/07/26 11:00:00,S,PPS,LU,2000-S1,1069,,
ESTAT:EARN_MW_CUR(1.0),31/07/26 11:00:00,S,PPS,LU,2000-S2,1096,,
ESTAT:EARN_MW_CUR(1.0),31/07/26 11:00:00,S,PPS,LU,2001-S1,1110,,
ESTAT:EARN_MW_CUR(1.0),31/07/26 11:00:00,S,PPS,LU,2001-S2,1138,,
ESTAT:EARN_MW_CUR(1.0),31/07/26 11:00:00,S,PPS,LU,2002-S1,1149,,
ESTAT:EARN_MW_CUR(1.0),31/07/26 11:00:00,S,PPS,LU,2002-S2,1178,,
ESTAT:EARN_MW_CUR(1.0),31/07/26 11:00:00,S,PPS,LU,2003-S1,1224,,
ESTAT:EARN_MW_CUR(1.0),31/07/26 11:00:00,S,PPS,LU,2003-S2,1224,,
ESTAT:EARN_MW_CUR(1.0),31/07/26 11:00:00,S,PPS,LU,2004-S1,1223,,
ESTAT:EARN_MW_CUR(1.0),31/07/26 11:00:00,S,PPS,LU,2004-S2,1223,,
ESTAT:EARN_MW_CUR(1.0),31/07/26 11:00:00,S,PPS,LU,2005-S1,1288,,
ESTAT:EARN_MW_CUR(1.0),31/07/26 11:00:00,S,PPS,LU,2005-S2,1288,,
ESTAT:EARN_MW_CUR(1.0),31/07/26 11:00:00,S,PPS,LU,2006-S1,1333,,
ESTAT:EARN_MW_CUR(1.0),31/07/26 11:00:00,S,PPS,LU,2006-S2,1333,,
ESTAT:EARN_MW_CUR(1.0),31/07/26 11:00:00,S,PPS,LU,2007-S1,1358,,
ESTAT:EARN_MW_CUR(1.0),31/07/26 11:00:00,S,PPS,LU,2007-S2,1358,,
ESTAT:EARN_MW_CUR(1.0),31/07/26 11:00:00,S,PPS,LU,2008-S1,1357,,
ESTAT:EARN_MW_CUR(1.0),31/07/26 11:00:00,S,PPS,LU,2008-S2,1390,,
ESTAT:EARN_MW_CUR(1.0),31/07/26 11:00:00,S,PPS,LU,2009-S1,1373,,
ESTAT:EARN_MW_CUR(1.0),31/07/26 11:00:00,S,PPS,LU,2009-S2,1407,,
ESTAT:EARN_MW_CUR(1.0),31/07/26 11:00:00,S,PPS,LU,2010-S1,1383,,
ESTAT:EARN_MW_CUR(1.0),31/07/26 11:00:00,S,PPS,LU,2010-S2,1417,,
ESTAT:EARN_MW_CUR(1.0),31/07/26 11:00:00,S,PPS,LU,2011-S1,1436,,
ESTAT:EARN_MW_CUR(1.0),31/07/26 11:00:00,S,PPS,LU,2011-S2,1436,,
ESTAT:EARN_MW_CUR(1.0),31/07/26 11:00:00,S,PPS,LU,2012-S1,1464,,
ESTAT:EARN_MW_CUR(1.0),31/07/26 11:00:00,S,PPS,LU,2012-S2,1464,,
ESTAT:EARN_MW_CUR(1.0),31/07/26 11:00:00,S,PPS,LU,2013-S1,1514,,
ESTAT:EARN_MW_CUR(1.0),31/07/26 11:00:00,S,PPS,LU,2013-S2,1514,,
ESTAT:EARN_MW_CUR(1.0),31/07/26 11:00:00,S,PPS,LU,2014-S1,1527,,
ESTAT:EARN_MW_CUR(1.0),31/07/26 11:00:00,S,PPS,LU,2014-S2,1527,,
ESTAT:EARN_MW_CUR(1.0),31/07/26 11:00:00,S,PPS,LU,2015-S1,1532,,
ESTAT:EARN_MW_CUR(1.0),31/07/26 11:00:00,S,PPS,LU,2015-S2,1532,,
ESTAT:EARN_MW_CUR(1.0),31/07/26 11:00:00,S,PPS,LU,2016-S1,1504,,
ESTAT:EARN_MW_CUR(1.0),31/07/26 11:00:00,S,PPS,LU,2016-S2,1504,,
ESTAT:EARN_MW_CUR(1.0),31/07/26 11:00:00,S,PPS,LU,2017-S1,1552,,
ESTAT:EARN_MW_CUR(1.0),31/07/26 11:00:00,S,PPS,LU,2017-S2,1552,,
ESTAT:EARN_MW_CUR(1.0),31/07/26 11:00:00,S,PPS,LU,2018-S1,1575,,
ESTAT:EARN_MW_CUR(1.0),31/07/26 11:00:00,S,PPS,LU,2018-S2,1575,,
ESTAT:EARN_MW_CUR(1.0),31/07/26 11:00:00,S,PPS,LU,2019-S1,1583,,
ESTAT:EARN_MW_CUR(1.0),31/07/26 11:00:00,S,PPS,LU,2019-S2,1583,,
ESTAT:EARN_MW_CUR(1.0),31/07/26 11:00:00,S,PPS,LU,2020-S1,1560,,
ESTAT:EARN_MW_CUR(1.0),31/07/26 11:00:00,S,PPS,LU,2020-S2,1560,,
ESTAT:EARN_MW_CUR(1.0),31/07/26 11:00:00,S,PPS,LU,2021-S1,1588,,
ESTAT:EARN_MW_CUR(1.0),31/07/26 11:00:00,S,PPS,LU,2021-S2,1588,,
ESTAT:EARN_MW_CUR(1.0),31/07/26 11:00:00,S,PPS,LU,2022-S1,1676,,
ESTAT:EARN_MW_CUR(1.0),31/07/26 11:00:00,S,PPS,LU,2022-S2,1718,,
ESTAT:EARN_MW_CUR(1.0),31/07/26 11:00:00,S,PPS,LU,2023-S1,1811,,
ESTAT:EARN_MW_CUR(1.0),31/07/26 11:00:00,S,PPS,LU,2023-S2,1902,,
ESTAT:EARN_MW_CUR(1.0),31/07/26 11:00:00,S,PPS,LU,2024-S1,1962,,
ESTAT:EARN_MW_CUR(1.0),31/07/26 11:00:00,S,PPS,LU,2024-S2,1962,,
ESTAT:EARN_MW_CUR(1.0),31/07/26 11:00:00,S,PPS,LU,2025-S1,2006,,
ESTAT:EARN_MW_CUR(1.0),31/07/26 11:00:00,S,PPS,LU,2025-S2,2056,,
ESTAT:EARN_MW_CUR(1.0),31/07/26 11:00:00,S,PPS,LU,2026-S1,2056,e,
ESTAT:EARN_MW_CUR(1.0),31/07/26 11:00:00,S,PPS,LU,2026-S2,2108,e,
ESTAT:EARN_MW_CUR(1.0),31/07/26 11:00:00,S,PPS,LV,1999-S1,145,,
ESTAT:EARN_MW_CUR(1.0),31/07/26 11:00:00,S,PPS,LV,1999-S2,145,,
ESTAT:EARN_MW_CUR(1.0),31/07/26 11:00:00,S,PPS,LV,2000-S1,146,,
ESTAT:EARN_MW_CUR(1.0),31/07/26 11:00:00,S,PPS,LV,2000-S2,146,,
ESTAT:EARN_MW_CUR(1.0),31/07/26 11:00:00,S,PPS,LV,2001-S1,149,,
ESTAT:EARN_MW_CUR(1.0),31/07/26 11:00:00,S,PPS,LV,2001-S2,179,,
ESTAT:EARN_MW_CUR(1.0),31/07/26 11:00:00,S,PPS,LV,2002-S1,174,,
ESTAT:EARN_MW_CUR(1.0),31/07/26 11:00:00,S,PPS,LV,2002-S2,174,,
ESTAT:EARN_MW_CUR(1.0),31/07/26 11:00:00,S,PPS,LV,2003-S1,195,,
ESTAT:EARN_MW_CUR(1.0),31/07/26 11:00:00,S,PPS,LV,2003-S2,195,,
ESTAT:EARN_MW_CUR(1.0),31/07/26 11:00:00,S,PPS,LV,2004-S1,210,,
ESTAT:EARN_MW_CUR(1.0),31/07/26 11:00:00,S,PPS,LV,2004-S2,210,,
ESTAT:EARN_MW_CUR(1.0),31/07/26 11:00:00,S,PPS,LV,2005-S1,196,,
ESTAT:EARN_MW_CUR(1.0),31/07/26 11:00:00,S,PPS,LV,2005-S2,196,,
ESTAT:EARN_MW_CUR(1.0),31/07/26 11:00:00,S,PPS,LV,2006-S1,198,,
ESTAT:EARN_MW_CUR(1.0),31/07/26 11:00:00,S,PPS,LV,2006-S2,198,,
ESTAT:EARN_MW_CUR(1.0),31/07/26 11:00:00,S,PPS,LV,2007-S1,239,,
ESTAT:EARN_MW_CUR(1.0),31/07/26 11:00:00,S,PPS,LV,2007-S2,239,,
ESTAT:EARN_MW_CUR(1.0),31/07/26 11:00:00,S,PPS,LV,2008-S1,294,,
ESTAT:EARN_MW_CUR(1.0),31/07/26 11:00:00,S,PPS,LV,2008-S2,294,,
ESTAT:EARN_MW_CUR(1.0),31/07/26 11:00:00,S,PPS,LV,2009-S1,339,,
ESTAT:EARN_MW_CUR(1.0),31/07/26 11:00:00,S,PPS,LV,2009-S2,339,,
ESTAT:EARN_MW_CUR(1.0),31/07/26 11:00:00,S,PPS,LV,2010-S1,363,,
ESTAT:EARN_MW_CUR(1.0),31/07/26 11:00:00,S,PPS,LV,2010-S2,363,,
ESTAT:EARN_MW_CUR(1.0),31/07/26 11:00:00,S,PPS,LV,2011-S1,390,,
ESTAT:EARN_MW_CUR(1.0),31/07/26 11:00:00,S,PPS,LV,2011-S2,390,,
ESTAT:EARN_MW_CUR(1.0),31/07/26 11:00:00,S,PPS,LV,2012-S1,388,,
ESTAT:EARN_MW_CUR(1.0),31/07/26 11:00:00,S,PPS,LV,2012-S2,388,,
ESTAT:EARN_MW_CUR(1.0),31/07/26 11:00:00,S,PPS,LV,2013-S1,393,,
ESTAT:EARN_MW_CUR(1.0),31/07/26 11:00:00,S,PPS,LV,2013-S2,393,,
ESTAT:EARN_MW_CUR(1.0),31/07/26 11:00:00,S,PPS,LV,2014-S1,434,,
ESTAT:EARN_MW_CUR(1.0),31/07/26 11:00:00,S,PPS,LV,2014-S2,434,,
ESTAT:EARN_MW_CUR(1.0),31/07/26 11:00:00,S,PPS,LV,2015-S1,492,,
ESTAT:EARN_MW_CUR(1.0),31/07/26 11:00:00,S,PPS,LV,2015-S2,492,,
ESTAT:EARN_MW_CUR(1.0),31/07/26 11:00:00,S,PPS,LV,2016-S1,497,,
ESTAT:EARN_MW_CUR(1.0),31/07/26 11:00:00,S,PPS,LV,2016-S2,497,,
ESTAT:EARN_MW_CUR(1.0),31/07/26 11:00:00,S,PPS,LV,2017-S1,507,,
ESTAT:EARN_MW_CUR(1.0),31/07/26 11:00:00,S,PPS,LV,2017-S2,507,,
ESTAT:EARN_MW_CUR(1.0),31/07/26 11:00:00,S,PPS,LV,2018-S1,561,,
ESTAT:EARN_MW_CUR(1.0),31/07/26 11:00:00,S,PPS,LV,2018-S2,561,,
ESTAT:EARN_MW_CUR(1.0),31/07/26 11:00:00,S,PPS,LV,2019-S1,552,,
ESTAT:EARN_MW_CUR(1.0),31/07/26 11:00:00,S,PPS,LV,2019-S2,552,,
ESTAT:EARN_MW_CUR(1.0),31/07/26 11:00:00,S,PPS,LV,2020-S1,548,,
ESTAT:EARN_MW_CUR(1.0),31/07/26 11:00:00,S,PPS,LV,2020-S2,548,,
ESTAT:EARN_MW_CUR(1.0),31/07/26 11:00:00,S,PPS,LV,2021-S1,665,,
ESTAT:EARN_MW_CUR(1.0),31/07/26 11:00:00,S,PPS,LV,2021-S2,665,,
ESTAT:EARN_MW_CUR(1.0),31/07/26 11:00:00,S,PPS,LV,2022-S1,619,,
ESTAT:EARN_MW_CUR(1.0),31/07/26 11:00:00,S,PPS,LV,2022-S2,619,,
ESTAT:EARN_MW_CUR(1.0),31/07/26 11:00:00,S,PPS,LV,2023-S1,750,,
ESTAT:EARN_MW_CUR(1.0),31/07/26 11:00:00,S,PPS,LV,2023-S2,750,,
ESTAT:EARN_MW_CUR(1.0),31/07/26 11:00:00,S,PPS,LV,2024-S1,847,,
ESTAT:EARN_MW_CUR(1.0),31/07/26 11:00:00,S,PPS,LV,2024-S2,847,,
ESTAT:EARN_MW_CUR(1.0),31/07/26 11:00:00,S,PPS,LV,2025-S1,890,,
ESTAT:EARN_MW_CUR(1.0),31/07/26 11:00:00,S,PPS,LV,2025-S2,890,,
ESTAT:EARN_MW_CUR(1.0),31/07/26 11:00:00,S,PPS,LV,2026-S1,938,e,
ESTAT:EARN_MW_CUR(1.0),31/07/26 11:00:00,S,PPS,LV,2026-S2,938,e,
ESTAT:EARN_MW_CUR(1.0),31/07/26 11:00:00,S,PPS,ME,2013-S2,502,,
ESTAT:EARN_MW_CUR(1.0),31/07/26 11:00:00,S,PPS,ME,2014-S1,507,,
ESTAT:EARN_MW_CUR(1.0),31/07/26 11:00:00,S,PPS,ME,2014-S2,507,,
ESTAT:EARN_MW_CUR(1.0),31/07/26 11:00:00,S,PPS,ME,2015-S1,513,,
ESTAT:EARN_MW_CUR(1.0),31/07/26 11:00:00,S,PPS,ME,2015-S2,513,,
ESTAT:EARN_MW_CUR(1.0),31/07/26 11:00:00,S,PPS,ME,2016-S1,515,,
ESTAT:EARN_MW_CUR(1.0),31/07/26 11:00:00,S,PPS,ME,2016-S2,515,,
ESTAT:EARN_MW_CUR(1.0),31/07/26 11:00:00,S,PPS,ME,2017-S1,506,,
ESTAT:EARN_MW_CUR(1.0),31/07/26 11:00:00,S,PPS,ME,2017-S2,506,,
ESTAT:EARN_MW_CUR(1.0),31/07/26 11:00:00,S,PPS,ME,2018-S1,501,,
ESTAT:EARN_MW_CUR(1.0),31/07/26 11:00:00,S,PPS,ME,2018-S2,501,,
ESTAT:EARN_MW_CUR(1.0),31/07/26 11:00:00,S,PPS,ME,2019-S1,505,,
ESTAT:EARN_MW_CUR(1.0),31/07/26 11:00:00,S,PPS,ME,2019-S2,580,,
ESTAT:EARN_MW_CUR(1.0),31/07/26 11:00:00,S,PPS,ME,2020-S1,553,,
ESTAT:EARN_MW_CUR(1.0),31/07/26 11:00:00,S,PPS,ME,2020-S2,553,,
ESTAT:EARN_MW_CUR(1.0),31/07/26 11:00:00,S,PPS,ME,2021-S1,559,,
ESTAT:EARN_MW_CUR(1.0),31/07/26 11:00:00,S,PPS,ME,2021-S2,559,,
ESTAT:EARN_MW_CUR(1.0),31/07/26 11:00:00,S,PPS,ME,2022-S1,867,,
ESTAT:EARN_MW_CUR(1.0),31/07/26 11:00:00,S,PPS,ME,2022-S2,867,,
ESTAT:EARN_MW_CUR(1.0),31/07/26 11:00:00,S,PPS,ME,2023-S1,853,,
ESTAT:EARN_MW_CUR(1.0),31/07/26 11:00:00,S,PPS,ME,2023-S2,853,,
ESTAT:EARN_MW_CUR(1.0),31/07/26 11:00:00,S,PPS,ME,2024-S1,830,,
ESTAT:EARN_MW_CUR(1.0),31/07/26 11:00:00,S,PPS,ME,2024-S2,830,,
ESTAT:EARN_MW_CUR(1.0),31/07/26 11:00:00,S,PPS,ME,2025-S1,1014,,
ESTAT:EARN_MW_CUR(1.0),31/07/26 11:00:00,S,PPS,ME,2025-S2,1014,,
ESTAT:EARN_MW_CUR(1.0),31/07/26 11:00:00,S,PPS,ME,2026-S1,1014,e,
ESTAT:EARN_MW_CUR(1.0),31/07/26 11:00:00,S,PPS,ME,2026-S2,1014,e,
ESTAT:EARN_MW_CUR(1.0),31/07/26 11:00:00,S,PPS,MK,2013-S1,407,,
ESTAT:EARN_MW_CUR(1.0),31/07/26 11:00:00,S,PPS,MK,2013-S2,407,,
ESTAT:EARN_MW_CUR(1.0),31/07/26 11:00:00,S,PPS,MK,2014-S1,441,,
ESTAT:EARN_MW_CUR(1.0),31/07/26 11:00:00,S,PPS,MK,2014-S2,441,,
ESTAT:EARN_MW_CUR(1.0),31/07/26 11:00:00,S,PPS,MK,2015-S1,443,,
ESTAT:EARN_MW_CUR(1.0),31/07/26 11:00:00,S,PPS,MK,2015-S2,472,,
ESTAT:EARN_MW_CUR(1.0),31/07/26 11:00:00,S,PPS,MK,2016-S1,474,,
ESTAT:EARN_MW_CUR(1.0),31/07/26 11:00:00,S,PPS,MK,2016-S2,493,,
ESTAT:EARN_MW_CUR(1.0),31/07/26 11:00:00,S,PPS,MK,2017-S1,493,,
ESTAT:EARN_MW_CUR(1.0),31/07/26 11:00:00,S,PPS,MK,2017-S2,570,,
ESTAT:EARN_MW_CUR(1.0),31/07/26 11:00:00,S,PPS,MK,2018-S1,558,,
ESTAT:EARN_MW_CUR(1.0),31/07/26 11:00:00,S,PPS,MK,2018-S2,558,,
ESTAT:EARN_MW_CUR(1.0),31/07/26 11:00:00,S,PPS,MK,2019-S1,586,,
ESTAT:EARN_MW_CUR(1.0),31/07/26 11:00:00,S,PPS,MK,2019-S2,685,,
ESTAT:EARN_MW_CUR(1.0),31/07/26 11:00:00,S,PPS,MK,2020-S1,669,,
ESTAT:EARN_MW_CUR(1.0),31/07/26 11:00:00,S,PPS,MK,2020-S2,669,,
ESTAT:EARN_MW_CUR(1.0),31/07/26 11:00:00,S,PPS,MK,2021-S1,722,,
ESTAT:EARN_MW_CUR(1.0),31/07/26 11:00:00,S,PPS,MK,2021-S2,734,,
ESTAT:EARN_MW_CUR(1.0),31/07/26 11:00:00,S,PPS,MK,2022-S1,684,,
ESTAT:EARN_MW_CUR(1.0),31/07/26 11:00:00,S,PPS,MK,2022-S2,816,,
ESTAT:EARN_MW_CUR(1.0),31/07/26 11:00:00,S,PPS,MK,2023-S1,794,,
ESTAT:EARN_MW_CUR(1.0),31/07/26 11:00:00,S,PPS,MK,2023-S2,894,,
ESTAT:EARN_MW_CUR(1.0),31/07/26 11:00:00,S,PPS,MK,2024-S1,893,,
ESTAT:EARN_MW_CUR(1.0),31/07/26 11:00:00,S,PPS,MK,2024-S2,1002,,
ESTAT:EARN_MW_CUR(1.0),31/07/26 11:00:00,S,PPS,MK,2025-S1,989,,
ESTAT:EARN_MW_CUR(1.0),31/07/26 11:00:00,S,PPS,MK,2025-S2,1068,,
ESTAT:EARN_MW_CUR(1.0),31/07/26 11:00:00,S,PPS,MK,2026-S1,1068,e,
ESTAT:EARN_MW_CUR(1.0),31/07/26 11:00:00,S,PPS,MK,2026-S2,1142,e,
ESTAT:EARN_MW_CUR(1.0),31/07/26 11:00:00,S,PPS,MT,1999-S1,632,,
ESTAT:EARN_MW_CUR(1.0),31/07/26 11:00:00,S,PPS,MT,1999-S2,632,,
ESTAT:EARN_MW_CUR(1.0),31/07/26 11:00:00,S,PPS,MT,2000-S1,642,,
ESTAT:EARN_MW_CUR(1.0),31/07/26 11:00:00,S,PPS,MT,2000-S2,642,,
ESTAT:EARN_MW_CUR(1.0),31/07/26 11:00:00,S,PPS,MT,2001-S1,653,,
ESTAT:EARN_MW_CUR(1.0),31/07/26 11:00:00,S,PPS,MT,2001-S2,653,,
ESTAT:EARN_MW_CUR(1.0),31/07/26 11:00:00,S,PPS,MT,2002-S1,665,,
ESTAT:EARN_MW_CUR(1.0),31/07/26 11:00:00,S,PPS,MT,2002-S2,665,,
ESTAT:EARN_MW_CUR(1.0),31/07/26 11:00:00,S,PPS,MT,2003-S1,715,,
ESTAT:EARN_MW_CUR(1.0),31/07/26 11:00:00,S,PPS,MT,2003-S2,715,,
ESTAT:EARN_MW_CUR(1.0),31/07/26 11:00:00,S,PPS,MT,2004-S1,720,,
ESTAT:EARN_MW_CUR(1.0),31/07/26 11:00:00,S,PPS,MT,2004-S2,720,,
ESTAT:EARN_MW_CUR(1.0),31/07/26 11:00:00,S,PPS,MT,2005-S1,742,,
ESTAT:EARN_MW_CUR(1.0),31/07/26 11:00:00,S,PPS,MT,2005-S2,742,,
ESTAT:EARN_MW_CUR(1.0),31/07/26 11:00:00,S,PPS,MT,2006-S1,744,,
ESTAT:EARN_MW_CUR(1.0),31/07/26 11:00:00,S,PPS,MT,2006-S2,744,,
ESTAT:EARN_MW_CUR(1.0),31/07/26 11:00:00,S,PPS,MT,2007-S1,770,,
ESTAT:EARN_MW_CUR(1.0),31/07/26 11:00:00,S,PPS,MT,2007-S2,770,,
ESTAT:EARN_MW_CUR(1.0),31/07/26 11:00:00,S,PPS,MT,2008-S1,778,,
ESTAT:EARN_MW_CUR(1.0),31/07/26 11:00:00,S,PPS,MT,2008-S2,778,,
ESTAT:EARN_MW_CUR(1.0),31/07/26 11:00:00,S,PPS,MT,2009-S1,787,,
ESTAT:EARN_MW_CUR(1.0),31/07/26 11:00:00,S,PPS,MT,2009-S2,787,,
ESTAT:EARN_MW_CUR(1.0),31/07/26 11:00:00,S,PPS,MT,2010-S1,830,,
ESTAT:EARN_MW_CUR(1.0),31/07/26 11:00:00,S,PPS,MT,2010-S2,830,,
ESTAT:EARN_MW_CUR(1.0),31/07/26 11:00:00,S,PPS,MT,2011-S1,824,,
ESTAT:EARN_MW_CUR(1.0),31/07/26 11:00:00,S,PPS,MT,2011-S2,824,,
ESTAT:EARN_MW_CUR(1.0),31/07/26 11:00:00,S,PPS,MT,2012-S1,842,,
ESTAT:EARN_MW_CUR(1.0),31/07/26 11:00:00,S,PPS,MT,2012-S2,842,,
ESTAT:EARN_MW_CUR(1.0),31/07/26 11:00:00,S,PPS,MT,2013-S1,840,,
ESTAT:EARN_MW_CUR(1.0),31/07/26 11:00:00,S,PPS,MT,2013-S2,840,,
ESTAT:EARN_MW_CUR(1.0),31/07/26 11:00:00,S,PPS,MT,2014-S1,855,,
ESTAT:EARN_MW_CUR(1.0),31/07/26 11:00:00,S,PPS,MT,2014-S2,855,,
ESTAT:EARN_MW_CUR(1.0),31/07/26 11:00:00,S,PPS,MT,2015-S1,859,,
ESTAT:EARN_MW_CUR(1.0),31/07/26 11:00:00,S,PPS,MT,2015-S2,859,,
ESTAT:EARN_MW_CUR(1.0),31/07/26 11:00:00,S,PPS,MT,2016-S1,861,,
ESTAT:EARN_MW_CUR(1.0),31/07/26 11:00:00,S,PPS,MT,2016-S2,861,,
ESTAT:EARN_MW_CUR(1.0),31/07/26 11:00:00,S,PPS,MT,2017-S1,853,,
ESTAT:EARN_MW_CUR(1.0),31/07/26 11:00:00,S,PPS,MT,2017-S2,853,,
ESTAT:EARN_MW_CUR(1.0),31/07/26 11:00:00,S,PPS,MT,2018-S1,864,,
ESTAT:EARN_MW_CUR(1.0),31/07/26 11:00:00,S,PPS,MT,2018-S2,864,,
ESTAT:EARN_MW_CUR(1.0),31/07/26 11:00:00,S,PPS,MT,2019-S1,881,,
ESTAT:EARN_MW_CUR(1.0),31/07/26 11:00:00,S,PPS,MT,2019-S2,881,,
ESTAT:EARN_MW_CUR(1.0),31/07/26 11:00:00,S,PPS,MT,2020-S1,868,,
ESTAT:EARN_MW_CUR(1.0),31/07/26 11:00:00,S,PPS,MT,2020-S2,868,,
ESTAT:EARN_MW_CUR(1.0),31/07/26 11:00:00,S,PPS,MT,2021-S1,856,,
ESTAT:EARN_MW_CUR(1.0),31/07/26 11:00:00,S,PPS,MT,2021-S2,856,,
ESTAT:EARN_MW_CUR(1.0),31/07/26 11:00:00,S,PPS,MT,2022-S1,876,,
ESTAT:EARN_MW_CUR(1.0),31/07/26 11:00:00,S,PPS,MT,2022-S2,876,,
ESTAT:EARN_MW_CUR(1.0),31/07/26 11:00:00,S,PPS,MT,2023-S1,935,,
ESTAT:EARN_MW_CUR(1.0),31/07/26 11:00:00,S,PPS,MT,2023-S2,935,,
ESTAT:EARN_MW_CUR(1.0),31/07/26 11:00:00,S,PPS,MT,2024-S1,1022,,
ESTAT:EARN_MW_CUR(1.0),31/07/26 11:00:00,S,PPS,MT,2024-S2,1022,,
ESTAT:EARN_MW_CUR(1.0),31/07/26 11:00:00,S,PPS,MT,2025-S1,1045,,
ESTAT:EARN_MW_CUR(1.0),31/07/26 11:00:00,S,PPS,MT,2025-S2,1045,,
ESTAT:EARN_MW_CUR(1.0),31/07/26 11:00:00,S,PPS,MT,2026-S1,1081,e,
ESTAT:EARN_MW_CUR(1.0),31/07/26 11:00:00,S,PPS,MT,2026-S2,1081,e,
ESTAT:EARN_MW_CUR(1.0),31/07/26 11:00:00,S,PPS,NL,1999-S1,995,,
ESTAT:EARN_MW_CUR(1.0),31/07/26 11:00:00,S,PPS,NL,1999-S2,1009,,
ESTAT:EARN_MW_CUR(1.0),31/07/26 11:00:00,S,PPS,NL,2000-S1,1041,,
ESTAT:EARN_MW_CUR(1.0),31/07/26 11:00:00,S,PPS,NL,2000-S2,1059,,
ESTAT:EARN_MW_CUR(1.0),31/07/26 11:00:00,S,PPS,NL,2001-S1,1079,,
ESTAT:EARN_MW_CUR(1.0),31/07/26 11:00:00,S,PPS,NL,2001-S2,1103,,
ESTAT:EARN_MW_CUR(1.0),31/07/26 11:00:00,S,PPS,NL,2002-S1,1127,,
ESTAT:EARN_MW_CUR(1.0),31/07/26 11:00:00,S,PPS,NL,2002-S2,1150,,
ESTAT:EARN_MW_CUR(1.0),31/07/26 11:00:00,S,PPS,NL,2003-S1,1134,,
ESTAT:EARN_MW_CUR(1.0),31/07/26 11:00:00,S,PPS,NL,2003-S2,1148,,
ESTAT:EARN_MW_CUR(1.0),31/07/26 11:00:00,S,PPS,NL,2004-S1,1169,,
ESTAT:EARN_MW_CUR(1.0),31/07/26 11:00:00,S,PPS,NL,2004-S2,1169,,
ESTAT:EARN_MW_CUR(1.0),31/07/26 11:00:00,S,PPS,NL,2005-S1,1183,,
ESTAT:EARN_MW_CUR(1.0),31/07/26 11:00:00,S,PPS,NL,2005-S2,1183,,
ESTAT:EARN_MW_CUR(1.0),31/07/26 11:00:00,S,PPS,NL,2006-S1,1201,,
ESTAT:EARN_MW_CUR(1.0),31/07/26 11:00:00,S,PPS,NL,2006-S2,1212,,
ESTAT:EARN_MW_CUR(1.0),31/07/26 11:00:00,S,PPS,NL,2007-S1,1246,,
ESTAT:EARN_MW_CUR(1.0),31/07/26 11:00:00,S,PPS,NL,2007-S2,1261,,
ESTAT:EARN_MW_CUR(1.0),31/07/26 11:00:00,S,PPS,NL,2008-S1,1273,,
ESTAT:EARN_MW_CUR(1.0),31/07/26 11:00:00,S,PPS,NL,2008-S2,1293,,
ESTAT:EARN_MW_CUR(1.0),31/07/26 11:00:00,S,PPS,NL,2009-S1,1280,,
ESTAT:EARN_MW_CUR(1.0),31/07/26 11:00:00,S,PPS,NL,2009-S2,1296,,
ESTAT:EARN_MW_CUR(1.0),31/07/26 11:00:00,S,PPS,NL,2010-S1,1283,,
ESTAT:EARN_MW_CUR(1.0),31/07/26 11:00:00,S,PPS,NL,2010-S2,1291,,
ESTAT:EARN_MW_CUR(1.0),31/07/26 11:00:00,S,PPS,NL,2011-S1,1284,,
ESTAT:EARN_MW_CUR(1.0),31/07/26 11:00:00,S,PPS,NL,2011-S2,1293,,
ESTAT:EARN_MW_CUR(1.0),31/07/26 11:00:00,S,PPS,NL,2012-S1,1298,,
ESTAT:EARN_MW_CUR(1.0),31/07/26 11:00:00,S,PPS,NL,2012-S2,1307,,
ESTAT:EARN_MW_CUR(1.0),31/07/26 11:00:00,S,PPS,NL,2013-S1,1312,,
ESTAT:EARN_MW_CUR(1.0),31/07/26 11:00:00,S,PPS,NL,2013-S2,1319,,
ESTAT:EARN_MW_CUR(1.0),31/07/26 11:00:00,S,PPS,NL,2014-S1,1303,,
ESTAT:EARN_MW_CUR(1.0),31/07/26 11:00:00,S,PPS,NL,2014-S2,1311,,
ESTAT:EARN_MW_CUR(1.0),31/07/26 11:00:00,S,PPS,NL,2015-S1,1316,,
ESTAT:EARN_MW_CUR(1.0),31/07/26 11:00:00,S,PPS,NL,2015-S2,1321,,
ESTAT:EARN_MW_CUR(1.0),31/07/26 11:00:00,S,PPS,NL,2016-S1,1316,,
ESTAT:EARN_MW_CUR(1.0),31/07/26 11:00:00,S,PPS,NL,2016-S2,1327,,
ESTAT:EARN_MW_CUR(1.0),31/07/26 11:00:00,S,PPS,NL,2017-S1,1352,,
ESTAT:EARN_MW_CUR(1.0),31/07/26 11:00:00,S,PPS,NL,2017-S2,1364,,
ESTAT:EARN_MW_CUR(1.0),31/07/26 11:00:00,S,PPS,NL,2018-S1,1380,,
ESTAT:EARN_MW_CUR(1.0),31/07/26 11:00:00,S,PPS,NL,2018-S2,1394,,
ESTAT:EARN_MW_CUR(1.0),31/07/26 11:00:00,S,PPS,NL,2019-S1,1380,,
ESTAT:EARN_MW_CUR(1.0),31/07/26 11:00:00,S,PPS,NL,2019-S2,1397,,
ESTAT:EARN_MW_CUR(1.0),31/07/26 11:00:00,S,PPS,NL,2020-S1,1424,,
ESTAT:EARN_MW_CUR(1.0),31/07/26 11:00:00,S,PPS,NL,2020-S2,1446,,
ESTAT:EARN_MW_CUR(1.0),31/07/26 11:00:00,S,PPS,NL,2021-S1,1459,,
ESTAT:EARN_MW_CUR(1.0),31/07/26 11:00:00,S,PPS,NL,2021-S2,1473,,
ESTAT:EARN_MW_CUR(1.0),31/07/26 11:00:00,S,PPS,NL,2022-S1,1511,,
ESTAT:EARN_MW_CUR(1.0),31/07/26 11:00:00,S,PPS,NL,2022-S2,1538,,
ESTAT:EARN_MW_CUR(1.0),31/07/26 11:00:00,S,PPS,NL,2023-S1,1673,,
ESTAT:EARN_MW_CUR(1.0),31/07/26 11:00:00,S,PPS,NL,2023-S2,1726,,
ESTAT:EARN_MW_CUR(1.0),31/07/26 11:00:00,S,PPS,NL,2024-S1,1799,,
ESTAT:EARN_MW_CUR(1.0),31/07/26 11:00:00,S,PPS,NL,2024-S2,1855,,
ESTAT:EARN_MW_CUR(1.0),31/07/26 11:00:00,S,PPS,NL,2025-S1,1898,,
ESTAT:EARN_MW_CUR(1.0),31/07/26 11:00:00,S,PPS,NL,2025-S2,1944,,
ESTAT:EARN_MW_CUR(1.0),31/07/26 11:00:00,S,PPS,NL,2026-S1,1986,e,
ESTAT:EARN_MW_CUR(1.0),31/07/26 11:00:00,S,PPS,NL,2026-S2,2023,e,
ESTAT:EARN_MW_CUR(1.0),31/07/26 11:00:00,S,PPS,NO,1999-S1,,m,
ESTAT:EARN_MW_CUR(1.0),31/07/26 11:00:00,S,PPS,NO,1999-S2,,m,
ESTAT:EARN_MW_CUR(1.0),31/07/26 11:00:00,S,PPS,NO,2000-S1,,m,
ESTAT:EARN_MW_CUR(1.0),31/07/26 11:00:00,S,PPS,NO,2000-S2,,m,
ESTAT:EARN_MW_CUR(1.0),31/07/26 11:00:00,S,PPS,NO,2001-S1,,m,
ESTAT:EARN_MW_CUR(1.0),31/07/26 11:00:00,S,PPS,NO,2001-S2,,m,
ESTAT:EARN_MW_CUR(1.0),31/07/26 11:00:00,S,PPS,NO,2002-S1,,m,
ESTAT:EARN_MW_CUR(1.0),31/07/26 11:00:00,S,PPS,NO,2002-S2,,m,
ESTAT:EARN_MW_CUR(1.0),31/07/26 11:00:00,S,PPS,NO,2003-S1,,m,
ESTAT:EARN_MW_CUR(1.0),31/07/26 11:00:00,S,PPS,NO,2003-S2,,m,
ESTAT:EARN_MW_CUR(1.0),31/07/26 11:00:00,S,PPS,NO,2004-S1,,m,
ESTAT:EARN_MW_CUR(1.0),31/07/26 11:00:00,S,PPS,NO,2004-S2,,m,
ESTAT:EARN_MW_CUR(1.0),31/07/26 11:00:00,S,PPS,NO,2005-S1,,m,
ESTAT:EARN_MW_CUR(1.0),31/07/26 11:00:00,S,PPS,NO,2005-S2,,m,
ESTAT:EARN_MW_CUR(1.0),31/07/26 11:00:00,S,PPS,NO,2006-S1,,m,
ESTAT:EARN_MW_CUR(1.0),31/07/26 11:00:00,S,PPS,NO,2006-S2,,m,
ESTAT:EARN_MW_CUR(1.0),31/07/26 11:00:00,S,PPS,NO,2007-S1,,m,
ESTAT:EARN_MW_CUR(1.0),31/07/26 11:00:00,S,PPS,NO,2007-S2,,m,
ESTAT:EARN_MW_CUR(1.0),31/07/26 11:00:00,S,PPS,NO,2008-S1,,m,
ESTAT:EARN_MW_CUR(1.0),31/07/26 11:00:00,S,PPS,NO,2008-S2,,m,
ESTAT:EARN_MW_CUR(1.0),31/07/26 11:00:00,S,PPS,NO,2009-S1,,m,
ESTAT:EARN_MW_CUR(1.0),31/07/26 11:00:00,S,PPS,NO,2009-S2,,m,
ESTAT:EARN_MW_CUR(1.0),31/07/26 11:00:00,S,PPS,NO,2010-S1,,m,
ESTAT:EARN_MW_CUR(1.0),31/07/26 11:00:00,S,PPS,NO,2010-S2,,m,
ESTAT:EARN_MW_CUR(1.0),31/07/26 11:00:00,S,PPS,NO,2011-S1,,m,
ESTAT:EARN_MW_CUR(1.0),31/07/26 11:00:00,S,PPS,NO,2011-S2,,m,
ESTAT:EARN_MW_CUR(1.0),31/07/26 11:00:00,S,PPS,NO,2012-S1,,m,
ESTAT:EARN_MW_CUR(1.0),31/07/26 11:00:00,S,PPS,NO,2012-S2,,m,
ESTAT:EARN_MW_CUR(1.0),31/07/26 11:00:00,S,PPS,NO,2013-S1,,m,
ESTAT:EARN_MW_CUR(1.0),31/07/26 11:00:00,S,PPS,NO,2013-S2,,m,
ESTAT:EARN_MW_CUR(1.0),31/07/26 11:00:00,S,PPS,NO,2014-S1,,m,
ESTAT:EARN_MW_CUR(1.0),31/07/26 11:00:00,S,PPS,NO,2014-S2,,m,
ESTAT:EARN_MW_CUR(1.0),31/07/26 11:00:00,S,PPS,NO,2015-S1,,m,
ESTAT:EARN_MW_CUR(1.0),31/07/26 11:00:00,S,PPS,NO,2015-S2,,m,
ESTAT:EARN_MW_CUR(1.0),31/07/26 11:00:00,S,PPS,NO,2016-S1,,m,
ESTAT:EARN_MW_CUR(1.0),31/07/26 11:00:00,S,PPS,NO,2016-S2,,m,
ESTAT:EARN_MW_CUR(1.0),31/07/26 11:00:00,S,PPS,NO,2017-S1,,m,
ESTAT:EARN_MW_CUR(1.0),31/07/26 11:00:00,S,PPS,NO,2017-S2,,m,
ESTAT:EARN_MW_CUR(1.0),31/07/26 11:00:00,S,PPS,NO,2018-S1,,m,
ESTAT:EARN_MW_CUR(1.0),31/07/26 11:00:00,S,PPS,NO,2018-S2,,m,
ESTAT:EARN_MW_CUR(1.0),31/07/26 11:00:00,S,PPS,NO,2019-S1,,m,
ESTAT:EARN_MW_CUR(1.0),31/07/26 11:00:00,S,PPS,NO,2019-S2,,m,
ESTAT:EARN_MW_CUR(1.0),31/07/26 11:00:00,S,PPS,NO,2020-S1,,m,
ESTAT:EARN_MW_CUR(1.0),31/07/26 11:00:00,S,PPS,NO,2020-S2,,m,
ESTAT:EARN_MW_CUR(1.0),31/07/26 11:00:00,S,PPS,NO,2021-S1,,m,
ESTAT:EARN_MW_CUR(1.0),31/07/26 11:00:00,S,PPS,NO,2021-S2,,m,
ESTAT:EARN_MW_CUR(1.0),31/07/26 11:00:00,S,PPS,NO,2022-S1,,m,
ESTAT:EARN_MW_CUR(1.0),31/07/26 11:00:00,S,PPS,NO,2022-S2,,m,
ESTAT:EARN_MW_CUR(1.0),31/07/26 11:00:00,S,PPS,NO,2023-S1,,m,
ESTAT:EARN_MW_CUR(1.0),31/07/26 11:00:00,S,PPS,NO,2023-S2,,m,
ESTAT:EARN_MW_CUR(1.0),31/07/26 11:00:00,S,PPS,NO,2024-S1,,m,
ESTAT:EARN_MW_CUR(1.0),31/07/26 11:00:00,S,PPS,NO,2024-S2,,m,
ESTAT:EARN_MW_CUR(1.0),31/07/26 11:00:00,S,PPS,NO,2025-S1,,m,
ESTAT:EARN_MW_CUR(1.0),31/07/26 11:00:00,S,PPS,NO,2025-S2,,m,
ESTAT:EARN_MW_CUR(1.0),31/07/26 11:00:00,S,PPS,NO,2026-S1,,m,
ESTAT:EARN_MW_CUR(1.0),31/07/26 11:00:00,S,PPS,NO,2026-S2,,m,
ESTAT:EARN_MW_CUR(1.0),31/07/26 11:00:00,S,PPS,PL,1999-S1,290,,
ESTAT:EARN_MW_CUR(1.0),31/07/26 11:00:00,S,PPS,PL,1999-S2,290,,
ESTAT:EARN_MW_CUR(1.0),31/07/26 11:00:00,S,PPS,PL,2000-S1,281,,
ESTAT:EARN_MW_CUR(1.0),31/07/26 11:00:00,S,PPS,PL,2000-S2,293,,
ESTAT:EARN_MW_CUR(1.0),31/07/26 11:00:00,S,PPS,PL,2001-S1,314,,
ESTAT:EARN_MW_CUR(1.0),31/07/26 11:00:00,S,PPS,PL,2001-S2,314,,
ESTAT:EARN_MW_CUR(1.0),31/07/26 11:00:00,S,PPS,PL,2002-S1,316,,
ESTAT:EARN_MW_CUR(1.0),31/07/26 11:00:00,S,PPS,PL,2002-S2,316,,
ESTAT:EARN_MW_CUR(1.0),31/07/26 11:00:00,S,PPS,PL,2003-S1,336,,
ESTAT:EARN_MW_CUR(1.0),31/07/26 11:00:00,S,PPS,PL,2003-S2,336,,
ESTAT:EARN_MW_CUR(1.0),31/07/26 11:00:00,S,PPS,PL,2004-S1,339,,
ESTAT:EARN_MW_CUR(1.0),31/07/26 11:00:00,S,PPS,PL,2004-S2,339,,
ESTAT:EARN_MW_CUR(1.0),31/07/26 11:00:00,S,PPS,PL,2005-S1,339,,
ESTAT:EARN_MW_CUR(1.0),31/07/26 11:00:00,S,PPS,PL,2005-S2,339,,
ESTAT:EARN_MW_CUR(1.0),31/07/26 11:00:00,S,PPS,PL,2006-S1,361,,
ESTAT:EARN_MW_CUR(1.0),31/07/26 11:00:00,S,PPS,PL,2006-S2,361,,
ESTAT:EARN_MW_CUR(1.0),31/07/26 11:00:00,S,PPS,PL,2007-S1,388,,
ESTAT:EARN_MW_CUR(1.0),31/07/26 11:00:00,S,PPS,PL,2007-S2,388,,
ESTAT:EARN_MW_CUR(1.0),31/07/26 11:00:00,S,PPS,PL,2008-S1,465,,
ESTAT:EARN_MW_CUR(1.0),31/07/26 11:00:00,S,PPS,PL,2008-S2,465,,
ESTAT:EARN_MW_CUR(1.0),31/07/26 11:00:00,S,PPS,PL,2009-S1,509,,
ESTAT:EARN_MW_CUR(1.0),31/07/26 11:00:00,S,PPS,PL,2009-S2,509,,
ESTAT:EARN_MW_CUR(1.0),31/07/26 11:00:00,S,PPS,PL,2010-S1,543,,
ESTAT:EARN_MW_CUR(1.0),31/07/26 11:00:00,S,PPS,PL,2010-S2,543,,
ESTAT:EARN_MW_CUR(1.0),31/07/26 11:00:00,S,PPS,PL,2011-S1,572,,
ESTAT:EARN_MW_CUR(1.0),31/07/26 11:00:00,S,PPS,PL,2011-S2,572,,
ESTAT:EARN_MW_CUR(1.0),31/07/26 11:00:00,S,PPS,PL,2012-S1,623,,
ESTAT:EARN_MW_CUR(1.0),31/07/26 11:00:00,S,PPS,PL,2012-S2,623,,
ESTAT:EARN_MW_CUR(1.0),31/07/26 11:00:00,S,PPS,PL,2013-S1,666,,
ESTAT:EARN_MW_CUR(1.0),31/07/26 11:00:00,S,PPS,PL,2013-S2,666,,
ESTAT:EARN_MW_CUR(1.0),31/07/26 11:00:00,S,PPS,PL,2014-S1,691,,
ESTAT:EARN_MW_CUR(1.0),31/07/26 11:00:00,S,PPS,PL,2014-S2,691,,
ESTAT:EARN_MW_CUR(1.0),31/07/26 11:00:00,S,PPS,PL,2015-S1,726,,
ESTAT:EARN_MW_CUR(1.0),31/07/26 11:00:00,S,PPS,PL,2015-S2,726,,
ESTAT:EARN_MW_CUR(1.0),31/07/26 11:00:00,S,PPS,PL,2016-S1,758,,
ESTAT:EARN_MW_CUR(1.0),31/07/26 11:00:00,S,PPS,PL,2016-S2,758,,
ESTAT:EARN_MW_CUR(1.0),31/07/26 11:00:00,S,PPS,PL,2017-S1,799,,
ESTAT:EARN_MW_CUR(1.0),31/07/26 11:00:00,S,PPS,PL,2017-S2,799,,
ESTAT:EARN_MW_CUR(1.0),31/07/26 11:00:00,S,PPS,PL,2018-S1,826,,
ESTAT:EARN_MW_CUR(1.0),31/07/26 11:00:00,S,PPS,PL,2018-S2,826,,
ESTAT:EARN_MW_CUR(1.0),31/07/26 11:00:00,S,PPS,PL,2019-S1,875,,
ESTAT:EARN_MW_CUR(1.0),31/07/26 11:00:00,S,PPS,PL,2019-S2,875,,
ESTAT:EARN_MW_CUR(1.0),31/07/26 11:00:00,S,PPS,PL,2020-S1,991,,
ESTAT:EARN_MW_CUR(1.0),31/07/26 11:00:00,S,PPS,PL,2020-S2,991,,
ESTAT:EARN_MW_CUR(1.0),31/07/26 11:00:00,S,PPS,PL,2021-S1,1014,,
ESTAT:EARN_MW_CUR(1.0),31/07/26 11:00:00,S,PPS,PL,2021-S2,1014,,
ESTAT:EARN_MW_CUR(1.0),31/07/26 11:00:00,S,PPS,PL,2022-S1,1036,,
ESTAT:EARN_MW_CUR(1.0),31/07/26 11:00:00,S,PPS,PL,2022-S2,1036,,
ESTAT:EARN_MW_CUR(1.0),31/07/26 11:00:00,S,PPS,PL,2023-S1,1127,,
ESTAT:EARN_MW_CUR(1.0),31/07/26 11:00:00,S,PPS,PL,2023-S2,1163,,
ESTAT:EARN_MW_CUR(1.0),31/07/26 11:00:00,S,PPS,PL,2024-S1,1362,,
ESTAT:EARN_MW_CUR(1.0),31/07/26 11:00:00,S,PPS,PL,2024-S2,1381,,
ESTAT:EARN_MW_CUR(1.0),31/07/26 11:00:00,S,PPS,PL,2025-S1,1502,,
ESTAT:EARN_MW_CUR(1.0),31/07/26 11:00:00,S,PPS,PL,2025-S2,1502,,
ESTAT:EARN_MW_CUR(1.0),31/07/26 11:00:00,S,PPS,PL,2026-S1,1547,e,
ESTAT:EARN_MW_CUR(1.0),31/07/26 11:00:00,S,PPS,PL,2026-S2,1547,e,
ESTAT:EARN_MW_CUR(1.0),31/07/26 11:00:00,S,PPS,PT,1999-S1,433,,
ESTAT:EARN_MW_CUR(1.0),31/07/26 11:00:00,S,PPS,PT,1999-S2,433,,
ESTAT:EARN_MW_CUR(1.0),31/07/26 11:00:00,S,PPS,PT,2000-S1,450,,
ESTAT:EARN_MW_CUR(1.0),31/07/26 11:00:00,S,PPS,PT,2000-S2,450,,
ESTAT:EARN_MW_CUR(1.0),31/07/26 11:00:00,S,PPS,PT,2001-S1,466,,
ESTAT:EARN_MW_CUR(1.0),31/07/26 11:00:00,S,PPS,PT,2001-S2,466,,
ESTAT:EARN_MW_CUR(1.0),31/07/26 11:00:00,S,PPS,PT,2002-S1,474,,
ESTAT:EARN_MW_CUR(1.0),31/07/26 11:00:00,S,PPS,PT,2002-S2,474,,
ESTAT:EARN_MW_CUR(1.0),31/07/26 11:00:00,S,PPS,PT,2003-S1,493,,
ESTAT:EARN_MW_CUR(1.0),31/07/26 11:00:00,S,PPS,PT,2003-S2,493,,
ESTAT:EARN_MW_CUR(1.0),31/07/26 11:00:00,S,PPS,PT,2004-S1,501,,
ESTAT:EARN_MW_CUR(1.0),31/07/26 11:00:00,S,PPS,PT,2004-S2,501,,
ESTAT:EARN_MW_CUR(1.0),31/07/26 11:00:00,S,PPS,PT,2005-S1,525,,
ESTAT:EARN_MW_CUR(1.0),31/07/26 11:00:00,S,PPS,PT,2005-S2,525,,
ESTAT:EARN_MW_CUR(1.0),31/07/26 11:00:00,S,PPS,PT,2006-S1,542,,
ESTAT:EARN_MW_CUR(1.0),31/07/26 11:00:00,S,PPS,PT,2006-S2,542,,
ESTAT:EARN_MW_CUR(1.0),31/07/26 11:00:00,S,PPS,PT,2007-S1,550,,
ESTAT:EARN_MW_CUR(1.0),31/07/26 11:00:00,S,PPS,PT,2007-S2,550,,
ESTAT:EARN_MW_CUR(1.0),31/07/26 11:00:00,S,PPS,PT,2008-S1,576,,
ESTAT:EARN_MW_CUR(1.0),31/07/26 11:00:00,S,PPS,PT,2008-S2,576,,
ESTAT:EARN_MW_CUR(1.0),31/07/26 11:00:00,S,PPS,PT,2009-S1,601,,
ESTAT:EARN_MW_CUR(1.0),31/07/26 11:00:00,S,PPS,PT,2009-S2,601,,
ESTAT:EARN_MW_CUR(1.0),31/07/26 11:00:00,S,PPS,PT,2010-S1,636,,
ESTAT:EARN_MW_CUR(1.0),31/07/26 11:00:00,S,PPS,PT,2010-S2,636,,
ESTAT:EARN_MW_CUR(1.0),31/07/26 11:00:00,S,PPS,PT,2011-S1,646,,
ESTAT:EARN_MW_CUR(1.0),31/07/26 11:00:00,S,PPS,PT,2011-S2,646,,
ESTAT:EARN_MW_CUR(1.0),31/07/26 11:00:00,S,PPS,PT,2012-S1,650,,
ESTAT:EARN_MW_CUR(1.0),31/07/26 11:00:00,S,PPS,PT,2012-S2,650,,
ESTAT:EARN_MW_CUR(1.0),31/07/26 11:00:00,S,PPS,PT,2013-S1,663,,
ESTAT:EARN_MW_CUR(1.0),31/07/26 11:00:00,S,PPS,PT,2013-S2,663,,
ESTAT:EARN_MW_CUR(1.0),31/07/26 11:00:00,S,PPS,PT,2014-S1,656,,
ESTAT:EARN_MW_CUR(1.0),31/07/26 11:00:00,S,PPS,PT,2014-S2,656,,
ESTAT:EARN_MW_CUR(1.0),31/07/26 11:00:00,S,PPS,PT,2015-S1,681,,
ESTAT:EARN_MW_CUR(1.0),31/07/26 11:00:00,S,PPS,PT,2015-S2,681,,
ESTAT:EARN_MW_CUR(1.0),31/07/26 11:00:00,S,PPS,PT,2016-S1,708,,
ESTAT:EARN_MW_CUR(1.0),31/07/26 11:00:00,S,PPS,PT,2016-S2,708,,
ESTAT:EARN_MW_CUR(1.0),31/07/26 11:00:00,S,PPS,PT,2017-S1,731,,
ESTAT:EARN_MW_CUR(1.0),31/07/26 11:00:00,S,PPS,PT,2017-S2,731,,
ESTAT:EARN_MW_CUR(1.0),31/07/26 11:00:00,S,PPS,PT,2018-S1,768,,
ESTAT:EARN_MW_CUR(1.0),31/07/26 11:00:00,S,PPS,PT,2018-S2,768,,
ESTAT:EARN_MW_CUR(1.0),31/07/26 11:00:00,S,PPS,PT,2019-S1,797,,
ESTAT:EARN_MW_CUR(1.0),31/07/26 11:00:00,S,PPS,PT,2019-S2,797,,
ESTAT:EARN_MW_CUR(1.0),31/07/26 11:00:00,S,PPS,PT,2020-S1,821,,
ESTAT:EARN_MW_CUR(1.0),31/07/26 11:00:00,S,PPS,PT,2020-S2,821,,
ESTAT:EARN_MW_CUR(1.0),31/07/26 11:00:00,S,PPS,PT,2021-S1,878,,
ESTAT:EARN_MW_CUR(1.0),31/07/26 11:00:00,S,PPS,PT,2021-S2,878,,
ESTAT:EARN_MW_CUR(1.0),31/07/26 11:00:00,S,PPS,PT,2022-S1,943,,
ESTAT:EARN_MW_CUR(1.0),31/07/26 11:00:00,S,PPS,PT,2022-S2,943,,
ESTAT:EARN_MW_CUR(1.0),31/07/26 11:00:00,S,PPS,PT,2023-S1,1029,,
ESTAT:EARN_MW_CUR(1.0),31/07/26 11:00:00,S,PPS,PT,2023-S2,1029,,
ESTAT:EARN_MW_CUR(1.0),31/07/26 11:00:00,S,PPS,PT,2024-S1,1104,,
ESTAT:EARN_MW_CUR(1.0),31/07/26 11:00:00,S,PPS,PT,2024-S2,1104,,
ESTAT:EARN_MW_CUR(1.0),31/07/26 11:00:00,S,PPS,PT,2025-S1,1173,,
ESTAT:EARN_MW_CUR(1.0),31/07/26 11:00:00,S,PPS,PT,2025-S2,1173,,
ESTAT:EARN_MW_CUR(1.0),31/07/26 11:00:00,S,PPS,PT,2026-S1,1240,e,
ESTAT:EARN_MW_CUR(1.0),31/07/26 11:00:00,S,PPS,PT,2026-S2,1240,e,
ESTAT:EARN_MW_CUR(1.0),31/07/26 11:00:00,S,PPS,RO,1999-S1,56,,
ESTAT:EARN_MW_CUR(1.0),31/07/26 11:00:00,S,PPS,RO,1999-S2,72,,
ESTAT:EARN_MW_CUR(1.0),31/07/26 11:00:00,S,PPS,RO,2000-S1,52,,
ESTAT:EARN_MW_CUR(1.0),31/07/26 11:00:00,S,PPS,RO,2000-S2,81,,
ESTAT:EARN_MW_CUR(1.0),31/07/26 11:00:00,S,PPS,RO,2001-S1,90,,
ESTAT:EARN_MW_CUR(1.0),31/07/26 11:00:00,S,PPS,RO,2001-S2,126,,
ESTAT:EARN_MW_CUR(1.0),31/07/26 11:00:00,S,PPS,RO,2002-S1,104,,
ESTAT:EARN_MW_CUR(1.0),31/07/26 11:00:00,S,PPS,RO,2002-S2,130,,
ESTAT:EARN_MW_CUR(1.0),31/07/26 11:00:00,S,PPS,RO,2003-S1,155,,
ESTAT:EARN_MW_CUR(1.0),31/07/26 11:00:00,S,PPS,RO,2003-S2,155,,
ESTAT:EARN_MW_CUR(1.0),31/07/26 11:00:00,S,PPS,RO,2004-S1,163,,
ESTAT:EARN_MW_CUR(1.0),31/07/26 11:00:00,S,PPS,RO,2004-S2,163,,
ESTAT:EARN_MW_CUR(1.0),31/07/26 11:00:00,S,PPS,RO,2005-S1,160,,
ESTAT:EARN_MW_CUR(1.0),31/07/26 11:00:00,S,PPS,RO,2005-S2,160,,
ESTAT:EARN_MW_CUR(1.0),31/07/26 11:00:00,S,PPS,RO,2006-S1,163,,
ESTAT:EARN_MW_CUR(1.0),31/07/26 11:00:00,S,PPS,RO,2006-S2,163,,
ESTAT:EARN_MW_CUR(1.0),31/07/26 11:00:00,S,PPS,RO,2007-S1,184,,
ESTAT:EARN_MW_CUR(1.0),31/07/26 11:00:00,S,PPS,RO,2007-S2,184,,
ESTAT:EARN_MW_CUR(1.0),31/07/26 11:00:00,S,PPS,RO,2008-S1,224,,
ESTAT:EARN_MW_CUR(1.0),31/07/26 11:00:00,S,PPS,RO,2008-S2,224,,
ESTAT:EARN_MW_CUR(1.0),31/07/26 11:00:00,S,PPS,RO,2009-S1,258,,
ESTAT:EARN_MW_CUR(1.0),31/07/26 11:00:00,S,PPS,RO,2009-S2,258,,
ESTAT:EARN_MW_CUR(1.0),31/07/26 11:00:00,S,PPS,RO,2010-S1,260,,
ESTAT:EARN_MW_CUR(1.0),31/07/26 11:00:00,S,PPS,RO,2010-S2,260,,
ESTAT:EARN_MW_CUR(1.0),31/07/26 11:00:00,S,PPS,RO,2011-S1,287,,
ESTAT:EARN_MW_CUR(1.0),31/07/26 11:00:00,S,PPS,RO,2011-S2,287,,
ESTAT:EARN_MW_CUR(1.0),31/07/26 11:00:00,S,PPS,RO,2012-S1,296,,
ESTAT:EARN_MW_CUR(1.0),31/07/26 11:00:00,S,PPS,RO,2012-S2,296,,
ESTAT:EARN_MW_CUR(1.0),31/07/26 11:00:00,S,PPS,RO,2013-S1,290,,
ESTAT:EARN_MW_CUR(1.0),31/07/26 11:00:00,S,PPS,RO,2013-S2,331,,
ESTAT:EARN_MW_CUR(1.0),31/07/26 11:00:00,S,PPS,RO,2014-S1,348,,
ESTAT:EARN_MW_CUR(1.0),31/07/26 11:00:00,S,PPS,RO,2014-S2,368,,
ESTAT:EARN_MW_CUR(1.0),31/07/26 11:00:00,S,PPS,RO,2015-S1,398,,
ESTAT:EARN_MW_CUR(1.0),31/07/26 11:00:00,S,PPS,RO,2015-S2,428,,
ESTAT:EARN_MW_CUR(1.0),31/07/26 11:00:00,S,PPS,RO,2016-S1,435,,
ESTAT:EARN_MW_CUR(1.0),31/07/26 11:00:00,S,PPS,RO,2016-S2,518,,
ESTAT:EARN_MW_CUR(1.0),31/07/26 11:00:00,S,PPS,RO,2017-S1,500,,
ESTAT:EARN_MW_CUR(1.0),31/07/26 11:00:00,S,PPS,RO,2017-S2,580,,
ESTAT:EARN_MW_CUR(1.0),31/07/26 11:00:00,S,PPS,RO,2018-S1,733,,
ESTAT:EARN_MW_CUR(1.0),31/07/26 11:00:00,S,PPS,RO,2018-S2,733,,
ESTAT:EARN_MW_CUR(1.0),31/07/26 11:00:00,S,PPS,RO,2019-S1,790,,
ESTAT:EARN_MW_CUR(1.0),31/07/26 11:00:00,S,PPS,RO,2019-S2,790,,
ESTAT:EARN_MW_CUR(1.0),31/07/26 11:00:00,S,PPS,RO,2020-S1,832,,
ESTAT:EARN_MW_CUR(1.0),31/07/26 11:00:00,S,PPS,RO,2020-S2,832,,
ESTAT:EARN_MW_CUR(1.0),31/07/26 11:00:00,S,PPS,RO,2021-S1,809,,
ESTAT:EARN_MW_CUR(1.0),31/07/26 11:00:00,S,PPS,RO,2021-S2,835,,
ESTAT:EARN_MW_CUR(1.0),31/07/26 11:00:00,S,PPS,RO,2022-S1,850,,
ESTAT:EARN_MW_CUR(1.0),31/07/26 11:00:00,S,PPS,RO,2022-S2,850,,
ESTAT:EARN_MW_CUR(1.0),31/07/26 11:00:00,S,PPS,RO,2023-S1,982,,
ESTAT:EARN_MW_CUR(1.0),31/07/26 11:00:00,S,PPS,RO,2023-S2,982,,
ESTAT:EARN_MW_CUR(1.0),31/07/26 11:00:00,S,PPS,RO,2024-S1,1035,,
ESTAT:EARN_MW_CUR(1.0),31/07/26 11:00:00,S,PPS,RO,2024-S2,1160,,
ESTAT:EARN_MW_CUR(1.0),31/07/26 11:00:00,S,PPS,RO,2025-S1,1233,,
ESTAT:EARN_MW_CUR(1.0),31/07/26 11:00:00,S,PPS,RO,2025-S2,1233,,
ESTAT:EARN_MW_CUR(1.0),31/07/26 11:00:00,S,PPS,RO,2026-S1,1233,e,
ESTAT:EARN_MW_CUR(1.0),31/07/26 11:00:00,S,PPS,RO,2026-S2,1317,e,
ESTAT:EARN_MW_CUR(1.0),31/07/26 11:00:00,S,PPS,RS,2000-S1,26,,
ESTAT:EARN_MW_CUR(1.0),31/07/26 11:00:00,S,PPS,RS,2000-S2,32,,
ESTAT:EARN_MW_CUR(1.0),31/07/26 11:00:00,S,PPS,RS,2001-S1,15,,
ESTAT:EARN_MW_CUR(1.0),31/07/26 11:00:00,S,PPS,RS,2001-S2,107,,
ESTAT:EARN_MW_CUR(1.0),31/07/26 11:00:00,S,PPS,RS,2002-S1,149,,
ESTAT:EARN_MW_CUR(1.0),31/07/26 11:00:00,S,PPS,RS,2002-S2,182,,
ESTAT:EARN_MW_CUR(1.0),31/07/26 11:00:00,S,PPS,RS,2003-S1,190,,
ESTAT:EARN_MW_CUR(1.0),31/07/26 11:00:00,S,PPS,RS,2003-S2,205,,
ESTAT:EARN_MW_CUR(1.0),31/07/26 11:00:00,S,PPS,RS,2004-S1,223,,
ESTAT:EARN_MW_CUR(1.0),31/07/26 11:00:00,S,PPS,RS,2004-S2,251,,
ESTAT:EARN_MW_CUR(1.0),31/07/26 11:00:00,S,PPS,RS,2005-S1,250,,
ESTAT:EARN_MW_CUR(1.0),31/07/26 11:00:00,S,PPS,RS,2005-S2,266,,
ESTAT:EARN_MW_CUR(1.0),31/07/26 11:00:00,S,PPS,RS,2006-S1,277,,
ESTAT:EARN_MW_CUR(1.0),31/07/26 11:00:00,S,PPS,RS,2006-S2,295,,
ESTAT:EARN_MW_CUR(1.0),31/07/26 11:00:00,S,PPS,RS,2007-S1,287,,
ESTAT:EARN_MW_CUR(1.0),31/07/26 11:00:00,S,PPS,RS,2007-S2,334,,
ESTAT:EARN_MW_CUR(1.0),31/07/26 11:00:00,S,PPS,RS,2008-S1,356,,
ESTAT:EARN_MW_CUR(1.0),31/07/26 11:00:00,S,PPS,RS,2008-S2,397,,
ESTAT:EARN_MW_CUR(1.0),31/07/26 11:00:00,S,PPS,RS,2009-S1,410,,
ESTAT:EARN_MW_CUR(1.0),31/07/26 11:00:00,S,PPS,RS,2009-S2,408,,
ESTAT:EARN_MW_CUR(1.0),31/07/26 11:00:00,S,PPS,RS,2010-S1,403,,
ESTAT:EARN_MW_CUR(1.0),31/07/26 11:00:00,S,PPS,RS,2010-S2,401,,
ESTAT:EARN_MW_CUR(1.0),31/07/26 11:00:00,S,PPS,RS,2011-S1,403,,
ESTAT:EARN_MW_CUR(1.0),31/07/26 11:00:00,S,PPS,RS,2011-S2,432,,
ESTAT:EARN_MW_CUR(1.0),31/07/26 11:00:00,S,PPS,RS,2012-S1,416,,
ESTAT:EARN_MW_CUR(1.0),31/07/26 11:00:00,S,PPS,RS,2012-S2,470,,
ESTAT:EARN_MW_CUR(1.0),31/07/26 11:00:00,S,PPS,RS,2013-S1,445,,
ESTAT:EARN_MW_CUR(1.0),31/07/26 11:00:00,S,PPS,RS,2013-S2,441,,
ESTAT:EARN_MW_CUR(1.0),31/07/26 11:00:00,S,PPS,RS,2014-S1,437,,
ESTAT:EARN_MW_CUR(1.0),31/07/26 11:00:00,S,PPS,RS,2014-S2,436,,
ESTAT:EARN_MW_CUR(1.0),31/07/26 11:00:00,S,PPS,RS,2015-S1,459,,
ESTAT:EARN_MW_CUR(1.0),31/07/26 11:00:00,S,PPS,RS,2015-S2,458,,
ESTAT:EARN_MW_CUR(1.0),31/07/26 11:00:00,S,PPS,RS,2016-S1,448,,
ESTAT:EARN_MW_CUR(1.0),31/07/26 11:00:00,S,PPS,RS,2016-S2,448,,
ESTAT:EARN_MW_CUR(1.0),31/07/26 11:00:00,S,PPS,RS,2017-S1,469,,
ESTAT:EARN_MW_CUR(1.0),31/07/26 11:00:00,S,PPS,RS,2017-S2,469,,
ESTAT:EARN_MW_CUR(1.0),31/07/26 11:00:00,S,PPS,RS,2018-S1,513,,
ESTAT:EARN_MW_CUR(1.0),31/07/26 11:00:00,S,PPS,RS,2018-S2,506,,
ESTAT:EARN_MW_CUR(1.0),31/07/26 11:00:00,S,PPS,RS,2019-S1,547,,
ESTAT:EARN_MW_CUR(1.0),31/07/26 11:00:00,S,PPS,RS,2019-S2,546,,
ESTAT:EARN_MW_CUR(1.0),31/07/26 11:00:00,S,PPS,RS,2020-S1,588,,
ESTAT:EARN_MW_CUR(1.0),31/07/26 11:00:00,S,PPS,RS,2020-S2,588,,
ESTAT:EARN_MW_CUR(1.0),31/07/26 11:00:00,S,PPS,RS,2021-S1,614,,
ESTAT:EARN_MW_CUR(1.0),31/07/26 11:00:00,S,PPS,RS,2021-S2,614,,
ESTAT:EARN_MW_CUR(1.0),31/07/26 11:00:00,S,PPS,RS,2022-S1,632,,
ESTAT:EARN_MW_CUR(1.0),31/07/26 11:00:00,S,PPS,RS,2022-S2,632,,
ESTAT:EARN_MW_CUR(1.0),31/07/26 11:00:00,S,PPS,RS,2023-S1,707,,
ESTAT:EARN_MW_CUR(1.0),31/07/26 11:00:00,S,PPS,RS,2023-S2,707,,
ESTAT:EARN_MW_CUR(1.0),31/07/26 11:00:00,S,PPS,RS,2024-S1,812,,
ESTAT:EARN_MW_CUR(1.0),31/07/26 11:00:00,S,PPS,RS,2024-S2,812,,
ESTAT:EARN_MW_CUR(1.0),31/07/26 11:00:00,S,PPS,RS,2025-S1,908,,
ESTAT:EARN_MW_CUR(1.0),31/07/26 11:00:00,S,PPS,RS,2025-S2,908,,
ESTAT:EARN_MW_CUR(1.0),31/07/26 11:00:00,S,PPS,RS,2026-S1,1094,e,
ESTAT:EARN_MW_CUR(1.0),31/07/26 11:00:00,S,PPS,RS,2026-S2,1094,e,
ESTAT:EARN_MW_CUR(1.0),31/07/26 11:00:00,S,PPS,SE,1999-S1,,m,
ESTAT:EARN_MW_CUR(1.0),31/07/26 11:00:00,S,PPS,SE,1999-S2,,m,
ESTAT:EARN_MW_CUR(1.0),31/07/26 11:00:00,S,PPS,SE,2000-S1,,m,
ESTAT:EARN_MW_CUR(1.0),31/07/26 11:00:00,S,PPS,SE,2000-S2,,m,
ESTAT:EARN_MW_CUR(1.0),31/07/26 11:00:00,S,PPS,SE,2001-S1,,m,
ESTAT:EARN_MW_CUR(1.0),31/07/26 11:00:00,S,PPS,SE,2001-S2,,m,
ESTAT:EARN_MW_CUR(1.0),31/07/26 11:00:00,S,PPS,SE,2002-S1,,m,
ESTAT:EARN_MW_CUR(1.0),31/07/26 11:00:00,S,PPS,SE,2002-S2,,m,
ESTAT:EARN_MW_CUR(1.0),31/07/26 11:00:00,S,PPS,SE,2003-S1,,m,
ESTAT:EARN_MW_CUR(1.0),31/07/26 11:00:00,S,PPS,SE,2003-S2,,m,
ESTAT:EARN_MW_CUR(1.0),31/07/26 11:00:00,S,PPS,SE,2004-S1,,m,
ESTAT:EARN_MW_CUR(1.0),31/07/26 11:00:00,S,PPS,SE,2004-S2,,m,
ESTAT:EARN_MW_CUR(1.0),31/07/26 11:00:00,S,PPS,SE,2005-S1,,m,
ESTAT:EARN_MW_CUR(1.0),31/07/26 11:00:00,S,PPS,SE,2005-S2,,m,
ESTAT:EARN_MW_CUR(1.0),31/07/26 11:00:00,S,PPS,SE,2006-S1,,m,
ESTAT:EARN_MW_CUR(1.0),31/07/26 11:00:00,S,PPS,SE,2006-S2,,m,
ESTAT:EARN_MW_CUR(1.0),31/07/26 11:00:00,S,PPS,SE,2007-S1,,m,
ESTAT:EARN_MW_CUR(1.0),31/07/26 11:00:00,S,PPS,SE,2007-S2,,m,
ESTAT:EARN_MW_CUR(1.0),31/07/26 11:00:00,S,PPS,SE,2008-S1,,m,
ESTAT:EARN_MW_CUR(1.0),31/07/26 11:00:00,S,PPS,SE,2008-S2,,m,
ESTAT:EARN_MW_CUR(1.0),31/07/26 11:00:00,S,PPS,SE,2009-S1,,m,
ESTAT:EARN_MW_CUR(1.0),31/07/26 11:00:00,S,PPS,SE,2009-S2,,m,
ESTAT:EARN_MW_CUR(1.0),31/07/26 11:00:00,S,PPS,SE,2010-S1,,m,
ESTAT:EARN_MW_CUR(1.0),31/07/26 11:00:00,S,PPS,SE,2010-S2,,m,
ESTAT:EARN_MW_CUR(1.0),31/07/26 11:00:00,S,PPS,SE,2011-S1,,m,
ESTAT:EARN_MW_CUR(1.0),31/07/26 11:00:00,S,PPS,SE,2011-S2,,m,
ESTAT:EARN_MW_CUR(1.0),31/07/26 11:00:00,S,PPS,SE,2012-S1,,m,
ESTAT:EARN_MW_CUR(1.0),31/07/26 11:00:00,S,PPS,SE,2012-S2,,m,
ESTAT:EARN_MW_CUR(1.0),31/07/26 11:00:00,S,PPS,SE,2013-S1,,m,
ESTAT:EARN_MW_CUR(1.0),31/07/26 11:00:00,S,PPS,SE,2013-S2,,m,
ESTAT:EARN_MW_CUR(1.0),31/07/26 11:00:00,S,PPS,SE,2014-S1,,m,
ESTAT:EARN_MW_CUR(1.0),31/07/26 11:00:00,S,PPS,SE,2014-S2,,m,
ESTAT:EARN_MW_CUR(1.0),31/07/26 11:00:00,S,PPS,SE,2015-S1,,m,
ESTAT:EARN_MW_CUR(1.0),31/07/26 11:00:00,S,PPS,SE,2015-S2,,m,
ESTAT:EARN_MW_CUR(1.0),31/07/26 11:00:00,S,PPS,SE,2016-S1,,m,
ESTAT:EARN_MW_CUR(1.0),31/07/26 11:00:00,S,PPS,SE,2016-S2,,m,
ESTAT:EARN_MW_CUR(1.0),31/07/26 11:00:00,S,PPS,SE,2017-S1,,m,
ESTAT:EARN_MW_CUR(1.0),31/07/26 11:00:00,S,PPS,SE,2017-S2,,m,
ESTAT:EARN_MW_CUR(1.0),31/07/26 11:00:00,S,PPS,SE,2018-S1,,m,
ESTAT:EARN_MW_CUR(1.0),31/07/26 11:00:00,S,PPS,SE,2018-S2,,m,
ESTAT:EARN_MW_CUR(1.0),31/07/26 11:00:00,S,PPS,SE,2019-S1,,m,
ESTAT:EARN_MW_CUR(1.0),31/07/26 11:00:00,S,PPS,SE,2019-S2,,m,
ESTAT:EARN_MW_CUR(1.0),31/07/26 11:00:00,S,PPS,SE,2020-S1,,m,
ESTAT:EARN_MW_CUR(1.0),31/07/26 11:00:00,S,PPS,SE,2020-S2,,m,
ESTAT:EARN_MW_CUR(1.0),31/07/26 11:00:00,S,PPS,SE,2021-S1,,m,
ESTAT:EARN_MW_CUR(1.0),31/07/26 11:00:00,S,PPS,SE,2021-S2,,m,
ESTAT:EARN_MW_CUR(1.0),31/07/26 11:00:00,S,PPS,SE,2022-S1,,m,
ESTAT:EARN_MW_CUR(1.0),31/07/26 11:00:00,S,PPS,SE,2022-S2,,m,
ESTAT:EARN_MW_CUR(1.0),31/07/26 11:00:00,S,PPS,SE,2023-S1,,m,
ESTAT:EARN_MW_CUR(1.0),31/07/26 11:00:00,S,PPS,SE,2023-S2,,m,
ESTAT:EARN_MW_CUR(1.0),31/07/26 11:00:00,S,PPS,SE,2024-S1,,m,
ESTAT:EARN_MW_CUR(1.0),31/07/26 11:00:00,S,PPS,SE,2024-S2,,m,
ESTAT:EARN_MW_CUR(1.0),31/07/26 11:00:00,S,PPS,SE,2025-S1,,m,
ESTAT:EARN_MW_CUR(1.0),31/07/26 11:00:00,S,PPS,SE,2025-S2,,m,
ESTAT:EARN_MW_CUR(1.0),31/07/26 11:00:00,S,PPS,SE,2026-S1,,m,
ESTAT:EARN_MW_CUR(1.0),31/07/26 11:00:00,S,PPS,SE,2026-S2,,m,
ESTAT:EARN_MW_CUR(1.0),31/07/26 11:00:00,S,PPS,SI,1999-S1,449,,
ESTAT:EARN_MW_CUR(1.0),31/07/26 11:00:00,S,PPS,SI,1999-S2,449,,
ESTAT:EARN_MW_CUR(1.0),31/07/26 11:00:00,S,PPS,SI,2000-S1,467,,
ESTAT:EARN_MW_CUR(1.0),31/07/26 11:00:00,S,PPS,SI,2000-S2,485,,
ESTAT:EARN_MW_CUR(1.0),31/07/26 11:00:00,S,PPS,SI,2001-S1,499,,
ESTAT:EARN_MW_CUR(1.0),31/07/26 11:00:00,S,PPS,SI,2001-S2,499,,
ESTAT:EARN_MW_CUR(1.0),31/07/26 11:00:00,S,PPS,SI,2002-S1,535,,
ESTAT:EARN_MW_CUR(1.0),31/07/26 11:00:00,S,PPS,SI,2002-S2,535,,
ESTAT:EARN_MW_CUR(1.0),31/07/26 11:00:00,S,PPS,SI,2003-S1,567,,
ESTAT:EARN_MW_CUR(1.0),31/07/26 11:00:00,S,PPS,SI,2003-S2,567,,
ESTAT:EARN_MW_CUR(1.0),31/07/26 11:00:00,S,PPS,SI,2004-S1,599,,
ESTAT:EARN_MW_CUR(1.0),31/07/26 11:00:00,S,PPS,SI,2004-S2,599,,
ESTAT:EARN_MW_CUR(1.0),31/07/26 11:00:00,S,PPS,SI,2005-S1,626,,
ESTAT:EARN_MW_CUR(1.0),31/07/26 11:00:00,S,PPS,SI,2005-S2,626,,
ESTAT:EARN_MW_CUR(1.0),31/07/26 11:00:00,S,PPS,SI,2006-S1,645,,
ESTAT:EARN_MW_CUR(1.0),31/07/26 11:00:00,S,PPS,SI,2006-S2,645,,
ESTAT:EARN_MW_CUR(1.0),31/07/26 11:00:00,S,PPS,SI,2007-S1,640,,
ESTAT:EARN_MW_CUR(1.0),31/07/26 11:00:00,S,PPS,SI,2007-S2,640,,
ESTAT:EARN_MW_CUR(1.0),31/07/26 11:00:00,S,PPS,SI,2008-S1,649,,
ESTAT:EARN_MW_CUR(1.0),31/07/26 11:00:00,S,PPS,SI,2008-S2,683,,
ESTAT:EARN_MW_CUR(1.0),31/07/26 11:00:00,S,PPS,SI,2009-S1,672,,
ESTAT:EARN_MW_CUR(1.0),31/07/26 11:00:00,S,PPS,SI,2009-S2,672,,
ESTAT:EARN_MW_CUR(1.0),31/07/26 11:00:00,S,PPS,SI,2010-S1,687,,
ESTAT:EARN_MW_CUR(1.0),31/07/26 11:00:00,S,PPS,SI,2010-S2,844,,
ESTAT:EARN_MW_CUR(1.0),31/07/26 11:00:00,S,PPS,SI,2011-S1,869,,
ESTAT:EARN_MW_CUR(1.0),31/07/26 11:00:00,S,PPS,SI,2011-S2,869,,
ESTAT:EARN_MW_CUR(1.0),31/07/26 11:00:00,S,PPS,SI,2012-S1,892,,
ESTAT:EARN_MW_CUR(1.0),31/07/26 11:00:00,S,PPS,SI,2012-S2,892,,
ESTAT:EARN_MW_CUR(1.0),31/07/26 11:00:00,S,PPS,SI,2013-S1,917,,
ESTAT:EARN_MW_CUR(1.0),31/07/26 11:00:00,S,PPS,SI,2013-S2,917,,
ESTAT:EARN_MW_CUR(1.0),31/07/26 11:00:00,S,PPS,SI,2014-S1,916,,
ESTAT:EARN_MW_CUR(1.0),31/07/26 11:00:00,S,PPS,SI,2014-S2,916,,
ESTAT:EARN_MW_CUR(1.0),31/07/26 11:00:00,S,PPS,SI,2015-S1,920,,
ESTAT:EARN_MW_CUR(1.0),31/07/26 11:00:00,S,PPS,SI,2015-S2,920,,
ESTAT:EARN_MW_CUR(1.0),31/07/26 11:00:00,S,PPS,SI,2016-S1,910,,
ESTAT:EARN_MW_CUR(1.0),31/07/26 11:00:00,S,PPS,SI,2016-S2,910,,
ESTAT:EARN_MW_CUR(1.0),31/07/26 11:00:00,S,PPS,SI,2017-S1,930,,
ESTAT:EARN_MW_CUR(1.0),31/07/26 11:00:00,S,PPS,SI,2017-S2,930,,
ESTAT:EARN_MW_CUR(1.0),31/07/26 11:00:00,S,PPS,SI,2018-S1,968,,
ESTAT:EARN_MW_CUR(1.0),31/07/26 11:00:00,S,PPS,SI,2018-S2,968,,
ESTAT:EARN_MW_CUR(1.0),31/07/26 11:00:00,S,PPS,SI,2019-S1,1021,,
ESTAT:EARN_MW_CUR(1.0),31/07/26 11:00:00,S,PPS,SI,2019-S2,1021,,
ESTAT:EARN_MW_CUR(1.0),31/07/26 11:00:00,S,PPS,SI,2020-S1,1078,,
ESTAT:EARN_MW_CUR(1.0),31/07/26 11:00:00,S,PPS,SI,2020-S2,1078,,
ESTAT:EARN_MW_CUR(1.0),31/07/26 11:00:00,S,PPS,SI,2021-S1,1175,,
ESTAT:EARN_MW_CUR(1.0),31/07/26 11:00:00,S,PPS,SI,2021-S2,1175,,
ESTAT:EARN_MW_CUR(1.0),31/07/26 11:00:00,S,PPS,SI,2022-S1,1220,,
ESTAT:EARN_MW_CUR(1.0),31/07/26 11:00:00,S,PPS,SI,2022-S2,1220,,
ESTAT:EARN_MW_CUR(1.0),31/07/26 11:00:00,S,PPS,SI,2023-S1,1344,,
ESTAT:EARN_MW_CUR(1.0),31/07/26 11:00:00,S,PPS,SI,2023-S2,1344,,
ESTAT:EARN_MW_CUR(1.0),31/07/26 11:00:00,S,PPS,SI,2024-S1,1401,,
ESTAT:EARN_MW_CUR(1.0),31/07/26 11:00:00,S,PPS,SI,2024-S2,1401,,
ESTAT:EARN_MW_CUR(1.0),31/07/26 11:00:00,S,PPS,SI,2025-S1,1431,,
ESTAT:EARN_MW_CUR(1.0),31/07/26 11:00:00,S,PPS,SI,2025-S2,1431,,
ESTAT:EARN_MW_CUR(1.0),31/07/26 11:00:00,S,PPS,SI,2026-S1,1660,e,
ESTAT:EARN_MW_CUR(1.0),31/07/26 11:00:00,S,PPS,SI,2026-S2,1660,e,
ESTAT:EARN_MW_CUR(1.0),31/07/26 11:00:00,S,PPS,SK,1999-S1,160,,
ESTAT:EARN_MW_CUR(1.0),31/07/26 11:00:00,S,PPS,SK,1999-S2,192,,
ESTAT:EARN_MW_CUR(1.0),31/07/26 11:00:00,S,PPS,SK,2000-S1,203,,
ESTAT:EARN_MW_CUR(1.0),31/07/26 11:00:00,S,PPS,SK,2000-S2,203,,
ESTAT:EARN_MW_CUR(1.0),31/07/26 11:00:00,S,PPS,SK,2001-S1,225,,
ESTAT:EARN_MW_CUR(1.0),31/07/26 11:00:00,S,PPS,SK,2001-S2,225,,
ESTAT:EARN_MW_CUR(1.0),31/07/26 11:00:00,S,PPS,SK,2002-S1,248,,
ESTAT:EARN_MW_CUR(1.0),31/07/26 11:00:00,S,PPS,SK,2002-S2,248,,
ESTAT:EARN_MW_CUR(1.0),31/07/26 11:00:00,S,PPS,SK,2003-S1,261,,
ESTAT:EARN_MW_CUR(1.0),31/07/26 11:00:00,S,PPS,SK,2003-S2,261,,
ESTAT:EARN_MW_CUR(1.0),31/07/26 11:00:00,S,PPS,SK,2004-S1,273,,
ESTAT:EARN_MW_CUR(1.0),31/07/26 11:00:00,S,PPS,SK,2004-S2,273,,
ESTAT:EARN_MW_CUR(1.0),31/07/26 11:00:00,S,PPS,SK,2005-S1,297,,
ESTAT:EARN_MW_CUR(1.0),31/07/26 11:00:00,S,PPS,SK,2005-S2,297,,
ESTAT:EARN_MW_CUR(1.0),31/07/26 11:00:00,S,PPS,SK,2006-S1,308,,
ESTAT:EARN_MW_CUR(1.0),31/07/26 11:00:00,S,PPS,SK,2006-S2,308,,
ESTAT:EARN_MW_CUR(1.0),31/07/26 11:00:00,S,PPS,SK,2007-S1,339,,
ESTAT:EARN_MW_CUR(1.0),31/07/26 11:00:00,S,PPS,SK,2007-S2,339,,
ESTAT:EARN_MW_CUR(1.0),31/07/26 11:00:00,S,PPS,SK,2008-S1,366,,
ESTAT:EARN_MW_CUR(1.0),31/07/26 11:00:00,S,PPS,SK,2008-S2,366,,
ESTAT:EARN_MW_CUR(1.0),31/07/26 11:00:00,S,PPS,SK,2009-S1,402,,
ESTAT:EARN_MW_CUR(1.0),31/07/26 11:00:00,S,PPS,SK,2009-S2,402,,
ESTAT:EARN_MW_CUR(1.0),31/07/26 11:00:00,S,PPS,SK,2010-S1,435,,
ESTAT:EARN_MW_CUR(1.0),31/07/26 11:00:00,S,PPS,SK,2010-S2,435,,
ESTAT:EARN_MW_CUR(1.0),31/07/26 11:00:00,S,PPS,SK,2011-S1,444,,
ESTAT:EARN_MW_CUR(1.0),31/07/26 11:00:00,S,PPS,SK,2011-S2,444,,
ESTAT:EARN_MW_CUR(1.0),31/07/26 11:00:00,S,PPS,SK,2012-S1,455,,
ESTAT:EARN_MW_CUR(1.0),31/07/26 11:00:00,S,PPS,SK,2012-S2,455,,
ESTAT:EARN_MW_CUR(1.0),31/07/26 11:00:00,S,PPS,SK,2013-S1,478,,
ESTAT:EARN_MW_CUR(1.0),31/07/26 11:00:00,S,PPS,SK,2013-S2,478,,
ESTAT:EARN_MW_CUR(1.0),31/07/26 11:00:00,S,PPS,SK,2014-S1,500,,
ESTAT:EARN_MW_CUR(1.0),31/07/26 11:00:00,S,PPS,SK,2014-S2,500,,
ESTAT:EARN_MW_CUR(1.0),31/07/26 11:00:00,S,PPS,SK,2015-S1,538,,
ESTAT:EARN_MW_CUR(1.0),31/07/26 11:00:00,S,PPS,SK,2015-S2,538,,
ESTAT:EARN_MW_CUR(1.0),31/07/26 11:00:00,S,PPS,SK,2016-S1,520,,
ESTAT:EARN_MW_CUR(1.0),31/07/26 11:00:00,S,PPS,SK,2016-S2,520,,
ESTAT:EARN_MW_CUR(1.0),31/07/26 11:00:00,S,PPS,SK,2017-S1,528,,
ESTAT:EARN_MW_CUR(1.0),31/07/26 11:00:00,S,PPS,SK,2017-S2,528,,
ESTAT:EARN_MW_CUR(1.0),31/07/26 11:00:00,S,PPS,SK,2018-S1,568,,
ESTAT:EARN_MW_CUR(1.0),31/07/26 11:00:00,S,PPS,SK,2018-S2,568,,
ESTAT:EARN_MW_CUR(1.0),31/07/26 11:00:00,S,PPS,SK,2019-S1,605,,
ESTAT:EARN_MW_CUR(1.0),31/07/26 11:00:00,S,PPS,SK,2019-S2,605,,
ESTAT:EARN_MW_CUR(1.0),31/07/26 11:00:00,S,PPS,SK,2020-S1,697,,
ESTAT:EARN_MW_CUR(1.0),31/07/26 11:00:00,S,PPS,SK,2020-S2,697,,
ESTAT:EARN_MW_CUR(1.0),31/07/26 11:00:00,S,PPS,SK,2021-S1,756,,
ESTAT:EARN_MW_CUR(1.0),31/07/26 11:00:00,S,PPS,SK,2021-S2,756,,
ESTAT:EARN_MW_CUR(1.0),31/07/26 11:00:00,S,PPS,SK,2022-S1,752,,
ESTAT:EARN_MW_CUR(1.0),31/07/26 11:00:00,S,PPS,SK,2022-S2,752,,
ESTAT:EARN_MW_CUR(1.0),31/07/26 11:00:00,S,PPS,SK,2023-S1,833,,
ESTAT:EARN_MW_CUR(1.0),31/07/26 11:00:00,S,PPS,SK,2023-S2,833,,
ESTAT:EARN_MW_CUR(1.0),31/07/26 11:00:00,S,PPS,SK,2024-S1,887,,
ESTAT:EARN_MW_CUR(1.0),31/07/26 11:00:00,S,PPS,SK,2024-S2,887,,
ESTAT:EARN_MW_CUR(1.0),31/07/26 11:00:00,S,PPS,SK,2025-S1,958,,
ESTAT:EARN_MW_CUR(1.0),31/07/26 11:00:00,S,PPS,SK,2025-S2,958,,
ESTAT:EARN_MW_CUR(1.0),31/07/26 11:00:00,S,PPS,SK,2026-S1,1074,e,
ESTAT:EARN_MW_CUR(1.0),31/07/26 11:00:00,S,PPS,SK,2026-S2,1074,e,
ESTAT:EARN_MW_CUR(1.0),31/07/26 11:00:00,S,PPS,TR,1999-S1,301,,
ESTAT:EARN_MW_CUR(1.0),31/07/26 11:00:00,S,PPS,TR,1999-S2,361,,
ESTAT:EARN_MW_CUR(1.0),31/07/26 11:00:00,S,PPS,TR,2000-S1,283,,
ESTAT:EARN_MW_CUR(1.0),31/07/26 11:00:00,S,PPS,TR,2000-S2,307,,
ESTAT:EARN_MW_CUR(1.0),31/07/26 11:00:00,S,PPS,TR,2001-S1,253,,
ESTAT:EARN_MW_CUR(1.0),31/07/26 11:00:00,S,PPS,TR,2001-S2,304,,
ESTAT:EARN_MW_CUR(1.0),31/07/26 11:00:00,S,PPS,TR,2002-S1,284,,
ESTAT:EARN_MW_CUR(1.0),31/07/26 11:00:00,S,PPS,TR,2002-S2,321,,
ESTAT:EARN_MW_CUR(1.0),31/07/26 11:00:00,S,PPS,TR,2003-S1,308,,
ESTAT:EARN_MW_CUR(1.0),31/07/26 11:00:00,S,PPS,TR,2003-S2,308,,
ESTAT:EARN_MW_CUR(1.0),31/07/26 11:00:00,S,PPS,TR,2004-S1,393,,
ESTAT:EARN_MW_CUR(1.0),31/07/26 11:00:00,S,PPS,TR,2004-S2,412,,
ESTAT:EARN_MW_CUR(1.0),31/07/26 11:00:00,S,PPS,TR,2005-S1,428,,
ESTAT:EARN_MW_CUR(1.0),31/07/26 11:00:00,S,PPS,TR,2005-S2,428,,
ESTAT:EARN_MW_CUR(1.0),31/07/26 11:00:00,S,PPS,TR,2006-S1,438,,
ESTAT:EARN_MW_CUR(1.0),31/07/26 11:00:00,S,PPS,TR,2006-S2,438,,
ESTAT:EARN_MW_CUR(1.0),31/07/26 11:00:00,S,PPS,TR,2007-S1,447,,
ESTAT:EARN_MW_CUR(1.0),31/07/26 11:00:00,S,PPS,TR,2007-S2,465,,
ESTAT:EARN_MW_CUR(1.0),31/07/26 11:00:00,S,PPS,TR,2008-S1,476,,
ESTAT:EARN_MW_CUR(1.0),31/07/26 11:00:00,S,PPS,TR,2008-S2,500,,
ESTAT:EARN_MW_CUR(1.0),31/07/26 11:00:00,S,PPS,TR,2009-S1,496,,
ESTAT:EARN_MW_CUR(1.0),31/07/26 11:00:00,S,PPS,TR,2009-S2,517,,
ESTAT:EARN_MW_CUR(1.0),31/07/26 11:00:00,S,PPS,TR,2010-S1,525,,
ESTAT:EARN_MW_CUR(1.0),31/07/26 11:00:00,S,PPS,TR,2010-S2,548,,
ESTAT:EARN_MW_CUR(1.0),31/07/26 11:00:00,S,PPS,TR,2011-S1,549,,
ESTAT:EARN_MW_CUR(1.0),31/07/26 11:00:00,S,PPS,TR,2011-S2,577,,
ESTAT:EARN_MW_CUR(1.0),31/07/26 11:00:00,S,PPS,TR,2012-S1,571,,
ESTAT:EARN_MW_CUR(1.0),31/07/26 11:00:00,S,PPS,TR,2012-S2,605,,
ESTAT:EARN_MW_CUR(1.0),31/07/26 11:00:00,S,PPS,TR,2013-S1,588,,
ESTAT:EARN_MW_CUR(1.0),31/07/26 11:00:00,S,PPS,TR,2013-S2,614,,
ESTAT:EARN_MW_CUR(1.0),31/07/26 11:00:00,S,PPS,TR,2014-S1,605,,
ESTAT:EARN_MW_CUR(1.0),31/07/26 11:00:00,S,PPS,TR,2014-S2,640,,
ESTAT:EARN_MW_CUR(1.0),31/07/26 11:00:00,S,PPS,TR,2015-S1,647,,
ESTAT:EARN_MW_CUR(1.0),31/07/26 11:00:00,S,PPS,TR,2015-S2,686,,
ESTAT:EARN_MW_CUR(1.0),31/07/26 11:00:00,S,PPS,TR,2016-S1,798,,
ESTAT:EARN_MW_CUR(1.0),31/07/26 11:00:00,S,PPS,TR,2016-S2,798,,
ESTAT:EARN_MW_CUR(1.0),31/07/26 11:00:00,S,PPS,TR,2017-S1,781,,
ESTAT:EARN_MW_CUR(1.0),31/07/26 11:00:00,S,PPS,TR,2017-S2,781,,
ESTAT:EARN_MW_CUR(1.0),31/07/26 11:00:00,S,PPS,TR,2018-S1,776,,
ESTAT:EARN_MW_CUR(1.0),31/07/26 11:00:00,S,PPS,TR,2018-S2,776,,
ESTAT:EARN_MW_CUR(1.0),31/07/26 11:00:00,S,PPS,TR,2019-S1,851,,
ESTAT:EARN_MW_CUR(1.0),31/07/26 11:00:00,S,PPS,TR,2019-S2,851,,
ESTAT:EARN_MW_CUR(1.0),31/07/26 11:00:00,S,PPS,TR,2020-S1,815,,
ESTAT:EARN_MW_CUR(1.0),31/07/26 11:00:00,S,PPS,TR,2020-S2,815,,
ESTAT:EARN_MW_CUR(1.0),31/07/26 11:00:00,S,PPS,TR,2021-S1,806,,
ESTAT:EARN_MW_CUR(1.0),31/07/26 11:00:00,S,PPS,TR,2021-S2,806,,
ESTAT:EARN_MW_CUR(1.0),31/07/26 11:00:00,S,PPS,TR,2022-S1,700,,
ESTAT:EARN_MW_CUR(1.0),31/07/26 11:00:00,S,PPS,TR,2022-S2,905,,
ESTAT:EARN_MW_CUR(1.0),31/07/26 11:00:00,S,PPS,TR,2023-S1,860,,
ESTAT:EARN_MW_CUR(1.0),31/07/26 11:00:00,S,PPS,TR,2023-S2,1153,,
ESTAT:EARN_MW_CUR(1.0),31/07/26 11:00:00,S,PPS,TR,2024-S1,1014,,
ESTAT:EARN_MW_CUR(1.0),31/07/26 11:00:00,S,PPS,TR,2024-S2,1014,,
ESTAT:EARN_MW_CUR(1.0),31/07/26 11:00:00,S,PPS,TR,2025-S1,973,,
ESTAT:EARN_MW_CUR(1.0),31/07/26 11:00:00,S,PPS,TR,2025-S2,973,,
ESTAT:EARN_MW_CUR(1.0),31/07/26 11:00:00,S,PPS,UK,1999-S1,,m,
ESTAT:EARN_MW_CUR(1.0),31/07/26 11:00:00,S,PPS,UK,1999-S2,624,,
ESTAT:EARN_MW_CUR(1.0),31/07/26 11:00:00,S,PPS,UK,2000-S1,646,,
ESTAT:EARN_MW_CUR(1.0),31/07/26 11:00:00,S,PPS,UK,2000-S2,646,,
ESTAT:EARN_MW_CUR(1.0),31/07/26 11:00:00,S,PPS,UK,2001-S1,682,,
ESTAT:EARN_MW_CUR(1.0),31/07/26 11:00:00,S,PPS,UK,2001-S2,682,,
ESTAT:EARN_MW_CUR(1.0),31/07/26 11:00:00,S,PPS,UK,2002-S1,744,,
ESTAT:EARN_MW_CUR(1.0),31/07/26 11:00:00,S,PPS,UK,2002-S2,744,,
ESTAT:EARN_MW_CUR(1.0),31/07/26 11:00:00,S,PPS,UK,2003-S1,771,,
ESTAT:EARN_MW_CUR(1.0),31/07/26 11:00:00,S,PPS,UK,2003-S2,771,,
ESTAT:EARN_MW_CUR(1.0),31/07/26 11:00:00,S,PPS,UK,2004-S1,842,,
ESTAT:EARN_MW_CUR(1.0),31/07/26 11:00:00,S,PPS,UK,2004-S2,842,,
ESTAT:EARN_MW_CUR(1.0),31/07/26 11:00:00,S,PPS,UK,2005-S1,887,,
ESTAT:EARN_MW_CUR(1.0),31/07/26 11:00:00,S,PPS,UK,2005-S2,887,,
ESTAT:EARN_MW_CUR(1.0),31/07/26 11:00:00,S,PPS,UK,2006-S1,931,,
ESTAT:EARN_MW_CUR(1.0),31/07/26 11:00:00,S,PPS,UK,2006-S2,931,,
ESTAT:EARN_MW_CUR(1.0),31/07/26 11:00:00,S,PPS,UK,2007-S1,976,,
ESTAT:EARN_MW_CUR(1.0),31/07/26 11:00:00,S,PPS,UK,2007-S2,976,,
ESTAT:EARN_MW_CUR(1.0),31/07/26 11:00:00,S,PPS,UK,2008-S1,988,,
ESTAT:EARN_MW_CUR(1.0),31/07/26 11:00:00,S,PPS,UK,2008-S2,988,,
ESTAT:EARN_MW_CUR(1.0),31/07/26 11:00:00,S,PPS,UK,2009-S1,980,,
ESTAT:EARN_MW_CUR(1.0),31/07/26 11:00:00,S,PPS,UK,2009-S2,980,,
ESTAT:EARN_MW_CUR(1.0),31/07/26 11:00:00,S,PPS,UK,2010-S1,987,,
ESTAT:EARN_MW_CUR(1.0),31/07/26 11:00:00,S,PPS,UK,2010-S2,987,,
ESTAT:EARN_MW_CUR(1.0),31/07/26 11:00:00,S,PPS,UK,2011-S1,996,,
ESTAT:EARN_MW_CUR(1.0),31/07/26 11:00:00,S,PPS,UK,2011-S2,996,,
ESTAT:EARN_MW_CUR(1.0),31/07/26 11:00:00,S,PPS,UK,2012-S1,1010,,
ESTAT:EARN_MW_CUR(1.0),31/07/26 11:00:00,S,PPS,UK,2012-S2,1010,,
ESTAT:EARN_MW_CUR(1.0),31/07/26 11:00:00,S,PPS,UK,2013-S1,1002,,
ESTAT:EARN_MW_CUR(1.0),31/07/26 11:00:00,S,PPS,UK,2013-S2,1002,,
ESTAT:EARN_MW_CUR(1.0),31/07/26 11:00:00,S,PPS,UK,2014-S1,1010,,
ESTAT:EARN_MW_CUR(1.0),31/07/26 11:00:00,S,PPS,UK,2014-S2,1010,,
ESTAT:EARN_MW_CUR(1.0),31/07/26 11:00:00,S,PPS,UK,2015-S1,1037,,
ESTAT:EARN_MW_CUR(1.0),31/07/26 11:00:00,S,PPS,UK,2015-S2,1037,,
ESTAT:EARN_MW_CUR(1.0),31/07/26 11:00:00,S,PPS,UK,2016-S1,1061,,
ESTAT:EARN_MW_CUR(1.0),31/07/26 11:00:00,S,PPS,UK,2016-S2,1140,,
ESTAT:EARN_MW_CUR(1.0),31/07/26 11:00:00,S,PPS,UK,2017-S1,1137,,
ESTAT:EARN_MW_CUR(1.0),31/07/26 11:00:00,S,PPS,UK,2017-S2,1185,,
ESTAT:EARN_MW_CUR(1.0),31/07/26 11:00:00,S,PPS,UK,2018-S1,1174,,
ESTAT:EARN_MW_CUR(1.0),31/07/26 11:00:00,S,PPS,UK,2018-S2,1228,,
ESTAT:EARN_MW_CUR(1.0),31/07/26 11:00:00,S,PPS,UK,2019-S1,1225,,
ESTAT:EARN_MW_CUR(1.0),31/07/26 11:00:00,S,PPS,UK,2019-S2,1282,,
ESTAT:EARN_MW_CUR(1.0),31/07/26 11:00:00,S,PPS,UK,2020-S1,1270.63,e,
ESTAT:EARN_MW_CUR(1.0),31/07/26 11:00:00,S,PPS,UK,2020-S2,1349.57,e,
ESTAT:EARN_MW_CUR(1.0),31/07/26 11:00:00,S,PPS,US,1999-S1,761,,
ESTAT:EARN_MW_CUR(1.0),31/07/26 11:00:00,S,PPS,US,1999-S2,761,,
ESTAT:EARN_MW_CUR(1.0),31/07/26 11:00:00,S,PPS,US,2000-S1,757,,
ESTAT:EARN_MW_CUR(1.0),31/07/26 11:00:00,S,PPS,US,2000-S2,757,,
ESTAT:EARN_MW_CUR(1.0),31/07/26 11:00:00,S,PPS,US,2001-S1,754,,
ESTAT:EARN_MW_CUR(1.0),31/07/26 11:00:00,S,PPS,US,2001-S2,754,,
ESTAT:EARN_MW_CUR(1.0),31/07/26 11:00:00,S,PPS,US,2002-S1,752,,
ESTAT:EARN_MW_CUR(1.0),31/07/26 11:00:00,S,PPS,US,2002-S2,752,,
ESTAT:EARN_MW_CUR(1.0),31/07/26 11:00:00,S,PPS,US,2003-S1,756,,
ESTAT:EARN_MW_CUR(1.0),31/07/26 11:00:00,S,PPS,US,2003-S2,756,,
ESTAT:EARN_MW_CUR(1.0),31/07/26 11:00:00,S,PPS,US,2004-S1,752,,
ESTAT:EARN_MW_CUR(1.0),31/07/26 11:00:00,S,PPS,US,2004-S2,752,,
ESTAT:EARN_MW_CUR(1.0),31/07/26 11:00:00,S,PPS,US,2005-S1,755,,
ESTAT:EARN_MW_CUR(1.0),31/07/26 11:00:00,S,PPS,US,2005-S2,755,,
ESTAT:EARN_MW_CUR(1.0),31/07/26 11:00:00,S,PPS,US,2006-S1,750,,
ESTAT:EARN_MW_CUR(1.0),31/07/26 11:00:00,S,PPS,US,2006-S2,750,,
ESTAT:EARN_MW_CUR(1.0),31/07/26 11:00:00,S,PPS,US,2007-S1,749,,
ESTAT:EARN_MW_CUR(1.0),31/07/26 11:00:00,S,PPS,US,2007-S2,749,,
ESTAT:EARN_MW_CUR(1.0),31/07/26 11:00:00,S,PPS,US,2008-S1,839,,
ESTAT:EARN_MW_CUR(1.0),31/07/26 11:00:00,S,PPS,US,2008-S2,839,,
ESTAT:EARN_MW_CUR(1.0),31/07/26 11:00:00,S,PPS,US,2009-S1,918,,
ESTAT:EARN_MW_CUR(1.0),31/07/26 11:00:00,S,PPS,US,2009-S2,918,,
ESTAT:EARN_MW_CUR(1.0),31/07/26 11:00:00,S,PPS,US,2010-S1,1010,,
ESTAT:EARN_MW_CUR(1.0),31/07/26 11:00:00,S,PPS,US,2010-S2,1010,,
ESTAT:EARN_MW_CUR(1.0),31/07/26 11:00:00,S,PPS,US,2011-S1,995,,
ESTAT:EARN_MW_CUR(1.0),31/07/26 11:00:00,S,PPS,US,2011-S2,995,,
ESTAT:EARN_MW_CUR(1.0),31/07/26 11:00:00,S,PPS,US,2012-S1,995,,
ESTAT:EARN_MW_CUR(1.0),31/07/26 11:00:00,S,PPS,US,2012-S2,995,,
ESTAT:EARN_MW_CUR(1.0),31/07/26 11:00:00,S,PPS,US,2013-S1,979,,
ESTAT:EARN_MW_CUR(1.0),31/07/26 11:00:00,S,PPS,US,2013-S2,979,,
ESTAT:EARN_MW_CUR(1.0),31/07/26 11:00:00,S,PPS,US,2014-S1,972,,
ESTAT:EARN_MW_CUR(1.0),31/07/26 11:00:00,S,PPS,US,2014-S2,972,,
ESTAT:EARN_MW_CUR(1.0),31/07/26 11:00:00,S,PPS,US,2015-S1,978,,
ESTAT:EARN_MW_CUR(1.0),31/07/26 11:00:00,S,PPS,US,2015-S2,978,,
ESTAT:EARN_MW_CUR(1.0),31/07/26 11:00:00,S,PPS,US,2016-S1,947,,
ESTAT:EARN_MW_CUR(1.0),31/07/26 11:00:00,S,PPS,US,2016-S2,947,,
ESTAT:EARN_MW_CUR(1.0),31/07/26 11:00:00,S,PPS,US,2017-S1,943,,
ESTAT:EARN_MW_CUR(1.0),31/07/26 11:00:00,S,PPS,US,2017-S2,943,,
ESTAT:EARN_MW_CUR(1.0),31/07/26 11:00:00,S,PPS,US,2018-S1,927,,
ESTAT:EARN_MW_CUR(1.0),31/07/26 11:00:00,S,PPS,US,2018-S2,927,,
ESTAT:EARN_MW_CUR(1.0),31/07/26 11:00:00,S,PPS,US,2019-S1,895,,
ESTAT:EARN_MW_CUR(1.0),31/07/26 11:00:00,S,PPS,US,2019-S2,895,,
ESTAT:EARN_MW_CUR(1.0),31/07/26 11:00:00,S,PPS,US,2020-S1,882,,
ESTAT:EARN_MW_CUR(1.0),31/07/26 11:00:00,S,PPS,US,2020-S2,882,,
ESTAT:EARN_MW_CUR(1.0),31/07/26 11:00:00,S,PPS,US,2021-S1,871,,
ESTAT:EARN_MW_CUR(1.0),31/07/26 11:00:00,S,PPS,US,2021-S2,871,,
ESTAT:EARN_MW_CUR(1.0),31/07/26 11:00:00,S,PPS,US,2022-S1,834,,
ESTAT:EARN_MW_CUR(1.0),31/07/26 11:00:00,S,PPS,US,2022-S2,834,,
ESTAT:EARN_MW_CUR(1.0),31/07/26 11:00:00,S,PPS,US,2023-S1,810,,
ESTAT:EARN_MW_CUR(1.0),31/07/26 11:00:00,S,PPS,US,2023-S2,810,,
ESTAT:EARN_MW_CUR(1.0),31/07/26 11:00:00,S,PPS,US,2024-S1,810,,
ESTAT:EARN_MW_CUR(1.0),31/07/26 11:00:00,S,PPS,US,2024-S2,810,,
ESTAT:EARN_MW_CUR(1.0),31/07/26 11:00:00,S,PPS,US,2025-S1,834,,
ESTAT:EARN_MW_CUR(1.0),31/07/26 11:00:00,S,PPS,US,2025-S2,834,,
ESTAT:EARN_MW_CUR(1.0),31/07/26 11:00:00,S,PPS,US,2026-S1,834,e,
ESTAT:EARN_MW_CUR(1.0),31/07/26 11:00:00,S,PPS,US,2026-S2,834,e,
