DATAFLOW,LAST UPDATE,freq,unit,geo,purchase,TIME_PERIOD,OBS_VALUE,OBS_FLAG,CONF_STATUS
ESTAT:PRC_HPI_HSVA(1.0),09/07/26 23:00:00,A,EUR,AT,DW_EXST,2015,8731532864,,
ESTAT:PRC_HPI_HSVA(1.0),09/07/26 23:00:00,A,EUR,AT,DW_EXST,2016,8347618823,,
ESTAT:PRC_HPI_HSVA(1.0),09/07/26 23:00:00,A,EUR,AT,DW_EXST,2017,9294997953,,
ESTAT:PRC_HPI_HSVA(1.0),09/07/26 23:00:00,A,EUR,AT,DW_EXST,2018,9984663943,,
ESTAT:PRC_HPI_HSVA(1.0),09/07/26 23:00:00,A,EUR,AT,DW_EXST,2019,11079718853,,
ESTAT:PRC_HPI_HSVA(1.0),09/07/26 23:00:00,A,EUR,AT,DW_EXST,2020,12180418207,,
ESTAT:PRC_HPI_HSVA(1.0),09/07/26 23:00:00,A,EUR,AT,DW_EXST,2021,14497829592,,
ESTAT:PRC_HPI_HSVA(1.0),09/07/26 23:00:00,A,EUR,AT,DW_EXST,2022,13547036081,,
ESTAT:PRC_HPI_HSVA(1.0),09/07/26 23:00:00,A,EUR,AT,DW_EXST,2023,10572964975,,
ESTAT:PRC_HPI_HSVA(1.0),09/07/26 23:00:00,A,EUR,AT,DW_EXST,2024,12139259629,p,
ESTAT:PRC_HPI_HSVA(1.0),09/07/26 23:00:00,A,EUR,AT,DW_EXST,2025,14760525069,ep,
ESTAT:PRC_HPI_HSVA(1.0),09/07/26 23:00:00,A,EUR,AT,DW_NEW,2015,3231079419,,
ESTAT:PRC_HPI_HSVA(1.0),09/07/26 23:00:00,A,EUR,AT,DW_NEW,2016,3458128479,,
ESTAT:PRC_HPI_HSVA(1.0),09/07/26 23:00:00,A,EUR,AT,DW_NEW,2017,3746801156,,
ESTAT:PRC_HPI_HSVA(1.0),09/07/26 23:00:00,A,EUR,AT,DW_NEW,2018,4071636783,,
ESTAT:PRC_HPI_HSVA(1.0),09/07/26 23:00:00,A,EUR,AT,DW_NEW,2019,5377611720,,
ESTAT:PRC_HPI_HSVA(1.0),09/07/26 23:00:00,A,EUR,AT,DW_NEW,2020,6475095478,,
ESTAT:PRC_HPI_HSVA(1.0),09/07/26 23:00:00,A,EUR,AT,DW_NEW,2021,7598871198,,
ESTAT:PRC_HPI_HSVA(1.0),09/07/26 23:00:00,A,EUR,AT,DW_NEW,2022,6112755463,,
ESTAT:PRC_HPI_HSVA(1.0),09/07/26 23:00:00,A,EUR,AT,DW_NEW,2023,2969264747,,
ESTAT:PRC_HPI_HSVA(1.0),09/07/26 23:00:00,A,EUR,AT,DW_NEW,2024,3170236729,p,
ESTAT:PRC_HPI_HSVA(1.0),09/07/26 23:00:00,A,EUR,AT,DW_NEW,2025,4272202898,ep,
ESTAT:PRC_HPI_HSVA(1.0),09/07/26 23:00:00,A,EUR,AT,TOTAL,2010,8345319841,,
ESTAT:PRC_HPI_HSVA(1.0),09/07/26 23:00:00,A,EUR,AT,TOTAL,2011,8943396586,,
ESTAT:PRC_HPI_HSVA(1.0),09/07/26 23:00:00,A,EUR,AT,TOTAL,2012,9440644606,,
ESTAT:PRC_HPI_HSVA(1.0),09/07/26 23:00:00,A,EUR,AT,TOTAL,2013,9349945409,,
ESTAT:PRC_HPI_HSVA(1.0),09/07/26 23:00:00,A,EUR,AT,TOTAL,2014,12080605937,,
ESTAT:PRC_HPI_HSVA(1.0),09/07/26 23:00:00,A,EUR,AT,TOTAL,2015,11962612282,,
ESTAT:PRC_HPI_HSVA(1.0),09/07/26 23:00:00,A,EUR,AT,TOTAL,2016,11805747302,,
ESTAT:PRC_HPI_HSVA(1.0),09/07/26 23:00:00,A,EUR,AT,TOTAL,2017,13041799109,,
ESTAT:PRC_HPI_HSVA(1.0),09/07/26 23:00:00,A,EUR,AT,TOTAL,2018,14056300727,,
ESTAT:PRC_HPI_HSVA(1.0),09/07/26 23:00:00,A,EUR,AT,TOTAL,2019,16457330573,,
ESTAT:PRC_HPI_HSVA(1.0),09/07/26 23:00:00,A,EUR,AT,TOTAL,2020,18655513685,,
ESTAT:PRC_HPI_HSVA(1.0),09/07/26 23:00:00,A,EUR,AT,TOTAL,2021,22096700790,,
ESTAT:PRC_HPI_HSVA(1.0),09/07/26 23:00:00,A,EUR,AT,TOTAL,2022,19659791545,,
ESTAT:PRC_HPI_HSVA(1.0),09/07/26 23:00:00,A,EUR,AT,TOTAL,2023,13542229722,,
ESTAT:PRC_HPI_HSVA(1.0),09/07/26 23:00:00,A,EUR,AT,TOTAL,2024,15309496357,p,
ESTAT:PRC_HPI_HSVA(1.0),09/07/26 23:00:00,A,EUR,AT,TOTAL,2025,19032727968,ep,
ESTAT:PRC_HPI_HSVA(1.0),09/07/26 23:00:00,A,EUR,BE,DW_EXST,2010,21572699417,,
ESTAT:PRC_HPI_HSVA(1.0),09/07/26 23:00:00,A,EUR,BE,DW_EXST,2011,24536459273,,
ESTAT:PRC_HPI_HSVA(1.0),09/07/26 23:00:00,A,EUR,BE,DW_EXST,2012,24322723850,,
ESTAT:PRC_HPI_HSVA(1.0),09/07/26 23:00:00,A,EUR,BE,DW_EXST,2013,24227928850,,
ESTAT:PRC_HPI_HSVA(1.0),09/07/26 23:00:00,A,EUR,BE,DW_EXST,2014,27407165280,,
ESTAT:PRC_HPI_HSVA(1.0),09/07/26 23:00:00,A,EUR,BE,DW_EXST,2015,21832536502,,
ESTAT:PRC_HPI_HSVA(1.0),09/07/26 23:00:00,A,EUR,BE,DW_EXST,2016,26979690464,,
ESTAT:PRC_HPI_HSVA(1.0),09/07/26 23:00:00,A,EUR,BE,DW_EXST,2017,29654517778,,
ESTAT:PRC_HPI_HSVA(1.0),09/07/26 23:00:00,A,EUR,BE,DW_EXST,2018,32170264075,,
ESTAT:PRC_HPI_HSVA(1.0),09/07/26 23:00:00,A,EUR,BE,DW_EXST,2019,38905306431,,
ESTAT:PRC_HPI_HSVA(1.0),09/07/26 23:00:00,A,EUR,BE,DW_EXST,2020,33723782980,,
ESTAT:PRC_HPI_HSVA(1.0),09/07/26 23:00:00,A,EUR,BE,DW_EXST,2021,43154515257,,
ESTAT:PRC_HPI_HSVA(1.0),09/07/26 23:00:00,A,EUR,BE,DW_EXST,2022,46500200338,,
ESTAT:PRC_HPI_HSVA(1.0),09/07/26 23:00:00,A,EUR,BE,DW_EXST,2023,39696526110,,
ESTAT:PRC_HPI_HSVA(1.0),09/07/26 23:00:00,A,EUR,BE,DW_EXST,2024,40219465536,,
ESTAT:PRC_HPI_HSVA(1.0),09/07/26 23:00:00,A,EUR,BE,DW_EXST,2025,50990019654,,
ESTAT:PRC_HPI_HSVA(1.0),09/07/26 23:00:00,A,EUR,BE,TOTAL,2005,24346251049,e,
ESTAT:PRC_HPI_HSVA(1.0),09/07/26 23:00:00,A,EUR,BE,TOTAL,2006,26759323267,e,
ESTAT:PRC_HPI_HSVA(1.0),09/07/26 23:00:00,A,EUR,BE,TOTAL,2007,29155112679,e,
ESTAT:PRC_HPI_HSVA(1.0),09/07/26 23:00:00,A,EUR,BE,TOTAL,2008,29162558375,e,
ESTAT:PRC_HPI_HSVA(1.0),09/07/26 23:00:00,A,EUR,BE,TOTAL,2009,27032357576,e,
ESTAT:PRC_HPI_HSVA(1.0),09/07/26 23:00:00,A,EUR,BE,TOTAL,2010,21572699417,d,
ESTAT:PRC_HPI_HSVA(1.0),09/07/26 23:00:00,A,EUR,BE,TOTAL,2011,24536459273,d,
ESTAT:PRC_HPI_HSVA(1.0),09/07/26 23:00:00,A,EUR,BE,TOTAL,2012,24322723850,d,
ESTAT:PRC_HPI_HSVA(1.0),09/07/26 23:00:00,A,EUR,BE,TOTAL,2013,24227928850,d,
ESTAT:PRC_HPI_HSVA(1.0),09/07/26 23:00:00,A,EUR,BE,TOTAL,2014,27407165280,d,
ESTAT:PRC_HPI_HSVA(1.0),09/07/26 23:00:00,A,EUR,BE,TOTAL,2015,21832536502,d,
ESTAT:PRC_HPI_HSVA(1.0),09/07/26 23:00:00,A,EUR,BE,TOTAL,2016,26979690464,d,
ESTAT:PRC_HPI_HSVA(1.0),09/07/26 23:00:00,A,EUR,BE,TOTAL,2017,29654517778,d,
ESTAT:PRC_HPI_HSVA(1.0),09/07/26 23:00:00,A,EUR,BE,TOTAL,2018,32170264075,d,
ESTAT:PRC_HPI_HSVA(1.0),09/07/26 23:00:00,A,EUR,BE,TOTAL,2019,38905306431,d,
ESTAT:PRC_HPI_HSVA(1.0),09/07/26 23:00:00,A,EUR,BE,TOTAL,2020,33723782980,d,
ESTAT:PRC_HPI_HSVA(1.0),09/07/26 23:00:00,A,EUR,BE,TOTAL,2021,43154515257,d,
ESTAT:PRC_HPI_HSVA(1.0),09/07/26 23:00:00,A,EUR,BE,TOTAL,2022,46500200338,d,
ESTAT:PRC_HPI_HSVA(1.0),09/07/26 23:00:00,A,EUR,BE,TOTAL,2023,39696526110,d,
ESTAT:PRC_HPI_HSVA(1.0),09/07/26 23:00:00,A,EUR,BE,TOTAL,2024,40219465536,d,
ESTAT:PRC_HPI_HSVA(1.0),09/07/26 23:00:00,A,EUR,BE,TOTAL,2025,50990019654,d,
ESTAT:PRC_HPI_HSVA(1.0),09/07/26 23:00:00,A,EUR,BG,DW_EXST,2017,1329062550,,
ESTAT:PRC_HPI_HSVA(1.0),09/07/26 23:00:00,A,EUR,BG,DW_EXST,2018,1459252729,,
ESTAT:PRC_HPI_HSVA(1.0),09/07/26 23:00:00,A,EUR,BG,DW_EXST,2019,1624206362,,
ESTAT:PRC_HPI_HSVA(1.0),09/07/26 23:00:00,A,EUR,BG,DW_EXST,2020,1435946723,,
ESTAT:PRC_HPI_HSVA(1.0),09/07/26 23:00:00,A,EUR,BG,DW_EXST,2021,2328621994,,
ESTAT:PRC_HPI_HSVA(1.0),09/07/26 23:00:00,A,EUR,BG,DW_EXST,2022,2643276282,,
ESTAT:PRC_HPI_HSVA(1.0),09/07/26 23:00:00,A,EUR,BG,DW_EXST,2023,2850838288,,
ESTAT:PRC_HPI_HSVA(1.0),09/07/26 23:00:00,A,EUR,BG,DW_EXST,2024,3539953761,,
ESTAT:PRC_HPI_HSVA(1.0),09/07/26 23:00:00,A,EUR,BG,DW_EXST,2025,3963411614,,
ESTAT:PRC_HPI_HSVA(1.0),09/07/26 23:00:00,A,EUR,BG,DW_NEW,2017,759856072,,
ESTAT:PRC_HPI_HSVA(1.0),09/07/26 23:00:00,A,EUR,BG,DW_NEW,2018,815536037,,
ESTAT:PRC_HPI_HSVA(1.0),09/07/26 23:00:00,A,EUR,BG,DW_NEW,2019,972718882,,
ESTAT:PRC_HPI_HSVA(1.0),09/07/26 23:00:00,A,EUR,BG,DW_NEW,2020,1018177070,,
ESTAT:PRC_HPI_HSVA(1.0),09/07/26 23:00:00,A,EUR,BG,DW_NEW,2021,1390635245,,
ESTAT:PRC_HPI_HSVA(1.0),09/07/26 23:00:00,A,EUR,BG,DW_NEW,2022,1697053839,,
ESTAT:PRC_HPI_HSVA(1.0),09/07/26 23:00:00,A,EUR,BG,DW_NEW,2023,1646288660,,
ESTAT:PRC_HPI_HSVA(1.0),09/07/26 23:00:00,A,EUR,BG,DW_NEW,2024,2309910679,,
ESTAT:PRC_HPI_HSVA(1.0),09/07/26 23:00:00,A,EUR,BG,DW_NEW,2025,2689602338,,
ESTAT:PRC_HPI_HSVA(1.0),09/07/26 23:00:00,A,EUR,BG,TOTAL,2006,2021187936,,
ESTAT:PRC_HPI_HSVA(1.0),09/07/26 23:00:00,A,EUR,BG,TOTAL,2007,1708975218,,
ESTAT:PRC_HPI_HSVA(1.0),09/07/26 23:00:00,A,EUR,BG,TOTAL,2008,2309569339,,
ESTAT:PRC_HPI_HSVA(1.0),09/07/26 23:00:00,A,EUR,BG,TOTAL,2009,1976016832,,
ESTAT:PRC_HPI_HSVA(1.0),09/07/26 23:00:00,A,EUR,BG,TOTAL,2010,1184023151,,
ESTAT:PRC_HPI_HSVA(1.0),09/07/26 23:00:00,A,EUR,BG,TOTAL,2011,1540802626,,
ESTAT:PRC_HPI_HSVA(1.0),09/07/26 23:00:00,A,EUR,BG,TOTAL,2012,1259623791,,
ESTAT:PRC_HPI_HSVA(1.0),09/07/26 23:00:00,A,EUR,BG,TOTAL,2013,1249570770,,
ESTAT:PRC_HPI_HSVA(1.0),09/07/26 23:00:00,A,EUR,BG,TOTAL,2014,1664032661,,
ESTAT:PRC_HPI_HSVA(1.0),09/07/26 23:00:00,A,EUR,BG,TOTAL,2015,1689556529,e,
ESTAT:PRC_HPI_HSVA(1.0),09/07/26 23:00:00,A,EUR,BG,TOTAL,2016,1901672441,be,
ESTAT:PRC_HPI_HSVA(1.0),09/07/26 23:00:00,A,EUR,BG,TOTAL,2017,2088918623,,
ESTAT:PRC_HPI_HSVA(1.0),09/07/26 23:00:00,A,EUR,BG,TOTAL,2018,2274788766,,
ESTAT:PRC_HPI_HSVA(1.0),09/07/26 23:00:00,A,EUR,BG,TOTAL,2019,2596925244,,
ESTAT:PRC_HPI_HSVA(1.0),09/07/26 23:00:00,A,EUR,BG,TOTAL,2020,2454123793,,
ESTAT:PRC_HPI_HSVA(1.0),09/07/26 23:00:00,A,EUR,BG,TOTAL,2021,3719257238,,
ESTAT:PRC_HPI_HSVA(1.0),09/07/26 23:00:00,A,EUR,BG,TOTAL,2022,4340330121,,
ESTAT:PRC_HPI_HSVA(1.0),09/07/26 23:00:00,A,EUR,BG,TOTAL,2023,4497126948,,
ESTAT:PRC_HPI_HSVA(1.0),09/07/26 23:00:00,A,EUR,BG,TOTAL,2024,5849864440,,
ESTAT:PRC_HPI_HSVA(1.0),09/07/26 23:00:00,A,EUR,BG,TOTAL,2025,6653013951,,
ESTAT:PRC_HPI_HSVA(1.0),09/07/26 23:00:00,A,EUR,DK,DW_EXST,2013,11294164564,,
ESTAT:PRC_HPI_HSVA(1.0),09/07/26 23:00:00,A,EUR,DK,DW_EXST,2014,13264791967,,
ESTAT:PRC_HPI_HSVA(1.0),09/07/26 23:00:00,A,EUR,DK,DW_EXST,2015,16143681960,,
ESTAT:PRC_HPI_HSVA(1.0),09/07/26 23:00:00,A,EUR,DK,DW_EXST,2016,17491736722,,
ESTAT:PRC_HPI_HSVA(1.0),09/07/26 23:00:00,A,EUR,DK,DW_EXST,2017,20548440203,,
ESTAT:PRC_HPI_HSVA(1.0),09/07/26 23:00:00,A,EUR,DK,DW_EXST,2018,20670307336,,
ESTAT:PRC_HPI_HSVA(1.0),09/07/26 23:00:00,A,EUR,DK,DW_EXST,2019,21843315881,,
ESTAT:PRC_HPI_HSVA(1.0),09/07/26 23:00:00,A,EUR,DK,DW_EXST,2020,27658283650,,
ESTAT:PRC_HPI_HSVA(1.0),09/07/26 23:00:00,A,EUR,DK,DW_EXST,2021,32099178492,d,
ESTAT:PRC_HPI_HSVA(1.0),09/07/26 23:00:00,A,EUR,DK,DW_EXST,2022,19908879674,,
ESTAT:PRC_HPI_HSVA(1.0),09/07/26 23:00:00,A,EUR,DK,DW_EXST,2023,24387909135,,
ESTAT:PRC_HPI_HSVA(1.0),09/07/26 23:00:00,A,EUR,DK,DW_EXST,2024,27026215808,,
ESTAT:PRC_HPI_HSVA(1.0),09/07/26 23:00:00,A,EUR,DK,DW_EXST,2025,33783112094,,
ESTAT:PRC_HPI_HSVA(1.0),09/07/26 23:00:00,A,EUR,DK,TOTAL,2002,12028155440,,
ESTAT:PRC_HPI_HSVA(1.0),09/07/26 23:00:00,A,EUR,DK,TOTAL,2003,13283625903,,
ESTAT:PRC_HPI_HSVA(1.0),09/07/26 23:00:00,A,EUR,DK,TOTAL,2004,16699821234,,
ESTAT:PRC_HPI_HSVA(1.0),09/07/26 23:00:00,A,EUR,DK,TOTAL,2005,20557449207,,
ESTAT:PRC_HPI_HSVA(1.0),09/07/26 23:00:00,A,EUR,DK,TOTAL,2006,20149481841,,
ESTAT:PRC_HPI_HSVA(1.0),09/07/26 23:00:00,A,EUR,DK,TOTAL,2007,20000939522,,
ESTAT:PRC_HPI_HSVA(1.0),09/07/26 23:00:00,A,EUR,DK,TOTAL,2008,15653567597,,
ESTAT:PRC_HPI_HSVA(1.0),09/07/26 23:00:00,A,EUR,DK,TOTAL,2009,13083737880,,
ESTAT:PRC_HPI_HSVA(1.0),09/07/26 23:00:00,A,EUR,DK,TOTAL,2010,15653592577,,
ESTAT:PRC_HPI_HSVA(1.0),09/07/26 23:00:00,A,EUR,DK,TOTAL,2011,12717798466,,
ESTAT:PRC_HPI_HSVA(1.0),09/07/26 23:00:00,A,EUR,DK,TOTAL,2012,13219503641,,
ESTAT:PRC_HPI_HSVA(1.0),09/07/26 23:00:00,A,EUR,DK,TOTAL,2013,11294164564,d,
ESTAT:PRC_HPI_HSVA(1.0),09/07/26 23:00:00,A,EUR,DK,TOTAL,2014,13264791967,d,
ESTAT:PRC_HPI_HSVA(1.0),09/07/26 23:00:00,A,EUR,DK,TOTAL,2015,16143681960,d,
ESTAT:PRC_HPI_HSVA(1.0),09/07/26 23:00:00,A,EUR,DK,TOTAL,2016,17491736722,d,
ESTAT:PRC_HPI_HSVA(1.0),09/07/26 23:00:00,A,EUR,DK,TOTAL,2017,20548440203,d,
ESTAT:PRC_HPI_HSVA(1.0),09/07/26 23:00:00,A,EUR,DK,TOTAL,2018,20670307336,d,
ESTAT:PRC_HPI_HSVA(1.0),09/07/26 23:00:00,A,EUR,DK,TOTAL,2019,21843315881,d,
ESTAT:PRC_HPI_HSVA(1.0),09/07/26 23:00:00,A,EUR,DK,TOTAL,2020,27658283650,d,
ESTAT:PRC_HPI_HSVA(1.0),09/07/26 23:00:00,A,EUR,DK,TOTAL,2021,32099178492,d,
ESTAT:PRC_HPI_HSVA(1.0),09/07/26 23:00:00,A,EUR,DK,TOTAL,2022,19908879674,,
ESTAT:PRC_HPI_HSVA(1.0),09/07/26 23:00:00,A,EUR,DK,TOTAL,2023,24387909135,,
ESTAT:PRC_HPI_HSVA(1.0),09/07/26 23:00:00,A,EUR,DK,TOTAL,2024,27026215808,d,
ESTAT:PRC_HPI_HSVA(1.0),09/07/26 23:00:00,A,EUR,DK,TOTAL,2025,33783112094,d,
ESTAT:PRC_HPI_HSVA(1.0),09/07/26 23:00:00,A,EUR,FI,DW_EXST,2015,11111711261,,
ESTAT:PRC_HPI_HSVA(1.0),09/07/26 23:00:00,A,EUR,FI,DW_EXST,2016,11367855685,,
ESTAT:PRC_HPI_HSVA(1.0),09/07/26 23:00:00,A,EUR,FI,DW_EXST,2017,11832855742,,
ESTAT:PRC_HPI_HSVA(1.0),09/07/26 23:00:00,A,EUR,FI,DW_EXST,2018,11389348155,,
ESTAT:PRC_HPI_HSVA(1.0),09/07/26 23:00:00,A,EUR,FI,DW_EXST,2019,12202165633,,
ESTAT:PRC_HPI_HSVA(1.0),09/07/26 23:00:00,A,EUR,FI,DW_EXST,2020,13756211325,,
ESTAT:PRC_HPI_HSVA(1.0),09/07/26 23:00:00,A,EUR,FI,DW_EXST,2021,16523071834,,
ESTAT:PRC_HPI_HSVA(1.0),09/07/26 23:00:00,A,EUR,FI,DW_EXST,2022,13497493391,,
ESTAT:PRC_HPI_HSVA(1.0),09/07/26 23:00:00,A,EUR,FI,DW_EXST,2023,9440044527,,
ESTAT:PRC_HPI_HSVA(1.0),09/07/26 23:00:00,A,EUR,FI,DW_EXST,2024,9971405741,,
ESTAT:PRC_HPI_HSVA(1.0),09/07/26 23:00:00,A,EUR,FI,DW_EXST,2025,11198538131,,
ESTAT:PRC_HPI_HSVA(1.0),09/07/26 23:00:00,A,EUR,FI,DW_NEW,2015,1659255831,,
ESTAT:PRC_HPI_HSVA(1.0),09/07/26 23:00:00,A,EUR,FI,DW_NEW,2016,1920960748,,
ESTAT:PRC_HPI_HSVA(1.0),09/07/26 23:00:00,A,EUR,FI,DW_NEW,2017,2243779091,,
ESTAT:PRC_HPI_HSVA(1.0),09/07/26 23:00:00,A,EUR,FI,DW_NEW,2018,2435446535,,
ESTAT:PRC_HPI_HSVA(1.0),09/07/26 23:00:00,A,EUR,FI,DW_NEW,2019,3076399621,,
ESTAT:PRC_HPI_HSVA(1.0),09/07/26 23:00:00,A,EUR,FI,DW_NEW,2020,3467466944,,
ESTAT:PRC_HPI_HSVA(1.0),09/07/26 23:00:00,A,EUR,FI,DW_NEW,2021,3319970036,,
ESTAT:PRC_HPI_HSVA(1.0),09/07/26 23:00:00,A,EUR,FI,DW_NEW,2022,3012104616,,
ESTAT:PRC_HPI_HSVA(1.0),09/07/26 23:00:00,A,EUR,FI,DW_NEW,2023,2365894245,,
ESTAT:PRC_HPI_HSVA(1.0),09/07/26 23:00:00,A,EUR,FI,DW_NEW,2024,1190588176,,
ESTAT:PRC_HPI_HSVA(1.0),09/07/26 23:00:00,A,EUR,FI,DW_NEW,2025,887235192,,
ESTAT:PRC_HPI_HSVA(1.0),09/07/26 23:00:00,A,EUR,FI,TOTAL,2009,14838206087,,
ESTAT:PRC_HPI_HSVA(1.0),09/07/26 23:00:00,A,EUR,FI,TOTAL,2010,14767969663,,
ESTAT:PRC_HPI_HSVA(1.0),09/07/26 23:00:00,A,EUR,FI,TOTAL,2011,15506945837,,
ESTAT:PRC_HPI_HSVA(1.0),09/07/26 23:00:00,A,EUR,FI,TOTAL,2012,17324642929,,
ESTAT:PRC_HPI_HSVA(1.0),09/07/26 23:00:00,A,EUR,FI,TOTAL,2013,15142847976,,
ESTAT:PRC_HPI_HSVA(1.0),09/07/26 23:00:00,A,EUR,FI,TOTAL,2014,14244750663,,
ESTAT:PRC_HPI_HSVA(1.0),09/07/26 23:00:00,A,EUR,FI,TOTAL,2015,12770967092,,
ESTAT:PRC_HPI_HSVA(1.0),09/07/26 23:00:00,A,EUR,FI,TOTAL,2016,13288816433,,
ESTAT:PRC_HPI_HSVA(1.0),09/07/26 23:00:00,A,EUR,FI,TOTAL,2017,14076634833,,
ESTAT:PRC_HPI_HSVA(1.0),09/07/26 23:00:00,A,EUR,FI,TOTAL,2018,13824794690,,
ESTAT:PRC_HPI_HSVA(1.0),09/07/26 23:00:00,A,EUR,FI,TOTAL,2019,15278565254,,
ESTAT:PRC_HPI_HSVA(1.0),09/07/26 23:00:00,A,EUR,FI,TOTAL,2020,17223678269,,
ESTAT:PRC_HPI_HSVA(1.0),09/07/26 23:00:00,A,EUR,FI,TOTAL,2021,19843041870,,
ESTAT:PRC_HPI_HSVA(1.0),09/07/26 23:00:00,A,EUR,FI,TOTAL,2022,16509598007,,
ESTAT:PRC_HPI_HSVA(1.0),09/07/26 23:00:00,A,EUR,FI,TOTAL,2023,11805938772,,
ESTAT:PRC_HPI_HSVA(1.0),09/07/26 23:00:00,A,EUR,FI,TOTAL,2024,11161993917,,
ESTAT:PRC_HPI_HSVA(1.0),09/07/26 23:00:00,A,EUR,FI,TOTAL,2025,12085773323,,
ESTAT:PRC_HPI_HSVA(1.0),09/07/26 23:00:00,A,EUR,FR,DW_EXST,2000,76712783322,,
ESTAT:PRC_HPI_HSVA(1.0),09/07/26 23:00:00,A,EUR,FR,DW_EXST,2001,79790922069,,
ESTAT:PRC_HPI_HSVA(1.0),09/07/26 23:00:00,A,EUR,FR,DW_EXST,2002,88609304844,,
ESTAT:PRC_HPI_HSVA(1.0),09/07/26 23:00:00,A,EUR,FR,DW_EXST,2003,98238929647,,
ESTAT:PRC_HPI_HSVA(1.0),09/07/26 23:00:00,A,EUR,FR,DW_EXST,2004,115672132697,,
ESTAT:PRC_HPI_HSVA(1.0),09/07/26 23:00:00,A,EUR,FR,DW_EXST,2005,135438613171,,
ESTAT:PRC_HPI_HSVA(1.0),09/07/26 23:00:00,A,EUR,FR,DW_EXST,2006,148931448359,,
ESTAT:PRC_HPI_HSVA(1.0),09/07/26 23:00:00,A,EUR,FR,DW_EXST,2007,156606646053,,
ESTAT:PRC_HPI_HSVA(1.0),09/07/26 23:00:00,A,EUR,FR,DW_EXST,2008,131127579705,,
ESTAT:PRC_HPI_HSVA(1.0),09/07/26 23:00:00,A,EUR,FR,DW_EXST,2009,107459763507,,
ESTAT:PRC_HPI_HSVA(1.0),09/07/26 23:00:00,A,EUR,FR,DW_EXST,2010,149974406758,,
ESTAT:PRC_HPI_HSVA(1.0),09/07/26 23:00:00,A,EUR,FR,DW_EXST,2011,161904987571,,
ESTAT:PRC_HPI_HSVA(1.0),09/07/26 23:00:00,A,EUR,FR,DW_EXST,2012,142804908537,,
ESTAT:PRC_HPI_HSVA(1.0),09/07/26 23:00:00,A,EUR,FR,DW_EXST,2013,141684376396,,
ESTAT:PRC_HPI_HSVA(1.0),09/07/26 23:00:00,A,EUR,FR,DW_EXST,2014,134708655015,,
ESTAT:PRC_HPI_HSVA(1.0),09/07/26 23:00:00,A,EUR,FR,DW_EXST,2015,156371502330,,
ESTAT:PRC_HPI_HSVA(1.0),09/07/26 23:00:00,A,EUR,FR,DW_EXST,2016,166662308874,,
ESTAT:PRC_HPI_HSVA(1.0),09/07/26 23:00:00,A,EUR,FR,DW_EXST,2017,194994724466,,
ESTAT:PRC_HPI_HSVA(1.0),09/07/26 23:00:00,A,EUR,FR,DW_EXST,2018,201170350446,,
ESTAT:PRC_HPI_HSVA(1.0),09/07/26 23:00:00,A,EUR,FR,DW_EXST,2019,229397151287,,
ESTAT:PRC_HPI_HSVA(1.0),09/07/26 23:00:00,A,EUR,FR,DW_EXST,2020,228923599627,,
ESTAT:PRC_HPI_HSVA(1.0),09/07/26 23:00:00,A,EUR,FR,DW_EXST,2021,290388914991,,
ESTAT:PRC_HPI_HSVA(1.0),09/07/26 23:00:00,A,EUR,FR,DW_EXST,2022,288066056857,,
ESTAT:PRC_HPI_HSVA(1.0),09/07/26 23:00:00,A,EUR,FR,DW_EXST,2023,226085154883,,
ESTAT:PRC_HPI_HSVA(1.0),09/07/26 23:00:00,A,EUR,FR,DW_EXST,2024,198168951274,,
ESTAT:PRC_HPI_HSVA(1.0),09/07/26 23:00:00,A,EUR,FR,DW_EXST,2025,234066273660,,
ESTAT:PRC_HPI_HSVA(1.0),09/07/26 23:00:00,A,EUR,FR,DW_NEW,2006,29495867469,,
ESTAT:PRC_HPI_HSVA(1.0),09/07/26 23:00:00,A,EUR,FR,DW_NEW,2007,30640718631,,
ESTAT:PRC_HPI_HSVA(1.0),09/07/26 23:00:00,A,EUR,FR,DW_NEW,2008,20322342045,,
ESTAT:PRC_HPI_HSVA(1.0),09/07/26 23:00:00,A,EUR,FR,DW_NEW,2009,26195630395,,
ESTAT:PRC_HPI_HSVA(1.0),09/07/26 23:00:00,A,EUR,FR,DW_NEW,2010,28610352988,,
ESTAT:PRC_HPI_HSVA(1.0),09/07/26 23:00:00,A,EUR,FR,DW_NEW,2011,26546980333,,
ESTAT:PRC_HPI_HSVA(1.0),09/07/26 23:00:00,A,EUR,FR,DW_NEW,2012,23810434048,,
ESTAT:PRC_HPI_HSVA(1.0),09/07/26 23:00:00,A,EUR,FR,DW_NEW,2013,23617301840,,
ESTAT:PRC_HPI_HSVA(1.0),09/07/26 23:00:00,A,EUR,FR,DW_NEW,2014,22987343589,,
ESTAT:PRC_HPI_HSVA(1.0),09/07/26 23:00:00,A,EUR,FR,DW_NEW,2015,27084964678,,
ESTAT:PRC_HPI_HSVA(1.0),09/07/26 23:00:00,A,EUR,FR,DW_NEW,2016,34271336171,,
ESTAT:PRC_HPI_HSVA(1.0),09/07/26 23:00:00,A,EUR,FR,DW_NEW,2017,37278923783,,
ESTAT:PRC_HPI_HSVA(1.0),09/07/26 23:00:00,A,EUR,FR,DW_NEW,2018,37713356880,,
ESTAT:PRC_HPI_HSVA(1.0),09/07/26 23:00:00,A,EUR,FR,DW_NEW,2019,40175937634,,
ESTAT:PRC_HPI_HSVA(1.0),09/07/26 23:00:00,A,EUR,FR,DW_NEW,2020,32664799420,,
ESTAT:PRC_HPI_HSVA(1.0),09/07/26 23:00:00,A,EUR,FR,DW_NEW,2021,39358644968,,
ESTAT:PRC_HPI_HSVA(1.0),09/07/26 23:00:00,A,EUR,FR,DW_NEW,2022,36274861791,,
ESTAT:PRC_HPI_HSVA(1.0),09/07/26 23:00:00,A,EUR,FR,DW_NEW,2023,23599590330,,
ESTAT:PRC_HPI_HSVA(1.0),09/07/26 23:00:00,A,EUR,FR,DW_NEW,2024,21288949653,,
ESTAT:PRC_HPI_HSVA(1.0),09/07/26 23:00:00,A,EUR,FR,DW_NEW,2025,20602609516,,
ESTAT:PRC_HPI_HSVA(1.0),09/07/26 23:00:00,A,EUR,FR,TOTAL,1998,67500679923,e,
ESTAT:PRC_HPI_HSVA(1.0),09/07/26 23:00:00,A,EUR,FR,TOTAL,1999,81783073394,e,
ESTAT:PRC_HPI_HSVA(1.0),09/07/26 23:00:00,A,EUR,FR,TOTAL,2000,91941801836,e,
ESTAT:PRC_HPI_HSVA(1.0),09/07/26 23:00:00,A,EUR,FR,TOTAL,2001,95534522870,e,
ESTAT:PRC_HPI_HSVA(1.0),09/07/26 23:00:00,A,EUR,FR,TOTAL,2002,105162307316,e,
ESTAT:PRC_HPI_HSVA(1.0),09/07/26 23:00:00,A,EUR,FR,TOTAL,2003,116648395746,e,
ESTAT:PRC_HPI_HSVA(1.0),09/07/26 23:00:00,A,EUR,FR,TOTAL,2004,136664984365,e,
ESTAT:PRC_HPI_HSVA(1.0),09/07/26 23:00:00,A,EUR,FR,TOTAL,2005,157194818846,e,
ESTAT:PRC_HPI_HSVA(1.0),09/07/26 23:00:00,A,EUR,FR,TOTAL,2006,178427315828,,
ESTAT:PRC_HPI_HSVA(1.0),09/07/26 23:00:00,A,EUR,FR,TOTAL,2007,187247364684,,
ESTAT:PRC_HPI_HSVA(1.0),09/07/26 23:00:00,A,EUR,FR,TOTAL,2008,151449921750,,
ESTAT:PRC_HPI_HSVA(1.0),09/07/26 23:00:00,A,EUR,FR,TOTAL,2009,133655393902,,
ESTAT:PRC_HPI_HSVA(1.0),09/07/26 23:00:00,A,EUR,FR,TOTAL,2010,178584759746,,
ESTAT:PRC_HPI_HSVA(1.0),09/07/26 23:00:00,A,EUR,FR,TOTAL,2011,188451967904,,
ESTAT:PRC_HPI_HSVA(1.0),09/07/26 23:00:00,A,EUR,FR,TOTAL,2012,166615342585,,
ESTAT:PRC_HPI_HSVA(1.0),09/07/26 23:00:00,A,EUR,FR,TOTAL,2013,165301678236,,
ESTAT:PRC_HPI_HSVA(1.0),09/07/26 23:00:00,A,EUR,FR,TOTAL,2014,157695998604,,
ESTAT:PRC_HPI_HSVA(1.0),09/07/26 23:00:00,A,EUR,FR,TOTAL,2015,183456467008,,
ESTAT:PRC_HPI_HSVA(1.0),09/07/26 23:00:00,A,EUR,FR,TOTAL,2016,200933645045,,
ESTAT:PRC_HPI_HSVA(1.0),09/07/26 23:00:00,A,EUR,FR,TOTAL,2017,232273648249,,
ESTAT:PRC_HPI_HSVA(1.0),09/07/26 23:00:00,A,EUR,FR,TOTAL,2018,238883707326,,
ESTAT:PRC_HPI_HSVA(1.0),09/07/26 23:00:00,A,EUR,FR,TOTAL,2019,269573088921,,
ESTAT:PRC_HPI_HSVA(1.0),09/07/26 23:00:00,A,EUR,FR,TOTAL,2020,261588399047,,
ESTAT:PRC_HPI_HSVA(1.0),09/07/26 23:00:00,A,EUR,FR,TOTAL,2021,329747559959,,
ESTAT:PRC_HPI_HSVA(1.0),09/07/26 23:00:00,A,EUR,FR,TOTAL,2022,324340918648,,
ESTAT:PRC_HPI_HSVA(1.0),09/07/26 23:00:00,A,EUR,FR,TOTAL,2023,249684745213,,
ESTAT:PRC_HPI_HSVA(1.0),09/07/26 23:00:00,A,EUR,FR,TOTAL,2024,219457900926,,
ESTAT:PRC_HPI_HSVA(1.0),09/07/26 23:00:00,A,EUR,FR,TOTAL,2025,254668883175,,
ESTAT:PRC_HPI_HSVA(1.0),09/07/26 23:00:00,A,EUR,HR,DW_EXST,2008,968420442,,
ESTAT:PRC_HPI_HSVA(1.0),09/07/26 23:00:00,A,EUR,HR,DW_EXST,2009,649700801,,
ESTAT:PRC_HPI_HSVA(1.0),09/07/26 23:00:00,A,EUR,HR,DW_EXST,2010,633930285,,
ESTAT:PRC_HPI_HSVA(1.0),09/07/26 23:00:00,A,EUR,HR,DW_EXST,2011,696861911,,
ESTAT:PRC_HPI_HSVA(1.0),09/07/26 23:00:00,A,EUR,HR,DW_EXST,2012,684755093,,
ESTAT:PRC_HPI_HSVA(1.0),09/07/26 23:00:00,A,EUR,HR,DW_EXST,2013,693209268,,
ESTAT:PRC_HPI_HSVA(1.0),09/07/26 23:00:00,A,EUR,HR,DW_EXST,2014,739497449,,
ESTAT:PRC_HPI_HSVA(1.0),09/07/26 23:00:00,A,EUR,HR,DW_EXST,2015,822700702,,
ESTAT:PRC_HPI_HSVA(1.0),09/07/26 23:00:00,A,EUR,HR,DW_EXST,2016,1074735886,,
ESTAT:PRC_HPI_HSVA(1.0),09/07/26 23:00:00,A,EUR,HR,DW_EXST,2017,1070227483,,
ESTAT:PRC_HPI_HSVA(1.0),09/07/26 23:00:00,A,EUR,HR,DW_EXST,2018,1183313993,,
ESTAT:PRC_HPI_HSVA(1.0),09/07/26 23:00:00,A,EUR,HR,DW_EXST,2019,1407725605,,
ESTAT:PRC_HPI_HSVA(1.0),09/07/26 23:00:00,A,EUR,HR,DW_EXST,2020,1292603673,,
ESTAT:PRC_HPI_HSVA(1.0),09/07/26 23:00:00,A,EUR,HR,DW_EXST,2021,1921879739,,
ESTAT:PRC_HPI_HSVA(1.0),09/07/26 23:00:00,A,EUR,HR,DW_EXST,2022,2258784581,,
ESTAT:PRC_HPI_HSVA(1.0),09/07/26 23:00:00,A,EUR,HR,DW_EXST,2023,1963133026,,
ESTAT:PRC_HPI_HSVA(1.0),09/07/26 23:00:00,A,EUR,HR,DW_EXST,2024,1764237188,,
ESTAT:PRC_HPI_HSVA(1.0),09/07/26 23:00:00,A,EUR,HR,DW_EXST,2025,1810724488,,
ESTAT:PRC_HPI_HSVA(1.0),09/07/26 23:00:00,A,EUR,HR,DW_NEW,2008,532684065,,
ESTAT:PRC_HPI_HSVA(1.0),09/07/26 23:00:00,A,EUR,HR,DW_NEW,2009,500847793,,
ESTAT:PRC_HPI_HSVA(1.0),09/07/26 23:00:00,A,EUR,HR,DW_NEW,2010,410187057,,
ESTAT:PRC_HPI_HSVA(1.0),09/07/26 23:00:00,A,EUR,HR,DW_NEW,2011,404416678,,
ESTAT:PRC_HPI_HSVA(1.0),09/07/26 23:00:00,A,EUR,HR,DW_NEW,2012,561364200,,
ESTAT:PRC_HPI_HSVA(1.0),09/07/26 23:00:00,A,EUR,HR,DW_NEW,2013,462409156,,
ESTAT:PRC_HPI_HSVA(1.0),09/07/26 23:00:00,A,EUR,HR,DW_NEW,2014,470569256,,
ESTAT:PRC_HPI_HSVA(1.0),09/07/26 23:00:00,A,EUR,HR,DW_NEW,2015,191450042,,
ESTAT:PRC_HPI_HSVA(1.0),09/07/26 23:00:00,A,EUR,HR,DW_NEW,2016,236216879,,
ESTAT:PRC_HPI_HSVA(1.0),09/07/26 23:00:00,A,EUR,HR,DW_NEW,2017,343535806,,
ESTAT:PRC_HPI_HSVA(1.0),09/07/26 23:00:00,A,EUR,HR,DW_NEW,2018,360911975,,
ESTAT:PRC_HPI_HSVA(1.0),09/07/26 23:00:00,A,EUR,HR,DW_NEW,2019,477600212,,
ESTAT:PRC_HPI_HSVA(1.0),09/07/26 23:00:00,A,EUR,HR,DW_NEW,2020,572337673,,
ESTAT:PRC_HPI_HSVA(1.0),09/07/26 23:00:00,A,EUR,HR,DW_NEW,2021,846298599,,
ESTAT:PRC_HPI_HSVA(1.0),09/07/26 23:00:00,A,EUR,HR,DW_NEW,2022,959581239,,
ESTAT:PRC_HPI_HSVA(1.0),09/07/26 23:00:00,A,EUR,HR,DW_NEW,2023,945109274,,
ESTAT:PRC_HPI_HSVA(1.0),09/07/26 23:00:00,A,EUR,HR,DW_NEW,2024,944447513,,
ESTAT:PRC_HPI_HSVA(1.0),09/07/26 23:00:00,A,EUR,HR,DW_NEW,2025,1068874498,,
ESTAT:PRC_HPI_HSVA(1.0),09/07/26 23:00:00,A,EUR,HR,TOTAL,2008,1501104507,,
ESTAT:PRC_HPI_HSVA(1.0),09/07/26 23:00:00,A,EUR,HR,TOTAL,2009,1150548594,,
ESTAT:PRC_HPI_HSVA(1.0),09/07/26 23:00:00,A,EUR,HR,TOTAL,2010,1044117342,,
ESTAT:PRC_HPI_HSVA(1.0),09/07/26 23:00:00,A,EUR,HR,TOTAL,2011,1101278589,,
ESTAT:PRC_HPI_HSVA(1.0),09/07/26 23:00:00,A,EUR,HR,TOTAL,2012,1246119293,,
ESTAT:PRC_HPI_HSVA(1.0),09/07/26 23:00:00,A,EUR,HR,TOTAL,2013,1155618424,,
ESTAT:PRC_HPI_HSVA(1.0),09/07/26 23:00:00,A,EUR,HR,TOTAL,2014,1210066705,,
ESTAT:PRC_HPI_HSVA(1.0),09/07/26 23:00:00,A,EUR,HR,TOTAL,2015,1014150744,,
ESTAT:PRC_HPI_HSVA(1.0),09/07/26 23:00:00,A,EUR,HR,TOTAL,2016,1310952765,,
ESTAT:PRC_HPI_HSVA(1.0),09/07/26 23:00:00,A,EUR,HR,TOTAL,2017,1413763289,,
ESTAT:PRC_HPI_HSVA(1.0),09/07/26 23:00:00,A,EUR,HR,TOTAL,2018,1544225968,,
ESTAT:PRC_HPI_HSVA(1.0),09/07/26 23:00:00,A,EUR,HR,TOTAL,2019,1885325817,,
ESTAT:PRC_HPI_HSVA(1.0),09/07/26 23:00:00,A,EUR,HR,TOTAL,2020,1864941346,,
ESTAT:PRC_HPI_HSVA(1.0),09/07/26 23:00:00,A,EUR,HR,TOTAL,2021,2768178338,,
ESTAT:PRC_HPI_HSVA(1.0),09/07/26 23:00:00,A,EUR,HR,TOTAL,2022,3218365820,,
ESTAT:PRC_HPI_HSVA(1.0),09/07/26 23:00:00,A,EUR,HR,TOTAL,2023,2908242300,,
ESTAT:PRC_HPI_HSVA(1.0),09/07/26 23:00:00,A,EUR,HR,TOTAL,2024,2708684701,,
ESTAT:PRC_HPI_HSVA(1.0),09/07/26 23:00:00,A,EUR,HR,TOTAL,2025,2879598986,,
ESTAT:PRC_HPI_HSVA(1.0),09/07/26 23:00:00,A,EUR,HU,DW_EXST,2007,8335370933,,
ESTAT:PRC_HPI_HSVA(1.0),09/07/26 23:00:00,A,EUR,HU,DW_EXST,2008,5818925566,,
ESTAT:PRC_HPI_HSVA(1.0),09/07/26 23:00:00,A,EUR,HU,DW_EXST,2009,2892511800,,
ESTAT:PRC_HPI_HSVA(1.0),09/07/26 23:00:00,A,EUR,HU,DW_EXST,2010,3250908603,,
ESTAT:PRC_HPI_HSVA(1.0),09/07/26 23:00:00,A,EUR,HU,DW_EXST,2011,3014817379,,
ESTAT:PRC_HPI_HSVA(1.0),09/07/26 23:00:00,A,EUR,HU,DW_EXST,2012,2843193633,,
ESTAT:PRC_HPI_HSVA(1.0),09/07/26 23:00:00,A,EUR,HU,DW_EXST,2013,2790010397,,
ESTAT:PRC_HPI_HSVA(1.0),09/07/26 23:00:00,A,EUR,HU,DW_EXST,2014,3624030982,,
ESTAT:PRC_HPI_HSVA(1.0),09/07/26 23:00:00,A,EUR,HU,DW_EXST,2015,4865654789,,
ESTAT:PRC_HPI_HSVA(1.0),09/07/26 23:00:00,A,EUR,HU,DW_EXST,2016,5683747979,,
ESTAT:PRC_HPI_HSVA(1.0),09/07/26 23:00:00,A,EUR,HU,DW_EXST,2017,6581054811,,
ESTAT:PRC_HPI_HSVA(1.0),09/07/26 23:00:00,A,EUR,HU,DW_EXST,2018,7614026687,,
ESTAT:PRC_HPI_HSVA(1.0),09/07/26 23:00:00,A,EUR,HU,DW_EXST,2019,8158307406,,
ESTAT:PRC_HPI_HSVA(1.0),09/07/26 23:00:00,A,EUR,HU,DW_EXST,2020,6701429661,,
ESTAT:PRC_HPI_HSVA(1.0),09/07/26 23:00:00,A,EUR,HU,DW_EXST,2021,9494140194,,
ESTAT:PRC_HPI_HSVA(1.0),09/07/26 23:00:00,A,EUR,HU,DW_EXST,2022,9346629994,,
ESTAT:PRC_HPI_HSVA(1.0),09/07/26 23:00:00,A,EUR,HU,DW_EXST,2023,7200088478,,
ESTAT:PRC_HPI_HSVA(1.0),09/07/26 23:00:00,A,EUR,HU,DW_EXST,2024,11152229951,,
ESTAT:PRC_HPI_HSVA(1.0),09/07/26 23:00:00,A,EUR,HU,DW_EXST,2025,15549877334,ep,
ESTAT:PRC_HPI_HSVA(1.0),09/07/26 23:00:00,A,EUR,HU,DW_NEW,2007,415114789,,
ESTAT:PRC_HPI_HSVA(1.0),09/07/26 23:00:00,A,EUR,HU,DW_NEW,2008,940089460,,
ESTAT:PRC_HPI_HSVA(1.0),09/07/26 23:00:00,A,EUR,HU,DW_NEW,2009,493667215,,
ESTAT:PRC_HPI_HSVA(1.0),09/07/26 23:00:00,A,EUR,HU,DW_NEW,2010,281760215,,
ESTAT:PRC_HPI_HSVA(1.0),09/07/26 23:00:00,A,EUR,HU,DW_NEW,2011,215016735,,
ESTAT:PRC_HPI_HSVA(1.0),09/07/26 23:00:00,A,EUR,HU,DW_NEW,2012,141631658,,
ESTAT:PRC_HPI_HSVA(1.0),09/07/26 23:00:00,A,EUR,HU,DW_NEW,2013,123287833,,
ESTAT:PRC_HPI_HSVA(1.0),09/07/26 23:00:00,A,EUR,HU,DW_NEW,2014,178413518,,
ESTAT:PRC_HPI_HSVA(1.0),09/07/26 23:00:00,A,EUR,HU,DW_NEW,2015,200549844,,
ESTAT:PRC_HPI_HSVA(1.0),09/07/26 23:00:00,A,EUR,HU,DW_NEW,2016,303758325,,
ESTAT:PRC_HPI_HSVA(1.0),09/07/26 23:00:00,A,EUR,HU,DW_NEW,2017,442534873,,
ESTAT:PRC_HPI_HSVA(1.0),09/07/26 23:00:00,A,EUR,HU,DW_NEW,2018,788435666,,
ESTAT:PRC_HPI_HSVA(1.0),09/07/26 23:00:00,A,EUR,HU,DW_NEW,2019,1089763460,,
ESTAT:PRC_HPI_HSVA(1.0),09/07/26 23:00:00,A,EUR,HU,DW_NEW,2020,956063664,,
ESTAT:PRC_HPI_HSVA(1.0),09/07/26 23:00:00,A,EUR,HU,DW_NEW,2021,1557181170,,
ESTAT:PRC_HPI_HSVA(1.0),09/07/26 23:00:00,A,EUR,HU,DW_NEW,2022,1499076563,,
ESTAT:PRC_HPI_HSVA(1.0),09/07/26 23:00:00,A,EUR,HU,DW_NEW,2023,1019082702,,
ESTAT:PRC_HPI_HSVA(1.0),09/07/26 23:00:00,A,EUR,HU,DW_NEW,2024,1381508180,,
ESTAT:PRC_HPI_HSVA(1.0),09/07/26 23:00:00,A,EUR,HU,DW_NEW,2025,1979309226,ep,
ESTAT:PRC_HPI_HSVA(1.0),09/07/26 23:00:00,A,EUR,HU,TOTAL,2007,8750485723,,
ESTAT:PRC_HPI_HSVA(1.0),09/07/26 23:00:00,A,EUR,HU,TOTAL,2008,6759015026,,
ESTAT:PRC_HPI_HSVA(1.0),09/07/26 23:00:00,A,EUR,HU,TOTAL,2009,3386179015,,
ESTAT:PRC_HPI_HSVA(1.0),09/07/26 23:00:00,A,EUR,HU,TOTAL,2010,3532668818,,
ESTAT:PRC_HPI_HSVA(1.0),09/07/26 23:00:00,A,EUR,HU,TOTAL,2011,3229834114,,
ESTAT:PRC_HPI_HSVA(1.0),09/07/26 23:00:00,A,EUR,HU,TOTAL,2012,2984825292,,
ESTAT:PRC_HPI_HSVA(1.0),09/07/26 23:00:00,A,EUR,HU,TOTAL,2013,2913298229,,
ESTAT:PRC_HPI_HSVA(1.0),09/07/26 23:00:00,A,EUR,HU,TOTAL,2014,3802444500,,
ESTAT:PRC_HPI_HSVA(1.0),09/07/26 23:00:00,A,EUR,HU,TOTAL,2015,5066204633,,
ESTAT:PRC_HPI_HSVA(1.0),09/07/26 23:00:00,A,EUR,HU,TOTAL,2016,5987506304,,
ESTAT:PRC_HPI_HSVA(1.0),09/07/26 23:00:00,A,EUR,HU,TOTAL,2017,7023589685,,
ESTAT:PRC_HPI_HSVA(1.0),09/07/26 23:00:00,A,EUR,HU,TOTAL,2018,8402462353,,
ESTAT:PRC_HPI_HSVA(1.0),09/07/26 23:00:00,A,EUR,HU,TOTAL,2019,9248070865,,
ESTAT:PRC_HPI_HSVA(1.0),09/07/26 23:00:00,A,EUR,HU,TOTAL,2020,7657493325,,
ESTAT:PRC_HPI_HSVA(1.0),09/07/26 23:00:00,A,EUR,HU,TOTAL,2021,11051321364,,
ESTAT:PRC_HPI_HSVA(1.0),09/07/26 23:00:00,A,EUR,HU,TOTAL,2022,10845706556,,
ESTAT:PRC_HPI_HSVA(1.0),09/07/26 23:00:00,A,EUR,HU,TOTAL,2023,8219171180,,
ESTAT:PRC_HPI_HSVA(1.0),09/07/26 23:00:00,A,EUR,HU,TOTAL,2024,12533738132,,
ESTAT:PRC_HPI_HSVA(1.0),09/07/26 23:00:00,A,EUR,HU,TOTAL,2025,17529186560,ep,
ESTAT:PRC_HPI_HSVA(1.0),09/07/26 23:00:00,A,EUR,IE,DW_EXST,2010,3443053518,,
ESTAT:PRC_HPI_HSVA(1.0),09/07/26 23:00:00,A,EUR,IE,DW_EXST,2011,2905855583,,
ESTAT:PRC_HPI_HSVA(1.0),09/07/26 23:00:00,A,EUR,IE,DW_EXST,2012,3710303570,,
ESTAT:PRC_HPI_HSVA(1.0),09/07/26 23:00:00,A,EUR,IE,DW_EXST,2013,4515797426,,
ESTAT:PRC_HPI_HSVA(1.0),09/07/26 23:00:00,A,EUR,IE,DW_EXST,2014,6656523065,,
ESTAT:PRC_HPI_HSVA(1.0),09/07/26 23:00:00,A,EUR,IE,DW_EXST,2015,7706997933,,
ESTAT:PRC_HPI_HSVA(1.0),09/07/26 23:00:00,A,EUR,IE,DW_EXST,2016,8197573546,,
ESTAT:PRC_HPI_HSVA(1.0),09/07/26 23:00:00,A,EUR,IE,DW_EXST,2017,9304015786,,
ESTAT:PRC_HPI_HSVA(1.0),09/07/26 23:00:00,A,EUR,IE,DW_EXST,2018,9724751732,,
ESTAT:PRC_HPI_HSVA(1.0),09/07/26 23:00:00,A,EUR,IE,DW_EXST,2019,10119766092,,
ESTAT:PRC_HPI_HSVA(1.0),09/07/26 23:00:00,A,EUR,IE,DW_EXST,2020,8566201632,,
ESTAT:PRC_HPI_HSVA(1.0),09/07/26 23:00:00,A,EUR,IE,DW_EXST,2021,12166806961,,
ESTAT:PRC_HPI_HSVA(1.0),09/07/26 23:00:00,A,EUR,IE,DW_EXST,2022,14041480982,,
ESTAT:PRC_HPI_HSVA(1.0),09/07/26 23:00:00,A,EUR,IE,DW_EXST,2023,14560537766,,
ESTAT:PRC_HPI_HSVA(1.0),09/07/26 23:00:00,A,EUR,IE,DW_EXST,2024,14926057910,,
ESTAT:PRC_HPI_HSVA(1.0),09/07/26 23:00:00,A,EUR,IE,DW_EXST,2025,16033525481,,
ESTAT:PRC_HPI_HSVA(1.0),09/07/26 23:00:00,A,EUR,IE,DW_NEW,2010,1156538570,,
ESTAT:PRC_HPI_HSVA(1.0),09/07/26 23:00:00,A,EUR,IE,DW_NEW,2011,497230038,,
ESTAT:PRC_HPI_HSVA(1.0),09/07/26 23:00:00,A,EUR,IE,DW_NEW,2012,514623430,,
ESTAT:PRC_HPI_HSVA(1.0),09/07/26 23:00:00,A,EUR,IE,DW_NEW,2013,562669420,,
ESTAT:PRC_HPI_HSVA(1.0),09/07/26 23:00:00,A,EUR,IE,DW_NEW,2014,944654122,,
ESTAT:PRC_HPI_HSVA(1.0),09/07/26 23:00:00,A,EUR,IE,DW_NEW,2015,1225593861,,
ESTAT:PRC_HPI_HSVA(1.0),09/07/26 23:00:00,A,EUR,IE,DW_NEW,2016,1730411898,,
ESTAT:PRC_HPI_HSVA(1.0),09/07/26 23:00:00,A,EUR,IE,DW_NEW,2017,2524616146,,
ESTAT:PRC_HPI_HSVA(1.0),09/07/26 23:00:00,A,EUR,IE,DW_NEW,2018,3213314610,,
ESTAT:PRC_HPI_HSVA(1.0),09/07/26 23:00:00,A,EUR,IE,DW_NEW,2019,3285011425,,
ESTAT:PRC_HPI_HSVA(1.0),09/07/26 23:00:00,A,EUR,IE,DW_NEW,2020,2739223519,,
ESTAT:PRC_HPI_HSVA(1.0),09/07/26 23:00:00,A,EUR,IE,DW_NEW,2021,2999444559,,
ESTAT:PRC_HPI_HSVA(1.0),09/07/26 23:00:00,A,EUR,IE,DW_NEW,2022,3804596033,,
ESTAT:PRC_HPI_HSVA(1.0),09/07/26 23:00:00,A,EUR,IE,DW_NEW,2023,4258756168,,
ESTAT:PRC_HPI_HSVA(1.0),09/07/26 23:00:00,A,EUR,IE,DW_NEW,2024,4778809358,,
ESTAT:PRC_HPI_HSVA(1.0),09/07/26 23:00:00,A,EUR,IE,DW_NEW,2025,5751891170,,
ESTAT:PRC_HPI_HSVA(1.0),09/07/26 23:00:00,A,EUR,IE,TOTAL,2009,6616121461,,
ESTAT:PRC_HPI_HSVA(1.0),09/07/26 23:00:00,A,EUR,IE,TOTAL,2010,4599592088,,
ESTAT:PRC_HPI_HSVA(1.0),09/07/26 23:00:00,A,EUR,IE,TOTAL,2011,3403085621,,
ESTAT:PRC_HPI_HSVA(1.0),09/07/26 23:00:00,A,EUR,IE,TOTAL,2012,4224927000,,
ESTAT:PRC_HPI_HSVA(1.0),09/07/26 23:00:00,A,EUR,IE,TOTAL,2013,5078466846,,
ESTAT:PRC_HPI_HSVA(1.0),09/07/26 23:00:00,A,EUR,IE,TOTAL,2014,7601177187,,
ESTAT:PRC_HPI_HSVA(1.0),09/07/26 23:00:00,A,EUR,IE,TOTAL,2015,8932591794,,
ESTAT:PRC_HPI_HSVA(1.0),09/07/26 23:00:00,A,EUR,IE,TOTAL,2016,9927985444,,
ESTAT:PRC_HPI_HSVA(1.0),09/07/26 23:00:00,A,EUR,IE,TOTAL,2017,11828631933,,
ESTAT:PRC_HPI_HSVA(1.0),09/07/26 23:00:00,A,EUR,IE,TOTAL,2018,12938066340,,
ESTAT:PRC_HPI_HSVA(1.0),09/07/26 23:00:00,A,EUR,IE,TOTAL,2019,13404777518,,
ESTAT:PRC_HPI_HSVA(1.0),09/07/26 23:00:00,A,EUR,IE,TOTAL,2020,11305425149,,
ESTAT:PRC_HPI_HSVA(1.0),09/07/26 23:00:00,A,EUR,IE,TOTAL,2021,15166251520,,
ESTAT:PRC_HPI_HSVA(1.0),09/07/26 23:00:00,A,EUR,IE,TOTAL,2022,17846077015,,
ESTAT:PRC_HPI_HSVA(1.0),09/07/26 23:00:00,A,EUR,IE,TOTAL,2023,18819293934,,
ESTAT:PRC_HPI_HSVA(1.0),09/07/26 23:00:00,A,EUR,IE,TOTAL,2024,19704867269,,
ESTAT:PRC_HPI_HSVA(1.0),09/07/26 23:00:00,A,EUR,IE,TOTAL,2025,21785416651,,
ESTAT:PRC_HPI_HSVA(1.0),09/07/26 23:00:00,A,EUR,LT,DW_EXST,2023,2084700000,,
ESTAT:PRC_HPI_HSVA(1.0),09/07/26 23:00:00,A,EUR,LT,DW_EXST,2024,2612800000,,
ESTAT:PRC_HPI_HSVA(1.0),09/07/26 23:00:00,A,EUR,LT,DW_EXST,2025,3795500000,,
ESTAT:PRC_HPI_HSVA(1.0),09/07/26 23:00:00,A,EUR,LT,DW_NEW,2023,1156500000,,
ESTAT:PRC_HPI_HSVA(1.0),09/07/26 23:00:00,A,EUR,LT,DW_NEW,2024,1002000000,,
ESTAT:PRC_HPI_HSVA(1.0),09/07/26 23:00:00,A,EUR,LT,DW_NEW,2025,1362100000,,
ESTAT:PRC_HPI_HSVA(1.0),09/07/26 23:00:00,A,EUR,LT,TOTAL,2006,1399300000,,
ESTAT:PRC_HPI_HSVA(1.0),09/07/26 23:00:00,A,EUR,LT,TOTAL,2007,1997700000,,
ESTAT:PRC_HPI_HSVA(1.0),09/07/26 23:00:00,A,EUR,LT,TOTAL,2008,1655600000,,
ESTAT:PRC_HPI_HSVA(1.0),09/07/26 23:00:00,A,EUR,LT,TOTAL,2009,614400000,,
ESTAT:PRC_HPI_HSVA(1.0),09/07/26 23:00:00,A,EUR,LT,TOTAL,2010,703300000,,
ESTAT:PRC_HPI_HSVA(1.0),09/07/26 23:00:00,A,EUR,LT,TOTAL,2011,843600000,,
ESTAT:PRC_HPI_HSVA(1.0),09/07/26 23:00:00,A,EUR,LT,TOTAL,2012,884700000,,
ESTAT:PRC_HPI_HSVA(1.0),09/07/26 23:00:00,A,EUR,LT,TOTAL,2013,1137000000,,
ESTAT:PRC_HPI_HSVA(1.0),09/07/26 23:00:00,A,EUR,LT,TOTAL,2014,1411300000,,
ESTAT:PRC_HPI_HSVA(1.0),09/07/26 23:00:00,A,EUR,LT,TOTAL,2015,1414300000,,
ESTAT:PRC_HPI_HSVA(1.0),09/07/26 23:00:00,A,EUR,LT,TOTAL,2016,1727700000,,
ESTAT:PRC_HPI_HSVA(1.0),09/07/26 23:00:00,A,EUR,LT,TOTAL,2017,1880700000,,
ESTAT:PRC_HPI_HSVA(1.0),09/07/26 23:00:00,A,EUR,LT,TOTAL,2018,2074500000,,
ESTAT:PRC_HPI_HSVA(1.0),09/07/26 23:00:00,A,EUR,LT,TOTAL,2019,2381100000,,
ESTAT:PRC_HPI_HSVA(1.0),09/07/26 23:00:00,A,EUR,LT,TOTAL,2020,2578700000,,
ESTAT:PRC_HPI_HSVA(1.0),09/07/26 23:00:00,A,EUR,LT,TOTAL,2021,3540300000,,
ESTAT:PRC_HPI_HSVA(1.0),09/07/26 23:00:00,A,EUR,LT,TOTAL,2022,3525000000,,
ESTAT:PRC_HPI_HSVA(1.0),09/07/26 23:00:00,A,EUR,LT,TOTAL,2023,3241200000,,
ESTAT:PRC_HPI_HSVA(1.0),09/07/26 23:00:00,A,EUR,LT,TOTAL,2024,3614800000,,
ESTAT:PRC_HPI_HSVA(1.0),09/07/26 23:00:00,A,EUR,LT,TOTAL,2025,5157600000,,
ESTAT:PRC_HPI_HSVA(1.0),09/07/26 23:00:00,A,EUR,NL,DW_EXST,2015,41041938535,,
ESTAT:PRC_HPI_HSVA(1.0),09/07/26 23:00:00,A,EUR,NL,DW_EXST,2016,52374434998,,
ESTAT:PRC_HPI_HSVA(1.0),09/07/26 23:00:00,A,EUR,NL,DW_EXST,2017,63680428140,,
ESTAT:PRC_HPI_HSVA(1.0),09/07/26 23:00:00,A,EUR,NL,DW_EXST,2018,62765286781,,
ESTAT:PRC_HPI_HSVA(1.0),09/07/26 23:00:00,A,EUR,NL,DW_EXST,2019,67322361570,,
ESTAT:PRC_HPI_HSVA(1.0),09/07/26 23:00:00,A,EUR,NL,DW_EXST,2020,78775649557,,
ESTAT:PRC_HPI_HSVA(1.0),09/07/26 23:00:00,A,EUR,NL,DW_EXST,2021,87430904791,,
ESTAT:PRC_HPI_HSVA(1.0),09/07/26 23:00:00,A,EUR,NL,DW_EXST,2022,82762124617,,
ESTAT:PRC_HPI_HSVA(1.0),09/07/26 23:00:00,A,EUR,NL,DW_EXST,2023,75907595686,,
ESTAT:PRC_HPI_HSVA(1.0),09/07/26 23:00:00,A,EUR,NL,DW_EXST,2024,93109444598,,
ESTAT:PRC_HPI_HSVA(1.0),09/07/26 23:00:00,A,EUR,NL,DW_EXST,2025,114460638741,,
ESTAT:PRC_HPI_HSVA(1.0),09/07/26 23:00:00,A,EUR,NL,DW_NEW,2015,6982608007,,
ESTAT:PRC_HPI_HSVA(1.0),09/07/26 23:00:00,A,EUR,NL,DW_NEW,2016,7980214315,,
ESTAT:PRC_HPI_HSVA(1.0),09/07/26 23:00:00,A,EUR,NL,DW_NEW,2017,9942706042,,
ESTAT:PRC_HPI_HSVA(1.0),09/07/26 23:00:00,A,EUR,NL,DW_NEW,2018,10171616817,,
ESTAT:PRC_HPI_HSVA(1.0),09/07/26 23:00:00,A,EUR,NL,DW_NEW,2019,9487693527,,
ESTAT:PRC_HPI_HSVA(1.0),09/07/26 23:00:00,A,EUR,NL,DW_NEW,2020,13409302444,,
ESTAT:PRC_HPI_HSVA(1.0),09/07/26 23:00:00,A,EUR,NL,DW_NEW,2021,15692663759,,
ESTAT:PRC_HPI_HSVA(1.0),09/07/26 23:00:00,A,EUR,NL,DW_NEW,2022,12485976519,,
ESTAT:PRC_HPI_HSVA(1.0),09/07/26 23:00:00,A,EUR,NL,DW_NEW,2023,8418439561,,
ESTAT:PRC_HPI_HSVA(1.0),09/07/26 23:00:00,A,EUR,NL,DW_NEW,2024,13045741622,,
ESTAT:PRC_HPI_HSVA(1.0),09/07/26 23:00:00,A,EUR,NL,DW_NEW,2025,13642023804,p,
ESTAT:PRC_HPI_HSVA(1.0),09/07/26 23:00:00,A,EUR,NL,TOTAL,2004,,,C
ESTAT:PRC_HPI_HSVA(1.0),09/07/26 23:00:00,A,EUR,NL,TOTAL,2005,60401754778,,
ESTAT:PRC_HPI_HSVA(1.0),09/07/26 23:00:00,A,EUR,NL,TOTAL,2006,63756381420,,
ESTAT:PRC_HPI_HSVA(1.0),09/07/26 23:00:00,A,EUR,NL,TOTAL,2007,64425715410,,
ESTAT:PRC_HPI_HSVA(1.0),09/07/26 23:00:00,A,EUR,NL,TOTAL,2008,56839773294,,
ESTAT:PRC_HPI_HSVA(1.0),09/07/26 23:00:00,A,EUR,NL,TOTAL,2009,36859259669,,
ESTAT:PRC_HPI_HSVA(1.0),09/07/26 23:00:00,A,EUR,NL,TOTAL,2010,38728383750,,
ESTAT:PRC_HPI_HSVA(1.0),09/07/26 23:00:00,A,EUR,NL,TOTAL,2011,33823380199,,
ESTAT:PRC_HPI_HSVA(1.0),09/07/26 23:00:00,A,EUR,NL,TOTAL,2012,29691623172,,
ESTAT:PRC_HPI_HSVA(1.0),09/07/26 23:00:00,A,EUR,NL,TOTAL,2013,26305405614,,
ESTAT:PRC_HPI_HSVA(1.0),09/07/26 23:00:00,A,EUR,NL,TOTAL,2014,42182677843,,
ESTAT:PRC_HPI_HSVA(1.0),09/07/26 23:00:00,A,EUR,NL,TOTAL,2015,48024546542,,
ESTAT:PRC_HPI_HSVA(1.0),09/07/26 23:00:00,A,EUR,NL,TOTAL,2016,60354649313,,
ESTAT:PRC_HPI_HSVA(1.0),09/07/26 23:00:00,A,EUR,NL,TOTAL,2017,73623134182,,
ESTAT:PRC_HPI_HSVA(1.0),09/07/26 23:00:00,A,EUR,NL,TOTAL,2018,72936903598,,
ESTAT:PRC_HPI_HSVA(1.0),09/07/26 23:00:00,A,EUR,NL,TOTAL,2019,76810055097,,
ESTAT:PRC_HPI_HSVA(1.0),09/07/26 23:00:00,A,EUR,NL,TOTAL,2020,92184952001,,
ESTAT:PRC_HPI_HSVA(1.0),09/07/26 23:00:00,A,EUR,NL,TOTAL,2021,103123568550,,
ESTAT:PRC_HPI_HSVA(1.0),09/07/26 23:00:00,A,EUR,NL,TOTAL,2022,95248101136,,
ESTAT:PRC_HPI_HSVA(1.0),09/07/26 23:00:00,A,EUR,NL,TOTAL,2023,84326035247,,
ESTAT:PRC_HPI_HSVA(1.0),09/07/26 23:00:00,A,EUR,NL,TOTAL,2024,106155186220,,
ESTAT:PRC_HPI_HSVA(1.0),09/07/26 23:00:00,A,EUR,NL,TOTAL,2025,128102662545,p,
ESTAT:PRC_HPI_HSVA(1.0),09/07/26 23:00:00,A,EUR,NO,DW_EXST,2017,35185139264,,
ESTAT:PRC_HPI_HSVA(1.0),09/07/26 23:00:00,A,EUR,NO,DW_EXST,2018,26391871298,,
ESTAT:PRC_HPI_HSVA(1.0),09/07/26 23:00:00,A,EUR,NO,DW_EXST,2019,28185639118,,
ESTAT:PRC_HPI_HSVA(1.0),09/07/26 23:00:00,A,EUR,NO,DW_EXST,2020,28594961988,,
ESTAT:PRC_HPI_HSVA(1.0),09/07/26 23:00:00,A,EUR,NO,DW_EXST,2021,42630599725,p,
ESTAT:PRC_HPI_HSVA(1.0),09/07/26 23:00:00,A,EUR,NO,DW_EXST,2022,42634423736,p,
ESTAT:PRC_HPI_HSVA(1.0),09/07/26 23:00:00,A,EUR,NO,DW_EXST,2023,37133939818,p,
ESTAT:PRC_HPI_HSVA(1.0),09/07/26 23:00:00,A,EUR,NO,DW_EXST,2024,40611634649,p,
ESTAT:PRC_HPI_HSVA(1.0),09/07/26 23:00:00,A,EUR,NO,DW_EXST,2025,46586557546,p,
ESTAT:PRC_HPI_HSVA(1.0),09/07/26 23:00:00,A,EUR,NO,DW_NEW,2017,7921272262,,
ESTAT:PRC_HPI_HSVA(1.0),09/07/26 23:00:00,A,EUR,NO,DW_NEW,2018,8273234382,,
ESTAT:PRC_HPI_HSVA(1.0),09/07/26 23:00:00,A,EUR,NO,DW_NEW,2019,8093876001,,
ESTAT:PRC_HPI_HSVA(1.0),09/07/26 23:00:00,A,EUR,NO,DW_NEW,2020,6937158745,,
ESTAT:PRC_HPI_HSVA(1.0),09/07/26 23:00:00,A,EUR,NO,DW_NEW,2021,9411112368,p,
ESTAT:PRC_HPI_HSVA(1.0),09/07/26 23:00:00,A,EUR,NO,DW_NEW,2022,9382368845,p,
ESTAT:PRC_HPI_HSVA(1.0),09/07/26 23:00:00,A,EUR,NO,DW_NEW,2023,7858989650,p,
ESTAT:PRC_HPI_HSVA(1.0),09/07/26 23:00:00,A,EUR,NO,DW_NEW,2024,6797317230,p,
ESTAT:PRC_HPI_HSVA(1.0),09/07/26 23:00:00,A,EUR,NO,DW_NEW,2025,6575975749,p,
ESTAT:PRC_HPI_HSVA(1.0),09/07/26 23:00:00,A,EUR,NO,TOTAL,2007,21544937320,,
ESTAT:PRC_HPI_HSVA(1.0),09/07/26 23:00:00,A,EUR,NO,TOTAL,2008,20337632073,,
ESTAT:PRC_HPI_HSVA(1.0),09/07/26 23:00:00,A,EUR,NO,TOTAL,2009,19887819002,,
ESTAT:PRC_HPI_HSVA(1.0),09/07/26 23:00:00,A,EUR,NO,TOTAL,2010,25833374125,,
ESTAT:PRC_HPI_HSVA(1.0),09/07/26 23:00:00,A,EUR,NO,TOTAL,2011,30526800910,,
ESTAT:PRC_HPI_HSVA(1.0),09/07/26 23:00:00,A,EUR,NO,TOTAL,2012,35826905357,,
ESTAT:PRC_HPI_HSVA(1.0),09/07/26 23:00:00,A,EUR,NO,TOTAL,2013,42319058532,,
ESTAT:PRC_HPI_HSVA(1.0),09/07/26 23:00:00,A,EUR,NO,TOTAL,2014,40843736768,,
ESTAT:PRC_HPI_HSVA(1.0),09/07/26 23:00:00,A,EUR,NO,TOTAL,2015,40686951113,e,
ESTAT:PRC_HPI_HSVA(1.0),09/07/26 23:00:00,A,EUR,NO,TOTAL,2016,39022870063,e,
ESTAT:PRC_HPI_HSVA(1.0),09/07/26 23:00:00,A,EUR,NO,TOTAL,2017,43106411526,,
ESTAT:PRC_HPI_HSVA(1.0),09/07/26 23:00:00,A,EUR,NO,TOTAL,2018,34665105680,,
ESTAT:PRC_HPI_HSVA(1.0),09/07/26 23:00:00,A,EUR,NO,TOTAL,2019,36279515118,,
ESTAT:PRC_HPI_HSVA(1.0),09/07/26 23:00:00,A,EUR,NO,TOTAL,2020,35532120733,,
ESTAT:PRC_HPI_HSVA(1.0),09/07/26 23:00:00,A,EUR,NO,TOTAL,2021,52041712092,p,
ESTAT:PRC_HPI_HSVA(1.0),09/07/26 23:00:00,A,EUR,NO,TOTAL,2022,52016792581,p,
ESTAT:PRC_HPI_HSVA(1.0),09/07/26 23:00:00,A,EUR,NO,TOTAL,2023,44992929468,p,
ESTAT:PRC_HPI_HSVA(1.0),09/07/26 23:00:00,A,EUR,NO,TOTAL,2024,47408951878,p,
ESTAT:PRC_HPI_HSVA(1.0),09/07/26 23:00:00,A,EUR,NO,TOTAL,2025,53162533296,p,
ESTAT:PRC_HPI_HSVA(1.0),09/07/26 23:00:00,A,EUR,PT,DW_EXST,2009,4232375353,e,
ESTAT:PRC_HPI_HSVA(1.0),09/07/26 23:00:00,A,EUR,PT,DW_EXST,2010,4845251884,e,
ESTAT:PRC_HPI_HSVA(1.0),09/07/26 23:00:00,A,EUR,PT,DW_EXST,2011,3525046985,e,
ESTAT:PRC_HPI_HSVA(1.0),09/07/26 23:00:00,A,EUR,PT,DW_EXST,2012,2868370540,e,
ESTAT:PRC_HPI_HSVA(1.0),09/07/26 23:00:00,A,EUR,PT,DW_EXST,2013,3113957517,e,
ESTAT:PRC_HPI_HSVA(1.0),09/07/26 23:00:00,A,EUR,PT,DW_EXST,2014,3971647666,e,
ESTAT:PRC_HPI_HSVA(1.0),09/07/26 23:00:00,A,EUR,PT,DW_EXST,2015,5951784789,e,
ESTAT:PRC_HPI_HSVA(1.0),09/07/26 23:00:00,A,EUR,PT,DW_EXST,2016,7735913559,e,
ESTAT:PRC_HPI_HSVA(1.0),09/07/26 23:00:00,A,EUR,PT,DW_EXST,2017,10590939902,e,
ESTAT:PRC_HPI_HSVA(1.0),09/07/26 23:00:00,A,EUR,PT,DW_EXST,2018,13267829055,e,
ESTAT:PRC_HPI_HSVA(1.0),09/07/26 23:00:00,A,EUR,PT,DW_EXST,2019,14519926762,,
ESTAT:PRC_HPI_HSVA(1.0),09/07/26 23:00:00,A,EUR,PT,DW_EXST,2020,13543522785,,
ESTAT:PRC_HPI_HSVA(1.0),09/07/26 23:00:00,A,EUR,PT,DW_EXST,2021,18323892597,,
ESTAT:PRC_HPI_HSVA(1.0),09/07/26 23:00:00,A,EUR,PT,DW_EXST,2022,20477293201,,
ESTAT:PRC_HPI_HSVA(1.0),09/07/26 23:00:00,A,EUR,PT,DW_EXST,2023,16681740644,,
ESTAT:PRC_HPI_HSVA(1.0),09/07/26 23:00:00,A,EUR,PT,DW_EXST,2024,20706367058,,
ESTAT:PRC_HPI_HSVA(1.0),09/07/26 23:00:00,A,EUR,PT,DW_EXST,2025,26537023067,,
ESTAT:PRC_HPI_HSVA(1.0),09/07/26 23:00:00,A,EUR,PT,DW_NEW,2009,5950098468,e,
ESTAT:PRC_HPI_HSVA(1.0),09/07/26 23:00:00,A,EUR,PT,DW_NEW,2010,6235704568,e,
ESTAT:PRC_HPI_HSVA(1.0),09/07/26 23:00:00,A,EUR,PT,DW_NEW,2011,3885585892,e,
ESTAT:PRC_HPI_HSVA(1.0),09/07/26 23:00:00,A,EUR,PT,DW_NEW,2012,2622533287,e,
ESTAT:PRC_HPI_HSVA(1.0),09/07/26 23:00:00,A,EUR,PT,DW_NEW,2013,2851525391,e,
ESTAT:PRC_HPI_HSVA(1.0),09/07/26 23:00:00,A,EUR,PT,DW_NEW,2014,2911115384,e,
ESTAT:PRC_HPI_HSVA(1.0),09/07/26 23:00:00,A,EUR,PT,DW_NEW,2015,3123402220,e,
ESTAT:PRC_HPI_HSVA(1.0),09/07/26 23:00:00,A,EUR,PT,DW_NEW,2016,3040860905,e,
ESTAT:PRC_HPI_HSVA(1.0),09/07/26 23:00:00,A,EUR,PT,DW_NEW,2017,3491328671,e,
ESTAT:PRC_HPI_HSVA(1.0),09/07/26 23:00:00,A,EUR,PT,DW_NEW,2018,4238421908,e,
ESTAT:PRC_HPI_HSVA(1.0),09/07/26 23:00:00,A,EUR,PT,DW_NEW,2019,4249768246,,
ESTAT:PRC_HPI_HSVA(1.0),09/07/26 23:00:00,A,EUR,PT,DW_NEW,2020,4702429345,,
ESTAT:PRC_HPI_HSVA(1.0),09/07/26 23:00:00,A,EUR,PT,DW_NEW,2021,5754064094,,
ESTAT:PRC_HPI_HSVA(1.0),09/07/26 23:00:00,A,EUR,PT,DW_NEW,2022,6786364824,,
ESTAT:PRC_HPI_HSVA(1.0),09/07/26 23:00:00,A,EUR,PT,DW_NEW,2023,6829056050,,
ESTAT:PRC_HPI_HSVA(1.0),09/07/26 23:00:00,A,EUR,PT,DW_NEW,2024,8041060802,,
ESTAT:PRC_HPI_HSVA(1.0),09/07/26 23:00:00,A,EUR,PT,DW_NEW,2025,9211600699,,
ESTAT:PRC_HPI_HSVA(1.0),09/07/26 23:00:00,A,EUR,PT,TOTAL,2009,10182473821,e,
ESTAT:PRC_HPI_HSVA(1.0),09/07/26 23:00:00,A,EUR,PT,TOTAL,2010,11080956452,e,
ESTAT:PRC_HPI_HSVA(1.0),09/07/26 23:00:00,A,EUR,PT,TOTAL,2011,7410632877,e,
ESTAT:PRC_HPI_HSVA(1.0),09/07/26 23:00:00,A,EUR,PT,TOTAL,2012,5490903827,e,
ESTAT:PRC_HPI_HSVA(1.0),09/07/26 23:00:00,A,EUR,PT,TOTAL,2013,5965482908,e,
ESTAT:PRC_HPI_HSVA(1.0),09/07/26 23:00:00,A,EUR,PT,TOTAL,2014,6882763050,e,
ESTAT:PRC_HPI_HSVA(1.0),09/07/26 23:00:00,A,EUR,PT,TOTAL,2015,9075187009,e,
ESTAT:PRC_HPI_HSVA(1.0),09/07/26 23:00:00,A,EUR,PT,TOTAL,2016,10776774464,e,
ESTAT:PRC_HPI_HSVA(1.0),09/07/26 23:00:00,A,EUR,PT,TOTAL,2017,14082268573,e,
ESTAT:PRC_HPI_HSVA(1.0),09/07/26 23:00:00,A,EUR,PT,TOTAL,2018,17506250963,e,
ESTAT:PRC_HPI_HSVA(1.0),09/07/26 23:00:00,A,EUR,PT,TOTAL,2019,18769695008,,
ESTAT:PRC_HPI_HSVA(1.0),09/07/26 23:00:00,A,EUR,PT,TOTAL,2020,18245952130,,
ESTAT:PRC_HPI_HSVA(1.0),09/07/26 23:00:00,A,EUR,PT,TOTAL,2021,24077956691,,
ESTAT:PRC_HPI_HSVA(1.0),09/07/26 23:00:00,A,EUR,PT,TOTAL,2022,27263658025,,
ESTAT:PRC_HPI_HSVA(1.0),09/07/26 23:00:00,A,EUR,PT,TOTAL,2023,23510796694,,
ESTAT:PRC_HPI_HSVA(1.0),09/07/26 23:00:00,A,EUR,PT,TOTAL,2024,28747427860,,
ESTAT:PRC_HPI_HSVA(1.0),09/07/26 23:00:00,A,EUR,PT,TOTAL,2025,35748623766,,
ESTAT:PRC_HPI_HSVA(1.0),09/07/26 23:00:00,A,EUR,SI,DW_EXST,2014,706940062,,
ESTAT:PRC_HPI_HSVA(1.0),09/07/26 23:00:00,A,EUR,SI,DW_EXST,2015,820707203,,
ESTAT:PRC_HPI_HSVA(1.0),09/07/26 23:00:00,A,EUR,SI,DW_EXST,2016,1026302101,,
ESTAT:PRC_HPI_HSVA(1.0),09/07/26 23:00:00,A,EUR,SI,DW_EXST,2017,1149344843,,
ESTAT:PRC_HPI_HSVA(1.0),09/07/26 23:00:00,A,EUR,SI,DW_EXST,2018,1153903393,,
ESTAT:PRC_HPI_HSVA(1.0),09/07/26 23:00:00,A,EUR,SI,DW_EXST,2019,1251561119,,
ESTAT:PRC_HPI_HSVA(1.0),09/07/26 23:00:00,A,EUR,SI,DW_EXST,2020,1138049673,,
ESTAT:PRC_HPI_HSVA(1.0),09/07/26 23:00:00,A,EUR,SI,DW_EXST,2021,1517027378,,
ESTAT:PRC_HPI_HSVA(1.0),09/07/26 23:00:00,A,EUR,SI,DW_EXST,2022,1576056343,,
ESTAT:PRC_HPI_HSVA(1.0),09/07/26 23:00:00,A,EUR,SI,DW_EXST,2023,1298456070,,
ESTAT:PRC_HPI_HSVA(1.0),09/07/26 23:00:00,A,EUR,SI,DW_EXST,2024,1215757137,,
ESTAT:PRC_HPI_HSVA(1.0),09/07/26 23:00:00,A,EUR,SI,DW_EXST,2025,1781620547,,
ESTAT:PRC_HPI_HSVA(1.0),09/07/26 23:00:00,A,EUR,SI,DW_NEW,2014,92951119,,
ESTAT:PRC_HPI_HSVA(1.0),09/07/26 23:00:00,A,EUR,SI,DW_NEW,2015,147027405,,
ESTAT:PRC_HPI_HSVA(1.0),09/07/26 23:00:00,A,EUR,SI,DW_NEW,2016,134840846,,
ESTAT:PRC_HPI_HSVA(1.0),09/07/26 23:00:00,A,EUR,SI,DW_NEW,2017,213668305,,
ESTAT:PRC_HPI_HSVA(1.0),09/07/26 23:00:00,A,EUR,SI,DW_NEW,2018,233728458,,
ESTAT:PRC_HPI_HSVA(1.0),09/07/26 23:00:00,A,EUR,SI,DW_NEW,2019,129332612,,
ESTAT:PRC_HPI_HSVA(1.0),09/07/26 23:00:00,A,EUR,SI,DW_NEW,2020,65976799,,
ESTAT:PRC_HPI_HSVA(1.0),09/07/26 23:00:00,A,EUR,SI,DW_NEW,2021,166343483,,
ESTAT:PRC_HPI_HSVA(1.0),09/07/26 23:00:00,A,EUR,SI,DW_NEW,2022,135439069,,
ESTAT:PRC_HPI_HSVA(1.0),09/07/26 23:00:00,A,EUR,SI,DW_NEW,2023,273841956,,
ESTAT:PRC_HPI_HSVA(1.0),09/07/26 23:00:00,A,EUR,SI,DW_NEW,2024,220858314,,
ESTAT:PRC_HPI_HSVA(1.0),09/07/26 23:00:00,A,EUR,SI,DW_NEW,2025,183664072,,
ESTAT:PRC_HPI_HSVA(1.0),09/07/26 23:00:00,A,EUR,SI,TOTAL,2006,1113539263,,
ESTAT:PRC_HPI_HSVA(1.0),09/07/26 23:00:00,A,EUR,SI,TOTAL,2007,1403434229,,
ESTAT:PRC_HPI_HSVA(1.0),09/07/26 23:00:00,A,EUR,SI,TOTAL,2008,999003825,,
ESTAT:PRC_HPI_HSVA(1.0),09/07/26 23:00:00,A,EUR,SI,TOTAL,2009,758634506,,
ESTAT:PRC_HPI_HSVA(1.0),09/07/26 23:00:00,A,EUR,SI,TOTAL,2010,1069136307,,
ESTAT:PRC_HPI_HSVA(1.0),09/07/26 23:00:00,A,EUR,SI,TOTAL,2011,878119444,,
ESTAT:PRC_HPI_HSVA(1.0),09/07/26 23:00:00,A,EUR,SI,TOTAL,2012,758130635,,
ESTAT:PRC_HPI_HSVA(1.0),09/07/26 23:00:00,A,EUR,SI,TOTAL,2013,580651270,,
ESTAT:PRC_HPI_HSVA(1.0),09/07/26 23:00:00,A,EUR,SI,TOTAL,2014,799891181,,
ESTAT:PRC_HPI_HSVA(1.0),09/07/26 23:00:00,A,EUR,SI,TOTAL,2015,967734609,,
ESTAT:PRC_HPI_HSVA(1.0),09/07/26 23:00:00,A,EUR,SI,TOTAL,2016,1161142947,,
ESTAT:PRC_HPI_HSVA(1.0),09/07/26 23:00:00,A,EUR,SI,TOTAL,2017,1363013150,,
ESTAT:PRC_HPI_HSVA(1.0),09/07/26 23:00:00,A,EUR,SI,TOTAL,2018,1387631851,,
ESTAT:PRC_HPI_HSVA(1.0),09/07/26 23:00:00,A,EUR,SI,TOTAL,2019,1380893731,,
ESTAT:PRC_HPI_HSVA(1.0),09/07/26 23:00:00,A,EUR,SI,TOTAL,2020,1204026472,,
ESTAT:PRC_HPI_HSVA(1.0),09/07/26 23:00:00,A,EUR,SI,TOTAL,2021,1683370861,,
ESTAT:PRC_HPI_HSVA(1.0),09/07/26 23:00:00,A,EUR,SI,TOTAL,2022,1711495412,,
ESTAT:PRC_HPI_HSVA(1.0),09/07/26 23:00:00,A,EUR,SI,TOTAL,2023,1572298026,,
ESTAT:PRC_HPI_HSVA(1.0),09/07/26 23:00:00,A,EUR,SI,TOTAL,2024,1436615451,,
ESTAT:PRC_HPI_HSVA(1.0),09/07/26 23:00:00,A,EUR,SI,TOTAL,2025,1965284619,,
ESTAT:PRC_HPI_HSVA(1.0),09/07/26 23:00:00,A,I25_A_AVG,AT,DW_EXST,2015,59.15,p,
ESTAT:PRC_HPI_HSVA(1.0),09/07/26 23:00:00,A,I25_A_AVG,AT,DW_EXST,2016,56.55,p,
ESTAT:PRC_HPI_HSVA(1.0),09/07/26 23:00:00,A,I25_A_AVG,AT,DW_EXST,2017,62.97,p,
ESTAT:PRC_HPI_HSVA(1.0),09/07/26 23:00:00,A,I25_A_AVG,AT,DW_EXST,2018,67.64,p,
ESTAT:PRC_HPI_HSVA(1.0),09/07/26 23:00:00,A,I25_A_AVG,AT,DW_EXST,2019,75.06,p,
ESTAT:PRC_HPI_HSVA(1.0),09/07/26 23:00:00,A,I25_A_AVG,AT,DW_EXST,2020,82.52,p,
ESTAT:PRC_HPI_HSVA(1.0),09/07/26 23:00:00,A,I25_A_AVG,AT,DW_EXST,2021,98.22,p,
ESTAT:PRC_HPI_HSVA(1.0),09/07/26 23:00:00,A,I25_A_AVG,AT,DW_EXST,2022,91.78,p,
ESTAT:PRC_HPI_HSVA(1.0),09/07/26 23:00:00,A,I25_A_AVG,AT,DW_EXST,2023,71.63,p,
ESTAT:PRC_HPI_HSVA(1.0),09/07/26 23:00:00,A,I25_A_AVG,AT,DW_EXST,2024,82.24,p,
ESTAT:PRC_HPI_HSVA(1.0),09/07/26 23:00:00,A,I25_A_AVG,AT,DW_EXST,2025,100.00,ep,
ESTAT:PRC_HPI_HSVA(1.0),09/07/26 23:00:00,A,I25_A_AVG,AT,DW_NEW,2015,75.63,p,
ESTAT:PRC_HPI_HSVA(1.0),09/07/26 23:00:00,A,I25_A_AVG,AT,DW_NEW,2016,80.94,p,
ESTAT:PRC_HPI_HSVA(1.0),09/07/26 23:00:00,A,I25_A_AVG,AT,DW_NEW,2017,87.70,p,
ESTAT:PRC_HPI_HSVA(1.0),09/07/26 23:00:00,A,I25_A_AVG,AT,DW_NEW,2018,95.31,p,
ESTAT:PRC_HPI_HSVA(1.0),09/07/26 23:00:00,A,I25_A_AVG,AT,DW_NEW,2019,125.87,p,
ESTAT:PRC_HPI_HSVA(1.0),09/07/26 23:00:00,A,I25_A_AVG,AT,DW_NEW,2020,151.56,p,
ESTAT:PRC_HPI_HSVA(1.0),09/07/26 23:00:00,A,I25_A_AVG,AT,DW_NEW,2021,177.87,p,
ESTAT:PRC_HPI_HSVA(1.0),09/07/26 23:00:00,A,I25_A_AVG,AT,DW_NEW,2022,143.08,p,
ESTAT:PRC_HPI_HSVA(1.0),09/07/26 23:00:00,A,I25_A_AVG,AT,DW_NEW,2023,69.50,p,
ESTAT:PRC_HPI_HSVA(1.0),09/07/26 23:00:00,A,I25_A_AVG,AT,DW_NEW,2024,74.21,p,
ESTAT:PRC_HPI_HSVA(1.0),09/07/26 23:00:00,A,I25_A_AVG,AT,DW_NEW,2025,100.00,ep,
ESTAT:PRC_HPI_HSVA(1.0),09/07/26 23:00:00,A,I25_A_AVG,AT,TOTAL,2010,43.85,p,
ESTAT:PRC_HPI_HSVA(1.0),09/07/26 23:00:00,A,I25_A_AVG,AT,TOTAL,2011,46.99,p,
ESTAT:PRC_HPI_HSVA(1.0),09/07/26 23:00:00,A,I25_A_AVG,AT,TOTAL,2012,49.60,p,
ESTAT:PRC_HPI_HSVA(1.0),09/07/26 23:00:00,A,I25_A_AVG,AT,TOTAL,2013,49.13,p,
ESTAT:PRC_HPI_HSVA(1.0),09/07/26 23:00:00,A,I25_A_AVG,AT,TOTAL,2014,63.47,p,
ESTAT:PRC_HPI_HSVA(1.0),09/07/26 23:00:00,A,I25_A_AVG,AT,TOTAL,2015,62.85,p,
ESTAT:PRC_HPI_HSVA(1.0),09/07/26 23:00:00,A,I25_A_AVG,AT,TOTAL,2016,62.03,p,
ESTAT:PRC_HPI_HSVA(1.0),09/07/26 23:00:00,A,I25_A_AVG,AT,TOTAL,2017,68.52,p,
ESTAT:PRC_HPI_HSVA(1.0),09/07/26 23:00:00,A,I25_A_AVG,AT,TOTAL,2018,73.85,p,
ESTAT:PRC_HPI_HSVA(1.0),09/07/26 23:00:00,A,I25_A_AVG,AT,TOTAL,2019,86.47,p,
ESTAT:PRC_HPI_HSVA(1.0),09/07/26 23:00:00,A,I25_A_AVG,AT,TOTAL,2020,98.02,p,
ESTAT:PRC_HPI_HSVA(1.0),09/07/26 23:00:00,A,I25_A_AVG,AT,TOTAL,2021,116.10,p,
ESTAT:PRC_HPI_HSVA(1.0),09/07/26 23:00:00,A,I25_A_AVG,AT,TOTAL,2022,103.29,p,
ESTAT:PRC_HPI_HSVA(1.0),09/07/26 23:00:00,A,I25_A_AVG,AT,TOTAL,2023,71.15,p,
ESTAT:PRC_HPI_HSVA(1.0),09/07/26 23:00:00,A,I25_A_AVG,AT,TOTAL,2024,80.44,p,
ESTAT:PRC_HPI_HSVA(1.0),09/07/26 23:00:00,A,I25_A_AVG,AT,TOTAL,2025,100.00,ep,
ESTAT:PRC_HPI_HSVA(1.0),09/07/26 23:00:00,A,I25_A_AVG,BE,DW_EXST,2010,42.31,,
ESTAT:PRC_HPI_HSVA(1.0),09/07/26 23:00:00,A,I25_A_AVG,BE,DW_EXST,2011,48.12,,
ESTAT:PRC_HPI_HSVA(1.0),09/07/26 23:00:00,A,I25_A_AVG,BE,DW_EXST,2012,47.70,,
ESTAT:PRC_HPI_HSVA(1.0),09/07/26 23:00:00,A,I25_A_AVG,BE,DW_EXST,2013,47.52,,
ESTAT:PRC_HPI_HSVA(1.0),09/07/26 23:00:00,A,I25_A_AVG,BE,DW_EXST,2014,53.75,,
ESTAT:PRC_HPI_HSVA(1.0),09/07/26 23:00:00,A,I25_A_AVG,BE,DW_EXST,2015,42.82,,
ESTAT:PRC_HPI_HSVA(1.0),09/07/26 23:00:00,A,I25_A_AVG,BE,DW_EXST,2016,52.91,,
ESTAT:PRC_HPI_HSVA(1.0),09/07/26 23:00:00,A,I25_A_AVG,BE,DW_EXST,2017,58.16,,
ESTAT:PRC_HPI_HSVA(1.0),09/07/26 23:00:00,A,I25_A_AVG,BE,DW_EXST,2018,63.09,,
ESTAT:PRC_HPI_HSVA(1.0),09/07/26 23:00:00,A,I25_A_AVG,BE,DW_EXST,2019,76.30,,
ESTAT:PRC_HPI_HSVA(1.0),09/07/26 23:00:00,A,I25_A_AVG,BE,DW_EXST,2020,66.14,,
ESTAT:PRC_HPI_HSVA(1.0),09/07/26 23:00:00,A,I25_A_AVG,BE,DW_EXST,2021,84.63,,
ESTAT:PRC_HPI_HSVA(1.0),09/07/26 23:00:00,A,I25_A_AVG,BE,DW_EXST,2022,91.19,,
ESTAT:PRC_HPI_HSVA(1.0),09/07/26 23:00:00,A,I25_A_AVG,BE,DW_EXST,2023,77.85,,
ESTAT:PRC_HPI_HSVA(1.0),09/07/26 23:00:00,A,I25_A_AVG,BE,DW_EXST,2024,78.88,,
ESTAT:PRC_HPI_HSVA(1.0),09/07/26 23:00:00,A,I25_A_AVG,BE,DW_EXST,2025,100.00,,
ESTAT:PRC_HPI_HSVA(1.0),09/07/26 23:00:00,A,I25_A_AVG,BE,TOTAL,2005,47.75,e,
ESTAT:PRC_HPI_HSVA(1.0),09/07/26 23:00:00,A,I25_A_AVG,BE,TOTAL,2006,52.48,e,
ESTAT:PRC_HPI_HSVA(1.0),09/07/26 23:00:00,A,I25_A_AVG,BE,TOTAL,2007,57.18,e,
ESTAT:PRC_HPI_HSVA(1.0),09/07/26 23:00:00,A,I25_A_AVG,BE,TOTAL,2008,57.19,e,
ESTAT:PRC_HPI_HSVA(1.0),09/07/26 23:00:00,A,I25_A_AVG,BE,TOTAL,2009,53.01,e,
ESTAT:PRC_HPI_HSVA(1.0),09/07/26 23:00:00,A,I25_A_AVG,BE,TOTAL,2010,42.31,d,
ESTAT:PRC_HPI_HSVA(1.0),09/07/26 23:00:00,A,I25_A_AVG,BE,TOTAL,2011,48.12,d,
ESTAT:PRC_HPI_HSVA(1.0),09/07/26 23:00:00,A,I25_A_AVG,BE,TOTAL,2012,47.70,d,
ESTAT:PRC_HPI_HSVA(1.0),09/07/26 23:00:00,A,I25_A_AVG,BE,TOTAL,2013,47.52,d,
ESTAT:PRC_HPI_HSVA(1.0),09/07/26 23:00:00,A,I25_A_AVG,BE,TOTAL,2014,53.75,d,
ESTAT:PRC_HPI_HSVA(1.0),09/07/26 23:00:00,A,I25_A_AVG,BE,TOTAL,2015,42.82,d,
ESTAT:PRC_HPI_HSVA(1.0),09/07/26 23:00:00,A,I25_A_AVG,BE,TOTAL,2016,52.91,d,
ESTAT:PRC_HPI_HSVA(1.0),09/07/26 23:00:00,A,I25_A_AVG,BE,TOTAL,2017,58.16,d,
ESTAT:PRC_HPI_HSVA(1.0),09/07/26 23:00:00,A,I25_A_AVG,BE,TOTAL,2018,63.09,d,
ESTAT:PRC_HPI_HSVA(1.0),09/07/26 23:00:00,A,I25_A_AVG,BE,TOTAL,2019,76.30,d,
ESTAT:PRC_HPI_HSVA(1.0),09/07/26 23:00:00,A,I25_A_AVG,BE,TOTAL,2020,66.14,d,
ESTAT:PRC_HPI_HSVA(1.0),09/07/26 23:00:00,A,I25_A_AVG,BE,TOTAL,2021,84.63,d,
ESTAT:PRC_HPI_HSVA(1.0),09/07/26 23:00:00,A,I25_A_AVG,BE,TOTAL,2022,91.19,d,
ESTAT:PRC_HPI_HSVA(1.0),09/07/26 23:00:00,A,I25_A_AVG,BE,TOTAL,2023,77.85,d,
ESTAT:PRC_HPI_HSVA(1.0),09/07/26 23:00:00,A,I25_A_AVG,BE,TOTAL,2024,78.88,d,
ESTAT:PRC_HPI_HSVA(1.0),09/07/26 23:00:00,A,I25_A_AVG,BE,TOTAL,2025,100.00,d,
ESTAT:PRC_HPI_HSVA(1.0),09/07/26 23:00:00,A,I25_A_AVG,BG,DW_EXST,2017,33.53,,
ESTAT:PRC_HPI_HSVA(1.0),09/07/26 23:00:00,A,I25_A_AVG,BG,DW_EXST,2018,36.82,,
ESTAT:PRC_HPI_HSVA(1.0),09/07/26 23:00:00,A,I25_A_AVG,BG,DW_EXST,2019,40.98,,
ESTAT:PRC_HPI_HSVA(1.0),09/07/26 23:00:00,A,I25_A_AVG,BG,DW_EXST,2020,36.23,,
ESTAT:PRC_HPI_HSVA(1.0),09/07/26 23:00:00,A,I25_A_AVG,BG,DW_EXST,2021,58.75,,
ESTAT:PRC_HPI_HSVA(1.0),09/07/26 23:00:00,A,I25_A_AVG,BG,DW_EXST,2022,66.69,,
ESTAT:PRC_HPI_HSVA(1.0),09/07/26 23:00:00,A,I25_A_AVG,BG,DW_EXST,2023,71.93,,
ESTAT:PRC_HPI_HSVA(1.0),09/07/26 23:00:00,A,I25_A_AVG,BG,DW_EXST,2024,89.32,,
ESTAT:PRC_HPI_HSVA(1.0),09/07/26 23:00:00,A,I25_A_AVG,BG,DW_EXST,2025,100.00,,
ESTAT:PRC_HPI_HSVA(1.0),09/07/26 23:00:00,A,I25_A_AVG,BG,DW_NEW,2017,28.25,,
ESTAT:PRC_HPI_HSVA(1.0),09/07/26 23:00:00,A,I25_A_AVG,BG,DW_NEW,2018,30.32,,
ESTAT:PRC_HPI_HSVA(1.0),09/07/26 23:00:00,A,I25_A_AVG,BG,DW_NEW,2019,36.17,,
ESTAT:PRC_HPI_HSVA(1.0),09/07/26 23:00:00,A,I25_A_AVG,BG,DW_NEW,2020,37.86,,
ESTAT:PRC_HPI_HSVA(1.0),09/07/26 23:00:00,A,I25_A_AVG,BG,DW_NEW,2021,51.70,,
ESTAT:PRC_HPI_HSVA(1.0),09/07/26 23:00:00,A,I25_A_AVG,BG,DW_NEW,2022,63.10,,
ESTAT:PRC_HPI_HSVA(1.0),09/07/26 23:00:00,A,I25_A_AVG,BG,DW_NEW,2023,61.21,,
ESTAT:PRC_HPI_HSVA(1.0),09/07/26 23:00:00,A,I25_A_AVG,BG,DW_NEW,2024,85.88,,
ESTAT:PRC_HPI_HSVA(1.0),09/07/26 23:00:00,A,I25_A_AVG,BG,DW_NEW,2025,100.00,,
ESTAT:PRC_HPI_HSVA(1.0),09/07/26 23:00:00,A,I25_A_AVG,BG,TOTAL,2006,30.38,,
ESTAT:PRC_HPI_HSVA(1.0),09/07/26 23:00:00,A,I25_A_AVG,BG,TOTAL,2007,25.69,,
ESTAT:PRC_HPI_HSVA(1.0),09/07/26 23:00:00,A,I25_A_AVG,BG,TOTAL,2008,34.71,,
ESTAT:PRC_HPI_HSVA(1.0),09/07/26 23:00:00,A,I25_A_AVG,BG,TOTAL,2009,29.70,,
ESTAT:PRC_HPI_HSVA(1.0),09/07/26 23:00:00,A,I25_A_AVG,BG,TOTAL,2010,17.80,,
ESTAT:PRC_HPI_HSVA(1.0),09/07/26 23:00:00,A,I25_A_AVG,BG,TOTAL,2011,23.16,,
ESTAT:PRC_HPI_HSVA(1.0),09/07/26 23:00:00,A,I25_A_AVG,BG,TOTAL,2012,18.93,,
ESTAT:PRC_HPI_HSVA(1.0),09/07/26 23:00:00,A,I25_A_AVG,BG,TOTAL,2013,18.78,,
ESTAT:PRC_HPI_HSVA(1.0),09/07/26 23:00:00,A,I25_A_AVG,BG,TOTAL,2014,25.01,,
ESTAT:PRC_HPI_HSVA(1.0),09/07/26 23:00:00,A,I25_A_AVG,BG,TOTAL,2015,25.40,e,
ESTAT:PRC_HPI_HSVA(1.0),09/07/26 23:00:00,A,I25_A_AVG,BG,TOTAL,2016,28.58,be,
ESTAT:PRC_HPI_HSVA(1.0),09/07/26 23:00:00,A,I25_A_AVG,BG,TOTAL,2017,31.40,,
ESTAT:PRC_HPI_HSVA(1.0),09/07/26 23:00:00,A,I25_A_AVG,BG,TOTAL,2018,34.19,,
ESTAT:PRC_HPI_HSVA(1.0),09/07/26 23:00:00,A,I25_A_AVG,BG,TOTAL,2019,39.03,,
ESTAT:PRC_HPI_HSVA(1.0),09/07/26 23:00:00,A,I25_A_AVG,BG,TOTAL,2020,36.89,,
ESTAT:PRC_HPI_HSVA(1.0),09/07/26 23:00:00,A,I25_A_AVG,BG,TOTAL,2021,55.90,,
ESTAT:PRC_HPI_HSVA(1.0),09/07/26 23:00:00,A,I25_A_AVG,BG,TOTAL,2022,65.24,,
ESTAT:PRC_HPI_HSVA(1.0),09/07/26 23:00:00,A,I25_A_AVG,BG,TOTAL,2023,67.60,,
ESTAT:PRC_HPI_HSVA(1.0),09/07/26 23:00:00,A,I25_A_AVG,BG,TOTAL,2024,87.93,,
ESTAT:PRC_HPI_HSVA(1.0),09/07/26 23:00:00,A,I25_A_AVG,BG,TOTAL,2025,100.00,,
ESTAT:PRC_HPI_HSVA(1.0),09/07/26 23:00:00,A,I25_A_AVG,CY,TOTAL,2005,38.53,,
ESTAT:PRC_HPI_HSVA(1.0),09/07/26 23:00:00,A,I25_A_AVG,CY,TOTAL,2006,61.27,,
ESTAT:PRC_HPI_HSVA(1.0),09/07/26 23:00:00,A,I25_A_AVG,CY,TOTAL,2007,88.38,,
ESTAT:PRC_HPI_HSVA(1.0),09/07/26 23:00:00,A,I25_A_AVG,CY,TOTAL,2008,70.13,,
ESTAT:PRC_HPI_HSVA(1.0),09/07/26 23:00:00,A,I25_A_AVG,CY,TOTAL,2009,30.31,,
ESTAT:PRC_HPI_HSVA(1.0),09/07/26 23:00:00,A,I25_A_AVG,CY,TOTAL,2010,43.64,,
ESTAT:PRC_HPI_HSVA(1.0),09/07/26 23:00:00,A,I25_A_AVG,CY,TOTAL,2011,32.43,,
ESTAT:PRC_HPI_HSVA(1.0),09/07/26 23:00:00,A,I25_A_AVG,CY,TOTAL,2012,31.42,,
ESTAT:PRC_HPI_HSVA(1.0),09/07/26 23:00:00,A,I25_A_AVG,CY,TOTAL,2013,19.40,,
ESTAT:PRC_HPI_HSVA(1.0),09/07/26 23:00:00,A,I25_A_AVG,CY,TOTAL,2014,21.23,,
ESTAT:PRC_HPI_HSVA(1.0),09/07/26 23:00:00,A,I25_A_AVG,CY,TOTAL,2015,26.08,,
ESTAT:PRC_HPI_HSVA(1.0),09/07/26 23:00:00,A,I25_A_AVG,CY,TOTAL,2016,57.12,,
ESTAT:PRC_HPI_HSVA(1.0),09/07/26 23:00:00,A,I25_A_AVG,CY,TOTAL,2017,62.45,,
ESTAT:PRC_HPI_HSVA(1.0),09/07/26 23:00:00,A,I25_A_AVG,CY,TOTAL,2018,67.26,,
ESTAT:PRC_HPI_HSVA(1.0),09/07/26 23:00:00,A,I25_A_AVG,CY,TOTAL,2019,79.69,,
ESTAT:PRC_HPI_HSVA(1.0),09/07/26 23:00:00,A,I25_A_AVG,CY,TOTAL,2020,51.30,,
ESTAT:PRC_HPI_HSVA(1.0),09/07/26 23:00:00,A,I25_A_AVG,CY,TOTAL,2021,52.64,,
ESTAT:PRC_HPI_HSVA(1.0),09/07/26 23:00:00,A,I25_A_AVG,CY,TOTAL,2022,70.80,,
ESTAT:PRC_HPI_HSVA(1.0),09/07/26 23:00:00,A,I25_A_AVG,CY,TOTAL,2023,85.02,,
ESTAT:PRC_HPI_HSVA(1.0),09/07/26 23:00:00,A,I25_A_AVG,CY,TOTAL,2024,86.89,,
ESTAT:PRC_HPI_HSVA(1.0),09/07/26 23:00:00,A,I25_A_AVG,CY,TOTAL,2025,100.00,,
ESTAT:PRC_HPI_HSVA(1.0),09/07/26 23:00:00,A,I25_A_AVG,CZ,TOTAL,2010,32.85,,
ESTAT:PRC_HPI_HSVA(1.0),09/07/26 23:00:00,A,I25_A_AVG,CZ,TOTAL,2011,37.60,,
ESTAT:PRC_HPI_HSVA(1.0),09/07/26 23:00:00,A,I25_A_AVG,CZ,TOTAL,2012,42.11,,
ESTAT:PRC_HPI_HSVA(1.0),09/07/26 23:00:00,A,I25_A_AVG,CZ,TOTAL,2013,39.91,,
ESTAT:PRC_HPI_HSVA(1.0),09/07/26 23:00:00,A,I25_A_AVG,CZ,TOTAL,2014,42.19,,
ESTAT:PRC_HPI_HSVA(1.0),09/07/26 23:00:00,A,I25_A_AVG,CZ,TOTAL,2015,54.05,,
ESTAT:PRC_HPI_HSVA(1.0),09/07/26 23:00:00,A,I25_A_AVG,CZ,TOTAL,2016,61.15,,
ESTAT:PRC_HPI_HSVA(1.0),09/07/26 23:00:00,A,I25_A_AVG,CZ,TOTAL,2017,59.63,,
ESTAT:PRC_HPI_HSVA(1.0),09/07/26 23:00:00,A,I25_A_AVG,CZ,TOTAL,2018,63.17,,
ESTAT:PRC_HPI_HSVA(1.0),09/07/26 23:00:00,A,I25_A_AVG,CZ,TOTAL,2019,64.68,,
ESTAT:PRC_HPI_HSVA(1.0),09/07/26 23:00:00,A,I25_A_AVG,CZ,TOTAL,2020,64.94,,
ESTAT:PRC_HPI_HSVA(1.0),09/07/26 23:00:00,A,I25_A_AVG,CZ,TOTAL,2021,82.37,,
ESTAT:PRC_HPI_HSVA(1.0),09/07/26 23:00:00,A,I25_A_AVG,CZ,TOTAL,2022,70.96,,
ESTAT:PRC_HPI_HSVA(1.0),09/07/26 23:00:00,A,I25_A_AVG,CZ,TOTAL,2023,71.43,,
ESTAT:PRC_HPI_HSVA(1.0),09/07/26 23:00:00,A,I25_A_AVG,CZ,TOTAL,2024,88.09,,
ESTAT:PRC_HPI_HSVA(1.0),09/07/26 23:00:00,A,I25_A_AVG,CZ,TOTAL,2025,100.00,,
ESTAT:PRC_HPI_HSVA(1.0),09/07/26 23:00:00,A,I25_A_AVG,DK,DW_EXST,2013,33.41,,
ESTAT:PRC_HPI_HSVA(1.0),09/07/26 23:00:00,A,I25_A_AVG,DK,DW_EXST,2014,39.22,,
ESTAT:PRC_HPI_HSVA(1.0),09/07/26 23:00:00,A,I25_A_AVG,DK,DW_EXST,2015,47.76,,
ESTAT:PRC_HPI_HSVA(1.0),09/07/26 23:00:00,A,I25_A_AVG,DK,DW_EXST,2016,51.65,,
ESTAT:PRC_HPI_HSVA(1.0),09/07/26 23:00:00,A,I25_A_AVG,DK,DW_EXST,2017,60.62,,
ESTAT:PRC_HPI_HSVA(1.0),09/07/26 23:00:00,A,I25_A_AVG,DK,DW_EXST,2018,61.10,,
ESTAT:PRC_HPI_HSVA(1.0),09/07/26 23:00:00,A,I25_A_AVG,DK,DW_EXST,2019,64.68,,
ESTAT:PRC_HPI_HSVA(1.0),09/07/26 23:00:00,A,I25_A_AVG,DK,DW_EXST,2020,81.77,,
ESTAT:PRC_HPI_HSVA(1.0),09/07/26 23:00:00,A,I25_A_AVG,DK,DW_EXST,2021,94.68,d,
ESTAT:PRC_HPI_HSVA(1.0),09/07/26 23:00:00,A,I25_A_AVG,DK,DW_EXST,2022,58.74,,
ESTAT:PRC_HPI_HSVA(1.0),09/07/26 23:00:00,A,I25_A_AVG,DK,DW_EXST,2023,72.07,,
ESTAT:PRC_HPI_HSVA(1.0),09/07/26 23:00:00,A,I25_A_AVG,DK,DW_EXST,2024,79.95,,
ESTAT:PRC_HPI_HSVA(1.0),09/07/26 23:00:00,A,I25_A_AVG,DK,DW_EXST,2025,100.00,,
ESTAT:PRC_HPI_HSVA(1.0),09/07/26 23:00:00,A,I25_A_AVG,DK,TOTAL,2002,35.45,,
ESTAT:PRC_HPI_HSVA(1.0),09/07/26 23:00:00,A,I25_A_AVG,DK,TOTAL,2003,39.15,,
ESTAT:PRC_HPI_HSVA(1.0),09/07/26 23:00:00,A,I25_A_AVG,DK,TOTAL,2004,49.28,,
ESTAT:PRC_HPI_HSVA(1.0),09/07/26 23:00:00,A,I25_A_AVG,DK,TOTAL,2005,60.76,,
ESTAT:PRC_HPI_HSVA(1.0),09/07/26 23:00:00,A,I25_A_AVG,DK,TOTAL,2006,59.61,,
ESTAT:PRC_HPI_HSVA(1.0),09/07/26 23:00:00,A,I25_A_AVG,DK,TOTAL,2007,59.10,,
ESTAT:PRC_HPI_HSVA(1.0),09/07/26 23:00:00,A,I25_A_AVG,DK,TOTAL,2008,46.29,,
ESTAT:PRC_HPI_HSVA(1.0),09/07/26 23:00:00,A,I25_A_AVG,DK,TOTAL,2009,38.64,,
ESTAT:PRC_HPI_HSVA(1.0),09/07/26 23:00:00,A,I25_A_AVG,DK,TOTAL,2010,46.24,,
ESTAT:PRC_HPI_HSVA(1.0),09/07/26 23:00:00,A,I25_A_AVG,DK,TOTAL,2011,37.58,,
ESTAT:PRC_HPI_HSVA(1.0),09/07/26 23:00:00,A,I25_A_AVG,DK,TOTAL,2012,39.03,,
ESTAT:PRC_HPI_HSVA(1.0),09/07/26 23:00:00,A,I25_A_AVG,DK,TOTAL,2013,33.41,d,
ESTAT:PRC_HPI_HSVA(1.0),09/07/26 23:00:00,A,I25_A_AVG,DK,TOTAL,2014,39.22,d,
ESTAT:PRC_HPI_HSVA(1.0),09/07/26 23:00:00,A,I25_A_AVG,DK,TOTAL,2015,47.76,d,
ESTAT:PRC_HPI_HSVA(1.0),09/07/26 23:00:00,A,I25_A_AVG,DK,TOTAL,2016,51.65,d,
ESTAT:PRC_HPI_HSVA(1.0),09/07/26 23:00:00,A,I25_A_AVG,DK,TOTAL,2017,60.62,d,
ESTAT:PRC_HPI_HSVA(1.0),09/07/26 23:00:00,A,I25_A_AVG,DK,TOTAL,2018,61.10,d,
ESTAT:PRC_HPI_HSVA(1.0),09/07/26 23:00:00,A,I25_A_AVG,DK,TOTAL,2019,64.68,d,
ESTAT:PRC_HPI_HSVA(1.0),09/07/26 23:00:00,A,I25_A_AVG,DK,TOTAL,2020,81.77,d,
ESTAT:PRC_HPI_HSVA(1.0),09/07/26 23:00:00,A,I25_A_AVG,DK,TOTAL,2021,94.68,d,
ESTAT:PRC_HPI_HSVA(1.0),09/07/26 23:00:00,A,I25_A_AVG,DK,TOTAL,2022,58.74,,
ESTAT:PRC_HPI_HSVA(1.0),09/07/26 23:00:00,A,I25_A_AVG,DK,TOTAL,2023,72.07,,
ESTAT:PRC_HPI_HSVA(1.0),09/07/26 23:00:00,A,I25_A_AVG,DK,TOTAL,2024,79.95,d,
ESTAT:PRC_HPI_HSVA(1.0),09/07/26 23:00:00,A,I25_A_AVG,DK,TOTAL,2025,100.00,d,
ESTAT:PRC_HPI_HSVA(1.0),09/07/26 23:00:00,A,I25_A_AVG,ES,DW_EXST,2008,29.10,,
ESTAT:PRC_HPI_HSVA(1.0),09/07/26 23:00:00,A,I25_A_AVG,ES,DW_EXST,2009,27.15,,
ESTAT:PRC_HPI_HSVA(1.0),09/07/26 23:00:00,A,I25_A_AVG,ES,DW_EXST,2010,38.91,,
ESTAT:PRC_HPI_HSVA(1.0),09/07/26 23:00:00,A,I25_A_AVG,ES,DW_EXST,2011,25.22,,
ESTAT:PRC_HPI_HSVA(1.0),09/07/26 23:00:00,A,I25_A_AVG,ES,DW_EXST,2012,24.11,,
ESTAT:PRC_HPI_HSVA(1.0),09/07/26 23:00:00,A,I25_A_AVG,ES,DW_EXST,2013,21.07,,
ESTAT:PRC_HPI_HSVA(1.0),09/07/26 23:00:00,A,I25_A_AVG,ES,DW_EXST,2014,28.92,,
ESTAT:PRC_HPI_HSVA(1.0),09/07/26 23:00:00,A,I25_A_AVG,ES,DW_EXST,2015,33.08,,
ESTAT:PRC_HPI_HSVA(1.0),09/07/26 23:00:00,A,I25_A_AVG,ES,DW_EXST,2016,39.26,,
ESTAT:PRC_HPI_HSVA(1.0),09/07/26 23:00:00,A,I25_A_AVG,ES,DW_EXST,2017,48.55,,
ESTAT:PRC_HPI_HSVA(1.0),09/07/26 23:00:00,A,I25_A_AVG,ES,DW_EXST,2018,55.28,,
ESTAT:PRC_HPI_HSVA(1.0),09/07/26 23:00:00,A,I25_A_AVG,ES,DW_EXST,2019,55.69,,
ESTAT:PRC_HPI_HSVA(1.0),09/07/26 23:00:00,A,I25_A_AVG,ES,DW_EXST,2020,48.30,,
ESTAT:PRC_HPI_HSVA(1.0),09/07/26 23:00:00,A,I25_A_AVG,ES,DW_EXST,2021,71.99,,
ESTAT:PRC_HPI_HSVA(1.0),09/07/26 23:00:00,A,I25_A_AVG,ES,DW_EXST,2022,80.16,,
ESTAT:PRC_HPI_HSVA(1.0),09/07/26 23:00:00,A,I25_A_AVG,ES,DW_EXST,2023,69.87,,
ESTAT:PRC_HPI_HSVA(1.0),09/07/26 23:00:00,A,I25_A_AVG,ES,DW_EXST,2024,85.62,,
ESTAT:PRC_HPI_HSVA(1.0),09/07/26 23:00:00,A,I25_A_AVG,ES,DW_EXST,2025,100.00,,
ESTAT:PRC_HPI_HSVA(1.0),09/07/26 23:00:00,A,I25_A_AVG,ES,DW_NEW,2008,281.03,,
ESTAT:PRC_HPI_HSVA(1.0),09/07/26 23:00:00,A,I25_A_AVG,ES,DW_NEW,2009,187.43,,
ESTAT:PRC_HPI_HSVA(1.0),09/07/26 23:00:00,A,I25_A_AVG,ES,DW_NEW,2010,163.34,,
ESTAT:PRC_HPI_HSVA(1.0),09/07/26 23:00:00,A,I25_A_AVG,ES,DW_NEW,2011,82.93,,
ESTAT:PRC_HPI_HSVA(1.0),09/07/26 23:00:00,A,I25_A_AVG,ES,DW_NEW,2012,62.22,,
ESTAT:PRC_HPI_HSVA(1.0),09/07/26 23:00:00,A,I25_A_AVG,ES,DW_NEW,2013,30.22,,
ESTAT:PRC_HPI_HSVA(1.0),09/07/26 23:00:00,A,I25_A_AVG,ES,DW_NEW,2014,35.82,,
ESTAT:PRC_HPI_HSVA(1.0),09/07/26 23:00:00,A,I25_A_AVG,ES,DW_NEW,2015,35.31,,
ESTAT:PRC_HPI_HSVA(1.0),09/07/26 23:00:00,A,I25_A_AVG,ES,DW_NEW,2016,38.62,,
ESTAT:PRC_HPI_HSVA(1.0),09/07/26 23:00:00,A,I25_A_AVG,ES,DW_NEW,2017,48.18,,
ESTAT:PRC_HPI_HSVA(1.0),09/07/26 23:00:00,A,I25_A_AVG,ES,DW_NEW,2018,60.51,,
ESTAT:PRC_HPI_HSVA(1.0),09/07/26 23:00:00,A,I25_A_AVG,ES,DW_NEW,2019,66.90,,
ESTAT:PRC_HPI_HSVA(1.0),09/07/26 23:00:00,A,I25_A_AVG,ES,DW_NEW,2020,78.74,,
ESTAT:PRC_HPI_HSVA(1.0),09/07/26 23:00:00,A,I25_A_AVG,ES,DW_NEW,2021,95.06,,
ESTAT:PRC_HPI_HSVA(1.0),09/07/26 23:00:00,A,I25_A_AVG,ES,DW_NEW,2022,92.11,,
ESTAT:PRC_HPI_HSVA(1.0),09/07/26 23:00:00,A,I25_A_AVG,ES,DW_NEW,2023,82.29,,
ESTAT:PRC_HPI_HSVA(1.0),09/07/26 23:00:00,A,I25_A_AVG,ES,DW_NEW,2024,95.77,,
ESTAT:PRC_HPI_HSVA(1.0),09/07/26 23:00:00,A,I25_A_AVG,ES,DW_NEW,2025,100.00,,
ESTAT:PRC_HPI_HSVA(1.0),09/07/26 23:00:00,A,I25_A_AVG,ES,TOTAL,2007,100.73,,
ESTAT:PRC_HPI_HSVA(1.0),09/07/26 23:00:00,A,I25_A_AVG,ES,TOTAL,2008,62.36,,
ESTAT:PRC_HPI_HSVA(1.0),09/07/26 23:00:00,A,I25_A_AVG,ES,TOTAL,2009,48.31,,
ESTAT:PRC_HPI_HSVA(1.0),09/07/26 23:00:00,A,I25_A_AVG,ES,TOTAL,2010,55.34,,
ESTAT:PRC_HPI_HSVA(1.0),09/07/26 23:00:00,A,I25_A_AVG,ES,TOTAL,2011,32.84,,
ESTAT:PRC_HPI_HSVA(1.0),09/07/26 23:00:00,A,I25_A_AVG,ES,TOTAL,2012,29.15,,
ESTAT:PRC_HPI_HSVA(1.0),09/07/26 23:00:00,A,I25_A_AVG,ES,TOTAL,2013,22.28,,
ESTAT:PRC_HPI_HSVA(1.0),09/07/26 23:00:00,A,I25_A_AVG,ES,TOTAL,2014,29.83,,
ESTAT:PRC_HPI_HSVA(1.0),09/07/26 23:00:00,A,I25_A_AVG,ES,TOTAL,2015,33.37,,
ESTAT:PRC_HPI_HSVA(1.0),09/07/26 23:00:00,A,I25_A_AVG,ES,TOTAL,2016,39.17,,
ESTAT:PRC_HPI_HSVA(1.0),09/07/26 23:00:00,A,I25_A_AVG,ES,TOTAL,2017,48.50,,
ESTAT:PRC_HPI_HSVA(1.0),09/07/26 23:00:00,A,I25_A_AVG,ES,TOTAL,2018,55.97,,
ESTAT:PRC_HPI_HSVA(1.0),09/07/26 23:00:00,A,I25_A_AVG,ES,TOTAL,2019,57.17,,
ESTAT:PRC_HPI_HSVA(1.0),09/07/26 23:00:00,A,I25_A_AVG,ES,TOTAL,2020,52.32,,
ESTAT:PRC_HPI_HSVA(1.0),09/07/26 23:00:00,A,I25_A_AVG,ES,TOTAL,2021,75.04,,
ESTAT:PRC_HPI_HSVA(1.0),09/07/26 23:00:00,A,I25_A_AVG,ES,TOTAL,2022,81.74,,
ESTAT:PRC_HPI_HSVA(1.0),09/07/26 23:00:00,A,I25_A_AVG,ES,TOTAL,2023,71.51,,
ESTAT:PRC_HPI_HSVA(1.0),09/07/26 23:00:00,A,I25_A_AVG,ES,TOTAL,2024,86.96,,
ESTAT:PRC_HPI_HSVA(1.0),09/07/26 23:00:00,A,I25_A_AVG,ES,TOTAL,2025,100.00,,
ESTAT:PRC_HPI_HSVA(1.0),09/07/26 23:00:00,A,I25_A_AVG,FI,DW_EXST,2015,99.22,,
ESTAT:PRC_HPI_HSVA(1.0),09/07/26 23:00:00,A,I25_A_AVG,FI,DW_EXST,2016,101.51,,
ESTAT:PRC_HPI_HSVA(1.0),09/07/26 23:00:00,A,I25_A_AVG,FI,DW_EXST,2017,105.66,,
ESTAT:PRC_HPI_HSVA(1.0),09/07/26 23:00:00,A,I25_A_AVG,FI,DW_EXST,2018,101.70,,
ESTAT:PRC_HPI_HSVA(1.0),09/07/26 23:00:00,A,I25_A_AVG,FI,DW_EXST,2019,108.96,,
ESTAT:PRC_HPI_HSVA(1.0),09/07/26 23:00:00,A,I25_A_AVG,FI,DW_EXST,2020,122.84,,
ESTAT:PRC_HPI_HSVA(1.0),09/07/26 23:00:00,A,I25_A_AVG,FI,DW_EXST,2021,147.55,,
ESTAT:PRC_HPI_HSVA(1.0),09/07/26 23:00:00,A,I25_A_AVG,FI,DW_EXST,2022,120.53,,
ESTAT:PRC_HPI_HSVA(1.0),09/07/26 23:00:00,A,I25_A_AVG,FI,DW_EXST,2023,84.30,,
ESTAT:PRC_HPI_HSVA(1.0),09/07/26 23:00:00,A,I25_A_AVG,FI,DW_EXST,2024,89.04,,
ESTAT:PRC_HPI_HSVA(1.0),09/07/26 23:00:00,A,I25_A_AVG,FI,DW_EXST,2025,100.00,,
ESTAT:PRC_HPI_HSVA(1.0),09/07/26 23:00:00,A,I25_A_AVG,FI,DW_NEW,2015,187.01,,
ESTAT:PRC_HPI_HSVA(1.0),09/07/26 23:00:00,A,I25_A_AVG,FI,DW_NEW,2016,216.51,,
ESTAT:PRC_HPI_HSVA(1.0),09/07/26 23:00:00,A,I25_A_AVG,FI,DW_NEW,2017,252.90,,
ESTAT:PRC_HPI_HSVA(1.0),09/07/26 23:00:00,A,I25_A_AVG,FI,DW_NEW,2018,274.50,,
ESTAT:PRC_HPI_HSVA(1.0),09/07/26 23:00:00,A,I25_A_AVG,FI,DW_NEW,2019,346.74,,
ESTAT:PRC_HPI_HSVA(1.0),09/07/26 23:00:00,A,I25_A_AVG,FI,DW_NEW,2020,390.82,,
ESTAT:PRC_HPI_HSVA(1.0),09/07/26 23:00:00,A,I25_A_AVG,FI,DW_NEW,2021,374.19,,
ESTAT:PRC_HPI_HSVA(1.0),09/07/26 23:00:00,A,I25_A_AVG,FI,DW_NEW,2022,339.49,,
ESTAT:PRC_HPI_HSVA(1.0),09/07/26 23:00:00,A,I25_A_AVG,FI,DW_NEW,2023,266.66,,
ESTAT:PRC_HPI_HSVA(1.0),09/07/26 23:00:00,A,I25_A_AVG,FI,DW_NEW,2024,134.19,,
ESTAT:PRC_HPI_HSVA(1.0),09/07/26 23:00:00,A,I25_A_AVG,FI,DW_NEW,2025,100.00,,
ESTAT:PRC_HPI_HSVA(1.0),09/07/26 23:00:00,A,I25_A_AVG,FI,TOTAL,2009,122.77,,
ESTAT:PRC_HPI_HSVA(1.0),09/07/26 23:00:00,A,I25_A_AVG,FI,TOTAL,2010,122.19,,
ESTAT:PRC_HPI_HSVA(1.0),09/07/26 23:00:00,A,I25_A_AVG,FI,TOTAL,2011,128.31,,
ESTAT:PRC_HPI_HSVA(1.0),09/07/26 23:00:00,A,I25_A_AVG,FI,TOTAL,2012,143.35,,
ESTAT:PRC_HPI_HSVA(1.0),09/07/26 23:00:00,A,I25_A_AVG,FI,TOTAL,2013,125.29,,
ESTAT:PRC_HPI_HSVA(1.0),09/07/26 23:00:00,A,I25_A_AVG,FI,TOTAL,2014,117.86,,
ESTAT:PRC_HPI_HSVA(1.0),09/07/26 23:00:00,A,I25_A_AVG,FI,TOTAL,2015,105.67,,
ESTAT:PRC_HPI_HSVA(1.0),09/07/26 23:00:00,A,I25_A_AVG,FI,TOTAL,2016,109.95,,
ESTAT:PRC_HPI_HSVA(1.0),09/07/26 23:00:00,A,I25_A_AVG,FI,TOTAL,2017,116.47,,
ESTAT:PRC_HPI_HSVA(1.0),09/07/26 23:00:00,A,I25_A_AVG,FI,TOTAL,2018,114.39,,
ESTAT:PRC_HPI_HSVA(1.0),09/07/26 23:00:00,A,I25_A_AVG,FI,TOTAL,2019,126.42,,
ESTAT:PRC_HPI_HSVA(1.0),09/07/26 23:00:00,A,I25_A_AVG,FI,TOTAL,2020,142.51,,
ESTAT:PRC_HPI_HSVA(1.0),09/07/26 23:00:00,A,I25_A_AVG,FI,TOTAL,2021,164.19,,
ESTAT:PRC_HPI_HSVA(1.0),09/07/26 23:00:00,A,I25_A_AVG,FI,TOTAL,2022,136.60,,
ESTAT:PRC_HPI_HSVA(1.0),09/07/26 23:00:00,A,I25_A_AVG,FI,TOTAL,2023,97.68,,
ESTAT:PRC_HPI_HSVA(1.0),09/07/26 23:00:00,A,I25_A_AVG,FI,TOTAL,2024,92.36,,
ESTAT:PRC_HPI_HSVA(1.0),09/07/26 23:00:00,A,I25_A_AVG,FI,TOTAL,2025,100.00,,
ESTAT:PRC_HPI_HSVA(1.0),09/07/26 23:00:00,A,I25_A_AVG,FR,DW_EXST,2000,32.77,,
ESTAT:PRC_HPI_HSVA(1.0),09/07/26 23:00:00,A,I25_A_AVG,FR,DW_EXST,2001,34.09,,
ESTAT:PRC_HPI_HSVA(1.0),09/07/26 23:00:00,A,I25_A_AVG,FR,DW_EXST,2002,37.86,,
ESTAT:PRC_HPI_HSVA(1.0),09/07/26 23:00:00,A,I25_A_AVG,FR,DW_EXST,2003,41.97,,
ESTAT:PRC_HPI_HSVA(1.0),09/07/26 23:00:00,A,I25_A_AVG,FR,DW_EXST,2004,49.42,,
ESTAT:PRC_HPI_HSVA(1.0),09/07/26 23:00:00,A,I25_A_AVG,FR,DW_EXST,2005,57.86,,
ESTAT:PRC_HPI_HSVA(1.0),09/07/26 23:00:00,A,I25_A_AVG,FR,DW_EXST,2006,63.63,,
ESTAT:PRC_HPI_HSVA(1.0),09/07/26 23:00:00,A,I25_A_AVG,FR,DW_EXST,2007,66.91,,
ESTAT:PRC_HPI_HSVA(1.0),09/07/26 23:00:00,A,I25_A_AVG,FR,DW_EXST,2008,56.02,,
ESTAT:PRC_HPI_HSVA(1.0),09/07/26 23:00:00,A,I25_A_AVG,FR,DW_EXST,2009,45.91,,
ESTAT:PRC_HPI_HSVA(1.0),09/07/26 23:00:00,A,I25_A_AVG,FR,DW_EXST,2010,64.07,,
ESTAT:PRC_HPI_HSVA(1.0),09/07/26 23:00:00,A,I25_A_AVG,FR,DW_EXST,2011,69.17,,
ESTAT:PRC_HPI_HSVA(1.0),09/07/26 23:00:00,A,I25_A_AVG,FR,DW_EXST,2012,61.01,,
ESTAT:PRC_HPI_HSVA(1.0),09/07/26 23:00:00,A,I25_A_AVG,FR,DW_EXST,2013,60.53,,
ESTAT:PRC_HPI_HSVA(1.0),09/07/26 23:00:00,A,I25_A_AVG,FR,DW_EXST,2014,57.55,,
ESTAT:PRC_HPI_HSVA(1.0),09/07/26 23:00:00,A,I25_A_AVG,FR,DW_EXST,2015,66.81,,
ESTAT:PRC_HPI_HSVA(1.0),09/07/26 23:00:00,A,I25_A_AVG,FR,DW_EXST,2016,71.20,,
ESTAT:PRC_HPI_HSVA(1.0),09/07/26 23:00:00,A,I25_A_AVG,FR,DW_EXST,2017,83.31,,
ESTAT:PRC_HPI_HSVA(1.0),09/07/26 23:00:00,A,I25_A_AVG,FR,DW_EXST,2018,85.95,,
ESTAT:PRC_HPI_HSVA(1.0),09/07/26 23:00:00,A,I25_A_AVG,FR,DW_EXST,2019,98.01,,
ESTAT:PRC_HPI_HSVA(1.0),09/07/26 23:00:00,A,I25_A_AVG,FR,DW_EXST,2020,97.80,,
ESTAT:PRC_HPI_HSVA(1.0),09/07/26 23:00:00,A,I25_A_AVG,FR,DW_EXST,2021,124.06,,
ESTAT:PRC_HPI_HSVA(1.0),09/07/26 23:00:00,A,I25_A_AVG,FR,DW_EXST,2022,123.07,,
ESTAT:PRC_HPI_HSVA(1.0),09/07/26 23:00:00,A,I25_A_AVG,FR,DW_EXST,2023,96.59,,
ESTAT:PRC_HPI_HSVA(1.0),09/07/26 23:00:00,A,I25_A_AVG,FR,DW_EXST,2024,84.66,,
ESTAT:PRC_HPI_HSVA(1.0),09/07/26 23:00:00,A,I25_A_AVG,FR,DW_EXST,2025,100.00,,
ESTAT:PRC_HPI_HSVA(1.0),09/07/26 23:00:00,A,I25_A_AVG,FR,DW_NEW,2006,143.17,,
ESTAT:PRC_HPI_HSVA(1.0),09/07/26 23:00:00,A,I25_A_AVG,FR,DW_NEW,2007,148.72,,
ESTAT:PRC_HPI_HSVA(1.0),09/07/26 23:00:00,A,I25_A_AVG,FR,DW_NEW,2008,98.64,,
ESTAT:PRC_HPI_HSVA(1.0),09/07/26 23:00:00,A,I25_A_AVG,FR,DW_NEW,2009,127.15,,
ESTAT:PRC_HPI_HSVA(1.0),09/07/26 23:00:00,A,I25_A_AVG,FR,DW_NEW,2010,138.87,,
ESTAT:PRC_HPI_HSVA(1.0),09/07/26 23:00:00,A,I25_A_AVG,FR,DW_NEW,2011,128.85,,
ESTAT:PRC_HPI_HSVA(1.0),09/07/26 23:00:00,A,I25_A_AVG,FR,DW_NEW,2012,115.57,,
ESTAT:PRC_HPI_HSVA(1.0),09/07/26 23:00:00,A,I25_A_AVG,FR,DW_NEW,2013,114.63,,
ESTAT:PRC_HPI_HSVA(1.0),09/07/26 23:00:00,A,I25_A_AVG,FR,DW_NEW,2014,111.57,,
ESTAT:PRC_HPI_HSVA(1.0),09/07/26 23:00:00,A,I25_A_AVG,FR,DW_NEW,2015,131.46,,
ESTAT:PRC_HPI_HSVA(1.0),09/07/26 23:00:00,A,I25_A_AVG,FR,DW_NEW,2016,166.34,,
ESTAT:PRC_HPI_HSVA(1.0),09/07/26 23:00:00,A,I25_A_AVG,FR,DW_NEW,2017,180.94,,
ESTAT:PRC_HPI_HSVA(1.0),09/07/26 23:00:00,A,I25_A_AVG,FR,DW_NEW,2018,183.05,,
ESTAT:PRC_HPI_HSVA(1.0),09/07/26 23:00:00,A,I25_A_AVG,FR,DW_NEW,2019,195.00,,
ESTAT:PRC_HPI_HSVA(1.0),09/07/26 23:00:00,A,I25_A_AVG,FR,DW_NEW,2020,158.55,,
ESTAT:PRC_HPI_HSVA(1.0),09/07/26 23:00:00,A,I25_A_AVG,FR,DW_NEW,2021,191.04,,
ESTAT:PRC_HPI_HSVA(1.0),09/07/26 23:00:00,A,I25_A_AVG,FR,DW_NEW,2022,176.07,,
ESTAT:PRC_HPI_HSVA(1.0),09/07/26 23:00:00,A,I25_A_AVG,FR,DW_NEW,2023,114.55,,
ESTAT:PRC_HPI_HSVA(1.0),09/07/26 23:00:00,A,I25_A_AVG,FR,DW_NEW,2024,103.33,,
ESTAT:PRC_HPI_HSVA(1.0),09/07/26 23:00:00,A,I25_A_AVG,FR,DW_NEW,2025,100.00,,
ESTAT:PRC_HPI_HSVA(1.0),09/07/26 23:00:00,A,I25_A_AVG,FR,TOTAL,1998,26.51,e,
ESTAT:PRC_HPI_HSVA(1.0),09/07/26 23:00:00,A,I25_A_AVG,FR,TOTAL,1999,32.11,e,
ESTAT:PRC_HPI_HSVA(1.0),09/07/26 23:00:00,A,I25_A_AVG,FR,TOTAL,2000,36.10,e,
ESTAT:PRC_HPI_HSVA(1.0),09/07/26 23:00:00,A,I25_A_AVG,FR,TOTAL,2001,37.51,e,
ESTAT:PRC_HPI_HSVA(1.0),09/07/26 23:00:00,A,I25_A_AVG,FR,TOTAL,2002,41.29,e,
ESTAT:PRC_HPI_HSVA(1.0),09/07/26 23:00:00,A,I25_A_AVG,FR,TOTAL,2003,45.80,e,
ESTAT:PRC_HPI_HSVA(1.0),09/07/26 23:00:00,A,I25_A_AVG,FR,TOTAL,2004,53.66,e,
ESTAT:PRC_HPI_HSVA(1.0),09/07/26 23:00:00,A,I25_A_AVG,FR,TOTAL,2005,61.73,e,
ESTAT:PRC_HPI_HSVA(1.0),09/07/26 23:00:00,A,I25_A_AVG,FR,TOTAL,2006,70.06,,
ESTAT:PRC_HPI_HSVA(1.0),09/07/26 23:00:00,A,I25_A_AVG,FR,TOTAL,2007,73.53,,
ESTAT:PRC_HPI_HSVA(1.0),09/07/26 23:00:00,A,I25_A_AVG,FR,TOTAL,2008,59.47,,
ESTAT:PRC_HPI_HSVA(1.0),09/07/26 23:00:00,A,I25_A_AVG,FR,TOTAL,2009,52.48,,
ESTAT:PRC_HPI_HSVA(1.0),09/07/26 23:00:00,A,I25_A_AVG,FR,TOTAL,2010,70.12,,
ESTAT:PRC_HPI_HSVA(1.0),09/07/26 23:00:00,A,I25_A_AVG,FR,TOTAL,2011,74.00,,
ESTAT:PRC_HPI_HSVA(1.0),09/07/26 23:00:00,A,I25_A_AVG,FR,TOTAL,2012,65.42,,
ESTAT:PRC_HPI_HSVA(1.0),09/07/26 23:00:00,A,I25_A_AVG,FR,TOTAL,2013,64.91,,
ESTAT:PRC_HPI_HSVA(1.0),09/07/26 23:00:00,A,I25_A_AVG,FR,TOTAL,2014,61.92,,
ESTAT:PRC_HPI_HSVA(1.0),09/07/26 23:00:00,A,I25_A_AVG,FR,TOTAL,2015,72.04,,
ESTAT:PRC_HPI_HSVA(1.0),09/07/26 23:00:00,A,I25_A_AVG,FR,TOTAL,2016,78.90,,
ESTAT:PRC_HPI_HSVA(1.0),09/07/26 23:00:00,A,I25_A_AVG,FR,TOTAL,2017,91.21,,
ESTAT:PRC_HPI_HSVA(1.0),09/07/26 23:00:00,A,I25_A_AVG,FR,TOTAL,2018,93.80,,
ESTAT:PRC_HPI_HSVA(1.0),09/07/26 23:00:00,A,I25_A_AVG,FR,TOTAL,2019,105.85,,
ESTAT:PRC_HPI_HSVA(1.0),09/07/26 23:00:00,A,I25_A_AVG,FR,TOTAL,2020,102.72,,
ESTAT:PRC_HPI_HSVA(1.0),09/07/26 23:00:00,A,I25_A_AVG,FR,TOTAL,2021,129.48,,
ESTAT:PRC_HPI_HSVA(1.0),09/07/26 23:00:00,A,I25_A_AVG,FR,TOTAL,2022,127.36,,
ESTAT:PRC_HPI_HSVA(1.0),09/07/26 23:00:00,A,I25_A_AVG,FR,TOTAL,2023,98.04,,
ESTAT:PRC_HPI_HSVA(1.0),09/07/26 23:00:00,A,I25_A_AVG,FR,TOTAL,2024,86.17,,
ESTAT:PRC_HPI_HSVA(1.0),09/07/26 23:00:00,A,I25_A_AVG,FR,TOTAL,2025,100.00,,
ESTAT:PRC_HPI_HSVA(1.0),09/07/26 23:00:00,A,I25_A_AVG,HR,DW_EXST,2008,53.48,,
ESTAT:PRC_HPI_HSVA(1.0),09/07/26 23:00:00,A,I25_A_AVG,HR,DW_EXST,2009,35.88,,
ESTAT:PRC_HPI_HSVA(1.0),09/07/26 23:00:00,A,I25_A_AVG,HR,DW_EXST,2010,35.01,,
ESTAT:PRC_HPI_HSVA(1.0),09/07/26 23:00:00,A,I25_A_AVG,HR,DW_EXST,2011,38.49,,
ESTAT:PRC_HPI_HSVA(1.0),09/07/26 23:00:00,A,I25_A_AVG,HR,DW_EXST,2012,37.82,,
ESTAT:PRC_HPI_HSVA(1.0),09/07/26 23:00:00,A,I25_A_AVG,HR,DW_EXST,2013,38.28,,
ESTAT:PRC_HPI_HSVA(1.0),09/07/26 23:00:00,A,I25_A_AVG,HR,DW_EXST,2014,40.84,,
ESTAT:PRC_HPI_HSVA(1.0),09/07/26 23:00:00,A,I25_A_AVG,HR,DW_EXST,2015,45.43,,
ESTAT:PRC_HPI_HSVA(1.0),09/07/26 23:00:00,A,I25_A_AVG,HR,DW_EXST,2016,59.35,,
ESTAT:PRC_HPI_HSVA(1.0),09/07/26 23:00:00,A,I25_A_AVG,HR,DW_EXST,2017,59.10,,
ESTAT:PRC_HPI_HSVA(1.0),09/07/26 23:00:00,A,I25_A_AVG,HR,DW_EXST,2018,65.35,,
ESTAT:PRC_HPI_HSVA(1.0),09/07/26 23:00:00,A,I25_A_AVG,HR,DW_EXST,2019,77.74,,
ESTAT:PRC_HPI_HSVA(1.0),09/07/26 23:00:00,A,I25_A_AVG,HR,DW_EXST,2020,71.39,,
ESTAT:PRC_HPI_HSVA(1.0),09/07/26 23:00:00,A,I25_A_AVG,HR,DW_EXST,2021,106.14,,
ESTAT:PRC_HPI_HSVA(1.0),09/07/26 23:00:00,A,I25_A_AVG,HR,DW_EXST,2022,124.74,,
ESTAT:PRC_HPI_HSVA(1.0),09/07/26 23:00:00,A,I25_A_AVG,HR,DW_EXST,2023,108.42,,
ESTAT:PRC_HPI_HSVA(1.0),09/07/26 23:00:00,A,I25_A_AVG,HR,DW_EXST,2024,97.43,,
ESTAT:PRC_HPI_HSVA(1.0),09/07/26 23:00:00,A,I25_A_AVG,HR,DW_EXST,2025,100.00,,
ESTAT:PRC_HPI_HSVA(1.0),09/07/26 23:00:00,A,I25_A_AVG,HR,DW_NEW,2008,49.84,,
ESTAT:PRC_HPI_HSVA(1.0),09/07/26 23:00:00,A,I25_A_AVG,HR,DW_NEW,2009,46.86,,
ESTAT:PRC_HPI_HSVA(1.0),09/07/26 23:00:00,A,I25_A_AVG,HR,DW_NEW,2010,38.38,,
ESTAT:PRC_HPI_HSVA(1.0),09/07/26 23:00:00,A,I25_A_AVG,HR,DW_NEW,2011,37.84,,
ESTAT:PRC_HPI_HSVA(1.0),09/07/26 23:00:00,A,I25_A_AVG,HR,DW_NEW,2012,52.52,,
ESTAT:PRC_HPI_HSVA(1.0),09/07/26 23:00:00,A,I25_A_AVG,HR,DW_NEW,2013,43.26,,
ESTAT:PRC_HPI_HSVA(1.0),09/07/26 23:00:00,A,I25_A_AVG,HR,DW_NEW,2014,44.02,,
ESTAT:PRC_HPI_HSVA(1.0),09/07/26 23:00:00,A,I25_A_AVG,HR,DW_NEW,2015,17.91,,
ESTAT:PRC_HPI_HSVA(1.0),09/07/26 23:00:00,A,I25_A_AVG,HR,DW_NEW,2016,22.10,,
ESTAT:PRC_HPI_HSVA(1.0),09/07/26 23:00:00,A,I25_A_AVG,HR,DW_NEW,2017,32.14,,
ESTAT:PRC_HPI_HSVA(1.0),09/07/26 23:00:00,A,I25_A_AVG,HR,DW_NEW,2018,33.77,,
ESTAT:PRC_HPI_HSVA(1.0),09/07/26 23:00:00,A,I25_A_AVG,HR,DW_NEW,2019,44.68,,
ESTAT:PRC_HPI_HSVA(1.0),09/07/26 23:00:00,A,I25_A_AVG,HR,DW_NEW,2020,53.55,,
ESTAT:PRC_HPI_HSVA(1.0),09/07/26 23:00:00,A,I25_A_AVG,HR,DW_NEW,2021,79.18,,
ESTAT:PRC_HPI_HSVA(1.0),09/07/26 23:00:00,A,I25_A_AVG,HR,DW_NEW,2022,89.77,,
ESTAT:PRC_HPI_HSVA(1.0),09/07/26 23:00:00,A,I25_A_AVG,HR,DW_NEW,2023,88.42,,
ESTAT:PRC_HPI_HSVA(1.0),09/07/26 23:00:00,A,I25_A_AVG,HR,DW_NEW,2024,88.36,,
ESTAT:PRC_HPI_HSVA(1.0),09/07/26 23:00:00,A,I25_A_AVG,HR,DW_NEW,2025,100.00,,
ESTAT:PRC_HPI_HSVA(1.0),09/07/26 23:00:00,A,I25_A_AVG,HR,TOTAL,2008,52.13,,
ESTAT:PRC_HPI_HSVA(1.0),09/07/26 23:00:00,A,I25_A_AVG,HR,TOTAL,2009,39.96,,
ESTAT:PRC_HPI_HSVA(1.0),09/07/26 23:00:00,A,I25_A_AVG,HR,TOTAL,2010,36.26,,
ESTAT:PRC_HPI_HSVA(1.0),09/07/26 23:00:00,A,I25_A_AVG,HR,TOTAL,2011,38.24,,
ESTAT:PRC_HPI_HSVA(1.0),09/07/26 23:00:00,A,I25_A_AVG,HR,TOTAL,2012,43.27,,
ESTAT:PRC_HPI_HSVA(1.0),09/07/26 23:00:00,A,I25_A_AVG,HR,TOTAL,2013,40.13,,
ESTAT:PRC_HPI_HSVA(1.0),09/07/26 23:00:00,A,I25_A_AVG,HR,TOTAL,2014,42.02,,
ESTAT:PRC_HPI_HSVA(1.0),09/07/26 23:00:00,A,I25_A_AVG,HR,TOTAL,2015,35.22,,
ESTAT:PRC_HPI_HSVA(1.0),09/07/26 23:00:00,A,I25_A_AVG,HR,TOTAL,2016,45.53,,
ESTAT:PRC_HPI_HSVA(1.0),09/07/26 23:00:00,A,I25_A_AVG,HR,TOTAL,2017,49.10,,
ESTAT:PRC_HPI_HSVA(1.0),09/07/26 23:00:00,A,I25_A_AVG,HR,TOTAL,2018,53.63,,
ESTAT:PRC_HPI_HSVA(1.0),09/07/26 23:00:00,A,I25_A_AVG,HR,TOTAL,2019,65.47,,
ESTAT:PRC_HPI_HSVA(1.0),09/07/26 23:00:00,A,I25_A_AVG,HR,TOTAL,2020,64.76,,
ESTAT:PRC_HPI_HSVA(1.0),09/07/26 23:00:00,A,I25_A_AVG,HR,TOTAL,2021,96.13,,
ESTAT:PRC_HPI_HSVA(1.0),09/07/26 23:00:00,A,I25_A_AVG,HR,TOTAL,2022,111.76,,
ESTAT:PRC_HPI_HSVA(1.0),09/07/26 23:00:00,A,I25_A_AVG,HR,TOTAL,2023,100.99,,
ESTAT:PRC_HPI_HSVA(1.0),09/07/26 23:00:00,A,I25_A_AVG,HR,TOTAL,2024,94.06,,
ESTAT:PRC_HPI_HSVA(1.0),09/07/26 23:00:00,A,I25_A_AVG,HR,TOTAL,2025,100.00,,
ESTAT:PRC_HPI_HSVA(1.0),09/07/26 23:00:00,A,I25_A_AVG,HU,DW_EXST,2007,33.87,p,
ESTAT:PRC_HPI_HSVA(1.0),09/07/26 23:00:00,A,I25_A_AVG,HU,DW_EXST,2008,23.66,p,
ESTAT:PRC_HPI_HSVA(1.0),09/07/26 23:00:00,A,I25_A_AVG,HU,DW_EXST,2009,13.11,p,
ESTAT:PRC_HPI_HSVA(1.0),09/07/26 23:00:00,A,I25_A_AVG,HU,DW_EXST,2010,14.48,p,
ESTAT:PRC_HPI_HSVA(1.0),09/07/26 23:00:00,A,I25_A_AVG,HU,DW_EXST,2011,13.62,p,
ESTAT:PRC_HPI_HSVA(1.0),09/07/26 23:00:00,A,I25_A_AVG,HU,DW_EXST,2012,13.30,p,
ESTAT:PRC_HPI_HSVA(1.0),09/07/26 23:00:00,A,I25_A_AVG,HU,DW_EXST,2013,13.39,p,
ESTAT:PRC_HPI_HSVA(1.0),09/07/26 23:00:00,A,I25_A_AVG,HU,DW_EXST,2014,18.09,p,
ESTAT:PRC_HPI_HSVA(1.0),09/07/26 23:00:00,A,I25_A_AVG,HU,DW_EXST,2015,24.39,p,
ESTAT:PRC_HPI_HSVA(1.0),09/07/26 23:00:00,A,I25_A_AVG,HU,DW_EXST,2016,28.62,p,
ESTAT:PRC_HPI_HSVA(1.0),09/07/26 23:00:00,A,I25_A_AVG,HU,DW_EXST,2017,32.90,p,
ESTAT:PRC_HPI_HSVA(1.0),09/07/26 23:00:00,A,I25_A_AVG,HU,DW_EXST,2018,39.26,p,
ESTAT:PRC_HPI_HSVA(1.0),09/07/26 23:00:00,A,I25_A_AVG,HU,DW_EXST,2019,42.91,p,
ESTAT:PRC_HPI_HSVA(1.0),09/07/26 23:00:00,A,I25_A_AVG,HU,DW_EXST,2020,38.06,p,
ESTAT:PRC_HPI_HSVA(1.0),09/07/26 23:00:00,A,I25_A_AVG,HU,DW_EXST,2021,55.03,p,
ESTAT:PRC_HPI_HSVA(1.0),09/07/26 23:00:00,A,I25_A_AVG,HU,DW_EXST,2022,59.13,p,
ESTAT:PRC_HPI_HSVA(1.0),09/07/26 23:00:00,A,I25_A_AVG,HU,DW_EXST,2023,44.45,p,
ESTAT:PRC_HPI_HSVA(1.0),09/07/26 23:00:00,A,I25_A_AVG,HU,DW_EXST,2024,71.27,p,
ESTAT:PRC_HPI_HSVA(1.0),09/07/26 23:00:00,A,I25_A_AVG,HU,DW_EXST,2025,100.00,ep,
ESTAT:PRC_HPI_HSVA(1.0),09/07/26 23:00:00,A,I25_A_AVG,HU,DW_NEW,2007,13.25,p,
ESTAT:PRC_HPI_HSVA(1.0),09/07/26 23:00:00,A,I25_A_AVG,HU,DW_NEW,2008,30.03,p,
ESTAT:PRC_HPI_HSVA(1.0),09/07/26 23:00:00,A,I25_A_AVG,HU,DW_NEW,2009,17.58,p,
ESTAT:PRC_HPI_HSVA(1.0),09/07/26 23:00:00,A,I25_A_AVG,HU,DW_NEW,2010,9.86,p,
ESTAT:PRC_HPI_HSVA(1.0),09/07/26 23:00:00,A,I25_A_AVG,HU,DW_NEW,2011,7.63,p,
ESTAT:PRC_HPI_HSVA(1.0),09/07/26 23:00:00,A,I25_A_AVG,HU,DW_NEW,2012,5.20,p,
ESTAT:PRC_HPI_HSVA(1.0),09/07/26 23:00:00,A,I25_A_AVG,HU,DW_NEW,2013,4.65,p,
ESTAT:PRC_HPI_HSVA(1.0),09/07/26 23:00:00,A,I25_A_AVG,HU,DW_NEW,2014,7.00,p,
ESTAT:PRC_HPI_HSVA(1.0),09/07/26 23:00:00,A,I25_A_AVG,HU,DW_NEW,2015,7.90,p,
ESTAT:PRC_HPI_HSVA(1.0),09/07/26 23:00:00,A,I25_A_AVG,HU,DW_NEW,2016,12.02,p,
ESTAT:PRC_HPI_HSVA(1.0),09/07/26 23:00:00,A,I25_A_AVG,HU,DW_NEW,2017,17.38,p,
ESTAT:PRC_HPI_HSVA(1.0),09/07/26 23:00:00,A,I25_A_AVG,HU,DW_NEW,2018,31.93,p,
ESTAT:PRC_HPI_HSVA(1.0),09/07/26 23:00:00,A,I25_A_AVG,HU,DW_NEW,2019,45.03,p,
ESTAT:PRC_HPI_HSVA(1.0),09/07/26 23:00:00,A,I25_A_AVG,HU,DW_NEW,2020,42.65,p,
ESTAT:PRC_HPI_HSVA(1.0),09/07/26 23:00:00,A,I25_A_AVG,HU,DW_NEW,2021,70.91,p,
ESTAT:PRC_HPI_HSVA(1.0),09/07/26 23:00:00,A,I25_A_AVG,HU,DW_NEW,2022,74.50,p,
ESTAT:PRC_HPI_HSVA(1.0),09/07/26 23:00:00,A,I25_A_AVG,HU,DW_NEW,2023,49.43,p,
ESTAT:PRC_HPI_HSVA(1.0),09/07/26 23:00:00,A,I25_A_AVG,HU,DW_NEW,2024,69.36,p,
ESTAT:PRC_HPI_HSVA(1.0),09/07/26 23:00:00,A,I25_A_AVG,HU,DW_NEW,2025,100.00,ep,
ESTAT:PRC_HPI_HSVA(1.0),09/07/26 23:00:00,A,I25_A_AVG,HU,TOTAL,2007,31.54,p,
ESTAT:PRC_HPI_HSVA(1.0),09/07/26 23:00:00,A,I25_A_AVG,HU,TOTAL,2008,24.38,p,
ESTAT:PRC_HPI_HSVA(1.0),09/07/26 23:00:00,A,I25_A_AVG,HU,TOTAL,2009,13.61,p,
ESTAT:PRC_HPI_HSVA(1.0),09/07/26 23:00:00,A,I25_A_AVG,HU,TOTAL,2010,13.96,p,
ESTAT:PRC_HPI_HSVA(1.0),09/07/26 23:00:00,A,I25_A_AVG,HU,TOTAL,2011,12.94,p,
ESTAT:PRC_HPI_HSVA(1.0),09/07/26 23:00:00,A,I25_A_AVG,HU,TOTAL,2012,12.38,p,
ESTAT:PRC_HPI_HSVA(1.0),09/07/26 23:00:00,A,I25_A_AVG,HU,TOTAL,2013,12.40,p,
ESTAT:PRC_HPI_HSVA(1.0),09/07/26 23:00:00,A,I25_A_AVG,HU,TOTAL,2014,16.84,p,
ESTAT:PRC_HPI_HSVA(1.0),09/07/26 23:00:00,A,I25_A_AVG,HU,TOTAL,2015,22.52,p,
ESTAT:PRC_HPI_HSVA(1.0),09/07/26 23:00:00,A,I25_A_AVG,HU,TOTAL,2016,26.74,p,
ESTAT:PRC_HPI_HSVA(1.0),09/07/26 23:00:00,A,I25_A_AVG,HU,TOTAL,2017,31.15,p,
ESTAT:PRC_HPI_HSVA(1.0),09/07/26 23:00:00,A,I25_A_AVG,HU,TOTAL,2018,38.43,p,
ESTAT:PRC_HPI_HSVA(1.0),09/07/26 23:00:00,A,I25_A_AVG,HU,TOTAL,2019,43.15,p,
ESTAT:PRC_HPI_HSVA(1.0),09/07/26 23:00:00,A,I25_A_AVG,HU,TOTAL,2020,38.58,p,
ESTAT:PRC_HPI_HSVA(1.0),09/07/26 23:00:00,A,I25_A_AVG,HU,TOTAL,2021,56.82,p,
ESTAT:PRC_HPI_HSVA(1.0),09/07/26 23:00:00,A,I25_A_AVG,HU,TOTAL,2022,60.86,p,
ESTAT:PRC_HPI_HSVA(1.0),09/07/26 23:00:00,A,I25_A_AVG,HU,TOTAL,2023,45.01,p,
ESTAT:PRC_HPI_HSVA(1.0),09/07/26 23:00:00,A,I25_A_AVG,HU,TOTAL,2024,71.06,p,
ESTAT:PRC_HPI_HSVA(1.0),09/07/26 23:00:00,A,I25_A_AVG,HU,TOTAL,2025,100.00,ep,
ESTAT:PRC_HPI_HSVA(1.0),09/07/26 23:00:00,A,I25_A_AVG,IE,DW_EXST,2010,21.47,,
ESTAT:PRC_HPI_HSVA(1.0),09/07/26 23:00:00,A,I25_A_AVG,IE,DW_EXST,2011,18.12,,
ESTAT:PRC_HPI_HSVA(1.0),09/07/26 23:00:00,A,I25_A_AVG,IE,DW_EXST,2012,23.14,,
ESTAT:PRC_HPI_HSVA(1.0),09/07/26 23:00:00,A,I25_A_AVG,IE,DW_EXST,2013,28.16,,
ESTAT:PRC_HPI_HSVA(1.0),09/07/26 23:00:00,A,I25_A_AVG,IE,DW_EXST,2014,41.52,,
ESTAT:PRC_HPI_HSVA(1.0),09/07/26 23:00:00,A,I25_A_AVG,IE,DW_EXST,2015,48.07,,
ESTAT:PRC_HPI_HSVA(1.0),09/07/26 23:00:00,A,I25_A_AVG,IE,DW_EXST,2016,51.13,,
ESTAT:PRC_HPI_HSVA(1.0),09/07/26 23:00:00,A,I25_A_AVG,IE,DW_EXST,2017,58.03,,
ESTAT:PRC_HPI_HSVA(1.0),09/07/26 23:00:00,A,I25_A_AVG,IE,DW_EXST,2018,60.65,,
ESTAT:PRC_HPI_HSVA(1.0),09/07/26 23:00:00,A,I25_A_AVG,IE,DW_EXST,2019,63.12,,
ESTAT:PRC_HPI_HSVA(1.0),09/07/26 23:00:00,A,I25_A_AVG,IE,DW_EXST,2020,53.43,,
ESTAT:PRC_HPI_HSVA(1.0),09/07/26 23:00:00,A,I25_A_AVG,IE,DW_EXST,2021,75.88,,
ESTAT:PRC_HPI_HSVA(1.0),09/07/26 23:00:00,A,I25_A_AVG,IE,DW_EXST,2022,87.58,,
ESTAT:PRC_HPI_HSVA(1.0),09/07/26 23:00:00,A,I25_A_AVG,IE,DW_EXST,2023,90.81,,
ESTAT:PRC_HPI_HSVA(1.0),09/07/26 23:00:00,A,I25_A_AVG,IE,DW_EXST,2024,93.09,,
ESTAT:PRC_HPI_HSVA(1.0),09/07/26 23:00:00,A,I25_A_AVG,IE,DW_EXST,2025,100.00,,
ESTAT:PRC_HPI_HSVA(1.0),09/07/26 23:00:00,A,I25_A_AVG,IE,DW_NEW,2010,20.11,,
ESTAT:PRC_HPI_HSVA(1.0),09/07/26 23:00:00,A,I25_A_AVG,IE,DW_NEW,2011,8.64,,
ESTAT:PRC_HPI_HSVA(1.0),09/07/26 23:00:00,A,I25_A_AVG,IE,DW_NEW,2012,8.95,,
ESTAT:PRC_HPI_HSVA(1.0),09/07/26 23:00:00,A,I25_A_AVG,IE,DW_NEW,2013,9.78,,
ESTAT:PRC_HPI_HSVA(1.0),09/07/26 23:00:00,A,I25_A_AVG,IE,DW_NEW,2014,16.42,,
ESTAT:PRC_HPI_HSVA(1.0),09/07/26 23:00:00,A,I25_A_AVG,IE,DW_NEW,2015,21.31,,
ESTAT:PRC_HPI_HSVA(1.0),09/07/26 23:00:00,A,I25_A_AVG,IE,DW_NEW,2016,30.08,,
ESTAT:PRC_HPI_HSVA(1.0),09/07/26 23:00:00,A,I25_A_AVG,IE,DW_NEW,2017,43.89,,
ESTAT:PRC_HPI_HSVA(1.0),09/07/26 23:00:00,A,I25_A_AVG,IE,DW_NEW,2018,55.87,,
ESTAT:PRC_HPI_HSVA(1.0),09/07/26 23:00:00,A,I25_A_AVG,IE,DW_NEW,2019,57.11,,
ESTAT:PRC_HPI_HSVA(1.0),09/07/26 23:00:00,A,I25_A_AVG,IE,DW_NEW,2020,47.62,,
ESTAT:PRC_HPI_HSVA(1.0),09/07/26 23:00:00,A,I25_A_AVG,IE,DW_NEW,2021,52.15,,
ESTAT:PRC_HPI_HSVA(1.0),09/07/26 23:00:00,A,I25_A_AVG,IE,DW_NEW,2022,66.15,,
ESTAT:PRC_HPI_HSVA(1.0),09/07/26 23:00:00,A,I25_A_AVG,IE,DW_NEW,2023,74.04,,
ESTAT:PRC_HPI_HSVA(1.0),09/07/26 23:00:00,A,I25_A_AVG,IE,DW_NEW,2024,83.08,,
ESTAT:PRC_HPI_HSVA(1.0),09/07/26 23:00:00,A,I25_A_AVG,IE,DW_NEW,2025,100.00,,
ESTAT:PRC_HPI_HSVA(1.0),09/07/26 23:00:00,A,I25_A_AVG,IE,TOTAL,2009,30.37,,
ESTAT:PRC_HPI_HSVA(1.0),09/07/26 23:00:00,A,I25_A_AVG,IE,TOTAL,2010,21.11,,
ESTAT:PRC_HPI_HSVA(1.0),09/07/26 23:00:00,A,I25_A_AVG,IE,TOTAL,2011,15.62,,
ESTAT:PRC_HPI_HSVA(1.0),09/07/26 23:00:00,A,I25_A_AVG,IE,TOTAL,2012,19.39,,
ESTAT:PRC_HPI_HSVA(1.0),09/07/26 23:00:00,A,I25_A_AVG,IE,TOTAL,2013,23.31,,
ESTAT:PRC_HPI_HSVA(1.0),09/07/26 23:00:00,A,I25_A_AVG,IE,TOTAL,2014,34.89,,
ESTAT:PRC_HPI_HSVA(1.0),09/07/26 23:00:00,A,I25_A_AVG,IE,TOTAL,2015,41.00,,
ESTAT:PRC_HPI_HSVA(1.0),09/07/26 23:00:00,A,I25_A_AVG,IE,TOTAL,2016,45.57,,
ESTAT:PRC_HPI_HSVA(1.0),09/07/26 23:00:00,A,I25_A_AVG,IE,TOTAL,2017,54.30,,
ESTAT:PRC_HPI_HSVA(1.0),09/07/26 23:00:00,A,I25_A_AVG,IE,TOTAL,2018,59.39,,
ESTAT:PRC_HPI_HSVA(1.0),09/07/26 23:00:00,A,I25_A_AVG,IE,TOTAL,2019,61.53,,
ESTAT:PRC_HPI_HSVA(1.0),09/07/26 23:00:00,A,I25_A_AVG,IE,TOTAL,2020,51.89,,
ESTAT:PRC_HPI_HSVA(1.0),09/07/26 23:00:00,A,I25_A_AVG,IE,TOTAL,2021,69.62,,
ESTAT:PRC_HPI_HSVA(1.0),09/07/26 23:00:00,A,I25_A_AVG,IE,TOTAL,2022,81.92,,
ESTAT:PRC_HPI_HSVA(1.0),09/07/26 23:00:00,A,I25_A_AVG,IE,TOTAL,2023,86.38,,
ESTAT:PRC_HPI_HSVA(1.0),09/07/26 23:00:00,A,I25_A_AVG,IE,TOTAL,2024,90.45,,
ESTAT:PRC_HPI_HSVA(1.0),09/07/26 23:00:00,A,I25_A_AVG,IE,TOTAL,2025,100.00,,
ESTAT:PRC_HPI_HSVA(1.0),09/07/26 23:00:00,A,I25_A_AVG,IT,TOTAL,2009,74.13,,
ESTAT:PRC_HPI_HSVA(1.0),09/07/26 23:00:00,A,I25_A_AVG,IT,TOTAL,2010,78.37,,
ESTAT:PRC_HPI_HSVA(1.0),09/07/26 23:00:00,A,I25_A_AVG,IT,TOTAL,2011,78.74,,
ESTAT:PRC_HPI_HSVA(1.0),09/07/26 23:00:00,A,I25_A_AVG,IT,TOTAL,2012,57.60,,
ESTAT:PRC_HPI_HSVA(1.0),09/07/26 23:00:00,A,I25_A_AVG,IT,TOTAL,2013,50.23,,
ESTAT:PRC_HPI_HSVA(1.0),09/07/26 23:00:00,A,I25_A_AVG,IT,TOTAL,2014,50.67,,
ESTAT:PRC_HPI_HSVA(1.0),09/07/26 23:00:00,A,I25_A_AVG,IT,TOTAL,2015,52.06,,
ESTAT:PRC_HPI_HSVA(1.0),09/07/26 23:00:00,A,I25_A_AVG,IT,TOTAL,2016,62.68,,
ESTAT:PRC_HPI_HSVA(1.0),09/07/26 23:00:00,A,I25_A_AVG,IT,TOTAL,2017,64.89,,
ESTAT:PRC_HPI_HSVA(1.0),09/07/26 23:00:00,A,I25_A_AVG,IT,TOTAL,2018,68.11,,
ESTAT:PRC_HPI_HSVA(1.0),09/07/26 23:00:00,A,I25_A_AVG,IT,TOTAL,2019,70.89,,
ESTAT:PRC_HPI_HSVA(1.0),09/07/26 23:00:00,A,I25_A_AVG,IT,TOTAL,2020,66.81,,
ESTAT:PRC_HPI_HSVA(1.0),09/07/26 23:00:00,A,I25_A_AVG,IT,TOTAL,2021,91.96,,
ESTAT:PRC_HPI_HSVA(1.0),09/07/26 23:00:00,A,I25_A_AVG,IT,TOTAL,2022,99.63,,
ESTAT:PRC_HPI_HSVA(1.0),09/07/26 23:00:00,A,I25_A_AVG,IT,TOTAL,2023,87.90,,
ESTAT:PRC_HPI_HSVA(1.0),09/07/26 23:00:00,A,I25_A_AVG,IT,TOTAL,2024,91.46,,
ESTAT:PRC_HPI_HSVA(1.0),09/07/26 23:00:00,A,I25_A_AVG,IT,TOTAL,2025,100.00,,
ESTAT:PRC_HPI_HSVA(1.0),09/07/26 23:00:00,A,I25_A_AVG,LT,DW_EXST,2023,54.93,,
ESTAT:PRC_HPI_HSVA(1.0),09/07/26 23:00:00,A,I25_A_AVG,LT,DW_EXST,2024,68.84,,
ESTAT:PRC_HPI_HSVA(1.0),09/07/26 23:00:00,A,I25_A_AVG,LT,DW_EXST,2025,100.00,,
ESTAT:PRC_HPI_HSVA(1.0),09/07/26 23:00:00,A,I25_A_AVG,LT,DW_NEW,2023,84.91,,
ESTAT:PRC_HPI_HSVA(1.0),09/07/26 23:00:00,A,I25_A_AVG,LT,DW_NEW,2024,73.56,,
ESTAT:PRC_HPI_HSVA(1.0),09/07/26 23:00:00,A,I25_A_AVG,LT,DW_NEW,2025,100.00,,
ESTAT:PRC_HPI_HSVA(1.0),09/07/26 23:00:00,A,I25_A_AVG,LT,TOTAL,2006,27.13,,
ESTAT:PRC_HPI_HSVA(1.0),09/07/26 23:00:00,A,I25_A_AVG,LT,TOTAL,2007,38.73,,
ESTAT:PRC_HPI_HSVA(1.0),09/07/26 23:00:00,A,I25_A_AVG,LT,TOTAL,2008,32.10,,
ESTAT:PRC_HPI_HSVA(1.0),09/07/26 23:00:00,A,I25_A_AVG,LT,TOTAL,2009,11.91,,
ESTAT:PRC_HPI_HSVA(1.0),09/07/26 23:00:00,A,I25_A_AVG,LT,TOTAL,2010,13.64,,
ESTAT:PRC_HPI_HSVA(1.0),09/07/26 23:00:00,A,I25_A_AVG,LT,TOTAL,2011,16.36,,
ESTAT:PRC_HPI_HSVA(1.0),09/07/26 23:00:00,A,I25_A_AVG,LT,TOTAL,2012,17.15,,
ESTAT:PRC_HPI_HSVA(1.0),09/07/26 23:00:00,A,I25_A_AVG,LT,TOTAL,2013,22.05,,
ESTAT:PRC_HPI_HSVA(1.0),09/07/26 23:00:00,A,I25_A_AVG,LT,TOTAL,2014,27.36,,
ESTAT:PRC_HPI_HSVA(1.0),09/07/26 23:00:00,A,I25_A_AVG,LT,TOTAL,2015,27.42,,
ESTAT:PRC_HPI_HSVA(1.0),09/07/26 23:00:00,A,I25_A_AVG,LT,TOTAL,2016,33.50,,
ESTAT:PRC_HPI_HSVA(1.0),09/07/26 23:00:00,A,I25_A_AVG,LT,TOTAL,2017,36.46,,
ESTAT:PRC_HPI_HSVA(1.0),09/07/26 23:00:00,A,I25_A_AVG,LT,TOTAL,2018,40.22,,
ESTAT:PRC_HPI_HSVA(1.0),09/07/26 23:00:00,A,I25_A_AVG,LT,TOTAL,2019,46.17,,
ESTAT:PRC_HPI_HSVA(1.0),09/07/26 23:00:00,A,I25_A_AVG,LT,TOTAL,2020,50.00,,
ESTAT:PRC_HPI_HSVA(1.0),09/07/26 23:00:00,A,I25_A_AVG,LT,TOTAL,2021,68.64,,
ESTAT:PRC_HPI_HSVA(1.0),09/07/26 23:00:00,A,I25_A_AVG,LT,TOTAL,2022,68.35,,
ESTAT:PRC_HPI_HSVA(1.0),09/07/26 23:00:00,A,I25_A_AVG,LT,TOTAL,2023,62.84,,
ESTAT:PRC_HPI_HSVA(1.0),09/07/26 23:00:00,A,I25_A_AVG,LT,TOTAL,2024,70.09,,
ESTAT:PRC_HPI_HSVA(1.0),09/07/26 23:00:00,A,I25_A_AVG,LT,TOTAL,2025,100.00,,
ESTAT:PRC_HPI_HSVA(1.0),09/07/26 23:00:00,A,I25_A_AVG,LU,DW_EXST,2014,57.32,,
ESTAT:PRC_HPI_HSVA(1.0),09/07/26 23:00:00,A,I25_A_AVG,LU,DW_EXST,2015,56.99,,
ESTAT:PRC_HPI_HSVA(1.0),09/07/26 23:00:00,A,I25_A_AVG,LU,DW_EXST,2016,68.09,,
ESTAT:PRC_HPI_HSVA(1.0),09/07/26 23:00:00,A,I25_A_AVG,LU,DW_EXST,2017,79.61,,
ESTAT:PRC_HPI_HSVA(1.0),09/07/26 23:00:00,A,I25_A_AVG,LU,DW_EXST,2018,90.09,,
ESTAT:PRC_HPI_HSVA(1.0),09/07/26 23:00:00,A,I25_A_AVG,LU,DW_EXST,2019,85.63,,
ESTAT:PRC_HPI_HSVA(1.0),09/07/26 23:00:00,A,I25_A_AVG,LU,DW_EXST,2020,94.94,,
ESTAT:PRC_HPI_HSVA(1.0),09/07/26 23:00:00,A,I25_A_AVG,LU,DW_EXST,2021,112.33,,
ESTAT:PRC_HPI_HSVA(1.0),09/07/26 23:00:00,A,I25_A_AVG,LU,DW_EXST,2022,104.96,,
ESTAT:PRC_HPI_HSVA(1.0),09/07/26 23:00:00,A,I25_A_AVG,LU,DW_EXST,2023,59.91,,
ESTAT:PRC_HPI_HSVA(1.0),09/07/26 23:00:00,A,I25_A_AVG,LU,DW_EXST,2024,84.54,,
ESTAT:PRC_HPI_HSVA(1.0),09/07/26 23:00:00,A,I25_A_AVG,LU,DW_EXST,2025,100.00,,
ESTAT:PRC_HPI_HSVA(1.0),09/07/26 23:00:00,A,I25_A_AVG,LU,DW_NEW,2014,120.03,,
ESTAT:PRC_HPI_HSVA(1.0),09/07/26 23:00:00,A,I25_A_AVG,LU,DW_NEW,2015,119.72,,
ESTAT:PRC_HPI_HSVA(1.0),09/07/26 23:00:00,A,I25_A_AVG,LU,DW_NEW,2016,120.15,,
ESTAT:PRC_HPI_HSVA(1.0),09/07/26 23:00:00,A,I25_A_AVG,LU,DW_NEW,2017,148.09,,
ESTAT:PRC_HPI_HSVA(1.0),09/07/26 23:00:00,A,I25_A_AVG,LU,DW_NEW,2018,158.52,,
ESTAT:PRC_HPI_HSVA(1.0),09/07/26 23:00:00,A,I25_A_AVG,LU,DW_NEW,2019,175.46,,
ESTAT:PRC_HPI_HSVA(1.0),09/07/26 23:00:00,A,I25_A_AVG,LU,DW_NEW,2020,183.00,,
ESTAT:PRC_HPI_HSVA(1.0),09/07/26 23:00:00,A,I25_A_AVG,LU,DW_NEW,2021,170.12,,
ESTAT:PRC_HPI_HSVA(1.0),09/07/26 23:00:00,A,I25_A_AVG,LU,DW_NEW,2022,133.73,,
ESTAT:PRC_HPI_HSVA(1.0),09/07/26 23:00:00,A,I25_A_AVG,LU,DW_NEW,2023,56.77,,
ESTAT:PRC_HPI_HSVA(1.0),09/07/26 23:00:00,A,I25_A_AVG,LU,DW_NEW,2024,69.88,,
ESTAT:PRC_HPI_HSVA(1.0),09/07/26 23:00:00,A,I25_A_AVG,LU,DW_NEW,2025,100.00,,
ESTAT:PRC_HPI_HSVA(1.0),09/07/26 23:00:00,A,I25_A_AVG,LU,TOTAL,2007,51.01,d,
ESTAT:PRC_HPI_HSVA(1.0),09/07/26 23:00:00,A,I25_A_AVG,LU,TOTAL,2008,41.98,d,
ESTAT:PRC_HPI_HSVA(1.0),09/07/26 23:00:00,A,I25_A_AVG,LU,TOTAL,2009,43.44,d,
ESTAT:PRC_HPI_HSVA(1.0),09/07/26 23:00:00,A,I25_A_AVG,LU,TOTAL,2010,49.42,d,
ESTAT:PRC_HPI_HSVA(1.0),09/07/26 23:00:00,A,I25_A_AVG,LU,TOTAL,2011,55.46,d,
ESTAT:PRC_HPI_HSVA(1.0),09/07/26 23:00:00,A,I25_A_AVG,LU,TOTAL,2012,55.99,d,
ESTAT:PRC_HPI_HSVA(1.0),09/07/26 23:00:00,A,I25_A_AVG,LU,TOTAL,2013,57.11,d,
ESTAT:PRC_HPI_HSVA(1.0),09/07/26 23:00:00,A,I25_A_AVG,LU,TOTAL,2014,70.26,,
ESTAT:PRC_HPI_HSVA(1.0),09/07/26 23:00:00,A,I25_A_AVG,LU,TOTAL,2015,69.94,,
ESTAT:PRC_HPI_HSVA(1.0),09/07/26 23:00:00,A,I25_A_AVG,LU,TOTAL,2016,78.83,,
ESTAT:PRC_HPI_HSVA(1.0),09/07/26 23:00:00,A,I25_A_AVG,LU,TOTAL,2017,93.74,,
ESTAT:PRC_HPI_HSVA(1.0),09/07/26 23:00:00,A,I25_A_AVG,LU,TOTAL,2018,104.21,,
ESTAT:PRC_HPI_HSVA(1.0),09/07/26 23:00:00,A,I25_A_AVG,LU,TOTAL,2019,104.16,,
ESTAT:PRC_HPI_HSVA(1.0),09/07/26 23:00:00,A,I25_A_AVG,LU,TOTAL,2020,113.11,,
ESTAT:PRC_HPI_HSVA(1.0),09/07/26 23:00:00,A,I25_A_AVG,LU,TOTAL,2021,124.25,,
ESTAT:PRC_HPI_HSVA(1.0),09/07/26 23:00:00,A,I25_A_AVG,LU,TOTAL,2022,110.89,,
ESTAT:PRC_HPI_HSVA(1.0),09/07/26 23:00:00,A,I25_A_AVG,LU,TOTAL,2023,59.26,,
ESTAT:PRC_HPI_HSVA(1.0),09/07/26 23:00:00,A,I25_A_AVG,LU,TOTAL,2024,81.52,,
ESTAT:PRC_HPI_HSVA(1.0),09/07/26 23:00:00,A,I25_A_AVG,LU,TOTAL,2025,100.00,,
ESTAT:PRC_HPI_HSVA(1.0),09/07/26 23:00:00,A,I25_A_AVG,LV,DW_EXST,2020,55.83,,
ESTAT:PRC_HPI_HSVA(1.0),09/07/26 23:00:00,A,I25_A_AVG,LV,DW_EXST,2021,77.63,,
ESTAT:PRC_HPI_HSVA(1.0),09/07/26 23:00:00,A,I25_A_AVG,LV,DW_EXST,2022,78.88,,
ESTAT:PRC_HPI_HSVA(1.0),09/07/26 23:00:00,A,I25_A_AVG,LV,DW_EXST,2023,74.12,,
ESTAT:PRC_HPI_HSVA(1.0),09/07/26 23:00:00,A,I25_A_AVG,LV,DW_EXST,2024,83.09,,
ESTAT:PRC_HPI_HSVA(1.0),09/07/26 23:00:00,A,I25_A_AVG,LV,DW_EXST,2025,100.00,,
ESTAT:PRC_HPI_HSVA(1.0),09/07/26 23:00:00,A,I25_A_AVG,LV,DW_NEW,2020,85.48,,
ESTAT:PRC_HPI_HSVA(1.0),09/07/26 23:00:00,A,I25_A_AVG,LV,DW_NEW,2021,92.99,,
ESTAT:PRC_HPI_HSVA(1.0),09/07/26 23:00:00,A,I25_A_AVG,LV,DW_NEW,2022,102.55,,
ESTAT:PRC_HPI_HSVA(1.0),09/07/26 23:00:00,A,I25_A_AVG,LV,DW_NEW,2023,92.50,,
ESTAT:PRC_HPI_HSVA(1.0),09/07/26 23:00:00,A,I25_A_AVG,LV,DW_NEW,2024,72.88,,
ESTAT:PRC_HPI_HSVA(1.0),09/07/26 23:00:00,A,I25_A_AVG,LV,DW_NEW,2025,100.00,,
ESTAT:PRC_HPI_HSVA(1.0),09/07/26 23:00:00,A,I25_A_AVG,LV,TOTAL,2006,75.64,d,
ESTAT:PRC_HPI_HSVA(1.0),09/07/26 23:00:00,A,I25_A_AVG,LV,TOTAL,2007,72.25,d,
ESTAT:PRC_HPI_HSVA(1.0),09/07/26 23:00:00,A,I25_A_AVG,LV,TOTAL,2008,44.59,d,
ESTAT:PRC_HPI_HSVA(1.0),09/07/26 23:00:00,A,I25_A_AVG,LV,TOTAL,2009,25.25,d,
ESTAT:PRC_HPI_HSVA(1.0),09/07/26 23:00:00,A,I25_A_AVG,LV,TOTAL,2010,22.25,d,
ESTAT:PRC_HPI_HSVA(1.0),09/07/26 23:00:00,A,I25_A_AVG,LV,TOTAL,2011,27.45,,
ESTAT:PRC_HPI_HSVA(1.0),09/07/26 23:00:00,A,I25_A_AVG,LV,TOTAL,2012,37.35,,
ESTAT:PRC_HPI_HSVA(1.0),09/07/26 23:00:00,A,I25_A_AVG,LV,TOTAL,2013,48.24,,
ESTAT:PRC_HPI_HSVA(1.0),09/07/26 23:00:00,A,I25_A_AVG,LV,TOTAL,2014,52.05,,
ESTAT:PRC_HPI_HSVA(1.0),09/07/26 23:00:00,A,I25_A_AVG,LV,TOTAL,2015,40.62,,
ESTAT:PRC_HPI_HSVA(1.0),09/07/26 23:00:00,A,I25_A_AVG,LV,TOTAL,2016,50.70,,
ESTAT:PRC_HPI_HSVA(1.0),09/07/26 23:00:00,A,I25_A_AVG,LV,TOTAL,2017,52.38,,
ESTAT:PRC_HPI_HSVA(1.0),09/07/26 23:00:00,A,I25_A_AVG,LV,TOTAL,2018,54.02,,
ESTAT:PRC_HPI_HSVA(1.0),09/07/26 23:00:00,A,I25_A_AVG,LV,TOTAL,2019,59.95,,
ESTAT:PRC_HPI_HSVA(1.0),09/07/26 23:00:00,A,I25_A_AVG,LV,TOTAL,2020,60.99,,
ESTAT:PRC_HPI_HSVA(1.0),09/07/26 23:00:00,A,I25_A_AVG,LV,TOTAL,2021,80.30,,
ESTAT:PRC_HPI_HSVA(1.0),09/07/26 23:00:00,A,I25_A_AVG,LV,TOTAL,2022,83.00,,
ESTAT:PRC_HPI_HSVA(1.0),09/07/26 23:00:00,A,I25_A_AVG,LV,TOTAL,2023,77.32,,
ESTAT:PRC_HPI_HSVA(1.0),09/07/26 23:00:00,A,I25_A_AVG,LV,TOTAL,2024,81.31,,
ESTAT:PRC_HPI_HSVA(1.0),09/07/26 23:00:00,A,I25_A_AVG,LV,TOTAL,2025,100.00,,
ESTAT:PRC_HPI_HSVA(1.0),09/07/26 23:00:00,A,I25_A_AVG,MT,TOTAL,2005,27.17,p,
ESTAT:PRC_HPI_HSVA(1.0),09/07/26 23:00:00,A,I25_A_AVG,MT,TOTAL,2006,28.82,p,
ESTAT:PRC_HPI_HSVA(1.0),09/07/26 23:00:00,A,I25_A_AVG,MT,TOTAL,2007,29.81,p,
ESTAT:PRC_HPI_HSVA(1.0),09/07/26 23:00:00,A,I25_A_AVG,MT,TOTAL,2008,25.28,p,
ESTAT:PRC_HPI_HSVA(1.0),09/07/26 23:00:00,A,I25_A_AVG,MT,TOTAL,2009,23.11,p,
ESTAT:PRC_HPI_HSVA(1.0),09/07/26 23:00:00,A,I25_A_AVG,MT,TOTAL,2010,22.59,p,
ESTAT:PRC_HPI_HSVA(1.0),09/07/26 23:00:00,A,I25_A_AVG,MT,TOTAL,2011,25.18,p,
ESTAT:PRC_HPI_HSVA(1.0),09/07/26 23:00:00,A,I25_A_AVG,MT,TOTAL,2012,25.83,p,
ESTAT:PRC_HPI_HSVA(1.0),09/07/26 23:00:00,A,I25_A_AVG,MT,TOTAL,2013,24.40,p,
ESTAT:PRC_HPI_HSVA(1.0),09/07/26 23:00:00,A,I25_A_AVG,MT,TOTAL,2014,32.61,p,
ESTAT:PRC_HPI_HSVA(1.0),09/07/26 23:00:00,A,I25_A_AVG,MT,TOTAL,2015,35.17,p,
ESTAT:PRC_HPI_HSVA(1.0),09/07/26 23:00:00,A,I25_A_AVG,MT,TOTAL,2016,51.86,p,
ESTAT:PRC_HPI_HSVA(1.0),09/07/26 23:00:00,A,I25_A_AVG,MT,TOTAL,2017,55.70,p,
ESTAT:PRC_HPI_HSVA(1.0),09/07/26 23:00:00,A,I25_A_AVG,MT,TOTAL,2018,67.78,p,
ESTAT:PRC_HPI_HSVA(1.0),09/07/26 23:00:00,A,I25_A_AVG,MT,TOTAL,2019,70.29,p,
ESTAT:PRC_HPI_HSVA(1.0),09/07/26 23:00:00,A,I25_A_AVG,MT,TOTAL,2020,58.22,p,
ESTAT:PRC_HPI_HSVA(1.0),09/07/26 23:00:00,A,I25_A_AVG,MT,TOTAL,2021,84.05,p,
ESTAT:PRC_HPI_HSVA(1.0),09/07/26 23:00:00,A,I25_A_AVG,MT,TOTAL,2022,87.73,p,
ESTAT:PRC_HPI_HSVA(1.0),09/07/26 23:00:00,A,I25_A_AVG,MT,TOTAL,2023,81.67,p,
ESTAT:PRC_HPI_HSVA(1.0),09/07/26 23:00:00,A,I25_A_AVG,MT,TOTAL,2024,91.10,p,
ESTAT:PRC_HPI_HSVA(1.0),09/07/26 23:00:00,A,I25_A_AVG,MT,TOTAL,2025,100.00,p,
ESTAT:PRC_HPI_HSVA(1.0),09/07/26 23:00:00,A,I25_A_AVG,NL,DW_EXST,2015,35.86,,
ESTAT:PRC_HPI_HSVA(1.0),09/07/26 23:00:00,A,I25_A_AVG,NL,DW_EXST,2016,45.76,,
ESTAT:PRC_HPI_HSVA(1.0),09/07/26 23:00:00,A,I25_A_AVG,NL,DW_EXST,2017,55.64,,
ESTAT:PRC_HPI_HSVA(1.0),09/07/26 23:00:00,A,I25_A_AVG,NL,DW_EXST,2018,54.84,,
ESTAT:PRC_HPI_HSVA(1.0),09/07/26 23:00:00,A,I25_A_AVG,NL,DW_EXST,2019,58.82,,
ESTAT:PRC_HPI_HSVA(1.0),09/07/26 23:00:00,A,I25_A_AVG,NL,DW_EXST,2020,68.82,,
ESTAT:PRC_HPI_HSVA(1.0),09/07/26 23:00:00,A,I25_A_AVG,NL,DW_EXST,2021,76.39,,
ESTAT:PRC_HPI_HSVA(1.0),09/07/26 23:00:00,A,I25_A_AVG,NL,DW_EXST,2022,72.31,,
ESTAT:PRC_HPI_HSVA(1.0),09/07/26 23:00:00,A,I25_A_AVG,NL,DW_EXST,2023,66.32,,
ESTAT:PRC_HPI_HSVA(1.0),09/07/26 23:00:00,A,I25_A_AVG,NL,DW_EXST,2024,81.35,,
ESTAT:PRC_HPI_HSVA(1.0),09/07/26 23:00:00,A,I25_A_AVG,NL,DW_EXST,2025,100.00,,
ESTAT:PRC_HPI_HSVA(1.0),09/07/26 23:00:00,A,I25_A_AVG,NL,DW_NEW,2015,51.18,p,
ESTAT:PRC_HPI_HSVA(1.0),09/07/26 23:00:00,A,I25_A_AVG,NL,DW_NEW,2016,58.50,p,
ESTAT:PRC_HPI_HSVA(1.0),09/07/26 23:00:00,A,I25_A_AVG,NL,DW_NEW,2017,72.88,p,
ESTAT:PRC_HPI_HSVA(1.0),09/07/26 23:00:00,A,I25_A_AVG,NL,DW_NEW,2018,74.56,p,
ESTAT:PRC_HPI_HSVA(1.0),09/07/26 23:00:00,A,I25_A_AVG,NL,DW_NEW,2019,69.55,p,
ESTAT:PRC_HPI_HSVA(1.0),09/07/26 23:00:00,A,I25_A_AVG,NL,DW_NEW,2020,98.29,p,
ESTAT:PRC_HPI_HSVA(1.0),09/07/26 23:00:00,A,I25_A_AVG,NL,DW_NEW,2021,115.03,p,
ESTAT:PRC_HPI_HSVA(1.0),09/07/26 23:00:00,A,I25_A_AVG,NL,DW_NEW,2022,91.53,p,
ESTAT:PRC_HPI_HSVA(1.0),09/07/26 23:00:00,A,I25_A_AVG,NL,DW_NEW,2023,61.71,p,
ESTAT:PRC_HPI_HSVA(1.0),09/07/26 23:00:00,A,I25_A_AVG,NL,DW_NEW,2024,95.63,p,
ESTAT:PRC_HPI_HSVA(1.0),09/07/26 23:00:00,A,I25_A_AVG,NL,DW_NEW,2025,100.00,p,
ESTAT:PRC_HPI_HSVA(1.0),09/07/26 23:00:00,A,I25_A_AVG,NL,TOTAL,2004,,,C
ESTAT:PRC_HPI_HSVA(1.0),09/07/26 23:00:00,A,I25_A_AVG,NL,TOTAL,2005,47.15,p,
ESTAT:PRC_HPI_HSVA(1.0),09/07/26 23:00:00,A,I25_A_AVG,NL,TOTAL,2006,49.77,p,
ESTAT:PRC_HPI_HSVA(1.0),09/07/26 23:00:00,A,I25_A_AVG,NL,TOTAL,2007,50.29,p,
ESTAT:PRC_HPI_HSVA(1.0),09/07/26 23:00:00,A,I25_A_AVG,NL,TOTAL,2008,44.37,p,
ESTAT:PRC_HPI_HSVA(1.0),09/07/26 23:00:00,A,I25_A_AVG,NL,TOTAL,2009,28.77,p,
ESTAT:PRC_HPI_HSVA(1.0),09/07/26 23:00:00,A,I25_A_AVG,NL,TOTAL,2010,30.23,p,
ESTAT:PRC_HPI_HSVA(1.0),09/07/26 23:00:00,A,I25_A_AVG,NL,TOTAL,2011,26.40,p,
ESTAT:PRC_HPI_HSVA(1.0),09/07/26 23:00:00,A,I25_A_AVG,NL,TOTAL,2012,23.18,p,
ESTAT:PRC_HPI_HSVA(1.0),09/07/26 23:00:00,A,I25_A_AVG,NL,TOTAL,2013,20.53,p,
ESTAT:PRC_HPI_HSVA(1.0),09/07/26 23:00:00,A,I25_A_AVG,NL,TOTAL,2014,32.93,p,
ESTAT:PRC_HPI_HSVA(1.0),09/07/26 23:00:00,A,I25_A_AVG,NL,TOTAL,2015,37.49,p,
ESTAT:PRC_HPI_HSVA(1.0),09/07/26 23:00:00,A,I25_A_AVG,NL,TOTAL,2016,47.11,p,
ESTAT:PRC_HPI_HSVA(1.0),09/07/26 23:00:00,A,I25_A_AVG,NL,TOTAL,2017,57.47,p,
ESTAT:PRC_HPI_HSVA(1.0),09/07/26 23:00:00,A,I25_A_AVG,NL,TOTAL,2018,56.94,p,
ESTAT:PRC_HPI_HSVA(1.0),09/07/26 23:00:00,A,I25_A_AVG,NL,TOTAL,2019,59.96,p,
ESTAT:PRC_HPI_HSVA(1.0),09/07/26 23:00:00,A,I25_A_AVG,NL,TOTAL,2020,71.96,p,
ESTAT:PRC_HPI_HSVA(1.0),09/07/26 23:00:00,A,I25_A_AVG,NL,TOTAL,2021,80.50,p,
ESTAT:PRC_HPI_HSVA(1.0),09/07/26 23:00:00,A,I25_A_AVG,NL,TOTAL,2022,74.35,p,
ESTAT:PRC_HPI_HSVA(1.0),09/07/26 23:00:00,A,I25_A_AVG,NL,TOTAL,2023,65.83,p,
ESTAT:PRC_HPI_HSVA(1.0),09/07/26 23:00:00,A,I25_A_AVG,NL,TOTAL,2024,82.87,p,
ESTAT:PRC_HPI_HSVA(1.0),09/07/26 23:00:00,A,I25_A_AVG,NL,TOTAL,2025,100.00,p,
ESTAT:PRC_HPI_HSVA(1.0),09/07/26 23:00:00,A,I25_A_AVG,NO,DW_EXST,2017,60.12,p,
ESTAT:PRC_HPI_HSVA(1.0),09/07/26 23:00:00,A,I25_A_AVG,NO,DW_EXST,2018,46.40,p,
ESTAT:PRC_HPI_HSVA(1.0),09/07/26 23:00:00,A,I25_A_AVG,NO,DW_EXST,2019,50.87,p,
ESTAT:PRC_HPI_HSVA(1.0),09/07/26 23:00:00,A,I25_A_AVG,NO,DW_EXST,2020,56.17,p,
ESTAT:PRC_HPI_HSVA(1.0),09/07/26 23:00:00,A,I25_A_AVG,NO,DW_EXST,2021,79.37,p,
ESTAT:PRC_HPI_HSVA(1.0),09/07/26 23:00:00,A,I25_A_AVG,NO,DW_EXST,2022,78.91,p,
ESTAT:PRC_HPI_HSVA(1.0),09/07/26 23:00:00,A,I25_A_AVG,NO,DW_EXST,2023,77.72,p,
ESTAT:PRC_HPI_HSVA(1.0),09/07/26 23:00:00,A,I25_A_AVG,NO,DW_EXST,2024,86.52,p,
ESTAT:PRC_HPI_HSVA(1.0),09/07/26 23:00:00,A,I25_A_AVG,NO,DW_EXST,2025,100.00,p,
ESTAT:PRC_HPI_HSVA(1.0),09/07/26 23:00:00,A,I25_A_AVG,NO,DW_NEW,2017,95.88,p,
ESTAT:PRC_HPI_HSVA(1.0),09/07/26 23:00:00,A,I25_A_AVG,NO,DW_NEW,2018,103.05,p,
ESTAT:PRC_HPI_HSVA(1.0),09/07/26 23:00:00,A,I25_A_AVG,NO,DW_NEW,2019,103.48,p,
ESTAT:PRC_HPI_HSVA(1.0),09/07/26 23:00:00,A,I25_A_AVG,NO,DW_NEW,2020,96.54,p,
ESTAT:PRC_HPI_HSVA(1.0),09/07/26 23:00:00,A,I25_A_AVG,NO,DW_NEW,2021,124.13,p,
ESTAT:PRC_HPI_HSVA(1.0),09/07/26 23:00:00,A,I25_A_AVG,NO,DW_NEW,2022,123.01,p,
ESTAT:PRC_HPI_HSVA(1.0),09/07/26 23:00:00,A,I25_A_AVG,NO,DW_NEW,2023,116.53,p,
ESTAT:PRC_HPI_HSVA(1.0),09/07/26 23:00:00,A,I25_A_AVG,NO,DW_NEW,2024,102.59,p,
ESTAT:PRC_HPI_HSVA(1.0),09/07/26 23:00:00,A,I25_A_AVG,NO,DW_NEW,2025,100.00,p,
ESTAT:PRC_HPI_HSVA(1.0),09/07/26 23:00:00,A,I25_A_AVG,NO,TOTAL,2007,27.73,p,
ESTAT:PRC_HPI_HSVA(1.0),09/07/26 23:00:00,A,I25_A_AVG,NO,TOTAL,2008,26.85,p,
ESTAT:PRC_HPI_HSVA(1.0),09/07/26 23:00:00,A,I25_A_AVG,NO,TOTAL,2009,27.86,p,
ESTAT:PRC_HPI_HSVA(1.0),09/07/26 23:00:00,A,I25_A_AVG,NO,TOTAL,2010,33.19,p,
ESTAT:PRC_HPI_HSVA(1.0),09/07/26 23:00:00,A,I25_A_AVG,NO,TOTAL,2011,38.19,p,
ESTAT:PRC_HPI_HSVA(1.0),09/07/26 23:00:00,A,I25_A_AVG,NO,TOTAL,2012,42.99,p,
ESTAT:PRC_HPI_HSVA(1.0),09/07/26 23:00:00,A,I25_A_AVG,NO,TOTAL,2013,53.04,p,
ESTAT:PRC_HPI_HSVA(1.0),09/07/26 23:00:00,A,I25_A_AVG,NO,TOTAL,2014,54.78,p,
ESTAT:PRC_HPI_HSVA(1.0),09/07/26 23:00:00,A,I25_A_AVG,NO,TOTAL,2015,58.46,ep,
ESTAT:PRC_HPI_HSVA(1.0),09/07/26 23:00:00,A,I25_A_AVG,NO,TOTAL,2016,58.20,ep,
ESTAT:PRC_HPI_HSVA(1.0),09/07/26 23:00:00,A,I25_A_AVG,NO,TOTAL,2017,64.54,p,
ESTAT:PRC_HPI_HSVA(1.0),09/07/26 23:00:00,A,I25_A_AVG,NO,TOTAL,2018,53.41,p,
ESTAT:PRC_HPI_HSVA(1.0),09/07/26 23:00:00,A,I25_A_AVG,NO,TOTAL,2019,57.37,p,
ESTAT:PRC_HPI_HSVA(1.0),09/07/26 23:00:00,A,I25_A_AVG,NO,TOTAL,2020,61.16,p,
ESTAT:PRC_HPI_HSVA(1.0),09/07/26 23:00:00,A,I25_A_AVG,NO,TOTAL,2021,84.91,p,
ESTAT:PRC_HPI_HSVA(1.0),09/07/26 23:00:00,A,I25_A_AVG,NO,TOTAL,2022,84.36,p,
ESTAT:PRC_HPI_HSVA(1.0),09/07/26 23:00:00,A,I25_A_AVG,NO,TOTAL,2023,82.52,p,
ESTAT:PRC_HPI_HSVA(1.0),09/07/26 23:00:00,A,I25_A_AVG,NO,TOTAL,2024,88.51,p,
ESTAT:PRC_HPI_HSVA(1.0),09/07/26 23:00:00,A,I25_A_AVG,NO,TOTAL,2025,100.00,p,
ESTAT:PRC_HPI_HSVA(1.0),09/07/26 23:00:00,A,I25_A_AVG,PL,DW_EXST,2015,27.90,p,
ESTAT:PRC_HPI_HSVA(1.0),09/07/26 23:00:00,A,I25_A_AVG,PL,DW_EXST,2016,30.73,p,
ESTAT:PRC_HPI_HSVA(1.0),09/07/26 23:00:00,A,I25_A_AVG,PL,DW_EXST,2017,35.96,p,
ESTAT:PRC_HPI_HSVA(1.0),09/07/26 23:00:00,A,I25_A_AVG,PL,DW_EXST,2018,42.21,p,
ESTAT:PRC_HPI_HSVA(1.0),09/07/26 23:00:00,A,I25_A_AVG,PL,DW_EXST,2019,48.36,p,
ESTAT:PRC_HPI_HSVA(1.0),09/07/26 23:00:00,A,I25_A_AVG,PL,DW_EXST,2020,46.93,p,
ESTAT:PRC_HPI_HSVA(1.0),09/07/26 23:00:00,A,I25_A_AVG,PL,DW_EXST,2021,65.62,p,
ESTAT:PRC_HPI_HSVA(1.0),09/07/26 23:00:00,A,I25_A_AVG,PL,DW_EXST,2022,62.15,p,
ESTAT:PRC_HPI_HSVA(1.0),09/07/26 23:00:00,A,I25_A_AVG,PL,DW_EXST,2023,74.84,p,
ESTAT:PRC_HPI_HSVA(1.0),09/07/26 23:00:00,A,I25_A_AVG,PL,DW_EXST,2024,96.34,p,
ESTAT:PRC_HPI_HSVA(1.0),09/07/26 23:00:00,A,I25_A_AVG,PL,DW_EXST,2025,100.00,p,
ESTAT:PRC_HPI_HSVA(1.0),09/07/26 23:00:00,A,I25_A_AVG,PL,DW_NEW,2015,30.90,p,
ESTAT:PRC_HPI_HSVA(1.0),09/07/26 23:00:00,A,I25_A_AVG,PL,DW_NEW,2016,33.60,p,
ESTAT:PRC_HPI_HSVA(1.0),09/07/26 23:00:00,A,I25_A_AVG,PL,DW_NEW,2017,36.34,p,
ESTAT:PRC_HPI_HSVA(1.0),09/07/26 23:00:00,A,I25_A_AVG,PL,DW_NEW,2018,44.61,p,
ESTAT:PRC_HPI_HSVA(1.0),09/07/26 23:00:00,A,I25_A_AVG,PL,DW_NEW,2019,45.91,p,
ESTAT:PRC_HPI_HSVA(1.0),09/07/26 23:00:00,A,I25_A_AVG,PL,DW_NEW,2020,52.69,p,
ESTAT:PRC_HPI_HSVA(1.0),09/07/26 23:00:00,A,I25_A_AVG,PL,DW_NEW,2021,70.32,p,
ESTAT:PRC_HPI_HSVA(1.0),09/07/26 23:00:00,A,I25_A_AVG,PL,DW_NEW,2022,79.91,p,
ESTAT:PRC_HPI_HSVA(1.0),09/07/26 23:00:00,A,I25_A_AVG,PL,DW_NEW,2023,89.35,p,
ESTAT:PRC_HPI_HSVA(1.0),09/07/26 23:00:00,A,I25_A_AVG,PL,DW_NEW,2024,98.80,p,
ESTAT:PRC_HPI_HSVA(1.0),09/07/26 23:00:00,A,I25_A_AVG,PL,DW_NEW,2025,100.00,p,
ESTAT:PRC_HPI_HSVA(1.0),09/07/26 23:00:00,A,I25_A_AVG,PL,TOTAL,2015,29.26,p,
ESTAT:PRC_HPI_HSVA(1.0),09/07/26 23:00:00,A,I25_A_AVG,PL,TOTAL,2016,32.03,p,
ESTAT:PRC_HPI_HSVA(1.0),09/07/26 23:00:00,A,I25_A_AVG,PL,TOTAL,2017,36.13,p,
ESTAT:PRC_HPI_HSVA(1.0),09/07/26 23:00:00,A,I25_A_AVG,PL,TOTAL,2018,43.30,p,
ESTAT:PRC_HPI_HSVA(1.0),09/07/26 23:00:00,A,I25_A_AVG,PL,TOTAL,2019,47.25,p,
ESTAT:PRC_HPI_HSVA(1.0),09/07/26 23:00:00,A,I25_A_AVG,PL,TOTAL,2020,49.54,p,
ESTAT:PRC_HPI_HSVA(1.0),09/07/26 23:00:00,A,I25_A_AVG,PL,TOTAL,2021,67.75,p,
ESTAT:PRC_HPI_HSVA(1.0),09/07/26 23:00:00,A,I25_A_AVG,PL,TOTAL,2022,70.19,p,
ESTAT:PRC_HPI_HSVA(1.0),09/07/26 23:00:00,A,I25_A_AVG,PL,TOTAL,2023,81.40,p,
ESTAT:PRC_HPI_HSVA(1.0),09/07/26 23:00:00,A,I25_A_AVG,PL,TOTAL,2024,97.46,p,
ESTAT:PRC_HPI_HSVA(1.0),09/07/26 23:00:00,A,I25_A_AVG,PL,TOTAL,2025,100.00,p,
ESTAT:PRC_HPI_HSVA(1.0),09/07/26 23:00:00,A,I25_A_AVG,PT,DW_EXST,2009,15.95,e,
ESTAT:PRC_HPI_HSVA(1.0),09/07/26 23:00:00,A,I25_A_AVG,PT,DW_EXST,2010,18.26,e,
ESTAT:PRC_HPI_HSVA(1.0),09/07/26 23:00:00,A,I25_A_AVG,PT,DW_EXST,2011,13.28,e,
ESTAT:PRC_HPI_HSVA(1.0),09/07/26 23:00:00,A,I25_A_AVG,PT,DW_EXST,2012,10.81,e,
ESTAT:PRC_HPI_HSVA(1.0),09/07/26 23:00:00,A,I25_A_AVG,PT,DW_EXST,2013,11.73,e,
ESTAT:PRC_HPI_HSVA(1.0),09/07/26 23:00:00,A,I25_A_AVG,PT,DW_EXST,2014,14.97,e,
ESTAT:PRC_HPI_HSVA(1.0),09/07/26 23:00:00,A,I25_A_AVG,PT,DW_EXST,2015,22.43,e,
ESTAT:PRC_HPI_HSVA(1.0),09/07/26 23:00:00,A,I25_A_AVG,PT,DW_EXST,2016,29.15,e,
ESTAT:PRC_HPI_HSVA(1.0),09/07/26 23:00:00,A,I25_A_AVG,PT,DW_EXST,2017,39.91,e,
ESTAT:PRC_HPI_HSVA(1.0),09/07/26 23:00:00,A,I25_A_AVG,PT,DW_EXST,2018,50.00,e,
ESTAT:PRC_HPI_HSVA(1.0),09/07/26 23:00:00,A,I25_A_AVG,PT,DW_EXST,2019,54.72,,
ESTAT:PRC_HPI_HSVA(1.0),09/07/26 23:00:00,A,I25_A_AVG,PT,DW_EXST,2020,51.04,,
ESTAT:PRC_HPI_HSVA(1.0),09/07/26 23:00:00,A,I25_A_AVG,PT,DW_EXST,2021,69.05,,
ESTAT:PRC_HPI_HSVA(1.0),09/07/26 23:00:00,A,I25_A_AVG,PT,DW_EXST,2022,77.16,,
ESTAT:PRC_HPI_HSVA(1.0),09/07/26 23:00:00,A,I25_A_AVG,PT,DW_EXST,2023,62.86,,
ESTAT:PRC_HPI_HSVA(1.0),09/07/26 23:00:00,A,I25_A_AVG,PT,DW_EXST,2024,78.03,,
ESTAT:PRC_HPI_HSVA(1.0),09/07/26 23:00:00,A,I25_A_AVG,PT,DW_EXST,2025,100.00,,
ESTAT:PRC_HPI_HSVA(1.0),09/07/26 23:00:00,A,I25_A_AVG,PT,DW_NEW,2009,64.59,e,
ESTAT:PRC_HPI_HSVA(1.0),09/07/26 23:00:00,A,I25_A_AVG,PT,DW_NEW,2010,67.69,e,
ESTAT:PRC_HPI_HSVA(1.0),09/07/26 23:00:00,A,I25_A_AVG,PT,DW_NEW,2011,42.18,e,
ESTAT:PRC_HPI_HSVA(1.0),09/07/26 23:00:00,A,I25_A_AVG,PT,DW_NEW,2012,28.47,e,
ESTAT:PRC_HPI_HSVA(1.0),09/07/26 23:00:00,A,I25_A_AVG,PT,DW_NEW,2013,30.96,e,
ESTAT:PRC_HPI_HSVA(1.0),09/07/26 23:00:00,A,I25_A_AVG,PT,DW_NEW,2014,31.60,e,
ESTAT:PRC_HPI_HSVA(1.0),09/07/26 23:00:00,A,I25_A_AVG,PT,DW_NEW,2015,33.91,e,
ESTAT:PRC_HPI_HSVA(1.0),09/07/26 23:00:00,A,I25_A_AVG,PT,DW_NEW,2016,33.01,e,
ESTAT:PRC_HPI_HSVA(1.0),09/07/26 23:00:00,A,I25_A_AVG,PT,DW_NEW,2017,37.90,e,
ESTAT:PRC_HPI_HSVA(1.0),09/07/26 23:00:00,A,I25_A_AVG,PT,DW_NEW,2018,46.01,e,
ESTAT:PRC_HPI_HSVA(1.0),09/07/26 23:00:00,A,I25_A_AVG,PT,DW_NEW,2019,46.13,,
ESTAT:PRC_HPI_HSVA(1.0),09/07/26 23:00:00,A,I25_A_AVG,PT,DW_NEW,2020,51.05,,
ESTAT:PRC_HPI_HSVA(1.0),09/07/26 23:00:00,A,I25_A_AVG,PT,DW_NEW,2021,62.47,,
ESTAT:PRC_HPI_HSVA(1.0),09/07/26 23:00:00,A,I25_A_AVG,PT,DW_NEW,2022,73.67,,
ESTAT:PRC_HPI_HSVA(1.0),09/07/26 23:00:00,A,I25_A_AVG,PT,DW_NEW,2023,74.14,,
ESTAT:PRC_HPI_HSVA(1.0),09/07/26 23:00:00,A,I25_A_AVG,PT,DW_NEW,2024,87.29,,
ESTAT:PRC_HPI_HSVA(1.0),09/07/26 23:00:00,A,I25_A_AVG,PT,DW_NEW,2025,100.00,,
ESTAT:PRC_HPI_HSVA(1.0),09/07/26 23:00:00,A,I25_A_AVG,PT,TOTAL,2009,28.48,e,
ESTAT:PRC_HPI_HSVA(1.0),09/07/26 23:00:00,A,I25_A_AVG,PT,TOTAL,2010,31.00,e,
ESTAT:PRC_HPI_HSVA(1.0),09/07/26 23:00:00,A,I25_A_AVG,PT,TOTAL,2011,20.73,e,
ESTAT:PRC_HPI_HSVA(1.0),09/07/26 23:00:00,A,I25_A_AVG,PT,TOTAL,2012,15.36,e,
ESTAT:PRC_HPI_HSVA(1.0),09/07/26 23:00:00,A,I25_A_AVG,PT,TOTAL,2013,16.69,e,
ESTAT:PRC_HPI_HSVA(1.0),09/07/26 23:00:00,A,I25_A_AVG,PT,TOTAL,2014,19.25,e,
ESTAT:PRC_HPI_HSVA(1.0),09/07/26 23:00:00,A,I25_A_AVG,PT,TOTAL,2015,25.39,e,
ESTAT:PRC_HPI_HSVA(1.0),09/07/26 23:00:00,A,I25_A_AVG,PT,TOTAL,2016,30.15,e,
ESTAT:PRC_HPI_HSVA(1.0),09/07/26 23:00:00,A,I25_A_AVG,PT,TOTAL,2017,39.39,e,
ESTAT:PRC_HPI_HSVA(1.0),09/07/26 23:00:00,A,I25_A_AVG,PT,TOTAL,2018,48.97,e,
ESTAT:PRC_HPI_HSVA(1.0),09/07/26 23:00:00,A,I25_A_AVG,PT,TOTAL,2019,52.50,,
ESTAT:PRC_HPI_HSVA(1.0),09/07/26 23:00:00,A,I25_A_AVG,PT,TOTAL,2020,51.04,,
ESTAT:PRC_HPI_HSVA(1.0),09/07/26 23:00:00,A,I25_A_AVG,PT,TOTAL,2021,67.35,,
ESTAT:PRC_HPI_HSVA(1.0),09/07/26 23:00:00,A,I25_A_AVG,PT,TOTAL,2022,76.26,,
ESTAT:PRC_HPI_HSVA(1.0),09/07/26 23:00:00,A,I25_A_AVG,PT,TOTAL,2023,65.77,,
ESTAT:PRC_HPI_HSVA(1.0),09/07/26 23:00:00,A,I25_A_AVG,PT,TOTAL,2024,80.42,,
ESTAT:PRC_HPI_HSVA(1.0),09/07/26 23:00:00,A,I25_A_AVG,PT,TOTAL,2025,100.00,,
ESTAT:PRC_HPI_HSVA(1.0),09/07/26 23:00:00,A,I25_A_AVG,SE,TOTAL,2003,24.81,p,
ESTAT:PRC_HPI_HSVA(1.0),09/07/26 23:00:00,A,I25_A_AVG,SE,TOTAL,2004,29.41,p,
ESTAT:PRC_HPI_HSVA(1.0),09/07/26 23:00:00,A,I25_A_AVG,SE,TOTAL,2005,34.17,p,
ESTAT:PRC_HPI_HSVA(1.0),09/07/26 23:00:00,A,I25_A_AVG,SE,TOTAL,2006,39.44,p,
ESTAT:PRC_HPI_HSVA(1.0),09/07/26 23:00:00,A,I25_A_AVG,SE,TOTAL,2007,49.41,p,
ESTAT:PRC_HPI_HSVA(1.0),09/07/26 23:00:00,A,I25_A_AVG,SE,TOTAL,2008,44.89,p,
ESTAT:PRC_HPI_HSVA(1.0),09/07/26 23:00:00,A,I25_A_AVG,SE,TOTAL,2009,46.04,p,
ESTAT:PRC_HPI_HSVA(1.0),09/07/26 23:00:00,A,I25_A_AVG,SE,TOTAL,2010,49.05,p,
ESTAT:PRC_HPI_HSVA(1.0),09/07/26 23:00:00,A,I25_A_AVG,SE,TOTAL,2011,47.90,p,
ESTAT:PRC_HPI_HSVA(1.0),09/07/26 23:00:00,A,I25_A_AVG,SE,TOTAL,2012,49.81,p,
ESTAT:PRC_HPI_HSVA(1.0),09/07/26 23:00:00,A,I25_A_AVG,SE,TOTAL,2013,55.48,p,
ESTAT:PRC_HPI_HSVA(1.0),09/07/26 23:00:00,A,I25_A_AVG,SE,TOTAL,2014,63.03,p,
ESTAT:PRC_HPI_HSVA(1.0),09/07/26 23:00:00,A,I25_A_AVG,SE,TOTAL,2015,75.85,p,
ESTAT:PRC_HPI_HSVA(1.0),09/07/26 23:00:00,A,I25_A_AVG,SE,TOTAL,2016,80.09,p,
ESTAT:PRC_HPI_HSVA(1.0),09/07/26 23:00:00,A,I25_A_AVG,SE,TOTAL,2017,90.80,p,
ESTAT:PRC_HPI_HSVA(1.0),09/07/26 23:00:00,A,I25_A_AVG,SE,TOTAL,2018,85.79,p,
ESTAT:PRC_HPI_HSVA(1.0),09/07/26 23:00:00,A,I25_A_AVG,SE,TOTAL,2019,89.72,p,
ESTAT:PRC_HPI_HSVA(1.0),09/07/26 23:00:00,A,I25_A_AVG,SE,TOTAL,2020,98.49,p,
ESTAT:PRC_HPI_HSVA(1.0),09/07/26 23:00:00,A,I25_A_AVG,SE,TOTAL,2021,116.62,p,
ESTAT:PRC_HPI_HSVA(1.0),09/07/26 23:00:00,A,I25_A_AVG,SE,TOTAL,2022,105.97,p,
ESTAT:PRC_HPI_HSVA(1.0),09/07/26 23:00:00,A,I25_A_AVG,SE,TOTAL,2023,85.96,p,
ESTAT:PRC_HPI_HSVA(1.0),09/07/26 23:00:00,A,I25_A_AVG,SE,TOTAL,2024,96.66,p,
ESTAT:PRC_HPI_HSVA(1.0),09/07/26 23:00:00,A,I25_A_AVG,SE,TOTAL,2025,100.00,p,
ESTAT:PRC_HPI_HSVA(1.0),09/07/26 23:00:00,A,I25_A_AVG,SI,DW_EXST,2014,39.68,,
ESTAT:PRC_HPI_HSVA(1.0),09/07/26 23:00:00,A,I25_A_AVG,SI,DW_EXST,2015,46.07,,
ESTAT:PRC_HPI_HSVA(1.0),09/07/26 23:00:00,A,I25_A_AVG,SI,DW_EXST,2016,57.60,,
ESTAT:PRC_HPI_HSVA(1.0),09/07/26 23:00:00,A,I25_A_AVG,SI,DW_EXST,2017,64.51,,
ESTAT:PRC_HPI_HSVA(1.0),09/07/26 23:00:00,A,I25_A_AVG,SI,DW_EXST,2018,64.77,,
ESTAT:PRC_HPI_HSVA(1.0),09/07/26 23:00:00,A,I25_A_AVG,SI,DW_EXST,2019,70.25,,
ESTAT:PRC_HPI_HSVA(1.0),09/07/26 23:00:00,A,I25_A_AVG,SI,DW_EXST,2020,63.88,,
ESTAT:PRC_HPI_HSVA(1.0),09/07/26 23:00:00,A,I25_A_AVG,SI,DW_EXST,2021,85.15,,
ESTAT:PRC_HPI_HSVA(1.0),09/07/26 23:00:00,A,I25_A_AVG,SI,DW_EXST,2022,88.46,,
ESTAT:PRC_HPI_HSVA(1.0),09/07/26 23:00:00,A,I25_A_AVG,SI,DW_EXST,2023,72.88,,
ESTAT:PRC_HPI_HSVA(1.0),09/07/26 23:00:00,A,I25_A_AVG,SI,DW_EXST,2024,68.24,,
ESTAT:PRC_HPI_HSVA(1.0),09/07/26 23:00:00,A,I25_A_AVG,SI,DW_EXST,2025,100.00,,
ESTAT:PRC_HPI_HSVA(1.0),09/07/26 23:00:00,A,I25_A_AVG,SI,DW_NEW,2014,50.61,,
ESTAT:PRC_HPI_HSVA(1.0),09/07/26 23:00:00,A,I25_A_AVG,SI,DW_NEW,2015,80.05,,
ESTAT:PRC_HPI_HSVA(1.0),09/07/26 23:00:00,A,I25_A_AVG,SI,DW_NEW,2016,73.42,,
ESTAT:PRC_HPI_HSVA(1.0),09/07/26 23:00:00,A,I25_A_AVG,SI,DW_NEW,2017,116.34,,
ESTAT:PRC_HPI_HSVA(1.0),09/07/26 23:00:00,A,I25_A_AVG,SI,DW_NEW,2018,127.26,,
ESTAT:PRC_HPI_HSVA(1.0),09/07/26 23:00:00,A,I25_A_AVG,SI,DW_NEW,2019,70.42,,
ESTAT:PRC_HPI_HSVA(1.0),09/07/26 23:00:00,A,I25_A_AVG,SI,DW_NEW,2020,35.92,,
ESTAT:PRC_HPI_HSVA(1.0),09/07/26 23:00:00,A,I25_A_AVG,SI,DW_NEW,2021,90.57,,
ESTAT:PRC_HPI_HSVA(1.0),09/07/26 23:00:00,A,I25_A_AVG,SI,DW_NEW,2022,73.74,,
ESTAT:PRC_HPI_HSVA(1.0),09/07/26 23:00:00,A,I25_A_AVG,SI,DW_NEW,2023,149.10,,
ESTAT:PRC_HPI_HSVA(1.0),09/07/26 23:00:00,A,I25_A_AVG,SI,DW_NEW,2024,120.25,,
ESTAT:PRC_HPI_HSVA(1.0),09/07/26 23:00:00,A,I25_A_AVG,SI,DW_NEW,2025,100.00,,
ESTAT:PRC_HPI_HSVA(1.0),09/07/26 23:00:00,A,I25_A_AVG,SI,TOTAL,2006,56.66,,
ESTAT:PRC_HPI_HSVA(1.0),09/07/26 23:00:00,A,I25_A_AVG,SI,TOTAL,2007,71.41,,
ESTAT:PRC_HPI_HSVA(1.0),09/07/26 23:00:00,A,I25_A_AVG,SI,TOTAL,2008,50.83,,
ESTAT:PRC_HPI_HSVA(1.0),09/07/26 23:00:00,A,I25_A_AVG,SI,TOTAL,2009,38.60,,
ESTAT:PRC_HPI_HSVA(1.0),09/07/26 23:00:00,A,I25_A_AVG,SI,TOTAL,2010,54.40,,
ESTAT:PRC_HPI_HSVA(1.0),09/07/26 23:00:00,A,I25_A_AVG,SI,TOTAL,2011,44.68,,
ESTAT:PRC_HPI_HSVA(1.0),09/07/26 23:00:00,A,I25_A_AVG,SI,TOTAL,2012,38.58,,
ESTAT:PRC_HPI_HSVA(1.0),09/07/26 23:00:00,A,I25_A_AVG,SI,TOTAL,2013,29.55,,
ESTAT:PRC_HPI_HSVA(1.0),09/07/26 23:00:00,A,I25_A_AVG,SI,TOTAL,2014,40.70,,
ESTAT:PRC_HPI_HSVA(1.0),09/07/26 23:00:00,A,I25_A_AVG,SI,TOTAL,2015,49.24,,
ESTAT:PRC_HPI_HSVA(1.0),09/07/26 23:00:00,A,I25_A_AVG,SI,TOTAL,2016,59.08,,
ESTAT:PRC_HPI_HSVA(1.0),09/07/26 23:00:00,A,I25_A_AVG,SI,TOTAL,2017,69.35,,
ESTAT:PRC_HPI_HSVA(1.0),09/07/26 23:00:00,A,I25_A_AVG,SI,TOTAL,2018,70.61,,
ESTAT:PRC_HPI_HSVA(1.0),09/07/26 23:00:00,A,I25_A_AVG,SI,TOTAL,2019,70.26,,
ESTAT:PRC_HPI_HSVA(1.0),09/07/26 23:00:00,A,I25_A_AVG,SI,TOTAL,2020,61.26,,
ESTAT:PRC_HPI_HSVA(1.0),09/07/26 23:00:00,A,I25_A_AVG,SI,TOTAL,2021,85.66,,
ESTAT:PRC_HPI_HSVA(1.0),09/07/26 23:00:00,A,I25_A_AVG,SI,TOTAL,2022,87.09,,
ESTAT:PRC_HPI_HSVA(1.0),09/07/26 23:00:00,A,I25_A_AVG,SI,TOTAL,2023,80.00,,
ESTAT:PRC_HPI_HSVA(1.0),09/07/26 23:00:00,A,I25_A_AVG,SI,TOTAL,2024,73.10,,
ESTAT:PRC_HPI_HSVA(1.0),09/07/26 23:00:00,A,I25_A_AVG,SI,TOTAL,2025,100.00,,
ESTAT:PRC_HPI_HSVA(1.0),09/07/26 23:00:00,A,NAC,AT,DW_EXST,2015,8731532864,,
ESTAT:PRC_HPI_HSVA(1.0),09/07/26 23:00:00,A,NAC,AT,DW_EXST,2016,8347618823,,
ESTAT:PRC_HPI_HSVA(1.0),09/07/26 23:00:00,A,NAC,AT,DW_EXST,2017,9294997953,,
ESTAT:PRC_HPI_HSVA(1.0),09/07/26 23:00:00,A,NAC,AT,DW_EXST,2018,9984663943,,
ESTAT:PRC_HPI_HSVA(1.0),09/07/26 23:00:00,A,NAC,AT,DW_EXST,2019,11079718853,,
ESTAT:PRC_HPI_HSVA(1.0),09/07/26 23:00:00,A,NAC,AT,DW_EXST,2020,12180418207,,
ESTAT:PRC_HPI_HSVA(1.0),09/07/26 23:00:00,A,NAC,AT,DW_EXST,2021,14497829592,,
ESTAT:PRC_HPI_HSVA(1.0),09/07/26 23:00:00,A,NAC,AT,DW_EXST,2022,13547036081,,
ESTAT:PRC_HPI_HSVA(1.0),09/07/26 23:00:00,A,NAC,AT,DW_EXST,2023,10572964975,,
ESTAT:PRC_HPI_HSVA(1.0),09/07/26 23:00:00,A,NAC,AT,DW_EXST,2024,12139259629,p,
ESTAT:PRC_HPI_HSVA(1.0),09/07/26 23:00:00,A,NAC,AT,DW_EXST,2025,14760525069,ep,
ESTAT:PRC_HPI_HSVA(1.0),09/07/26 23:00:00,A,NAC,AT,DW_NEW,2015,3231079419,,
ESTAT:PRC_HPI_HSVA(1.0),09/07/26 23:00:00,A,NAC,AT,DW_NEW,2016,3458128479,,
ESTAT:PRC_HPI_HSVA(1.0),09/07/26 23:00:00,A,NAC,AT,DW_NEW,2017,3746801156,,
ESTAT:PRC_HPI_HSVA(1.0),09/07/26 23:00:00,A,NAC,AT,DW_NEW,2018,4071636783,,
ESTAT:PRC_HPI_HSVA(1.0),09/07/26 23:00:00,A,NAC,AT,DW_NEW,2019,5377611720,,
ESTAT:PRC_HPI_HSVA(1.0),09/07/26 23:00:00,A,NAC,AT,DW_NEW,2020,6475095478,,
ESTAT:PRC_HPI_HSVA(1.0),09/07/26 23:00:00,A,NAC,AT,DW_NEW,2021,7598871198,,
ESTAT:PRC_HPI_HSVA(1.0),09/07/26 23:00:00,A,NAC,AT,DW_NEW,2022,6112755463,,
ESTAT:PRC_HPI_HSVA(1.0),09/07/26 23:00:00,A,NAC,AT,DW_NEW,2023,2969264747,,
ESTAT:PRC_HPI_HSVA(1.0),09/07/26 23:00:00,A,NAC,AT,DW_NEW,2024,3170236729,p,
ESTAT:PRC_HPI_HSVA(1.0),09/07/26 23:00:00,A,NAC,AT,DW_NEW,2025,4272202898,ep,
ESTAT:PRC_HPI_HSVA(1.0),09/07/26 23:00:00,A,NAC,AT,TOTAL,2010,8345319841,,
ESTAT:PRC_HPI_HSVA(1.0),09/07/26 23:00:00,A,NAC,AT,TOTAL,2011,8943396586,,
ESTAT:PRC_HPI_HSVA(1.0),09/07/26 23:00:00,A,NAC,AT,TOTAL,2012,9440644606,,
ESTAT:PRC_HPI_HSVA(1.0),09/07/26 23:00:00,A,NAC,AT,TOTAL,2013,9349945409,,
ESTAT:PRC_HPI_HSVA(1.0),09/07/26 23:00:00,A,NAC,AT,TOTAL,2014,12080605937,,
ESTAT:PRC_HPI_HSVA(1.0),09/07/26 23:00:00,A,NAC,AT,TOTAL,2015,11962612282,,
ESTAT:PRC_HPI_HSVA(1.0),09/07/26 23:00:00,A,NAC,AT,TOTAL,2016,11805747302,,
ESTAT:PRC_HPI_HSVA(1.0),09/07/26 23:00:00,A,NAC,AT,TOTAL,2017,13041799109,,
ESTAT:PRC_HPI_HSVA(1.0),09/07/26 23:00:00,A,NAC,AT,TOTAL,2018,14056300727,,
ESTAT:PRC_HPI_HSVA(1.0),09/07/26 23:00:00,A,NAC,AT,TOTAL,2019,16457330573,,
ESTAT:PRC_HPI_HSVA(1.0),09/07/26 23:00:00,A,NAC,AT,TOTAL,2020,18655513685,,
ESTAT:PRC_HPI_HSVA(1.0),09/07/26 23:00:00,A,NAC,AT,TOTAL,2021,22096700790,,
ESTAT:PRC_HPI_HSVA(1.0),09/07/26 23:00:00,A,NAC,AT,TOTAL,2022,19659791545,,
ESTAT:PRC_HPI_HSVA(1.0),09/07/26 23:00:00,A,NAC,AT,TOTAL,2023,13542229722,,
ESTAT:PRC_HPI_HSVA(1.0),09/07/26 23:00:00,A,NAC,AT,TOTAL,2024,15309496357,p,
ESTAT:PRC_HPI_HSVA(1.0),09/07/26 23:00:00,A,NAC,AT,TOTAL,2025,19032727968,ep,
ESTAT:PRC_HPI_HSVA(1.0),09/07/26 23:00:00,A,NAC,BE,DW_EXST,2010,21572699417,,
ESTAT:PRC_HPI_HSVA(1.0),09/07/26 23:00:00,A,NAC,BE,DW_EXST,2011,24536459273,,
ESTAT:PRC_HPI_HSVA(1.0),09/07/26 23:00:00,A,NAC,BE,DW_EXST,2012,24322723850,,
ESTAT:PRC_HPI_HSVA(1.0),09/07/26 23:00:00,A,NAC,BE,DW_EXST,2013,24227928850,,
ESTAT:PRC_HPI_HSVA(1.0),09/07/26 23:00:00,A,NAC,BE,DW_EXST,2014,27407165280,,
ESTAT:PRC_HPI_HSVA(1.0),09/07/26 23:00:00,A,NAC,BE,DW_EXST,2015,21832536502,,
ESTAT:PRC_HPI_HSVA(1.0),09/07/26 23:00:00,A,NAC,BE,DW_EXST,2016,26979690464,,
ESTAT:PRC_HPI_HSVA(1.0),09/07/26 23:00:00,A,NAC,BE,DW_EXST,2017,29654517778,,
ESTAT:PRC_HPI_HSVA(1.0),09/07/26 23:00:00,A,NAC,BE,DW_EXST,2018,32170264075,,
ESTAT:PRC_HPI_HSVA(1.0),09/07/26 23:00:00,A,NAC,BE,DW_EXST,2019,38905306431,,
ESTAT:PRC_HPI_HSVA(1.0),09/07/26 23:00:00,A,NAC,BE,DW_EXST,2020,33723782980,,
ESTAT:PRC_HPI_HSVA(1.0),09/07/26 23:00:00,A,NAC,BE,DW_EXST,2021,43154515257,,
ESTAT:PRC_HPI_HSVA(1.0),09/07/26 23:00:00,A,NAC,BE,DW_EXST,2022,46500200338,,
ESTAT:PRC_HPI_HSVA(1.0),09/07/26 23:00:00,A,NAC,BE,DW_EXST,2023,39696526110,,
ESTAT:PRC_HPI_HSVA(1.0),09/07/26 23:00:00,A,NAC,BE,DW_EXST,2024,40219465536,,
ESTAT:PRC_HPI_HSVA(1.0),09/07/26 23:00:00,A,NAC,BE,DW_EXST,2025,50990019654,,
ESTAT:PRC_HPI_HSVA(1.0),09/07/26 23:00:00,A,NAC,BE,TOTAL,2005,24346251049,e,
ESTAT:PRC_HPI_HSVA(1.0),09/07/26 23:00:00,A,NAC,BE,TOTAL,2006,26759323267,e,
ESTAT:PRC_HPI_HSVA(1.0),09/07/26 23:00:00,A,NAC,BE,TOTAL,2007,29155112679,e,
ESTAT:PRC_HPI_HSVA(1.0),09/07/26 23:00:00,A,NAC,BE,TOTAL,2008,29162558375,e,
ESTAT:PRC_HPI_HSVA(1.0),09/07/26 23:00:00,A,NAC,BE,TOTAL,2009,27032357576,e,
ESTAT:PRC_HPI_HSVA(1.0),09/07/26 23:00:00,A,NAC,BE,TOTAL,2010,21572699417,d,
ESTAT:PRC_HPI_HSVA(1.0),09/07/26 23:00:00,A,NAC,BE,TOTAL,2011,24536459273,d,
ESTAT:PRC_HPI_HSVA(1.0),09/07/26 23:00:00,A,NAC,BE,TOTAL,2012,24322723850,d,
ESTAT:PRC_HPI_HSVA(1.0),09/07/26 23:00:00,A,NAC,BE,TOTAL,2013,24227928850,d,
ESTAT:PRC_HPI_HSVA(1.0),09/07/26 23:00:00,A,NAC,BE,TOTAL,2014,27407165280,d,
ESTAT:PRC_HPI_HSVA(1.0),09/07/26 23:00:00,A,NAC,BE,TOTAL,2015,21832536502,d,
ESTAT:PRC_HPI_HSVA(1.0),09/07/26 23:00:00,A,NAC,BE,TOTAL,2016,26979690464,d,
ESTAT:PRC_HPI_HSVA(1.0),09/07/26 23:00:00,A,NAC,BE,TOTAL,2017,29654517778,d,
ESTAT:PRC_HPI_HSVA(1.0),09/07/26 23:00:00,A,NAC,BE,TOTAL,2018,32170264075,d,
ESTAT:PRC_HPI_HSVA(1.0),09/07/26 23:00:00,A,NAC,BE,TOTAL,2019,38905306431,d,
ESTAT:PRC_HPI_HSVA(1.0),09/07/26 23:00:00,A,NAC,BE,TOTAL,2020,33723782980,d,
ESTAT:PRC_HPI_HSVA(1.0),09/07/26 23:00:00,A,NAC,BE,TOTAL,2021,43154515257,d,
ESTAT:PRC_HPI_HSVA(1.0),09/07/26 23:00:00,A,NAC,BE,TOTAL,2022,46500200338,d,
ESTAT:PRC_HPI_HSVA(1.0),09/07/26 23:00:00,A,NAC,BE,TOTAL,2023,39696526110,d,
ESTAT:PRC_HPI_HSVA(1.0),09/07/26 23:00:00,A,NAC,BE,TOTAL,2024,40219465536,d,
ESTAT:PRC_HPI_HSVA(1.0),09/07/26 23:00:00,A,NAC,BE,TOTAL,2025,50990019654,d,
ESTAT:PRC_HPI_HSVA(1.0),09/07/26 23:00:00,A,NAC,BG,DW_EXST,2017,1329062550,,
ESTAT:PRC_HPI_HSVA(1.0),09/07/26 23:00:00,A,NAC,BG,DW_EXST,2018,1459252729,,
ESTAT:PRC_HPI_HSVA(1.0),09/07/26 23:00:00,A,NAC,BG,DW_EXST,2019,1624206362,,
ESTAT:PRC_HPI_HSVA(1.0),09/07/26 23:00:00,A,NAC,BG,DW_EXST,2020,1435946723,,
ESTAT:PRC_HPI_HSVA(1.0),09/07/26 23:00:00,A,NAC,BG,DW_EXST,2021,2328621994,,
ESTAT:PRC_HPI_HSVA(1.0),09/07/26 23:00:00,A,NAC,BG,DW_EXST,2022,2643276282,,
ESTAT:PRC_HPI_HSVA(1.0),09/07/26 23:00:00,A,NAC,BG,DW_EXST,2023,2850838288,,
ESTAT:PRC_HPI_HSVA(1.0),09/07/26 23:00:00,A,NAC,BG,DW_EXST,2024,3539953761,,
ESTAT:PRC_HPI_HSVA(1.0),09/07/26 23:00:00,A,NAC,BG,DW_EXST,2025,3963411614,,
ESTAT:PRC_HPI_HSVA(1.0),09/07/26 23:00:00,A,NAC,BG,DW_NEW,2017,759856072,,
ESTAT:PRC_HPI_HSVA(1.0),09/07/26 23:00:00,A,NAC,BG,DW_NEW,2018,815536037,,
ESTAT:PRC_HPI_HSVA(1.0),09/07/26 23:00:00,A,NAC,BG,DW_NEW,2019,972718882,,
ESTAT:PRC_HPI_HSVA(1.0),09/07/26 23:00:00,A,NAC,BG,DW_NEW,2020,1018177070,,
ESTAT:PRC_HPI_HSVA(1.0),09/07/26 23:00:00,A,NAC,BG,DW_NEW,2021,1390635245,,
ESTAT:PRC_HPI_HSVA(1.0),09/07/26 23:00:00,A,NAC,BG,DW_NEW,2022,1697053839,,
ESTAT:PRC_HPI_HSVA(1.0),09/07/26 23:00:00,A,NAC,BG,DW_NEW,2023,1646288660,,
ESTAT:PRC_HPI_HSVA(1.0),09/07/26 23:00:00,A,NAC,BG,DW_NEW,2024,2309910679,,
ESTAT:PRC_HPI_HSVA(1.0),09/07/26 23:00:00,A,NAC,BG,DW_NEW,2025,2689602338,,
ESTAT:PRC_HPI_HSVA(1.0),09/07/26 23:00:00,A,NAC,BG,TOTAL,2006,2021187936,,
ESTAT:PRC_HPI_HSVA(1.0),09/07/26 23:00:00,A,NAC,BG,TOTAL,2007,1708975218,,
ESTAT:PRC_HPI_HSVA(1.0),09/07/26 23:00:00,A,NAC,BG,TOTAL,2008,2309569339,,
ESTAT:PRC_HPI_HSVA(1.0),09/07/26 23:00:00,A,NAC,BG,TOTAL,2009,1976016832,,
ESTAT:PRC_HPI_HSVA(1.0),09/07/26 23:00:00,A,NAC,BG,TOTAL,2010,1184023151,,
ESTAT:PRC_HPI_HSVA(1.0),09/07/26 23:00:00,A,NAC,BG,TOTAL,2011,1540802626,,
ESTAT:PRC_HPI_HSVA(1.0),09/07/26 23:00:00,A,NAC,BG,TOTAL,2012,1259623791,,
ESTAT:PRC_HPI_HSVA(1.0),09/07/26 23:00:00,A,NAC,BG,TOTAL,2013,1249570770,,
ESTAT:PRC_HPI_HSVA(1.0),09/07/26 23:00:00,A,NAC,BG,TOTAL,2014,1664032661,,
ESTAT:PRC_HPI_HSVA(1.0),09/07/26 23:00:00,A,NAC,BG,TOTAL,2015,1689556529,e,
ESTAT:PRC_HPI_HSVA(1.0),09/07/26 23:00:00,A,NAC,BG,TOTAL,2016,1901672441,be,
ESTAT:PRC_HPI_HSVA(1.0),09/07/26 23:00:00,A,NAC,BG,TOTAL,2017,2088918623,,
ESTAT:PRC_HPI_HSVA(1.0),09/07/26 23:00:00,A,NAC,BG,TOTAL,2018,2274788766,,
ESTAT:PRC_HPI_HSVA(1.0),09/07/26 23:00:00,A,NAC,BG,TOTAL,2019,2596925244,,
ESTAT:PRC_HPI_HSVA(1.0),09/07/26 23:00:00,A,NAC,BG,TOTAL,2020,2454123793,,
ESTAT:PRC_HPI_HSVA(1.0),09/07/26 23:00:00,A,NAC,BG,TOTAL,2021,3719257238,,
ESTAT:PRC_HPI_HSVA(1.0),09/07/26 23:00:00,A,NAC,BG,TOTAL,2022,4340330121,,
ESTAT:PRC_HPI_HSVA(1.0),09/07/26 23:00:00,A,NAC,BG,TOTAL,2023,4497126948,,
ESTAT:PRC_HPI_HSVA(1.0),09/07/26 23:00:00,A,NAC,BG,TOTAL,2024,5849864440,,
ESTAT:PRC_HPI_HSVA(1.0),09/07/26 23:00:00,A,NAC,BG,TOTAL,2025,6653013951,,
ESTAT:PRC_HPI_HSVA(1.0),09/07/26 23:00:00,A,NAC,DK,DW_EXST,2013,84230749904,,
ESTAT:PRC_HPI_HSVA(1.0),09/07/26 23:00:00,A,NAC,DK,DW_EXST,2014,98886371158,,
ESTAT:PRC_HPI_HSVA(1.0),09/07/26 23:00:00,A,NAC,DK,DW_EXST,2015,120410880632,,
ESTAT:PRC_HPI_HSVA(1.0),09/07/26 23:00:00,A,NAC,DK,DW_EXST,2016,130229478246,,
ESTAT:PRC_HPI_HSVA(1.0),09/07/26 23:00:00,A,NAC,DK,DW_EXST,2017,152851627295,,
ESTAT:PRC_HPI_HSVA(1.0),09/07/26 23:00:00,A,NAC,DK,DW_EXST,2018,154059934633,,
ESTAT:PRC_HPI_HSVA(1.0),09/07/26 23:00:00,A,NAC,DK,DW_EXST,2019,163084380696,,
ESTAT:PRC_HPI_HSVA(1.0),09/07/26 23:00:00,A,NAC,DK,DW_EXST,2020,206170377983,,
ESTAT:PRC_HPI_HSVA(1.0),09/07/26 23:00:00,A,NAC,DK,DW_EXST,2021,238721590446,d,
ESTAT:PRC_HPI_HSVA(1.0),09/07/26 23:00:00,A,NAC,DK,DW_EXST,2022,148114101225,,
ESTAT:PRC_HPI_HSVA(1.0),09/07/26 23:00:00,A,NAC,DK,DW_EXST,2023,181711872177,,
ESTAT:PRC_HPI_HSVA(1.0),09/07/26 23:00:00,A,NAC,DK,DW_EXST,2024,201585841089,,
ESTAT:PRC_HPI_HSVA(1.0),09/07/26 23:00:00,A,NAC,DK,DW_EXST,2025,252136878805,,
ESTAT:PRC_HPI_HSVA(1.0),09/07/26 23:00:00,A,NAC,DK,TOTAL,2002,89375209000,,
ESTAT:PRC_HPI_HSVA(1.0),09/07/26 23:00:00,A,NAC,DK,TOTAL,2003,98706639000,,
ESTAT:PRC_HPI_HSVA(1.0),09/07/26 23:00:00,A,NAC,DK,TOTAL,2004,124245000000,,
ESTAT:PRC_HPI_HSVA(1.0),09/07/26 23:00:00,A,NAC,DK,TOTAL,2005,153190000000,,
ESTAT:PRC_HPI_HSVA(1.0),09/07/26 23:00:00,A,NAC,DK,TOTAL,2006,150297000000,,
ESTAT:PRC_HPI_HSVA(1.0),09/07/26 23:00:00,A,NAC,DK,TOTAL,2007,149019000000,,
ESTAT:PRC_HPI_HSVA(1.0),09/07/26 23:00:00,A,NAC,DK,TOTAL,2008,116713000000,,
ESTAT:PRC_HPI_HSVA(1.0),09/07/26 23:00:00,A,NAC,DK,TOTAL,2009,97424129000,,
ESTAT:PRC_HPI_HSVA(1.0),09/07/26 23:00:00,A,NAC,DK,TOTAL,2010,116577000000,,
ESTAT:PRC_HPI_HSVA(1.0),09/07/26 23:00:00,A,NAC,DK,TOTAL,2011,94755229250,,
ESTAT:PRC_HPI_HSVA(1.0),09/07/26 23:00:00,A,NAC,DK,TOTAL,2012,98402019250,,
ESTAT:PRC_HPI_HSVA(1.0),09/07/26 23:00:00,A,NAC,DK,TOTAL,2013,84230749904,d,
ESTAT:PRC_HPI_HSVA(1.0),09/07/26 23:00:00,A,NAC,DK,TOTAL,2014,98886371158,d,
ESTAT:PRC_HPI_HSVA(1.0),09/07/26 23:00:00,A,NAC,DK,TOTAL,2015,120410880632,d,
ESTAT:PRC_HPI_HSVA(1.0),09/07/26 23:00:00,A,NAC,DK,TOTAL,2016,130229478246,d,
ESTAT:PRC_HPI_HSVA(1.0),09/07/26 23:00:00,A,NAC,DK,TOTAL,2017,152851627295,d,
ESTAT:PRC_HPI_HSVA(1.0),09/07/26 23:00:00,A,NAC,DK,TOTAL,2018,154059934633,d,
ESTAT:PRC_HPI_HSVA(1.0),09/07/26 23:00:00,A,NAC,DK,TOTAL,2019,163084380696,d,
ESTAT:PRC_HPI_HSVA(1.0),09/07/26 23:00:00,A,NAC,DK,TOTAL,2020,206170377983,d,
ESTAT:PRC_HPI_HSVA(1.0),09/07/26 23:00:00,A,NAC,DK,TOTAL,2021,238721590446,d,
ESTAT:PRC_HPI_HSVA(1.0),09/07/26 23:00:00,A,NAC,DK,TOTAL,2022,148114101225,,
ESTAT:PRC_HPI_HSVA(1.0),09/07/26 23:00:00,A,NAC,DK,TOTAL,2023,181711872177,,
ESTAT:PRC_HPI_HSVA(1.0),09/07/26 23:00:00,A,NAC,DK,TOTAL,2024,201585841089,d,
ESTAT:PRC_HPI_HSVA(1.0),09/07/26 23:00:00,A,NAC,DK,TOTAL,2025,252136878805,d,
ESTAT:PRC_HPI_HSVA(1.0),09/07/26 23:00:00,A,NAC,FI,DW_EXST,2015,11111711261,,
ESTAT:PRC_HPI_HSVA(1.0),09/07/26 23:00:00,A,NAC,FI,DW_EXST,2016,11367855685,,
ESTAT:PRC_HPI_HSVA(1.0),09/07/26 23:00:00,A,NAC,FI,DW_EXST,2017,11832855742,,
ESTAT:PRC_HPI_HSVA(1.0),09/07/26 23:00:00,A,NAC,FI,DW_EXST,2018,11389348155,,
ESTAT:PRC_HPI_HSVA(1.0),09/07/26 23:00:00,A,NAC,FI,DW_EXST,2019,12202165633,,
ESTAT:PRC_HPI_HSVA(1.0),09/07/26 23:00:00,A,NAC,FI,DW_EXST,2020,13756211325,,
ESTAT:PRC_HPI_HSVA(1.0),09/07/26 23:00:00,A,NAC,FI,DW_EXST,2021,16523071834,,
ESTAT:PRC_HPI_HSVA(1.0),09/07/26 23:00:00,A,NAC,FI,DW_EXST,2022,13497493391,,
ESTAT:PRC_HPI_HSVA(1.0),09/07/26 23:00:00,A,NAC,FI,DW_EXST,2023,9440044527,,
ESTAT:PRC_HPI_HSVA(1.0),09/07/26 23:00:00,A,NAC,FI,DW_EXST,2024,9971405741,,
ESTAT:PRC_HPI_HSVA(1.0),09/07/26 23:00:00,A,NAC,FI,DW_EXST,2025,11198538131,,
ESTAT:PRC_HPI_HSVA(1.0),09/07/26 23:00:00,A,NAC,FI,DW_NEW,2015,1659255831,,
ESTAT:PRC_HPI_HSVA(1.0),09/07/26 23:00:00,A,NAC,FI,DW_NEW,2016,1920960748,,
ESTAT:PRC_HPI_HSVA(1.0),09/07/26 23:00:00,A,NAC,FI,DW_NEW,2017,2243779091,,
ESTAT:PRC_HPI_HSVA(1.0),09/07/26 23:00:00,A,NAC,FI,DW_NEW,2018,2435446535,,
ESTAT:PRC_HPI_HSVA(1.0),09/07/26 23:00:00,A,NAC,FI,DW_NEW,2019,3076399621,,
ESTAT:PRC_HPI_HSVA(1.0),09/07/26 23:00:00,A,NAC,FI,DW_NEW,2020,3467466944,,
ESTAT:PRC_HPI_HSVA(1.0),09/07/26 23:00:00,A,NAC,FI,DW_NEW,2021,3319970036,,
ESTAT:PRC_HPI_HSVA(1.0),09/07/26 23:00:00,A,NAC,FI,DW_NEW,2022,3012104616,,
ESTAT:PRC_HPI_HSVA(1.0),09/07/26 23:00:00,A,NAC,FI,DW_NEW,2023,2365894245,,
ESTAT:PRC_HPI_HSVA(1.0),09/07/26 23:00:00,A,NAC,FI,DW_NEW,2024,1190588176,,
ESTAT:PRC_HPI_HSVA(1.0),09/07/26 23:00:00,A,NAC,FI,DW_NEW,2025,887235192,,
ESTAT:PRC_HPI_HSVA(1.0),09/07/26 23:00:00,A,NAC,FI,TOTAL,2009,14838206087,,
ESTAT:PRC_HPI_HSVA(1.0),09/07/26 23:00:00,A,NAC,FI,TOTAL,2010,14767969663,,
ESTAT:PRC_HPI_HSVA(1.0),09/07/26 23:00:00,A,NAC,FI,TOTAL,2011,15506945837,,
ESTAT:PRC_HPI_HSVA(1.0),09/07/26 23:00:00,A,NAC,FI,TOTAL,2012,17324642929,,
ESTAT:PRC_HPI_HSVA(1.0),09/07/26 23:00:00,A,NAC,FI,TOTAL,2013,15142847976,,
ESTAT:PRC_HPI_HSVA(1.0),09/07/26 23:00:00,A,NAC,FI,TOTAL,2014,14244750663,,
ESTAT:PRC_HPI_HSVA(1.0),09/07/26 23:00:00,A,NAC,FI,TOTAL,2015,12770967092,,
ESTAT:PRC_HPI_HSVA(1.0),09/07/26 23:00:00,A,NAC,FI,TOTAL,2016,13288816433,,
ESTAT:PRC_HPI_HSVA(1.0),09/07/26 23:00:00,A,NAC,FI,TOTAL,2017,14076634833,,
ESTAT:PRC_HPI_HSVA(1.0),09/07/26 23:00:00,A,NAC,FI,TOTAL,2018,13824794690,,
ESTAT:PRC_HPI_HSVA(1.0),09/07/26 23:00:00,A,NAC,FI,TOTAL,2019,15278565254,,
ESTAT:PRC_HPI_HSVA(1.0),09/07/26 23:00:00,A,NAC,FI,TOTAL,2020,17223678269,,
ESTAT:PRC_HPI_HSVA(1.0),09/07/26 23:00:00,A,NAC,FI,TOTAL,2021,19843041870,,
ESTAT:PRC_HPI_HSVA(1.0),09/07/26 23:00:00,A,NAC,FI,TOTAL,2022,16509598007,,
ESTAT:PRC_HPI_HSVA(1.0),09/07/26 23:00:00,A,NAC,FI,TOTAL,2023,11805938772,,
ESTAT:PRC_HPI_HSVA(1.0),09/07/26 23:00:00,A,NAC,FI,TOTAL,2024,11161993917,,
ESTAT:PRC_HPI_HSVA(1.0),09/07/26 23:00:00,A,NAC,FI,TOTAL,2025,12085773323,,
ESTAT:PRC_HPI_HSVA(1.0),09/07/26 23:00:00,A,NAC,FR,DW_EXST,2000,76712783322,,
ESTAT:PRC_HPI_HSVA(1.0),09/07/26 23:00:00,A,NAC,FR,DW_EXST,2001,79790922069,,
ESTAT:PRC_HPI_HSVA(1.0),09/07/26 23:00:00,A,NAC,FR,DW_EXST,2002,88609304844,,
ESTAT:PRC_HPI_HSVA(1.0),09/07/26 23:00:00,A,NAC,FR,DW_EXST,2003,98238929647,,
ESTAT:PRC_HPI_HSVA(1.0),09/07/26 23:00:00,A,NAC,FR,DW_EXST,2004,115672132697,,
ESTAT:PRC_HPI_HSVA(1.0),09/07/26 23:00:00,A,NAC,FR,DW_EXST,2005,135438613171,,
ESTAT:PRC_HPI_HSVA(1.0),09/07/26 23:00:00,A,NAC,FR,DW_EXST,2006,148931448359,,
ESTAT:PRC_HPI_HSVA(1.0),09/07/26 23:00:00,A,NAC,FR,DW_EXST,2007,156606646053,,
ESTAT:PRC_HPI_HSVA(1.0),09/07/26 23:00:00,A,NAC,FR,DW_EXST,2008,131127579705,,
ESTAT:PRC_HPI_HSVA(1.0),09/07/26 23:00:00,A,NAC,FR,DW_EXST,2009,107459763507,,
ESTAT:PRC_HPI_HSVA(1.0),09/07/26 23:00:00,A,NAC,FR,DW_EXST,2010,149974406758,,
ESTAT:PRC_HPI_HSVA(1.0),09/07/26 23:00:00,A,NAC,FR,DW_EXST,2011,161904987571,,
ESTAT:PRC_HPI_HSVA(1.0),09/07/26 23:00:00,A,NAC,FR,DW_EXST,2012,142804908537,,
ESTAT:PRC_HPI_HSVA(1.0),09/07/26 23:00:00,A,NAC,FR,DW_EXST,2013,141684376396,,
ESTAT:PRC_HPI_HSVA(1.0),09/07/26 23:00:00,A,NAC,FR,DW_EXST,2014,134708655015,,
ESTAT:PRC_HPI_HSVA(1.0),09/07/26 23:00:00,A,NAC,FR,DW_EXST,2015,156371502330,,
ESTAT:PRC_HPI_HSVA(1.0),09/07/26 23:00:00,A,NAC,FR,DW_EXST,2016,166662308874,,
ESTAT:PRC_HPI_HSVA(1.0),09/07/26 23:00:00,A,NAC,FR,DW_EXST,2017,194994724466,,
ESTAT:PRC_HPI_HSVA(1.0),09/07/26 23:00:00,A,NAC,FR,DW_EXST,2018,201170350446,,
ESTAT:PRC_HPI_HSVA(1.0),09/07/26 23:00:00,A,NAC,FR,DW_EXST,2019,229397151287,,
ESTAT:PRC_HPI_HSVA(1.0),09/07/26 23:00:00,A,NAC,FR,DW_EXST,2020,228923599627,,
ESTAT:PRC_HPI_HSVA(1.0),09/07/26 23:00:00,A,NAC,FR,DW_EXST,2021,290388914991,,
ESTAT:PRC_HPI_HSVA(1.0),09/07/26 23:00:00,A,NAC,FR,DW_EXST,2022,288066056857,,
ESTAT:PRC_HPI_HSVA(1.0),09/07/26 23:00:00,A,NAC,FR,DW_EXST,2023,226085154883,,
ESTAT:PRC_HPI_HSVA(1.0),09/07/26 23:00:00,A,NAC,FR,DW_EXST,2024,198168951274,,
ESTAT:PRC_HPI_HSVA(1.0),09/07/26 23:00:00,A,NAC,FR,DW_EXST,2025,234066273660,,
ESTAT:PRC_HPI_HSVA(1.0),09/07/26 23:00:00,A,NAC,FR,DW_NEW,2006,29495867469,,
ESTAT:PRC_HPI_HSVA(1.0),09/07/26 23:00:00,A,NAC,FR,DW_NEW,2007,30640718631,,
ESTAT:PRC_HPI_HSVA(1.0),09/07/26 23:00:00,A,NAC,FR,DW_NEW,2008,20322342045,,
ESTAT:PRC_HPI_HSVA(1.0),09/07/26 23:00:00,A,NAC,FR,DW_NEW,2009,26195630395,,
ESTAT:PRC_HPI_HSVA(1.0),09/07/26 23:00:00,A,NAC,FR,DW_NEW,2010,28610352988,,
ESTAT:PRC_HPI_HSVA(1.0),09/07/26 23:00:00,A,NAC,FR,DW_NEW,2011,26546980333,,
ESTAT:PRC_HPI_HSVA(1.0),09/07/26 23:00:00,A,NAC,FR,DW_NEW,2012,23810434048,,
ESTAT:PRC_HPI_HSVA(1.0),09/07/26 23:00:00,A,NAC,FR,DW_NEW,2013,23617301840,,
ESTAT:PRC_HPI_HSVA(1.0),09/07/26 23:00:00,A,NAC,FR,DW_NEW,2014,22987343589,,
ESTAT:PRC_HPI_HSVA(1.0),09/07/26 23:00:00,A,NAC,FR,DW_NEW,2015,27084964678,,
ESTAT:PRC_HPI_HSVA(1.0),09/07/26 23:00:00,A,NAC,FR,DW_NEW,2016,34271336171,,
ESTAT:PRC_HPI_HSVA(1.0),09/07/26 23:00:00,A,NAC,FR,DW_NEW,2017,37278923783,,
ESTAT:PRC_HPI_HSVA(1.0),09/07/26 23:00:00,A,NAC,FR,DW_NEW,2018,37713356880,,
ESTAT:PRC_HPI_HSVA(1.0),09/07/26 23:00:00,A,NAC,FR,DW_NEW,2019,40175937634,,
ESTAT:PRC_HPI_HSVA(1.0),09/07/26 23:00:00,A,NAC,FR,DW_NEW,2020,32664799420,,
ESTAT:PRC_HPI_HSVA(1.0),09/07/26 23:00:00,A,NAC,FR,DW_NEW,2021,39358644968,,
ESTAT:PRC_HPI_HSVA(1.0),09/07/26 23:00:00,A,NAC,FR,DW_NEW,2022,36274861791,,
ESTAT:PRC_HPI_HSVA(1.0),09/07/26 23:00:00,A,NAC,FR,DW_NEW,2023,23599590330,,
ESTAT:PRC_HPI_HSVA(1.0),09/07/26 23:00:00,A,NAC,FR,DW_NEW,2024,21288949653,,
ESTAT:PRC_HPI_HSVA(1.0),09/07/26 23:00:00,A,NAC,FR,DW_NEW,2025,20602609516,,
ESTAT:PRC_HPI_HSVA(1.0),09/07/26 23:00:00,A,NAC,FR,TOTAL,1998,67500679923,e,
ESTAT:PRC_HPI_HSVA(1.0),09/07/26 23:00:00,A,NAC,FR,TOTAL,1999,81783073394,e,
ESTAT:PRC_HPI_HSVA(1.0),09/07/26 23:00:00,A,NAC,FR,TOTAL,2000,91941801836,e,
ESTAT:PRC_HPI_HSVA(1.0),09/07/26 23:00:00,A,NAC,FR,TOTAL,2001,95534522870,e,
ESTAT:PRC_HPI_HSVA(1.0),09/07/26 23:00:00,A,NAC,FR,TOTAL,2002,105162307316,e,
ESTAT:PRC_HPI_HSVA(1.0),09/07/26 23:00:00,A,NAC,FR,TOTAL,2003,116648395746,e,
ESTAT:PRC_HPI_HSVA(1.0),09/07/26 23:00:00,A,NAC,FR,TOTAL,2004,136664984365,e,
ESTAT:PRC_HPI_HSVA(1.0),09/07/26 23:00:00,A,NAC,FR,TOTAL,2005,157194818846,e,
ESTAT:PRC_HPI_HSVA(1.0),09/07/26 23:00:00,A,NAC,FR,TOTAL,2006,178427315828,,
ESTAT:PRC_HPI_HSVA(1.0),09/07/26 23:00:00,A,NAC,FR,TOTAL,2007,187247364684,,
ESTAT:PRC_HPI_HSVA(1.0),09/07/26 23:00:00,A,NAC,FR,TOTAL,2008,151449921750,,
ESTAT:PRC_HPI_HSVA(1.0),09/07/26 23:00:00,A,NAC,FR,TOTAL,2009,133655393902,,
ESTAT:PRC_HPI_HSVA(1.0),09/07/26 23:00:00,A,NAC,FR,TOTAL,2010,178584759746,,
ESTAT:PRC_HPI_HSVA(1.0),09/07/26 23:00:00,A,NAC,FR,TOTAL,2011,188451967904,,
ESTAT:PRC_HPI_HSVA(1.0),09/07/26 23:00:00,A,NAC,FR,TOTAL,2012,166615342585,,
ESTAT:PRC_HPI_HSVA(1.0),09/07/26 23:00:00,A,NAC,FR,TOTAL,2013,165301678236,,
ESTAT:PRC_HPI_HSVA(1.0),09/07/26 23:00:00,A,NAC,FR,TOTAL,2014,157695998604,,
ESTAT:PRC_HPI_HSVA(1.0),09/07/26 23:00:00,A,NAC,FR,TOTAL,2015,183456467008,,
ESTAT:PRC_HPI_HSVA(1.0),09/07/26 23:00:00,A,NAC,FR,TOTAL,2016,200933645045,,
ESTAT:PRC_HPI_HSVA(1.0),09/07/26 23:00:00,A,NAC,FR,TOTAL,2017,232273648249,,
ESTAT:PRC_HPI_HSVA(1.0),09/07/26 23:00:00,A,NAC,FR,TOTAL,2018,238883707326,,
ESTAT:PRC_HPI_HSVA(1.0),09/07/26 23:00:00,A,NAC,FR,TOTAL,2019,269573088921,,
ESTAT:PRC_HPI_HSVA(1.0),09/07/26 23:00:00,A,NAC,FR,TOTAL,2020,261588399047,,
ESTAT:PRC_HPI_HSVA(1.0),09/07/26 23:00:00,A,NAC,FR,TOTAL,2021,329747559959,,
ESTAT:PRC_HPI_HSVA(1.0),09/07/26 23:00:00,A,NAC,FR,TOTAL,2022,324340918648,,
ESTAT:PRC_HPI_HSVA(1.0),09/07/26 23:00:00,A,NAC,FR,TOTAL,2023,249684745213,,
ESTAT:PRC_HPI_HSVA(1.0),09/07/26 23:00:00,A,NAC,FR,TOTAL,2024,219457900926,,
ESTAT:PRC_HPI_HSVA(1.0),09/07/26 23:00:00,A,NAC,FR,TOTAL,2025,254668883175,,
ESTAT:PRC_HPI_HSVA(1.0),09/07/26 23:00:00,A,NAC,HR,DW_EXST,2008,968420442,,
ESTAT:PRC_HPI_HSVA(1.0),09/07/26 23:00:00,A,NAC,HR,DW_EXST,2009,649700801,,
ESTAT:PRC_HPI_HSVA(1.0),09/07/26 23:00:00,A,NAC,HR,DW_EXST,2010,633930285,,
ESTAT:PRC_HPI_HSVA(1.0),09/07/26 23:00:00,A,NAC,HR,DW_EXST,2011,696861911,,
ESTAT:PRC_HPI_HSVA(1.0),09/07/26 23:00:00,A,NAC,HR,DW_EXST,2012,684755093,,
ESTAT:PRC_HPI_HSVA(1.0),09/07/26 23:00:00,A,NAC,HR,DW_EXST,2013,693209268,,
ESTAT:PRC_HPI_HSVA(1.0),09/07/26 23:00:00,A,NAC,HR,DW_EXST,2014,739497449,,
ESTAT:PRC_HPI_HSVA(1.0),09/07/26 23:00:00,A,NAC,HR,DW_EXST,2015,822700702,,
ESTAT:PRC_HPI_HSVA(1.0),09/07/26 23:00:00,A,NAC,HR,DW_EXST,2016,1074735886,,
ESTAT:PRC_HPI_HSVA(1.0),09/07/26 23:00:00,A,NAC,HR,DW_EXST,2017,1070227483,,
ESTAT:PRC_HPI_HSVA(1.0),09/07/26 23:00:00,A,NAC,HR,DW_EXST,2018,1183313993,,
ESTAT:PRC_HPI_HSVA(1.0),09/07/26 23:00:00,A,NAC,HR,DW_EXST,2019,1407725605,,
ESTAT:PRC_HPI_HSVA(1.0),09/07/26 23:00:00,A,NAC,HR,DW_EXST,2020,1292603673,,
ESTAT:PRC_HPI_HSVA(1.0),09/07/26 23:00:00,A,NAC,HR,DW_EXST,2021,1921879739,,
ESTAT:PRC_HPI_HSVA(1.0),09/07/26 23:00:00,A,NAC,HR,DW_EXST,2022,2258784581,,
ESTAT:PRC_HPI_HSVA(1.0),09/07/26 23:00:00,A,NAC,HR,DW_EXST,2023,1963133026,,
ESTAT:PRC_HPI_HSVA(1.0),09/07/26 23:00:00,A,NAC,HR,DW_EXST,2024,1764237188,,
ESTAT:PRC_HPI_HSVA(1.0),09/07/26 23:00:00,A,NAC,HR,DW_EXST,2025,1810724488,,
ESTAT:PRC_HPI_HSVA(1.0),09/07/26 23:00:00,A,NAC,HR,DW_NEW,2008,532684065,,
ESTAT:PRC_HPI_HSVA(1.0),09/07/26 23:00:00,A,NAC,HR,DW_NEW,2009,500847793,,
ESTAT:PRC_HPI_HSVA(1.0),09/07/26 23:00:00,A,NAC,HR,DW_NEW,2010,410187057,,
ESTAT:PRC_HPI_HSVA(1.0),09/07/26 23:00:00,A,NAC,HR,DW_NEW,2011,404416678,,
ESTAT:PRC_HPI_HSVA(1.0),09/07/26 23:00:00,A,NAC,HR,DW_NEW,2012,561364200,,
ESTAT:PRC_HPI_HSVA(1.0),09/07/26 23:00:00,A,NAC,HR,DW_NEW,2013,462409156,,
ESTAT:PRC_HPI_HSVA(1.0),09/07/26 23:00:00,A,NAC,HR,DW_NEW,2014,470569256,,
ESTAT:PRC_HPI_HSVA(1.0),09/07/26 23:00:00,A,NAC,HR,DW_NEW,2015,191450042,,
ESTAT:PRC_HPI_HSVA(1.0),09/07/26 23:00:00,A,NAC,HR,DW_NEW,2016,236216879,,
ESTAT:PRC_HPI_HSVA(1.0),09/07/26 23:00:00,A,NAC,HR,DW_NEW,2017,343535806,,
ESTAT:PRC_HPI_HSVA(1.0),09/07/26 23:00:00,A,NAC,HR,DW_NEW,2018,360911975,,
ESTAT:PRC_HPI_HSVA(1.0),09/07/26 23:00:00,A,NAC,HR,DW_NEW,2019,477600212,,
ESTAT:PRC_HPI_HSVA(1.0),09/07/26 23:00:00,A,NAC,HR,DW_NEW,2020,572337673,,
ESTAT:PRC_HPI_HSVA(1.0),09/07/26 23:00:00,A,NAC,HR,DW_NEW,2021,846298599,,
ESTAT:PRC_HPI_HSVA(1.0),09/07/26 23:00:00,A,NAC,HR,DW_NEW,2022,959581239,,
ESTAT:PRC_HPI_HSVA(1.0),09/07/26 23:00:00,A,NAC,HR,DW_NEW,2023,945109274,,
ESTAT:PRC_HPI_HSVA(1.0),09/07/26 23:00:00,A,NAC,HR,DW_NEW,2024,944447513,,
ESTAT:PRC_HPI_HSVA(1.0),09/07/26 23:00:00,A,NAC,HR,DW_NEW,2025,1068874498,,
ESTAT:PRC_HPI_HSVA(1.0),09/07/26 23:00:00,A,NAC,HR,TOTAL,2008,1501104507,,
ESTAT:PRC_HPI_HSVA(1.0),09/07/26 23:00:00,A,NAC,HR,TOTAL,2009,1150548594,,
ESTAT:PRC_HPI_HSVA(1.0),09/07/26 23:00:00,A,NAC,HR,TOTAL,2010,1044117342,,
ESTAT:PRC_HPI_HSVA(1.0),09/07/26 23:00:00,A,NAC,HR,TOTAL,2011,1101278589,,
ESTAT:PRC_HPI_HSVA(1.0),09/07/26 23:00:00,A,NAC,HR,TOTAL,2012,1246119293,,
ESTAT:PRC_HPI_HSVA(1.0),09/07/26 23:00:00,A,NAC,HR,TOTAL,2013,1155618424,,
ESTAT:PRC_HPI_HSVA(1.0),09/07/26 23:00:00,A,NAC,HR,TOTAL,2014,1210066705,,
ESTAT:PRC_HPI_HSVA(1.0),09/07/26 23:00:00,A,NAC,HR,TOTAL,2015,1014150744,,
ESTAT:PRC_HPI_HSVA(1.0),09/07/26 23:00:00,A,NAC,HR,TOTAL,2016,1310952765,,
ESTAT:PRC_HPI_HSVA(1.0),09/07/26 23:00:00,A,NAC,HR,TOTAL,2017,1413763289,,
ESTAT:PRC_HPI_HSVA(1.0),09/07/26 23:00:00,A,NAC,HR,TOTAL,2018,1544225968,,
ESTAT:PRC_HPI_HSVA(1.0),09/07/26 23:00:00,A,NAC,HR,TOTAL,2019,1885325817,,
ESTAT:PRC_HPI_HSVA(1.0),09/07/26 23:00:00,A,NAC,HR,TOTAL,2020,1864941346,,
ESTAT:PRC_HPI_HSVA(1.0),09/07/26 23:00:00,A,NAC,HR,TOTAL,2021,2768178338,,
ESTAT:PRC_HPI_HSVA(1.0),09/07/26 23:00:00,A,NAC,HR,TOTAL,2022,3218365820,,
ESTAT:PRC_HPI_HSVA(1.0),09/07/26 23:00:00,A,NAC,HR,TOTAL,2023,2908242300,,
ESTAT:PRC_HPI_HSVA(1.0),09/07/26 23:00:00,A,NAC,HR,TOTAL,2024,2708684701,,
ESTAT:PRC_HPI_HSVA(1.0),09/07/26 23:00:00,A,NAC,HR,TOTAL,2025,2879598986,,
ESTAT:PRC_HPI_HSVA(1.0),09/07/26 23:00:00,A,NAC,HU,DW_EXST,2007,2095095484098,,
ESTAT:PRC_HPI_HSVA(1.0),09/07/26 23:00:00,A,NAC,HU,DW_EXST,2008,1463517969093,,
ESTAT:PRC_HPI_HSVA(1.0),09/07/26 23:00:00,A,NAC,HU,DW_EXST,2009,810857832956,,
ESTAT:PRC_HPI_HSVA(1.0),09/07/26 23:00:00,A,NAC,HU,DW_EXST,2010,895560302055,,
ESTAT:PRC_HPI_HSVA(1.0),09/07/26 23:00:00,A,NAC,HU,DW_EXST,2011,842249531110,,
ESTAT:PRC_HPI_HSVA(1.0),09/07/26 23:00:00,A,NAC,HU,DW_EXST,2012,822393758389,,
ESTAT:PRC_HPI_HSVA(1.0),09/07/26 23:00:00,A,NAC,HU,DW_EXST,2013,828270386433,,
ESTAT:PRC_HPI_HSVA(1.0),09/07/26 23:00:00,A,NAC,HU,DW_EXST,2014,1118774604342,,
ESTAT:PRC_HPI_HSVA(1.0),09/07/26 23:00:00,A,NAC,HU,DW_EXST,2015,1508352984715,,
ESTAT:PRC_HPI_HSVA(1.0),09/07/26 23:00:00,A,NAC,HU,DW_EXST,2016,1770146470500,,
ESTAT:PRC_HPI_HSVA(1.0),09/07/26 23:00:00,A,NAC,HU,DW_EXST,2017,2034796337044,,
ESTAT:PRC_HPI_HSVA(1.0),09/07/26 23:00:00,A,NAC,HU,DW_EXST,2018,2428036970325,,
ESTAT:PRC_HPI_HSVA(1.0),09/07/26 23:00:00,A,NAC,HU,DW_EXST,2019,2653897399056,,
ESTAT:PRC_HPI_HSVA(1.0),09/07/26 23:00:00,A,NAC,HU,DW_EXST,2020,2353877168547,,
ESTAT:PRC_HPI_HSVA(1.0),09/07/26 23:00:00,A,NAC,HU,DW_EXST,2021,3403839142428,,
ESTAT:PRC_HPI_HSVA(1.0),09/07/26 23:00:00,A,NAC,HU,DW_EXST,2022,3657242850178,,
ESTAT:PRC_HPI_HSVA(1.0),09/07/26 23:00:00,A,NAC,HU,DW_EXST,2023,2749353785283,,
ESTAT:PRC_HPI_HSVA(1.0),09/07/26 23:00:00,A,NAC,HU,DW_EXST,2024,4408476499685,,
ESTAT:PRC_HPI_HSVA(1.0),09/07/26 23:00:00,A,NAC,HU,DW_EXST,2025,6185274707010,ep,
ESTAT:PRC_HPI_HSVA(1.0),09/07/26 23:00:00,A,NAC,HU,DW_NEW,2007,104339102325,,
ESTAT:PRC_HPI_HSVA(1.0),09/07/26 23:00:00,A,NAC,HU,DW_NEW,2008,236441900107,,
ESTAT:PRC_HPI_HSVA(1.0),09/07/26 23:00:00,A,NAC,HU,DW_NEW,2009,138389730331,,
ESTAT:PRC_HPI_HSVA(1.0),09/07/26 23:00:00,A,NAC,HU,DW_NEW,2010,77619303920,,
ESTAT:PRC_HPI_HSVA(1.0),09/07/26 23:00:00,A,NAC,HU,DW_NEW,2011,60069225228,,
ESTAT:PRC_HPI_HSVA(1.0),09/07/26 23:00:00,A,NAC,HU,DW_NEW,2012,40966957181,,
ESTAT:PRC_HPI_HSVA(1.0),09/07/26 23:00:00,A,NAC,HU,DW_NEW,2013,36600458851,,
ESTAT:PRC_HPI_HSVA(1.0),09/07/26 23:00:00,A,NAC,HU,DW_NEW,2014,55078037266,,
ESTAT:PRC_HPI_HSVA(1.0),09/07/26 23:00:00,A,NAC,HU,DW_NEW,2015,62170451547,,
ESTAT:PRC_HPI_HSVA(1.0),09/07/26 23:00:00,A,NAC,HU,DW_NEW,2016,94602492884,,
ESTAT:PRC_HPI_HSVA(1.0),09/07/26 23:00:00,A,NAC,HU,DW_NEW,2017,136827357532,,
ESTAT:PRC_HPI_HSVA(1.0),09/07/26 23:00:00,A,NAC,HU,DW_NEW,2018,251424249485,,
ESTAT:PRC_HPI_HSVA(1.0),09/07/26 23:00:00,A,NAC,HU,DW_NEW,2019,354500053395,,
ESTAT:PRC_HPI_HSVA(1.0),09/07/26 23:00:00,A,NAC,HU,DW_NEW,2020,335817361869,,
ESTAT:PRC_HPI_HSVA(1.0),09/07/26 23:00:00,A,NAC,HU,DW_NEW,2021,558280592904,,
ESTAT:PRC_HPI_HSVA(1.0),09/07/26 23:00:00,A,NAC,HU,DW_NEW,2022,586573668215,,
ESTAT:PRC_HPI_HSVA(1.0),09/07/26 23:00:00,A,NAC,HU,DW_NEW,2023,389136729856,,
ESTAT:PRC_HPI_HSVA(1.0),09/07/26 23:00:00,A,NAC,HU,DW_NEW,2024,546110183745,,
ESTAT:PRC_HPI_HSVA(1.0),09/07/26 23:00:00,A,NAC,HU,DW_NEW,2025,787309830919,ep,
ESTAT:PRC_HPI_HSVA(1.0),09/07/26 23:00:00,A,NAC,HU,TOTAL,2007,2199434586423,,
ESTAT:PRC_HPI_HSVA(1.0),09/07/26 23:00:00,A,NAC,HU,TOTAL,2008,1699959869200,,
ESTAT:PRC_HPI_HSVA(1.0),09/07/26 23:00:00,A,NAC,HU,TOTAL,2009,949247563287,,
ESTAT:PRC_HPI_HSVA(1.0),09/07/26 23:00:00,A,NAC,HU,TOTAL,2010,973179605975,,
ESTAT:PRC_HPI_HSVA(1.0),09/07/26 23:00:00,A,NAC,HU,TOTAL,2011,902318756338,,
ESTAT:PRC_HPI_HSVA(1.0),09/07/26 23:00:00,A,NAC,HU,TOTAL,2012,863360715570,,
ESTAT:PRC_HPI_HSVA(1.0),09/07/26 23:00:00,A,NAC,HU,TOTAL,2013,864870845284,,
ESTAT:PRC_HPI_HSVA(1.0),09/07/26 23:00:00,A,NAC,HU,TOTAL,2014,1173852641608,,
ESTAT:PRC_HPI_HSVA(1.0),09/07/26 23:00:00,A,NAC,HU,TOTAL,2015,1570523436262,,
ESTAT:PRC_HPI_HSVA(1.0),09/07/26 23:00:00,A,NAC,HU,TOTAL,2016,1864748963384,,
ESTAT:PRC_HPI_HSVA(1.0),09/07/26 23:00:00,A,NAC,HU,TOTAL,2017,2171623694576,,
ESTAT:PRC_HPI_HSVA(1.0),09/07/26 23:00:00,A,NAC,HU,TOTAL,2018,2679461219810,,
ESTAT:PRC_HPI_HSVA(1.0),09/07/26 23:00:00,A,NAC,HU,TOTAL,2019,3008397452451,,
ESTAT:PRC_HPI_HSVA(1.0),09/07/26 23:00:00,A,NAC,HU,TOTAL,2020,2689694530416,,
ESTAT:PRC_HPI_HSVA(1.0),09/07/26 23:00:00,A,NAC,HU,TOTAL,2021,3962119735332,,
ESTAT:PRC_HPI_HSVA(1.0),09/07/26 23:00:00,A,NAC,HU,TOTAL,2022,4243816518393,,
ESTAT:PRC_HPI_HSVA(1.0),09/07/26 23:00:00,A,NAC,HU,TOTAL,2023,3138490515139,,
ESTAT:PRC_HPI_HSVA(1.0),09/07/26 23:00:00,A,NAC,HU,TOTAL,2024,4954586683429,,
ESTAT:PRC_HPI_HSVA(1.0),09/07/26 23:00:00,A,NAC,HU,TOTAL,2025,6972584537930,ep,
ESTAT:PRC_HPI_HSVA(1.0),09/07/26 23:00:00,A,NAC,IE,DW_EXST,2010,3443053518,,
ESTAT:PRC_HPI_HSVA(1.0),09/07/26 23:00:00,A,NAC,IE,DW_EXST,2011,2905855583,,
ESTAT:PRC_HPI_HSVA(1.0),09/07/26 23:00:00,A,NAC,IE,DW_EXST,2012,3710303570,,
ESTAT:PRC_HPI_HSVA(1.0),09/07/26 23:00:00,A,NAC,IE,DW_EXST,2013,4515797426,,
ESTAT:PRC_HPI_HSVA(1.0),09/07/26 23:00:00,A,NAC,IE,DW_EXST,2014,6656523065,,
ESTAT:PRC_HPI_HSVA(1.0),09/07/26 23:00:00,A,NAC,IE,DW_EXST,2015,7706997933,,
ESTAT:PRC_HPI_HSVA(1.0),09/07/26 23:00:00,A,NAC,IE,DW_EXST,2016,8197573546,,
ESTAT:PRC_HPI_HSVA(1.0),09/07/26 23:00:00,A,NAC,IE,DW_EXST,2017,9304015786,,
ESTAT:PRC_HPI_HSVA(1.0),09/07/26 23:00:00,A,NAC,IE,DW_EXST,2018,9724751732,,
ESTAT:PRC_HPI_HSVA(1.0),09/07/26 23:00:00,A,NAC,IE,DW_EXST,2019,10119766092,,
ESTAT:PRC_HPI_HSVA(1.0),09/07/26 23:00:00,A,NAC,IE,DW_EXST,2020,8566201632,,
ESTAT:PRC_HPI_HSVA(1.0),09/07/26 23:00:00,A,NAC,IE,DW_EXST,2021,12166806961,,
ESTAT:PRC_HPI_HSVA(1.0),09/07/26 23:00:00,A,NAC,IE,DW_EXST,2022,14041480982,,
ESTAT:PRC_HPI_HSVA(1.0),09/07/26 23:00:00,A,NAC,IE,DW_EXST,2023,14560537766,,
ESTAT:PRC_HPI_HSVA(1.0),09/07/26 23:00:00,A,NAC,IE,DW_EXST,2024,14926057910,,
ESTAT:PRC_HPI_HSVA(1.0),09/07/26 23:00:00,A,NAC,IE,DW_EXST,2025,16033525481,,
ESTAT:PRC_HPI_HSVA(1.0),09/07/26 23:00:00,A,NAC,IE,DW_NEW,2010,1156538570,,
ESTAT:PRC_HPI_HSVA(1.0),09/07/26 23:00:00,A,NAC,IE,DW_NEW,2011,497230038,,
ESTAT:PRC_HPI_HSVA(1.0),09/07/26 23:00:00,A,NAC,IE,DW_NEW,2012,514623430,,
ESTAT:PRC_HPI_HSVA(1.0),09/07/26 23:00:00,A,NAC,IE,DW_NEW,2013,562669420,,
ESTAT:PRC_HPI_HSVA(1.0),09/07/26 23:00:00,A,NAC,IE,DW_NEW,2014,944654122,,
ESTAT:PRC_HPI_HSVA(1.0),09/07/26 23:00:00,A,NAC,IE,DW_NEW,2015,1225593861,,
ESTAT:PRC_HPI_HSVA(1.0),09/07/26 23:00:00,A,NAC,IE,DW_NEW,2016,1730411898,,
ESTAT:PRC_HPI_HSVA(1.0),09/07/26 23:00:00,A,NAC,IE,DW_NEW,2017,2524616146,,
ESTAT:PRC_HPI_HSVA(1.0),09/07/26 23:00:00,A,NAC,IE,DW_NEW,2018,3213314610,,
ESTAT:PRC_HPI_HSVA(1.0),09/07/26 23:00:00,A,NAC,IE,DW_NEW,2019,3285011425,,
ESTAT:PRC_HPI_HSVA(1.0),09/07/26 23:00:00,A,NAC,IE,DW_NEW,2020,2739223519,,
ESTAT:PRC_HPI_HSVA(1.0),09/07/26 23:00:00,A,NAC,IE,DW_NEW,2021,2999444559,,
ESTAT:PRC_HPI_HSVA(1.0),09/07/26 23:00:00,A,NAC,IE,DW_NEW,2022,3804596033,,
ESTAT:PRC_HPI_HSVA(1.0),09/07/26 23:00:00,A,NAC,IE,DW_NEW,2023,4258756168,,
ESTAT:PRC_HPI_HSVA(1.0),09/07/26 23:00:00,A,NAC,IE,DW_NEW,2024,4778809358,,
ESTAT:PRC_HPI_HSVA(1.0),09/07/26 23:00:00,A,NAC,IE,DW_NEW,2025,5751891170,,
ESTAT:PRC_HPI_HSVA(1.0),09/07/26 23:00:00,A,NAC,IE,TOTAL,2009,6616121461,,
ESTAT:PRC_HPI_HSVA(1.0),09/07/26 23:00:00,A,NAC,IE,TOTAL,2010,4599592088,,
ESTAT:PRC_HPI_HSVA(1.0),09/07/26 23:00:00,A,NAC,IE,TOTAL,2011,3403085621,,
ESTAT:PRC_HPI_HSVA(1.0),09/07/26 23:00:00,A,NAC,IE,TOTAL,2012,4224927000,,
ESTAT:PRC_HPI_HSVA(1.0),09/07/26 23:00:00,A,NAC,IE,TOTAL,2013,5078466846,,
ESTAT:PRC_HPI_HSVA(1.0),09/07/26 23:00:00,A,NAC,IE,TOTAL,2014,7601177187,,
ESTAT:PRC_HPI_HSVA(1.0),09/07/26 23:00:00,A,NAC,IE,TOTAL,2015,8932591794,,
ESTAT:PRC_HPI_HSVA(1.0),09/07/26 23:00:00,A,NAC,IE,TOTAL,2016,9927985444,,
ESTAT:PRC_HPI_HSVA(1.0),09/07/26 23:00:00,A,NAC,IE,TOTAL,2017,11828631933,,
ESTAT:PRC_HPI_HSVA(1.0),09/07/26 23:00:00,A,NAC,IE,TOTAL,2018,12938066340,,
ESTAT:PRC_HPI_HSVA(1.0),09/07/26 23:00:00,A,NAC,IE,TOTAL,2019,13404777518,,
ESTAT:PRC_HPI_HSVA(1.0),09/07/26 23:00:00,A,NAC,IE,TOTAL,2020,11305425149,,
ESTAT:PRC_HPI_HSVA(1.0),09/07/26 23:00:00,A,NAC,IE,TOTAL,2021,15166251520,,
ESTAT:PRC_HPI_HSVA(1.0),09/07/26 23:00:00,A,NAC,IE,TOTAL,2022,17846077015,,
ESTAT:PRC_HPI_HSVA(1.0),09/07/26 23:00:00,A,NAC,IE,TOTAL,2023,18819293934,,
ESTAT:PRC_HPI_HSVA(1.0),09/07/26 23:00:00,A,NAC,IE,TOTAL,2024,19704867269,,
ESTAT:PRC_HPI_HSVA(1.0),09/07/26 23:00:00,A,NAC,IE,TOTAL,2025,21785416651,,
ESTAT:PRC_HPI_HSVA(1.0),09/07/26 23:00:00,A,NAC,LT,DW_EXST,2023,2084700000,,
ESTAT:PRC_HPI_HSVA(1.0),09/07/26 23:00:00,A,NAC,LT,DW_EXST,2024,2612800000,,
ESTAT:PRC_HPI_HSVA(1.0),09/07/26 23:00:00,A,NAC,LT,DW_EXST,2025,3795500000,,
ESTAT:PRC_HPI_HSVA(1.0),09/07/26 23:00:00,A,NAC,LT,DW_NEW,2023,1156500000,,
ESTAT:PRC_HPI_HSVA(1.0),09/07/26 23:00:00,A,NAC,LT,DW_NEW,2024,1002000000,,
ESTAT:PRC_HPI_HSVA(1.0),09/07/26 23:00:00,A,NAC,LT,DW_NEW,2025,1362100000,,
ESTAT:PRC_HPI_HSVA(1.0),09/07/26 23:00:00,A,NAC,LT,TOTAL,2006,1399300000,,
ESTAT:PRC_HPI_HSVA(1.0),09/07/26 23:00:00,A,NAC,LT,TOTAL,2007,1997700000,,
ESTAT:PRC_HPI_HSVA(1.0),09/07/26 23:00:00,A,NAC,LT,TOTAL,2008,1655600000,,
ESTAT:PRC_HPI_HSVA(1.0),09/07/26 23:00:00,A,NAC,LT,TOTAL,2009,614400000,,
ESTAT:PRC_HPI_HSVA(1.0),09/07/26 23:00:00,A,NAC,LT,TOTAL,2010,703300000,,
ESTAT:PRC_HPI_HSVA(1.0),09/07/26 23:00:00,A,NAC,LT,TOTAL,2011,843600000,,
ESTAT:PRC_HPI_HSVA(1.0),09/07/26 23:00:00,A,NAC,LT,TOTAL,2012,884700000,,
ESTAT:PRC_HPI_HSVA(1.0),09/07/26 23:00:00,A,NAC,LT,TOTAL,2013,1137000000,,
ESTAT:PRC_HPI_HSVA(1.0),09/07/26 23:00:00,A,NAC,LT,TOTAL,2014,1411300000,,
ESTAT:PRC_HPI_HSVA(1.0),09/07/26 23:00:00,A,NAC,LT,TOTAL,2015,1414300000,,
ESTAT:PRC_HPI_HSVA(1.0),09/07/26 23:00:00,A,NAC,LT,TOTAL,2016,1727700000,,
ESTAT:PRC_HPI_HSVA(1.0),09/07/26 23:00:00,A,NAC,LT,TOTAL,2017,1880700000,,
ESTAT:PRC_HPI_HSVA(1.0),09/07/26 23:00:00,A,NAC,LT,TOTAL,2018,2074500000,,
ESTAT:PRC_HPI_HSVA(1.0),09/07/26 23:00:00,A,NAC,LT,TOTAL,2019,2381100000,,
ESTAT:PRC_HPI_HSVA(1.0),09/07/26 23:00:00,A,NAC,LT,TOTAL,2020,2578700000,,
ESTAT:PRC_HPI_HSVA(1.0),09/07/26 23:00:00,A,NAC,LT,TOTAL,2021,3540300000,,
ESTAT:PRC_HPI_HSVA(1.0),09/07/26 23:00:00,A,NAC,LT,TOTAL,2022,3525000000,,
ESTAT:PRC_HPI_HSVA(1.0),09/07/26 23:00:00,A,NAC,LT,TOTAL,2023,3241200000,,
ESTAT:PRC_HPI_HSVA(1.0),09/07/26 23:00:00,A,NAC,LT,TOTAL,2024,3614800000,,
ESTAT:PRC_HPI_HSVA(1.0),09/07/26 23:00:00,A,NAC,LT,TOTAL,2025,5157600000,,
ESTAT:PRC_HPI_HSVA(1.0),09/07/26 23:00:00,A,NAC,NL,DW_EXST,2015,41041938535,,
ESTAT:PRC_HPI_HSVA(1.0),09/07/26 23:00:00,A,NAC,NL,DW_EXST,2016,52374434998,,
ESTAT:PRC_HPI_HSVA(1.0),09/07/26 23:00:00,A,NAC,NL,DW_EXST,2017,63680428140,,
ESTAT:PRC_HPI_HSVA(1.0),09/07/26 23:00:00,A,NAC,NL,DW_EXST,2018,62765286781,,
ESTAT:PRC_HPI_HSVA(1.0),09/07/26 23:00:00,A,NAC,NL,DW_EXST,2019,67322361570,,
ESTAT:PRC_HPI_HSVA(1.0),09/07/26 23:00:00,A,NAC,NL,DW_EXST,2020,78775649557,,
ESTAT:PRC_HPI_HSVA(1.0),09/07/26 23:00:00,A,NAC,NL,DW_EXST,2021,87430904791,,
ESTAT:PRC_HPI_HSVA(1.0),09/07/26 23:00:00,A,NAC,NL,DW_EXST,2022,82762124617,,
ESTAT:PRC_HPI_HSVA(1.0),09/07/26 23:00:00,A,NAC,NL,DW_EXST,2023,75907595686,,
ESTAT:PRC_HPI_HSVA(1.0),09/07/26 23:00:00,A,NAC,NL,DW_EXST,2024,93109444598,,
ESTAT:PRC_HPI_HSVA(1.0),09/07/26 23:00:00,A,NAC,NL,DW_EXST,2025,114460638741,,
ESTAT:PRC_HPI_HSVA(1.0),09/07/26 23:00:00,A,NAC,NL,DW_NEW,2015,6982608007,,
ESTAT:PRC_HPI_HSVA(1.0),09/07/26 23:00:00,A,NAC,NL,DW_NEW,2016,7980214315,,
ESTAT:PRC_HPI_HSVA(1.0),09/07/26 23:00:00,A,NAC,NL,DW_NEW,2017,9942706042,,
ESTAT:PRC_HPI_HSVA(1.0),09/07/26 23:00:00,A,NAC,NL,DW_NEW,2018,10171616817,,
ESTAT:PRC_HPI_HSVA(1.0),09/07/26 23:00:00,A,NAC,NL,DW_NEW,2019,9487693527,,
ESTAT:PRC_HPI_HSVA(1.0),09/07/26 23:00:00,A,NAC,NL,DW_NEW,2020,13409302444,,
ESTAT:PRC_HPI_HSVA(1.0),09/07/26 23:00:00,A,NAC,NL,DW_NEW,2021,15692663759,,
ESTAT:PRC_HPI_HSVA(1.0),09/07/26 23:00:00,A,NAC,NL,DW_NEW,2022,12485976519,,
ESTAT:PRC_HPI_HSVA(1.0),09/07/26 23:00:00,A,NAC,NL,DW_NEW,2023,8418439561,,
ESTAT:PRC_HPI_HSVA(1.0),09/07/26 23:00:00,A,NAC,NL,DW_NEW,2024,13045741622,,
ESTAT:PRC_HPI_HSVA(1.0),09/07/26 23:00:00,A,NAC,NL,DW_NEW,2025,13642023804,p,
ESTAT:PRC_HPI_HSVA(1.0),09/07/26 23:00:00,A,NAC,NL,TOTAL,2004,,,C
ESTAT:PRC_HPI_HSVA(1.0),09/07/26 23:00:00,A,NAC,NL,TOTAL,2005,60401754778,,
ESTAT:PRC_HPI_HSVA(1.0),09/07/26 23:00:00,A,NAC,NL,TOTAL,2006,63756381420,,
ESTAT:PRC_HPI_HSVA(1.0),09/07/26 23:00:00,A,NAC,NL,TOTAL,2007,64425715410,,
ESTAT:PRC_HPI_HSVA(1.0),09/07/26 23:00:00,A,NAC,NL,TOTAL,2008,56839773294,,
ESTAT:PRC_HPI_HSVA(1.0),09/07/26 23:00:00,A,NAC,NL,TOTAL,2009,36859259669,,
ESTAT:PRC_HPI_HSVA(1.0),09/07/26 23:00:00,A,NAC,NL,TOTAL,2010,38728383750,,
ESTAT:PRC_HPI_HSVA(1.0),09/07/26 23:00:00,A,NAC,NL,TOTAL,2011,33823380199,,
ESTAT:PRC_HPI_HSVA(1.0),09/07/26 23:00:00,A,NAC,NL,TOTAL,2012,29691623172,,
ESTAT:PRC_HPI_HSVA(1.0),09/07/26 23:00:00,A,NAC,NL,TOTAL,2013,26305405614,,
ESTAT:PRC_HPI_HSVA(1.0),09/07/26 23:00:00,A,NAC,NL,TOTAL,2014,42182677843,,
ESTAT:PRC_HPI_HSVA(1.0),09/07/26 23:00:00,A,NAC,NL,TOTAL,2015,48024546542,,
ESTAT:PRC_HPI_HSVA(1.0),09/07/26 23:00:00,A,NAC,NL,TOTAL,2016,60354649313,,
ESTAT:PRC_HPI_HSVA(1.0),09/07/26 23:00:00,A,NAC,NL,TOTAL,2017,73623134182,,
ESTAT:PRC_HPI_HSVA(1.0),09/07/26 23:00:00,A,NAC,NL,TOTAL,2018,72936903598,,
ESTAT:PRC_HPI_HSVA(1.0),09/07/26 23:00:00,A,NAC,NL,TOTAL,2019,76810055097,,
ESTAT:PRC_HPI_HSVA(1.0),09/07/26 23:00:00,A,NAC,NL,TOTAL,2020,92184952001,,
ESTAT:PRC_HPI_HSVA(1.0),09/07/26 23:00:00,A,NAC,NL,TOTAL,2021,103123568550,,
ESTAT:PRC_HPI_HSVA(1.0),09/07/26 23:00:00,A,NAC,NL,TOTAL,2022,95248101136,,
ESTAT:PRC_HPI_HSVA(1.0),09/07/26 23:00:00,A,NAC,NL,TOTAL,2023,84326035247,,
ESTAT:PRC_HPI_HSVA(1.0),09/07/26 23:00:00,A,NAC,NL,TOTAL,2024,106155186220,,
ESTAT:PRC_HPI_HSVA(1.0),09/07/26 23:00:00,A,NAC,NL,TOTAL,2025,128102662545,p,
ESTAT:PRC_HPI_HSVA(1.0),09/07/26 23:00:00,A,NAC,NO,DW_EXST,2017,328171793918,,
ESTAT:PRC_HPI_HSVA(1.0),09/07/26 23:00:00,A,NAC,NO,DW_EXST,2018,253295984781,,
ESTAT:PRC_HPI_HSVA(1.0),09/07/26 23:00:00,A,NAC,NO,DW_EXST,2019,277659549513,,
ESTAT:PRC_HPI_HSVA(1.0),09/07/26 23:00:00,A,NAC,NO,DW_EXST,2020,306618058403,,
ESTAT:PRC_HPI_HSVA(1.0),09/07/26 23:00:00,A,NAC,NO,DW_EXST,2021,433267574183,p,
ESTAT:PRC_HPI_HSVA(1.0),09/07/26 23:00:00,A,NAC,NO,DW_EXST,2022,430718529233,p,
ESTAT:PRC_HPI_HSVA(1.0),09/07/26 23:00:00,A,NAC,NO,DW_EXST,2023,424247835631,p,
ESTAT:PRC_HPI_HSVA(1.0),09/07/26 23:00:00,A,NAC,NO,DW_EXST,2024,472272699330,p,
ESTAT:PRC_HPI_HSVA(1.0),09/07/26 23:00:00,A,NAC,NO,DW_EXST,2025,545868670739,p,
ESTAT:PRC_HPI_HSVA(1.0),09/07/26 23:00:00,A,NAC,NO,DW_NEW,2017,73881706384,,
ESTAT:PRC_HPI_HSVA(1.0),09/07/26 23:00:00,A,NAC,NO,DW_NEW,2018,79402366983,,
ESTAT:PRC_HPI_HSVA(1.0),09/07/26 23:00:00,A,NAC,NO,DW_NEW,2019,79733581869,,
ESTAT:PRC_HPI_HSVA(1.0),09/07/26 23:00:00,A,NAC,NO,DW_NEW,2020,74385765791,,
ESTAT:PRC_HPI_HSVA(1.0),09/07/26 23:00:00,A,NAC,NO,DW_NEW,2021,95647958325,p,
ESTAT:PRC_HPI_HSVA(1.0),09/07/26 23:00:00,A,NAC,NO,DW_NEW,2022,94786319496,p,
ESTAT:PRC_HPI_HSVA(1.0),09/07/26 23:00:00,A,NAC,NO,DW_NEW,2023,89787384952,p,
ESTAT:PRC_HPI_HSVA(1.0),09/07/26 23:00:00,A,NAC,NO,DW_NEW,2024,79046002062,p,
ESTAT:PRC_HPI_HSVA(1.0),09/07/26 23:00:00,A,NAC,NO,DW_NEW,2025,77052680649,p,
ESTAT:PRC_HPI_HSVA(1.0),09/07/26 23:00:00,A,NAC,NO,TOTAL,2007,172714990027,,
ESTAT:PRC_HPI_HSVA(1.0),09/07/26 23:00:00,A,NAC,NO,TOTAL,2008,167250584878,,
ESTAT:PRC_HPI_HSVA(1.0),09/07/26 23:00:00,A,NAC,NO,TOTAL,2009,173576906685,,
ESTAT:PRC_HPI_HSVA(1.0),09/07/26 23:00:00,A,NAC,NO,TOTAL,2010,206778076510,,
ESTAT:PRC_HPI_HSVA(1.0),09/07/26 23:00:00,A,NAC,NO,TOTAL,2011,237907570211,,
ESTAT:PRC_HPI_HSVA(1.0),09/07/26 23:00:00,A,NAC,NO,TOTAL,2012,267809700237,,
ESTAT:PRC_HPI_HSVA(1.0),09/07/26 23:00:00,A,NAC,NO,TOTAL,2013,330372194243,,
ESTAT:PRC_HPI_HSVA(1.0),09/07/26 23:00:00,A,NAC,NO,TOTAL,2014,341224914453,,
ESTAT:PRC_HPI_HSVA(1.0),09/07/26 23:00:00,A,NAC,NO,TOTAL,2015,364131937678,e,
ESTAT:PRC_HPI_HSVA(1.0),09/07/26 23:00:00,A,NAC,NO,TOTAL,2016,362545876610,e,
ESTAT:PRC_HPI_HSVA(1.0),09/07/26 23:00:00,A,NAC,NO,TOTAL,2017,402053500302,,
ESTAT:PRC_HPI_HSVA(1.0),09/07/26 23:00:00,A,NAC,NO,TOTAL,2018,332698351764,,
ESTAT:PRC_HPI_HSVA(1.0),09/07/26 23:00:00,A,NAC,NO,TOTAL,2019,357393131382,,
ESTAT:PRC_HPI_HSVA(1.0),09/07/26 23:00:00,A,NAC,NO,TOTAL,2020,381003824194,,
ESTAT:PRC_HPI_HSVA(1.0),09/07/26 23:00:00,A,NAC,NO,TOTAL,2021,528915532508,p,
ESTAT:PRC_HPI_HSVA(1.0),09/07/26 23:00:00,A,NAC,NO,TOTAL,2022,525504848729,p,
ESTAT:PRC_HPI_HSVA(1.0),09/07/26 23:00:00,A,NAC,NO,TOTAL,2023,514035220583,p,
ESTAT:PRC_HPI_HSVA(1.0),09/07/26 23:00:00,A,NAC,NO,TOTAL,2024,551318701392,p,
ESTAT:PRC_HPI_HSVA(1.0),09/07/26 23:00:00,A,NAC,NO,TOTAL,2025,622921351388,p,
ESTAT:PRC_HPI_HSVA(1.0),09/07/26 23:00:00,A,NAC,PT,DW_EXST,2009,4232375353,e,
ESTAT:PRC_HPI_HSVA(1.0),09/07/26 23:00:00,A,NAC,PT,DW_EXST,2010,4845251884,e,
ESTAT:PRC_HPI_HSVA(1.0),09/07/26 23:00:00,A,NAC,PT,DW_EXST,2011,3525046985,e,
ESTAT:PRC_HPI_HSVA(1.0),09/07/26 23:00:00,A,NAC,PT,DW_EXST,2012,2868370540,e,
ESTAT:PRC_HPI_HSVA(1.0),09/07/26 23:00:00,A,NAC,PT,DW_EXST,2013,3113957517,e,
ESTAT:PRC_HPI_HSVA(1.0),09/07/26 23:00:00,A,NAC,PT,DW_EXST,2014,3971647666,e,
ESTAT:PRC_HPI_HSVA(1.0),09/07/26 23:00:00,A,NAC,PT,DW_EXST,2015,5951784789,e,
ESTAT:PRC_HPI_HSVA(1.0),09/07/26 23:00:00,A,NAC,PT,DW_EXST,2016,7735913559,e,
ESTAT:PRC_HPI_HSVA(1.0),09/07/26 23:00:00,A,NAC,PT,DW_EXST,2017,10590939902,e,
ESTAT:PRC_HPI_HSVA(1.0),09/07/26 23:00:00,A,NAC,PT,DW_EXST,2018,13267829055,e,
ESTAT:PRC_HPI_HSVA(1.0),09/07/26 23:00:00,A,NAC,PT,DW_EXST,2019,14519926762,,
ESTAT:PRC_HPI_HSVA(1.0),09/07/26 23:00:00,A,NAC,PT,DW_EXST,2020,13543522785,,
ESTAT:PRC_HPI_HSVA(1.0),09/07/26 23:00:00,A,NAC,PT,DW_EXST,2021,18323892597,,
ESTAT:PRC_HPI_HSVA(1.0),09/07/26 23:00:00,A,NAC,PT,DW_EXST,2022,20477293201,,
ESTAT:PRC_HPI_HSVA(1.0),09/07/26 23:00:00,A,NAC,PT,DW_EXST,2023,16681740644,,
ESTAT:PRC_HPI_HSVA(1.0),09/07/26 23:00:00,A,NAC,PT,DW_EXST,2024,20706367058,,
ESTAT:PRC_HPI_HSVA(1.0),09/07/26 23:00:00,A,NAC,PT,DW_EXST,2025,26537023067,,
ESTAT:PRC_HPI_HSVA(1.0),09/07/26 23:00:00,A,NAC,PT,DW_NEW,2009,5950098468,e,
ESTAT:PRC_HPI_HSVA(1.0),09/07/26 23:00:00,A,NAC,PT,DW_NEW,2010,6235704568,e,
ESTAT:PRC_HPI_HSVA(1.0),09/07/26 23:00:00,A,NAC,PT,DW_NEW,2011,3885585892,e,
ESTAT:PRC_HPI_HSVA(1.0),09/07/26 23:00:00,A,NAC,PT,DW_NEW,2012,2622533287,e,
ESTAT:PRC_HPI_HSVA(1.0),09/07/26 23:00:00,A,NAC,PT,DW_NEW,2013,2851525391,e,
ESTAT:PRC_HPI_HSVA(1.0),09/07/26 23:00:00,A,NAC,PT,DW_NEW,2014,2911115384,e,
ESTAT:PRC_HPI_HSVA(1.0),09/07/26 23:00:00,A,NAC,PT,DW_NEW,2015,3123402220,e,
ESTAT:PRC_HPI_HSVA(1.0),09/07/26 23:00:00,A,NAC,PT,DW_NEW,2016,3040860905,e,
ESTAT:PRC_HPI_HSVA(1.0),09/07/26 23:00:00,A,NAC,PT,DW_NEW,2017,3491328671,e,
ESTAT:PRC_HPI_HSVA(1.0),09/07/26 23:00:00,A,NAC,PT,DW_NEW,2018,4238421908,e,
ESTAT:PRC_HPI_HSVA(1.0),09/07/26 23:00:00,A,NAC,PT,DW_NEW,2019,4249768246,,
ESTAT:PRC_HPI_HSVA(1.0),09/07/26 23:00:00,A,NAC,PT,DW_NEW,2020,4702429345,,
ESTAT:PRC_HPI_HSVA(1.0),09/07/26 23:00:00,A,NAC,PT,DW_NEW,2021,5754064094,,
ESTAT:PRC_HPI_HSVA(1.0),09/07/26 23:00:00,A,NAC,PT,DW_NEW,2022,6786364824,,
ESTAT:PRC_HPI_HSVA(1.0),09/07/26 23:00:00,A,NAC,PT,DW_NEW,2023,6829056050,,
ESTAT:PRC_HPI_HSVA(1.0),09/07/26 23:00:00,A,NAC,PT,DW_NEW,2024,8041060802,,
ESTAT:PRC_HPI_HSVA(1.0),09/07/26 23:00:00,A,NAC,PT,DW_NEW,2025,9211600699,,
ESTAT:PRC_HPI_HSVA(1.0),09/07/26 23:00:00,A,NAC,PT,TOTAL,2009,10182473821,e,
ESTAT:PRC_HPI_HSVA(1.0),09/07/26 23:00:00,A,NAC,PT,TOTAL,2010,11080956452,e,
ESTAT:PRC_HPI_HSVA(1.0),09/07/26 23:00:00,A,NAC,PT,TOTAL,2011,7410632877,e,
ESTAT:PRC_HPI_HSVA(1.0),09/07/26 23:00:00,A,NAC,PT,TOTAL,2012,5490903827,e,
ESTAT:PRC_HPI_HSVA(1.0),09/07/26 23:00:00,A,NAC,PT,TOTAL,2013,5965482908,e,
ESTAT:PRC_HPI_HSVA(1.0),09/07/26 23:00:00,A,NAC,PT,TOTAL,2014,6882763050,e,
ESTAT:PRC_HPI_HSVA(1.0),09/07/26 23:00:00,A,NAC,PT,TOTAL,2015,9075187009,e,
ESTAT:PRC_HPI_HSVA(1.0),09/07/26 23:00:00,A,NAC,PT,TOTAL,2016,10776774464,e,
ESTAT:PRC_HPI_HSVA(1.0),09/07/26 23:00:00,A,NAC,PT,TOTAL,2017,14082268573,e,
ESTAT:PRC_HPI_HSVA(1.0),09/07/26 23:00:00,A,NAC,PT,TOTAL,2018,17506250963,e,
ESTAT:PRC_HPI_HSVA(1.0),09/07/26 23:00:00,A,NAC,PT,TOTAL,2019,18769695008,,
ESTAT:PRC_HPI_HSVA(1.0),09/07/26 23:00:00,A,NAC,PT,TOTAL,2020,18245952130,,
ESTAT:PRC_HPI_HSVA(1.0),09/07/26 23:00:00,A,NAC,PT,TOTAL,2021,24077956691,,
ESTAT:PRC_HPI_HSVA(1.0),09/07/26 23:00:00,A,NAC,PT,TOTAL,2022,27263658025,,
ESTAT:PRC_HPI_HSVA(1.0),09/07/26 23:00:00,A,NAC,PT,TOTAL,2023,23510796694,,
ESTAT:PRC_HPI_HSVA(1.0),09/07/26 23:00:00,A,NAC,PT,TOTAL,2024,28747427860,,
ESTAT:PRC_HPI_HSVA(1.0),09/07/26 23:00:00,A,NAC,PT,TOTAL,2025,35748623766,,
ESTAT:PRC_HPI_HSVA(1.0),09/07/26 23:00:00,A,NAC,SI,DW_EXST,2014,706940062,,
ESTAT:PRC_HPI_HSVA(1.0),09/07/26 23:00:00,A,NAC,SI,DW_EXST,2015,820707203,,
ESTAT:PRC_HPI_HSVA(1.0),09/07/26 23:00:00,A,NAC,SI,DW_EXST,2016,1026302101,,
ESTAT:PRC_HPI_HSVA(1.0),09/07/26 23:00:00,A,NAC,SI,DW_EXST,2017,1149344843,,
ESTAT:PRC_HPI_HSVA(1.0),09/07/26 23:00:00,A,NAC,SI,DW_EXST,2018,1153903393,,
ESTAT:PRC_HPI_HSVA(1.0),09/07/26 23:00:00,A,NAC,SI,DW_EXST,2019,1251561119,,
ESTAT:PRC_HPI_HSVA(1.0),09/07/26 23:00:00,A,NAC,SI,DW_EXST,2020,1138049673,,
ESTAT:PRC_HPI_HSVA(1.0),09/07/26 23:00:00,A,NAC,SI,DW_EXST,2021,1517027378,,
ESTAT:PRC_HPI_HSVA(1.0),09/07/26 23:00:00,A,NAC,SI,DW_EXST,2022,1576056343,,
ESTAT:PRC_HPI_HSVA(1.0),09/07/26 23:00:00,A,NAC,SI,DW_EXST,2023,1298456070,,
ESTAT:PRC_HPI_HSVA(1.0),09/07/26 23:00:00,A,NAC,SI,DW_EXST,2024,1215757137,,
ESTAT:PRC_HPI_HSVA(1.0),09/07/26 23:00:00,A,NAC,SI,DW_EXST,2025,1781620547,,
ESTAT:PRC_HPI_HSVA(1.0),09/07/26 23:00:00,A,NAC,SI,DW_NEW,2014,92951119,,
ESTAT:PRC_HPI_HSVA(1.0),09/07/26 23:00:00,A,NAC,SI,DW_NEW,2015,147027405,,
ESTAT:PRC_HPI_HSVA(1.0),09/07/26 23:00:00,A,NAC,SI,DW_NEW,2016,134840846,,
ESTAT:PRC_HPI_HSVA(1.0),09/07/26 23:00:00,A,NAC,SI,DW_NEW,2017,213668305,,
ESTAT:PRC_HPI_HSVA(1.0),09/07/26 23:00:00,A,NAC,SI,DW_NEW,2018,233728458,,
ESTAT:PRC_HPI_HSVA(1.0),09/07/26 23:00:00,A,NAC,SI,DW_NEW,2019,129332612,,
ESTAT:PRC_HPI_HSVA(1.0),09/07/26 23:00:00,A,NAC,SI,DW_NEW,2020,65976799,,
ESTAT:PRC_HPI_HSVA(1.0),09/07/26 23:00:00,A,NAC,SI,DW_NEW,2021,166343483,,
ESTAT:PRC_HPI_HSVA(1.0),09/07/26 23:00:00,A,NAC,SI,DW_NEW,2022,135439069,,
ESTAT:PRC_HPI_HSVA(1.0),09/07/26 23:00:00,A,NAC,SI,DW_NEW,2023,273841956,,
ESTAT:PRC_HPI_HSVA(1.0),09/07/26 23:00:00,A,NAC,SI,DW_NEW,2024,220858314,,
ESTAT:PRC_HPI_HSVA(1.0),09/07/26 23:00:00,A,NAC,SI,DW_NEW,2025,183664072,,
ESTAT:PRC_HPI_HSVA(1.0),09/07/26 23:00:00,A,NAC,SI,TOTAL,2006,1113539263,,
ESTAT:PRC_HPI_HSVA(1.0),09/07/26 23:00:00,A,NAC,SI,TOTAL,2007,1403434229,,
ESTAT:PRC_HPI_HSVA(1.0),09/07/26 23:00:00,A,NAC,SI,TOTAL,2008,999003825,,
ESTAT:PRC_HPI_HSVA(1.0),09/07/26 23:00:00,A,NAC,SI,TOTAL,2009,758634506,,
ESTAT:PRC_HPI_HSVA(1.0),09/07/26 23:00:00,A,NAC,SI,TOTAL,2010,1069136307,,
ESTAT:PRC_HPI_HSVA(1.0),09/07/26 23:00:00,A,NAC,SI,TOTAL,2011,878119444,,
ESTAT:PRC_HPI_HSVA(1.0),09/07/26 23:00:00,A,NAC,SI,TOTAL,2012,758130635,,
ESTAT:PRC_HPI_HSVA(1.0),09/07/26 23:00:00,A,NAC,SI,TOTAL,2013,580651270,,
ESTAT:PRC_HPI_HSVA(1.0),09/07/26 23:00:00,A,NAC,SI,TOTAL,2014,799891181,,
ESTAT:PRC_HPI_HSVA(1.0),09/07/26 23:00:00,A,NAC,SI,TOTAL,2015,967734609,,
ESTAT:PRC_HPI_HSVA(1.0),09/07/26 23:00:00,A,NAC,SI,TOTAL,2016,1161142947,,
ESTAT:PRC_HPI_HSVA(1.0),09/07/26 23:00:00,A,NAC,SI,TOTAL,2017,1363013150,,
ESTAT:PRC_HPI_HSVA(1.0),09/07/26 23:00:00,A,NAC,SI,TOTAL,2018,1387631851,,
ESTAT:PRC_HPI_HSVA(1.0),09/07/26 23:00:00,A,NAC,SI,TOTAL,2019,1380893731,,
ESTAT:PRC_HPI_HSVA(1.0),09/07/26 23:00:00,A,NAC,SI,TOTAL,2020,1204026472,,
ESTAT:PRC_HPI_HSVA(1.0),09/07/26 23:00:00,A,NAC,SI,TOTAL,2021,1683370861,,
ESTAT:PRC_HPI_HSVA(1.0),09/07/26 23:00:00,A,NAC,SI,TOTAL,2022,1711495412,,
ESTAT:PRC_HPI_HSVA(1.0),09/07/26 23:00:00,A,NAC,SI,TOTAL,2023,1572298026,,
ESTAT:PRC_HPI_HSVA(1.0),09/07/26 23:00:00,A,NAC,SI,TOTAL,2024,1436615451,,
ESTAT:PRC_HPI_HSVA(1.0),09/07/26 23:00:00,A,NAC,SI,TOTAL,2025,1965284619,,
ESTAT:PRC_HPI_HSVA(1.0),09/07/26 23:00:00,A,RCH_A_AVG,AT,DW_EXST,2016,-4.4,,
ESTAT:PRC_HPI_HSVA(1.0),09/07/26 23:00:00,A,RCH_A_AVG,AT,DW_EXST,2017,11.3,,
ESTAT:PRC_HPI_HSVA(1.0),09/07/26 23:00:00,A,RCH_A_AVG,AT,DW_EXST,2018,7.4,,
ESTAT:PRC_HPI_HSVA(1.0),09/07/26 23:00:00,A,RCH_A_AVG,AT,DW_EXST,2019,11.0,,
ESTAT:PRC_HPI_HSVA(1.0),09/07/26 23:00:00,A,RCH_A_AVG,AT,DW_EXST,2020,9.9,,
ESTAT:PRC_HPI_HSVA(1.0),09/07/26 23:00:00,A,RCH_A_AVG,AT,DW_EXST,2021,19.0,,
ESTAT:PRC_HPI_HSVA(1.0),09/07/26 23:00:00,A,RCH_A_AVG,AT,DW_EXST,2022,-6.6,,
ESTAT:PRC_HPI_HSVA(1.0),09/07/26 23:00:00,A,RCH_A_AVG,AT,DW_EXST,2023,-22.0,,
ESTAT:PRC_HPI_HSVA(1.0),09/07/26 23:00:00,A,RCH_A_AVG,AT,DW_EXST,2024,14.8,p,
ESTAT:PRC_HPI_HSVA(1.0),09/07/26 23:00:00,A,RCH_A_AVG,AT,DW_EXST,2025,21.6,ep,
ESTAT:PRC_HPI_HSVA(1.0),09/07/26 23:00:00,A,RCH_A_AVG,AT,DW_NEW,2016,7.0,,
ESTAT:PRC_HPI_HSVA(1.0),09/07/26 23:00:00,A,RCH_A_AVG,AT,DW_NEW,2017,8.3,,
ESTAT:PRC_HPI_HSVA(1.0),09/07/26 23:00:00,A,RCH_A_AVG,AT,DW_NEW,2018,8.7,,
ESTAT:PRC_HPI_HSVA(1.0),09/07/26 23:00:00,A,RCH_A_AVG,AT,DW_NEW,2019,32.1,,
ESTAT:PRC_HPI_HSVA(1.0),09/07/26 23:00:00,A,RCH_A_AVG,AT,DW_NEW,2020,20.4,,
ESTAT:PRC_HPI_HSVA(1.0),09/07/26 23:00:00,A,RCH_A_AVG,AT,DW_NEW,2021,17.4,,
ESTAT:PRC_HPI_HSVA(1.0),09/07/26 23:00:00,A,RCH_A_AVG,AT,DW_NEW,2022,-19.6,,
ESTAT:PRC_HPI_HSVA(1.0),09/07/26 23:00:00,A,RCH_A_AVG,AT,DW_NEW,2023,-51.4,,
ESTAT:PRC_HPI_HSVA(1.0),09/07/26 23:00:00,A,RCH_A_AVG,AT,DW_NEW,2024,6.8,p,
ESTAT:PRC_HPI_HSVA(1.0),09/07/26 23:00:00,A,RCH_A_AVG,AT,DW_NEW,2025,34.8,ep,
ESTAT:PRC_HPI_HSVA(1.0),09/07/26 23:00:00,A,RCH_A_AVG,AT,TOTAL,2011,7.2,,
ESTAT:PRC_HPI_HSVA(1.0),09/07/26 23:00:00,A,RCH_A_AVG,AT,TOTAL,2012,5.6,,
ESTAT:PRC_HPI_HSVA(1.0),09/07/26 23:00:00,A,RCH_A_AVG,AT,TOTAL,2013,-1.0,,
ESTAT:PRC_HPI_HSVA(1.0),09/07/26 23:00:00,A,RCH_A_AVG,AT,TOTAL,2014,29.2,,
ESTAT:PRC_HPI_HSVA(1.0),09/07/26 23:00:00,A,RCH_A_AVG,AT,TOTAL,2015,-1.0,,
ESTAT:PRC_HPI_HSVA(1.0),09/07/26 23:00:00,A,RCH_A_AVG,AT,TOTAL,2016,-1.3,,
ESTAT:PRC_HPI_HSVA(1.0),09/07/26 23:00:00,A,RCH_A_AVG,AT,TOTAL,2017,10.5,,
ESTAT:PRC_HPI_HSVA(1.0),09/07/26 23:00:00,A,RCH_A_AVG,AT,TOTAL,2018,7.8,,
ESTAT:PRC_HPI_HSVA(1.0),09/07/26 23:00:00,A,RCH_A_AVG,AT,TOTAL,2019,17.1,,
ESTAT:PRC_HPI_HSVA(1.0),09/07/26 23:00:00,A,RCH_A_AVG,AT,TOTAL,2020,13.4,,
ESTAT:PRC_HPI_HSVA(1.0),09/07/26 23:00:00,A,RCH_A_AVG,AT,TOTAL,2021,18.4,,
ESTAT:PRC_HPI_HSVA(1.0),09/07/26 23:00:00,A,RCH_A_AVG,AT,TOTAL,2022,-11.0,,
ESTAT:PRC_HPI_HSVA(1.0),09/07/26 23:00:00,A,RCH_A_AVG,AT,TOTAL,2023,-31.1,,
ESTAT:PRC_HPI_HSVA(1.0),09/07/26 23:00:00,A,RCH_A_AVG,AT,TOTAL,2024,13.1,p,
ESTAT:PRC_HPI_HSVA(1.0),09/07/26 23:00:00,A,RCH_A_AVG,AT,TOTAL,2025,24.3,ep,
ESTAT:PRC_HPI_HSVA(1.0),09/07/26 23:00:00,A,RCH_A_AVG,BE,DW_EXST,2011,13.7,,
ESTAT:PRC_HPI_HSVA(1.0),09/07/26 23:00:00,A,RCH_A_AVG,BE,DW_EXST,2012,-0.9,,
ESTAT:PRC_HPI_HSVA(1.0),09/07/26 23:00:00,A,RCH_A_AVG,BE,DW_EXST,2013,-0.4,,
ESTAT:PRC_HPI_HSVA(1.0),09/07/26 23:00:00,A,RCH_A_AVG,BE,DW_EXST,2014,13.1,,
ESTAT:PRC_HPI_HSVA(1.0),09/07/26 23:00:00,A,RCH_A_AVG,BE,DW_EXST,2015,-20.3,,
ESTAT:PRC_HPI_HSVA(1.0),09/07/26 23:00:00,A,RCH_A_AVG,BE,DW_EXST,2016,23.6,,
ESTAT:PRC_HPI_HSVA(1.0),09/07/26 23:00:00,A,RCH_A_AVG,BE,DW_EXST,2017,9.9,,
ESTAT:PRC_HPI_HSVA(1.0),09/07/26 23:00:00,A,RCH_A_AVG,BE,DW_EXST,2018,8.5,,
ESTAT:PRC_HPI_HSVA(1.0),09/07/26 23:00:00,A,RCH_A_AVG,BE,DW_EXST,2019,20.9,,
ESTAT:PRC_HPI_HSVA(1.0),09/07/26 23:00:00,A,RCH_A_AVG,BE,DW_EXST,2020,-13.3,,
ESTAT:PRC_HPI_HSVA(1.0),09/07/26 23:00:00,A,RCH_A_AVG,BE,DW_EXST,2021,28.0,,
ESTAT:PRC_HPI_HSVA(1.0),09/07/26 23:00:00,A,RCH_A_AVG,BE,DW_EXST,2022,7.8,,
ESTAT:PRC_HPI_HSVA(1.0),09/07/26 23:00:00,A,RCH_A_AVG,BE,DW_EXST,2023,-14.6,,
ESTAT:PRC_HPI_HSVA(1.0),09/07/26 23:00:00,A,RCH_A_AVG,BE,DW_EXST,2024,1.3,,
ESTAT:PRC_HPI_HSVA(1.0),09/07/26 23:00:00,A,RCH_A_AVG,BE,DW_EXST,2025,26.8,,
ESTAT:PRC_HPI_HSVA(1.0),09/07/26 23:00:00,A,RCH_A_AVG,BE,TOTAL,2006,9.9,e,
ESTAT:PRC_HPI_HSVA(1.0),09/07/26 23:00:00,A,RCH_A_AVG,BE,TOTAL,2007,9.0,e,
ESTAT:PRC_HPI_HSVA(1.0),09/07/26 23:00:00,A,RCH_A_AVG,BE,TOTAL,2008,0.0,e,
ESTAT:PRC_HPI_HSVA(1.0),09/07/26 23:00:00,A,RCH_A_AVG,BE,TOTAL,2009,-7.3,e,
ESTAT:PRC_HPI_HSVA(1.0),09/07/26 23:00:00,A,RCH_A_AVG,BE,TOTAL,2010,-20.2,de,
ESTAT:PRC_HPI_HSVA(1.0),09/07/26 23:00:00,A,RCH_A_AVG,BE,TOTAL,2011,13.7,d,
ESTAT:PRC_HPI_HSVA(1.0),09/07/26 23:00:00,A,RCH_A_AVG,BE,TOTAL,2012,-0.9,d,
ESTAT:PRC_HPI_HSVA(1.0),09/07/26 23:00:00,A,RCH_A_AVG,BE,TOTAL,2013,-0.4,d,
ESTAT:PRC_HPI_HSVA(1.0),09/07/26 23:00:00,A,RCH_A_AVG,BE,TOTAL,2014,13.1,d,
ESTAT:PRC_HPI_HSVA(1.0),09/07/26 23:00:00,A,RCH_A_AVG,BE,TOTAL,2015,-20.3,d,
ESTAT:PRC_HPI_HSVA(1.0),09/07/26 23:00:00,A,RCH_A_AVG,BE,TOTAL,2016,23.6,d,
ESTAT:PRC_HPI_HSVA(1.0),09/07/26 23:00:00,A,RCH_A_AVG,BE,TOTAL,2017,9.9,d,
ESTAT:PRC_HPI_HSVA(1.0),09/07/26 23:00:00,A,RCH_A_AVG,BE,TOTAL,2018,8.5,d,
ESTAT:PRC_HPI_HSVA(1.0),09/07/26 23:00:00,A,RCH_A_AVG,BE,TOTAL,2019,20.9,d,
ESTAT:PRC_HPI_HSVA(1.0),09/07/26 23:00:00,A,RCH_A_AVG,BE,TOTAL,2020,-13.3,d,
ESTAT:PRC_HPI_HSVA(1.0),09/07/26 23:00:00,A,RCH_A_AVG,BE,TOTAL,2021,28.0,d,
ESTAT:PRC_HPI_HSVA(1.0),09/07/26 23:00:00,A,RCH_A_AVG,BE,TOTAL,2022,7.8,d,
ESTAT:PRC_HPI_HSVA(1.0),09/07/26 23:00:00,A,RCH_A_AVG,BE,TOTAL,2023,-14.6,d,
ESTAT:PRC_HPI_HSVA(1.0),09/07/26 23:00:00,A,RCH_A_AVG,BE,TOTAL,2024,1.3,d,
ESTAT:PRC_HPI_HSVA(1.0),09/07/26 23:00:00,A,RCH_A_AVG,BE,TOTAL,2025,26.8,d,
ESTAT:PRC_HPI_HSVA(1.0),09/07/26 23:00:00,A,RCH_A_AVG,BG,DW_EXST,2018,9.8,,
ESTAT:PRC_HPI_HSVA(1.0),09/07/26 23:00:00,A,RCH_A_AVG,BG,DW_EXST,2019,11.3,,
ESTAT:PRC_HPI_HSVA(1.0),09/07/26 23:00:00,A,RCH_A_AVG,BG,DW_EXST,2020,-11.6,,
ESTAT:PRC_HPI_HSVA(1.0),09/07/26 23:00:00,A,RCH_A_AVG,BG,DW_EXST,2021,62.2,,
ESTAT:PRC_HPI_HSVA(1.0),09/07/26 23:00:00,A,RCH_A_AVG,BG,DW_EXST,2022,13.5,,
ESTAT:PRC_HPI_HSVA(1.0),09/07/26 23:00:00,A,RCH_A_AVG,BG,DW_EXST,2023,7.9,,
ESTAT:PRC_HPI_HSVA(1.0),09/07/26 23:00:00,A,RCH_A_AVG,BG,DW_EXST,2024,24.2,,
ESTAT:PRC_HPI_HSVA(1.0),09/07/26 23:00:00,A,RCH_A_AVG,BG,DW_EXST,2025,12.0,,
ESTAT:PRC_HPI_HSVA(1.0),09/07/26 23:00:00,A,RCH_A_AVG,BG,DW_NEW,2018,7.3,,
ESTAT:PRC_HPI_HSVA(1.0),09/07/26 23:00:00,A,RCH_A_AVG,BG,DW_NEW,2019,19.3,,
ESTAT:PRC_HPI_HSVA(1.0),09/07/26 23:00:00,A,RCH_A_AVG,BG,DW_NEW,2020,4.7,,
ESTAT:PRC_HPI_HSVA(1.0),09/07/26 23:00:00,A,RCH_A_AVG,BG,DW_NEW,2021,36.6,,
ESTAT:PRC_HPI_HSVA(1.0),09/07/26 23:00:00,A,RCH_A_AVG,BG,DW_NEW,2022,22.0,,
ESTAT:PRC_HPI_HSVA(1.0),09/07/26 23:00:00,A,RCH_A_AVG,BG,DW_NEW,2023,-3.0,,
ESTAT:PRC_HPI_HSVA(1.0),09/07/26 23:00:00,A,RCH_A_AVG,BG,DW_NEW,2024,40.3,,
ESTAT:PRC_HPI_HSVA(1.0),09/07/26 23:00:00,A,RCH_A_AVG,BG,DW_NEW,2025,16.4,,
ESTAT:PRC_HPI_HSVA(1.0),09/07/26 23:00:00,A,RCH_A_AVG,BG,TOTAL,2007,-15.4,,
ESTAT:PRC_HPI_HSVA(1.0),09/07/26 23:00:00,A,RCH_A_AVG,BG,TOTAL,2008,35.1,,
ESTAT:PRC_HPI_HSVA(1.0),09/07/26 23:00:00,A,RCH_A_AVG,BG,TOTAL,2009,-14.4,,
ESTAT:PRC_HPI_HSVA(1.0),09/07/26 23:00:00,A,RCH_A_AVG,BG,TOTAL,2010,-40.1,,
ESTAT:PRC_HPI_HSVA(1.0),09/07/26 23:00:00,A,RCH_A_AVG,BG,TOTAL,2011,30.1,,
ESTAT:PRC_HPI_HSVA(1.0),09/07/26 23:00:00,A,RCH_A_AVG,BG,TOTAL,2012,-18.2,,
ESTAT:PRC_HPI_HSVA(1.0),09/07/26 23:00:00,A,RCH_A_AVG,BG,TOTAL,2013,-0.8,,
ESTAT:PRC_HPI_HSVA(1.0),09/07/26 23:00:00,A,RCH_A_AVG,BG,TOTAL,2014,33.2,,
ESTAT:PRC_HPI_HSVA(1.0),09/07/26 23:00:00,A,RCH_A_AVG,BG,TOTAL,2015,1.5,e,
ESTAT:PRC_HPI_HSVA(1.0),09/07/26 23:00:00,A,RCH_A_AVG,BG,TOTAL,2016,12.6,be,
ESTAT:PRC_HPI_HSVA(1.0),09/07/26 23:00:00,A,RCH_A_AVG,BG,TOTAL,2017,9.8,e,
ESTAT:PRC_HPI_HSVA(1.0),09/07/26 23:00:00,A,RCH_A_AVG,BG,TOTAL,2018,8.9,,
ESTAT:PRC_HPI_HSVA(1.0),09/07/26 23:00:00,A,RCH_A_AVG,BG,TOTAL,2019,14.2,,
ESTAT:PRC_HPI_HSVA(1.0),09/07/26 23:00:00,A,RCH_A_AVG,BG,TOTAL,2020,-5.5,,
ESTAT:PRC_HPI_HSVA(1.0),09/07/26 23:00:00,A,RCH_A_AVG,BG,TOTAL,2021,51.6,,
ESTAT:PRC_HPI_HSVA(1.0),09/07/26 23:00:00,A,RCH_A_AVG,BG,TOTAL,2022,16.7,,
ESTAT:PRC_HPI_HSVA(1.0),09/07/26 23:00:00,A,RCH_A_AVG,BG,TOTAL,2023,3.6,,
ESTAT:PRC_HPI_HSVA(1.0),09/07/26 23:00:00,A,RCH_A_AVG,BG,TOTAL,2024,30.1,,
ESTAT:PRC_HPI_HSVA(1.0),09/07/26 23:00:00,A,RCH_A_AVG,BG,TOTAL,2025,13.7,,
ESTAT:PRC_HPI_HSVA(1.0),09/07/26 23:00:00,A,RCH_A_AVG,CY,TOTAL,2006,59.0,,
ESTAT:PRC_HPI_HSVA(1.0),09/07/26 23:00:00,A,RCH_A_AVG,CY,TOTAL,2007,44.2,,
ESTAT:PRC_HPI_HSVA(1.0),09/07/26 23:00:00,A,RCH_A_AVG,CY,TOTAL,2008,-20.6,,
ESTAT:PRC_HPI_HSVA(1.0),09/07/26 23:00:00,A,RCH_A_AVG,CY,TOTAL,2009,-56.8,,
ESTAT:PRC_HPI_HSVA(1.0),09/07/26 23:00:00,A,RCH_A_AVG,CY,TOTAL,2010,44.0,,
ESTAT:PRC_HPI_HSVA(1.0),09/07/26 23:00:00,A,RCH_A_AVG,CY,TOTAL,2011,-25.7,,
ESTAT:PRC_HPI_HSVA(1.0),09/07/26 23:00:00,A,RCH_A_AVG,CY,TOTAL,2012,-3.1,,
ESTAT:PRC_HPI_HSVA(1.0),09/07/26 23:00:00,A,RCH_A_AVG,CY,TOTAL,2013,-38.3,,
ESTAT:PRC_HPI_HSVA(1.0),09/07/26 23:00:00,A,RCH_A_AVG,CY,TOTAL,2014,9.5,,
ESTAT:PRC_HPI_HSVA(1.0),09/07/26 23:00:00,A,RCH_A_AVG,CY,TOTAL,2015,22.8,,
ESTAT:PRC_HPI_HSVA(1.0),09/07/26 23:00:00,A,RCH_A_AVG,CY,TOTAL,2016,119.0,,
ESTAT:PRC_HPI_HSVA(1.0),09/07/26 23:00:00,A,RCH_A_AVG,CY,TOTAL,2017,9.3,,
ESTAT:PRC_HPI_HSVA(1.0),09/07/26 23:00:00,A,RCH_A_AVG,CY,TOTAL,2018,7.7,,
ESTAT:PRC_HPI_HSVA(1.0),09/07/26 23:00:00,A,RCH_A_AVG,CY,TOTAL,2019,18.5,,
ESTAT:PRC_HPI_HSVA(1.0),09/07/26 23:00:00,A,RCH_A_AVG,CY,TOTAL,2020,-35.6,,
ESTAT:PRC_HPI_HSVA(1.0),09/07/26 23:00:00,A,RCH_A_AVG,CY,TOTAL,2021,2.6,,
ESTAT:PRC_HPI_HSVA(1.0),09/07/26 23:00:00,A,RCH_A_AVG,CY,TOTAL,2022,34.5,,
ESTAT:PRC_HPI_HSVA(1.0),09/07/26 23:00:00,A,RCH_A_AVG,CY,TOTAL,2023,20.1,,
ESTAT:PRC_HPI_HSVA(1.0),09/07/26 23:00:00,A,RCH_A_AVG,CY,TOTAL,2024,2.2,,
ESTAT:PRC_HPI_HSVA(1.0),09/07/26 23:00:00,A,RCH_A_AVG,CY,TOTAL,2025,15.1,,
ESTAT:PRC_HPI_HSVA(1.0),09/07/26 23:00:00,A,RCH_A_AVG,CZ,TOTAL,2011,14.5,,
ESTAT:PRC_HPI_HSVA(1.0),09/07/26 23:00:00,A,RCH_A_AVG,CZ,TOTAL,2012,12.0,,
ESTAT:PRC_HPI_HSVA(1.0),09/07/26 23:00:00,A,RCH_A_AVG,CZ,TOTAL,2013,-5.2,,
ESTAT:PRC_HPI_HSVA(1.0),09/07/26 23:00:00,A,RCH_A_AVG,CZ,TOTAL,2014,5.7,,
ESTAT:PRC_HPI_HSVA(1.0),09/07/26 23:00:00,A,RCH_A_AVG,CZ,TOTAL,2015,28.1,,
ESTAT:PRC_HPI_HSVA(1.0),09/07/26 23:00:00,A,RCH_A_AVG,CZ,TOTAL,2016,13.1,,
ESTAT:PRC_HPI_HSVA(1.0),09/07/26 23:00:00,A,RCH_A_AVG,CZ,TOTAL,2017,-2.5,,
ESTAT:PRC_HPI_HSVA(1.0),09/07/26 23:00:00,A,RCH_A_AVG,CZ,TOTAL,2018,5.9,,
ESTAT:PRC_HPI_HSVA(1.0),09/07/26 23:00:00,A,RCH_A_AVG,CZ,TOTAL,2019,2.4,,
ESTAT:PRC_HPI_HSVA(1.0),09/07/26 23:00:00,A,RCH_A_AVG,CZ,TOTAL,2020,0.4,,
ESTAT:PRC_HPI_HSVA(1.0),09/07/26 23:00:00,A,RCH_A_AVG,CZ,TOTAL,2021,26.8,,
ESTAT:PRC_HPI_HSVA(1.0),09/07/26 23:00:00,A,RCH_A_AVG,CZ,TOTAL,2022,-13.9,,
ESTAT:PRC_HPI_HSVA(1.0),09/07/26 23:00:00,A,RCH_A_AVG,CZ,TOTAL,2023,0.7,,
ESTAT:PRC_HPI_HSVA(1.0),09/07/26 23:00:00,A,RCH_A_AVG,CZ,TOTAL,2024,23.3,,
ESTAT:PRC_HPI_HSVA(1.0),09/07/26 23:00:00,A,RCH_A_AVG,CZ,TOTAL,2025,13.5,,
ESTAT:PRC_HPI_HSVA(1.0),09/07/26 23:00:00,A,RCH_A_AVG,DK,DW_EXST,2014,17.4,,
ESTAT:PRC_HPI_HSVA(1.0),09/07/26 23:00:00,A,RCH_A_AVG,DK,DW_EXST,2015,21.8,,
ESTAT:PRC_HPI_HSVA(1.0),09/07/26 23:00:00,A,RCH_A_AVG,DK,DW_EXST,2016,8.2,,
ESTAT:PRC_HPI_HSVA(1.0),09/07/26 23:00:00,A,RCH_A_AVG,DK,DW_EXST,2017,17.4,,
ESTAT:PRC_HPI_HSVA(1.0),09/07/26 23:00:00,A,RCH_A_AVG,DK,DW_EXST,2018,0.8,,
ESTAT:PRC_HPI_HSVA(1.0),09/07/26 23:00:00,A,RCH_A_AVG,DK,DW_EXST,2019,5.9,,
ESTAT:PRC_HPI_HSVA(1.0),09/07/26 23:00:00,A,RCH_A_AVG,DK,DW_EXST,2020,26.4,,
ESTAT:PRC_HPI_HSVA(1.0),09/07/26 23:00:00,A,RCH_A_AVG,DK,DW_EXST,2021,15.8,d,
ESTAT:PRC_HPI_HSVA(1.0),09/07/26 23:00:00,A,RCH_A_AVG,DK,DW_EXST,2022,-38.0,d,
ESTAT:PRC_HPI_HSVA(1.0),09/07/26 23:00:00,A,RCH_A_AVG,DK,DW_EXST,2023,22.7,,
ESTAT:PRC_HPI_HSVA(1.0),09/07/26 23:00:00,A,RCH_A_AVG,DK,DW_EXST,2024,10.9,,
ESTAT:PRC_HPI_HSVA(1.0),09/07/26 23:00:00,A,RCH_A_AVG,DK,DW_EXST,2025,25.1,,
ESTAT:PRC_HPI_HSVA(1.0),09/07/26 23:00:00,A,RCH_A_AVG,DK,TOTAL,2006,-1.9,,
ESTAT:PRC_HPI_HSVA(1.0),09/07/26 23:00:00,A,RCH_A_AVG,DK,TOTAL,2007,-0.9,,
ESTAT:PRC_HPI_HSVA(1.0),09/07/26 23:00:00,A,RCH_A_AVG,DK,TOTAL,2008,-21.7,,
ESTAT:PRC_HPI_HSVA(1.0),09/07/26 23:00:00,A,RCH_A_AVG,DK,TOTAL,2009,-16.5,,
ESTAT:PRC_HPI_HSVA(1.0),09/07/26 23:00:00,A,RCH_A_AVG,DK,TOTAL,2010,19.7,,
ESTAT:PRC_HPI_HSVA(1.0),09/07/26 23:00:00,A,RCH_A_AVG,DK,TOTAL,2011,-18.7,,
ESTAT:PRC_HPI_HSVA(1.0),09/07/26 23:00:00,A,RCH_A_AVG,DK,TOTAL,2012,3.8,,
ESTAT:PRC_HPI_HSVA(1.0),09/07/26 23:00:00,A,RCH_A_AVG,DK,TOTAL,2013,-14.4,d,
ESTAT:PRC_HPI_HSVA(1.0),09/07/26 23:00:00,A,RCH_A_AVG,DK,TOTAL,2014,17.4,d,
ESTAT:PRC_HPI_HSVA(1.0),09/07/26 23:00:00,A,RCH_A_AVG,DK,TOTAL,2015,21.8,d,
ESTAT:PRC_HPI_HSVA(1.0),09/07/26 23:00:00,A,RCH_A_AVG,DK,TOTAL,2016,8.2,d,
ESTAT:PRC_HPI_HSVA(1.0),09/07/26 23:00:00,A,RCH_A_AVG,DK,TOTAL,2017,17.4,d,
ESTAT:PRC_HPI_HSVA(1.0),09/07/26 23:00:00,A,RCH_A_AVG,DK,TOTAL,2018,0.8,d,
ESTAT:PRC_HPI_HSVA(1.0),09/07/26 23:00:00,A,RCH_A_AVG,DK,TOTAL,2019,5.9,d,
ESTAT:PRC_HPI_HSVA(1.0),09/07/26 23:00:00,A,RCH_A_AVG,DK,TOTAL,2020,26.4,d,
ESTAT:PRC_HPI_HSVA(1.0),09/07/26 23:00:00,A,RCH_A_AVG,DK,TOTAL,2021,15.8,d,
ESTAT:PRC_HPI_HSVA(1.0),09/07/26 23:00:00,A,RCH_A_AVG,DK,TOTAL,2022,-38.0,d,
ESTAT:PRC_HPI_HSVA(1.0),09/07/26 23:00:00,A,RCH_A_AVG,DK,TOTAL,2023,22.7,,
ESTAT:PRC_HPI_HSVA(1.0),09/07/26 23:00:00,A,RCH_A_AVG,DK,TOTAL,2024,10.9,d,
ESTAT:PRC_HPI_HSVA(1.0),09/07/26 23:00:00,A,RCH_A_AVG,DK,TOTAL,2025,25.1,d,
ESTAT:PRC_HPI_HSVA(1.0),09/07/26 23:00:00,A,RCH_A_AVG,ES,DW_EXST,2009,-6.7,,
ESTAT:PRC_HPI_HSVA(1.0),09/07/26 23:00:00,A,RCH_A_AVG,ES,DW_EXST,2010,43.3,,
ESTAT:PRC_HPI_HSVA(1.0),09/07/26 23:00:00,A,RCH_A_AVG,ES,DW_EXST,2011,-35.2,,
ESTAT:PRC_HPI_HSVA(1.0),09/07/26 23:00:00,A,RCH_A_AVG,ES,DW_EXST,2012,-4.4,,
ESTAT:PRC_HPI_HSVA(1.0),09/07/26 23:00:00,A,RCH_A_AVG,ES,DW_EXST,2013,-12.6,,
ESTAT:PRC_HPI_HSVA(1.0),09/07/26 23:00:00,A,RCH_A_AVG,ES,DW_EXST,2014,37.2,,
ESTAT:PRC_HPI_HSVA(1.0),09/07/26 23:00:00,A,RCH_A_AVG,ES,DW_EXST,2015,14.4,,
ESTAT:PRC_HPI_HSVA(1.0),09/07/26 23:00:00,A,RCH_A_AVG,ES,DW_EXST,2016,18.7,,
ESTAT:PRC_HPI_HSVA(1.0),09/07/26 23:00:00,A,RCH_A_AVG,ES,DW_EXST,2017,23.7,,
ESTAT:PRC_HPI_HSVA(1.0),09/07/26 23:00:00,A,RCH_A_AVG,ES,DW_EXST,2018,13.9,,
ESTAT:PRC_HPI_HSVA(1.0),09/07/26 23:00:00,A,RCH_A_AVG,ES,DW_EXST,2019,0.8,,
ESTAT:PRC_HPI_HSVA(1.0),09/07/26 23:00:00,A,RCH_A_AVG,ES,DW_EXST,2020,-13.3,,
ESTAT:PRC_HPI_HSVA(1.0),09/07/26 23:00:00,A,RCH_A_AVG,ES,DW_EXST,2021,49.0,,
ESTAT:PRC_HPI_HSVA(1.0),09/07/26 23:00:00,A,RCH_A_AVG,ES,DW_EXST,2022,11.3,,
ESTAT:PRC_HPI_HSVA(1.0),09/07/26 23:00:00,A,RCH_A_AVG,ES,DW_EXST,2023,-12.8,,
ESTAT:PRC_HPI_HSVA(1.0),09/07/26 23:00:00,A,RCH_A_AVG,ES,DW_EXST,2024,22.5,,
ESTAT:PRC_HPI_HSVA(1.0),09/07/26 23:00:00,A,RCH_A_AVG,ES,DW_EXST,2025,16.8,,
ESTAT:PRC_HPI_HSVA(1.0),09/07/26 23:00:00,A,RCH_A_AVG,ES,DW_NEW,2009,-33.3,,
ESTAT:PRC_HPI_HSVA(1.0),09/07/26 23:00:00,A,RCH_A_AVG,ES,DW_NEW,2010,-12.9,,
ESTAT:PRC_HPI_HSVA(1.0),09/07/26 23:00:00,A,RCH_A_AVG,ES,DW_NEW,2011,-49.2,,
ESTAT:PRC_HPI_HSVA(1.0),09/07/26 23:00:00,A,RCH_A_AVG,ES,DW_NEW,2012,-25.0,,
ESTAT:PRC_HPI_HSVA(1.0),09/07/26 23:00:00,A,RCH_A_AVG,ES,DW_NEW,2013,-51.4,,
ESTAT:PRC_HPI_HSVA(1.0),09/07/26 23:00:00,A,RCH_A_AVG,ES,DW_NEW,2014,18.5,,
ESTAT:PRC_HPI_HSVA(1.0),09/07/26 23:00:00,A,RCH_A_AVG,ES,DW_NEW,2015,-1.4,,
ESTAT:PRC_HPI_HSVA(1.0),09/07/26 23:00:00,A,RCH_A_AVG,ES,DW_NEW,2016,9.4,,
ESTAT:PRC_HPI_HSVA(1.0),09/07/26 23:00:00,A,RCH_A_AVG,ES,DW_NEW,2017,24.7,,
ESTAT:PRC_HPI_HSVA(1.0),09/07/26 23:00:00,A,RCH_A_AVG,ES,DW_NEW,2018,25.6,,
ESTAT:PRC_HPI_HSVA(1.0),09/07/26 23:00:00,A,RCH_A_AVG,ES,DW_NEW,2019,10.6,,
ESTAT:PRC_HPI_HSVA(1.0),09/07/26 23:00:00,A,RCH_A_AVG,ES,DW_NEW,2020,17.7,,
ESTAT:PRC_HPI_HSVA(1.0),09/07/26 23:00:00,A,RCH_A_AVG,ES,DW_NEW,2021,20.7,,
ESTAT:PRC_HPI_HSVA(1.0),09/07/26 23:00:00,A,RCH_A_AVG,ES,DW_NEW,2022,-3.1,,
ESTAT:PRC_HPI_HSVA(1.0),09/07/26 23:00:00,A,RCH_A_AVG,ES,DW_NEW,2023,-10.7,,
ESTAT:PRC_HPI_HSVA(1.0),09/07/26 23:00:00,A,RCH_A_AVG,ES,DW_NEW,2024,16.4,,
ESTAT:PRC_HPI_HSVA(1.0),09/07/26 23:00:00,A,RCH_A_AVG,ES,DW_NEW,2025,4.4,,
ESTAT:PRC_HPI_HSVA(1.0),09/07/26 23:00:00,A,RCH_A_AVG,ES,TOTAL,2008,-38.1,,
ESTAT:PRC_HPI_HSVA(1.0),09/07/26 23:00:00,A,RCH_A_AVG,ES,TOTAL,2009,-22.5,,
ESTAT:PRC_HPI_HSVA(1.0),09/07/26 23:00:00,A,RCH_A_AVG,ES,TOTAL,2010,14.6,,
ESTAT:PRC_HPI_HSVA(1.0),09/07/26 23:00:00,A,RCH_A_AVG,ES,TOTAL,2011,-40.7,,
ESTAT:PRC_HPI_HSVA(1.0),09/07/26 23:00:00,A,RCH_A_AVG,ES,TOTAL,2012,-11.2,,
ESTAT:PRC_HPI_HSVA(1.0),09/07/26 23:00:00,A,RCH_A_AVG,ES,TOTAL,2013,-23.5,,
ESTAT:PRC_HPI_HSVA(1.0),09/07/26 23:00:00,A,RCH_A_AVG,ES,TOTAL,2014,33.9,,
ESTAT:PRC_HPI_HSVA(1.0),09/07/26 23:00:00,A,RCH_A_AVG,ES,TOTAL,2015,11.9,,
ESTAT:PRC_HPI_HSVA(1.0),09/07/26 23:00:00,A,RCH_A_AVG,ES,TOTAL,2016,17.4,,
ESTAT:PRC_HPI_HSVA(1.0),09/07/26 23:00:00,A,RCH_A_AVG,ES,TOTAL,2017,23.8,,
ESTAT:PRC_HPI_HSVA(1.0),09/07/26 23:00:00,A,RCH_A_AVG,ES,TOTAL,2018,15.4,,
ESTAT:PRC_HPI_HSVA(1.0),09/07/26 23:00:00,A,RCH_A_AVG,ES,TOTAL,2019,2.2,,
ESTAT:PRC_HPI_HSVA(1.0),09/07/26 23:00:00,A,RCH_A_AVG,ES,TOTAL,2020,-8.5,,
ESTAT:PRC_HPI_HSVA(1.0),09/07/26 23:00:00,A,RCH_A_AVG,ES,TOTAL,2021,43.4,,
ESTAT:PRC_HPI_HSVA(1.0),09/07/26 23:00:00,A,RCH_A_AVG,ES,TOTAL,2022,8.9,,
ESTAT:PRC_HPI_HSVA(1.0),09/07/26 23:00:00,A,RCH_A_AVG,ES,TOTAL,2023,-12.5,,
ESTAT:PRC_HPI_HSVA(1.0),09/07/26 23:00:00,A,RCH_A_AVG,ES,TOTAL,2024,21.6,,
ESTAT:PRC_HPI_HSVA(1.0),09/07/26 23:00:00,A,RCH_A_AVG,ES,TOTAL,2025,15.0,,
ESTAT:PRC_HPI_HSVA(1.0),09/07/26 23:00:00,A,RCH_A_AVG,FI,DW_EXST,2016,2.3,,
ESTAT:PRC_HPI_HSVA(1.0),09/07/26 23:00:00,A,RCH_A_AVG,FI,DW_EXST,2017,4.1,,
ESTAT:PRC_HPI_HSVA(1.0),09/07/26 23:00:00,A,RCH_A_AVG,FI,DW_EXST,2018,-3.7,,
ESTAT:PRC_HPI_HSVA(1.0),09/07/26 23:00:00,A,RCH_A_AVG,FI,DW_EXST,2019,7.1,,
ESTAT:PRC_HPI_HSVA(1.0),09/07/26 23:00:00,A,RCH_A_AVG,FI,DW_EXST,2020,12.7,,
ESTAT:PRC_HPI_HSVA(1.0),09/07/26 23:00:00,A,RCH_A_AVG,FI,DW_EXST,2021,20.1,,
ESTAT:PRC_HPI_HSVA(1.0),09/07/26 23:00:00,A,RCH_A_AVG,FI,DW_EXST,2022,-18.3,,
ESTAT:PRC_HPI_HSVA(1.0),09/07/26 23:00:00,A,RCH_A_AVG,FI,DW_EXST,2023,-30.1,,
ESTAT:PRC_HPI_HSVA(1.0),09/07/26 23:00:00,A,RCH_A_AVG,FI,DW_EXST,2024,5.6,,
ESTAT:PRC_HPI_HSVA(1.0),09/07/26 23:00:00,A,RCH_A_AVG,FI,DW_EXST,2025,12.3,,
ESTAT:PRC_HPI_HSVA(1.0),09/07/26 23:00:00,A,RCH_A_AVG,FI,DW_NEW,2016,15.8,,
ESTAT:PRC_HPI_HSVA(1.0),09/07/26 23:00:00,A,RCH_A_AVG,FI,DW_NEW,2017,16.8,,
ESTAT:PRC_HPI_HSVA(1.0),09/07/26 23:00:00,A,RCH_A_AVG,FI,DW_NEW,2018,8.5,,
ESTAT:PRC_HPI_HSVA(1.0),09/07/26 23:00:00,A,RCH_A_AVG,FI,DW_NEW,2019,26.3,,
ESTAT:PRC_HPI_HSVA(1.0),09/07/26 23:00:00,A,RCH_A_AVG,FI,DW_NEW,2020,12.7,,
ESTAT:PRC_HPI_HSVA(1.0),09/07/26 23:00:00,A,RCH_A_AVG,FI,DW_NEW,2021,-4.3,,
ESTAT:PRC_HPI_HSVA(1.0),09/07/26 23:00:00,A,RCH_A_AVG,FI,DW_NEW,2022,-9.3,,
ESTAT:PRC_HPI_HSVA(1.0),09/07/26 23:00:00,A,RCH_A_AVG,FI,DW_NEW,2023,-21.5,,
ESTAT:PRC_HPI_HSVA(1.0),09/07/26 23:00:00,A,RCH_A_AVG,FI,DW_NEW,2024,-49.7,,
ESTAT:PRC_HPI_HSVA(1.0),09/07/26 23:00:00,A,RCH_A_AVG,FI,DW_NEW,2025,-25.5,,
ESTAT:PRC_HPI_HSVA(1.0),09/07/26 23:00:00,A,RCH_A_AVG,FI,TOTAL,2010,-0.5,,
ESTAT:PRC_HPI_HSVA(1.0),09/07/26 23:00:00,A,RCH_A_AVG,FI,TOTAL,2011,5.0,,
ESTAT:PRC_HPI_HSVA(1.0),09/07/26 23:00:00,A,RCH_A_AVG,FI,TOTAL,2012,11.7,,
ESTAT:PRC_HPI_HSVA(1.0),09/07/26 23:00:00,A,RCH_A_AVG,FI,TOTAL,2013,-12.6,,
ESTAT:PRC_HPI_HSVA(1.0),09/07/26 23:00:00,A,RCH_A_AVG,FI,TOTAL,2014,-5.9,,
ESTAT:PRC_HPI_HSVA(1.0),09/07/26 23:00:00,A,RCH_A_AVG,FI,TOTAL,2015,-10.3,,
ESTAT:PRC_HPI_HSVA(1.0),09/07/26 23:00:00,A,RCH_A_AVG,FI,TOTAL,2016,4.1,,
ESTAT:PRC_HPI_HSVA(1.0),09/07/26 23:00:00,A,RCH_A_AVG,FI,TOTAL,2017,5.9,,
ESTAT:PRC_HPI_HSVA(1.0),09/07/26 23:00:00,A,RCH_A_AVG,FI,TOTAL,2018,-1.8,,
ESTAT:PRC_HPI_HSVA(1.0),09/07/26 23:00:00,A,RCH_A_AVG,FI,TOTAL,2019,10.5,,
ESTAT:PRC_HPI_HSVA(1.0),09/07/26 23:00:00,A,RCH_A_AVG,FI,TOTAL,2020,12.7,,
ESTAT:PRC_HPI_HSVA(1.0),09/07/26 23:00:00,A,RCH_A_AVG,FI,TOTAL,2021,15.2,,
ESTAT:PRC_HPI_HSVA(1.0),09/07/26 23:00:00,A,RCH_A_AVG,FI,TOTAL,2022,-16.8,,
ESTAT:PRC_HPI_HSVA(1.0),09/07/26 23:00:00,A,RCH_A_AVG,FI,TOTAL,2023,-28.5,,
ESTAT:PRC_HPI_HSVA(1.0),09/07/26 23:00:00,A,RCH_A_AVG,FI,TOTAL,2024,-5.5,,
ESTAT:PRC_HPI_HSVA(1.0),09/07/26 23:00:00,A,RCH_A_AVG,FI,TOTAL,2025,8.3,,
ESTAT:PRC_HPI_HSVA(1.0),09/07/26 23:00:00,A,RCH_A_AVG,FR,DW_EXST,2006,10.0,,
ESTAT:PRC_HPI_HSVA(1.0),09/07/26 23:00:00,A,RCH_A_AVG,FR,DW_EXST,2007,5.2,,
ESTAT:PRC_HPI_HSVA(1.0),09/07/26 23:00:00,A,RCH_A_AVG,FR,DW_EXST,2008,-16.3,,
ESTAT:PRC_HPI_HSVA(1.0),09/07/26 23:00:00,A,RCH_A_AVG,FR,DW_EXST,2009,-18.0,,
ESTAT:PRC_HPI_HSVA(1.0),09/07/26 23:00:00,A,RCH_A_AVG,FR,DW_EXST,2010,39.6,,
ESTAT:PRC_HPI_HSVA(1.0),09/07/26 23:00:00,A,RCH_A_AVG,FR,DW_EXST,2011,8.0,,
ESTAT:PRC_HPI_HSVA(1.0),09/07/26 23:00:00,A,RCH_A_AVG,FR,DW_EXST,2012,-11.8,,
ESTAT:PRC_HPI_HSVA(1.0),09/07/26 23:00:00,A,RCH_A_AVG,FR,DW_EXST,2013,-0.8,,
ESTAT:PRC_HPI_HSVA(1.0),09/07/26 23:00:00,A,RCH_A_AVG,FR,DW_EXST,2014,-4.9,,
ESTAT:PRC_HPI_HSVA(1.0),09/07/26 23:00:00,A,RCH_A_AVG,FR,DW_EXST,2015,16.1,,
ESTAT:PRC_HPI_HSVA(1.0),09/07/26 23:00:00,A,RCH_A_AVG,FR,DW_EXST,2016,6.6,,
ESTAT:PRC_HPI_HSVA(1.0),09/07/26 23:00:00,A,RCH_A_AVG,FR,DW_EXST,2017,17.0,,
ESTAT:PRC_HPI_HSVA(1.0),09/07/26 23:00:00,A,RCH_A_AVG,FR,DW_EXST,2018,3.2,,
ESTAT:PRC_HPI_HSVA(1.0),09/07/26 23:00:00,A,RCH_A_AVG,FR,DW_EXST,2019,14.0,,
ESTAT:PRC_HPI_HSVA(1.0),09/07/26 23:00:00,A,RCH_A_AVG,FR,DW_EXST,2020,-0.2,,
ESTAT:PRC_HPI_HSVA(1.0),09/07/26 23:00:00,A,RCH_A_AVG,FR,DW_EXST,2021,26.8,,
ESTAT:PRC_HPI_HSVA(1.0),09/07/26 23:00:00,A,RCH_A_AVG,FR,DW_EXST,2022,-0.8,,
ESTAT:PRC_HPI_HSVA(1.0),09/07/26 23:00:00,A,RCH_A_AVG,FR,DW_EXST,2023,-21.5,,
ESTAT:PRC_HPI_HSVA(1.0),09/07/26 23:00:00,A,RCH_A_AVG,FR,DW_EXST,2024,-12.3,,
ESTAT:PRC_HPI_HSVA(1.0),09/07/26 23:00:00,A,RCH_A_AVG,FR,DW_EXST,2025,18.1,,
ESTAT:PRC_HPI_HSVA(1.0),09/07/26 23:00:00,A,RCH_A_AVG,FR,DW_NEW,2007,3.9,,
ESTAT:PRC_HPI_HSVA(1.0),09/07/26 23:00:00,A,RCH_A_AVG,FR,DW_NEW,2008,-33.7,,
ESTAT:PRC_HPI_HSVA(1.0),09/07/26 23:00:00,A,RCH_A_AVG,FR,DW_NEW,2009,28.9,,
ESTAT:PRC_HPI_HSVA(1.0),09/07/26 23:00:00,A,RCH_A_AVG,FR,DW_NEW,2010,9.2,,
ESTAT:PRC_HPI_HSVA(1.0),09/07/26 23:00:00,A,RCH_A_AVG,FR,DW_NEW,2011,-7.2,,
ESTAT:PRC_HPI_HSVA(1.0),09/07/26 23:00:00,A,RCH_A_AVG,FR,DW_NEW,2012,-10.3,,
ESTAT:PRC_HPI_HSVA(1.0),09/07/26 23:00:00,A,RCH_A_AVG,FR,DW_NEW,2013,-0.8,,
ESTAT:PRC_HPI_HSVA(1.0),09/07/26 23:00:00,A,RCH_A_AVG,FR,DW_NEW,2014,-2.7,,
ESTAT:PRC_HPI_HSVA(1.0),09/07/26 23:00:00,A,RCH_A_AVG,FR,DW_NEW,2015,17.8,,
ESTAT:PRC_HPI_HSVA(1.0),09/07/26 23:00:00,A,RCH_A_AVG,FR,DW_NEW,2016,26.5,,
ESTAT:PRC_HPI_HSVA(1.0),09/07/26 23:00:00,A,RCH_A_AVG,FR,DW_NEW,2017,8.8,,
ESTAT:PRC_HPI_HSVA(1.0),09/07/26 23:00:00,A,RCH_A_AVG,FR,DW_NEW,2018,1.2,,
ESTAT:PRC_HPI_HSVA(1.0),09/07/26 23:00:00,A,RCH_A_AVG,FR,DW_NEW,2019,6.5,,
ESTAT:PRC_HPI_HSVA(1.0),09/07/26 23:00:00,A,RCH_A_AVG,FR,DW_NEW,2020,-18.7,,
ESTAT:PRC_HPI_HSVA(1.0),09/07/26 23:00:00,A,RCH_A_AVG,FR,DW_NEW,2021,20.5,,
ESTAT:PRC_HPI_HSVA(1.0),09/07/26 23:00:00,A,RCH_A_AVG,FR,DW_NEW,2022,-7.8,,
ESTAT:PRC_HPI_HSVA(1.0),09/07/26 23:00:00,A,RCH_A_AVG,FR,DW_NEW,2023,-34.9,,
ESTAT:PRC_HPI_HSVA(1.0),09/07/26 23:00:00,A,RCH_A_AVG,FR,DW_NEW,2024,-9.8,,
ESTAT:PRC_HPI_HSVA(1.0),09/07/26 23:00:00,A,RCH_A_AVG,FR,DW_NEW,2025,-3.2,,
ESTAT:PRC_HPI_HSVA(1.0),09/07/26 23:00:00,A,RCH_A_AVG,FR,TOTAL,2006,13.5,e,
ESTAT:PRC_HPI_HSVA(1.0),09/07/26 23:00:00,A,RCH_A_AVG,FR,TOTAL,2007,4.9,,
ESTAT:PRC_HPI_HSVA(1.0),09/07/26 23:00:00,A,RCH_A_AVG,FR,TOTAL,2008,-19.1,,
ESTAT:PRC_HPI_HSVA(1.0),09/07/26 23:00:00,A,RCH_A_AVG,FR,TOTAL,2009,-11.7,,
ESTAT:PRC_HPI_HSVA(1.0),09/07/26 23:00:00,A,RCH_A_AVG,FR,TOTAL,2010,33.6,,
ESTAT:PRC_HPI_HSVA(1.0),09/07/26 23:00:00,A,RCH_A_AVG,FR,TOTAL,2011,5.5,,
ESTAT:PRC_HPI_HSVA(1.0),09/07/26 23:00:00,A,RCH_A_AVG,FR,TOTAL,2012,-11.6,,
ESTAT:PRC_HPI_HSVA(1.0),09/07/26 23:00:00,A,RCH_A_AVG,FR,TOTAL,2013,-0.8,,
ESTAT:PRC_HPI_HSVA(1.0),09/07/26 23:00:00,A,RCH_A_AVG,FR,TOTAL,2014,-4.6,,
ESTAT:PRC_HPI_HSVA(1.0),09/07/26 23:00:00,A,RCH_A_AVG,FR,TOTAL,2015,16.3,,
ESTAT:PRC_HPI_HSVA(1.0),09/07/26 23:00:00,A,RCH_A_AVG,FR,TOTAL,2016,9.5,,
ESTAT:PRC_HPI_HSVA(1.0),09/07/26 23:00:00,A,RCH_A_AVG,FR,TOTAL,2017,15.6,,
ESTAT:PRC_HPI_HSVA(1.0),09/07/26 23:00:00,A,RCH_A_AVG,FR,TOTAL,2018,2.8,,
ESTAT:PRC_HPI_HSVA(1.0),09/07/26 23:00:00,A,RCH_A_AVG,FR,TOTAL,2019,12.8,,
ESTAT:PRC_HPI_HSVA(1.0),09/07/26 23:00:00,A,RCH_A_AVG,FR,TOTAL,2020,-3.0,,
ESTAT:PRC_HPI_HSVA(1.0),09/07/26 23:00:00,A,RCH_A_AVG,FR,TOTAL,2021,26.1,,
ESTAT:PRC_HPI_HSVA(1.0),09/07/26 23:00:00,A,RCH_A_AVG,FR,TOTAL,2022,-1.6,,
ESTAT:PRC_HPI_HSVA(1.0),09/07/26 23:00:00,A,RCH_A_AVG,FR,TOTAL,2023,-23.0,,
ESTAT:PRC_HPI_HSVA(1.0),09/07/26 23:00:00,A,RCH_A_AVG,FR,TOTAL,2024,-12.1,,
ESTAT:PRC_HPI_HSVA(1.0),09/07/26 23:00:00,A,RCH_A_AVG,FR,TOTAL,2025,16.0,,
ESTAT:PRC_HPI_HSVA(1.0),09/07/26 23:00:00,A,RCH_A_AVG,HR,DW_EXST,2009,-32.9,,
ESTAT:PRC_HPI_HSVA(1.0),09/07/26 23:00:00,A,RCH_A_AVG,HR,DW_EXST,2010,-2.4,,
ESTAT:PRC_HPI_HSVA(1.0),09/07/26 23:00:00,A,RCH_A_AVG,HR,DW_EXST,2011,9.9,,
ESTAT:PRC_HPI_HSVA(1.0),09/07/26 23:00:00,A,RCH_A_AVG,HR,DW_EXST,2012,-1.7,,
ESTAT:PRC_HPI_HSVA(1.0),09/07/26 23:00:00,A,RCH_A_AVG,HR,DW_EXST,2013,1.2,,
ESTAT:PRC_HPI_HSVA(1.0),09/07/26 23:00:00,A,RCH_A_AVG,HR,DW_EXST,2014,6.7,,
ESTAT:PRC_HPI_HSVA(1.0),09/07/26 23:00:00,A,RCH_A_AVG,HR,DW_EXST,2015,11.3,,
ESTAT:PRC_HPI_HSVA(1.0),09/07/26 23:00:00,A,RCH_A_AVG,HR,DW_EXST,2016,30.6,,
ESTAT:PRC_HPI_HSVA(1.0),09/07/26 23:00:00,A,RCH_A_AVG,HR,DW_EXST,2017,-0.4,,
ESTAT:PRC_HPI_HSVA(1.0),09/07/26 23:00:00,A,RCH_A_AVG,HR,DW_EXST,2018,10.6,,
ESTAT:PRC_HPI_HSVA(1.0),09/07/26 23:00:00,A,RCH_A_AVG,HR,DW_EXST,2019,19.0,,
ESTAT:PRC_HPI_HSVA(1.0),09/07/26 23:00:00,A,RCH_A_AVG,HR,DW_EXST,2020,-8.2,,
ESTAT:PRC_HPI_HSVA(1.0),09/07/26 23:00:00,A,RCH_A_AVG,HR,DW_EXST,2021,48.7,,
ESTAT:PRC_HPI_HSVA(1.0),09/07/26 23:00:00,A,RCH_A_AVG,HR,DW_EXST,2022,17.5,,
ESTAT:PRC_HPI_HSVA(1.0),09/07/26 23:00:00,A,RCH_A_AVG,HR,DW_EXST,2023,-13.1,,
ESTAT:PRC_HPI_HSVA(1.0),09/07/26 23:00:00,A,RCH_A_AVG,HR,DW_EXST,2024,-10.1,,
ESTAT:PRC_HPI_HSVA(1.0),09/07/26 23:00:00,A,RCH_A_AVG,HR,DW_EXST,2025,2.6,,
ESTAT:PRC_HPI_HSVA(1.0),09/07/26 23:00:00,A,RCH_A_AVG,HR,DW_NEW,2009,-6.0,,
ESTAT:PRC_HPI_HSVA(1.0),09/07/26 23:00:00,A,RCH_A_AVG,HR,DW_NEW,2010,-18.1,,
ESTAT:PRC_HPI_HSVA(1.0),09/07/26 23:00:00,A,RCH_A_AVG,HR,DW_NEW,2011,-1.4,,
ESTAT:PRC_HPI_HSVA(1.0),09/07/26 23:00:00,A,RCH_A_AVG,HR,DW_NEW,2012,38.8,,
ESTAT:PRC_HPI_HSVA(1.0),09/07/26 23:00:00,A,RCH_A_AVG,HR,DW_NEW,2013,-17.6,,
ESTAT:PRC_HPI_HSVA(1.0),09/07/26 23:00:00,A,RCH_A_AVG,HR,DW_NEW,2014,1.8,,
ESTAT:PRC_HPI_HSVA(1.0),09/07/26 23:00:00,A,RCH_A_AVG,HR,DW_NEW,2015,-59.3,,
ESTAT:PRC_HPI_HSVA(1.0),09/07/26 23:00:00,A,RCH_A_AVG,HR,DW_NEW,2016,23.4,,
ESTAT:PRC_HPI_HSVA(1.0),09/07/26 23:00:00,A,RCH_A_AVG,HR,DW_NEW,2017,45.4,,
ESTAT:PRC_HPI_HSVA(1.0),09/07/26 23:00:00,A,RCH_A_AVG,HR,DW_NEW,2018,5.1,,
ESTAT:PRC_HPI_HSVA(1.0),09/07/26 23:00:00,A,RCH_A_AVG,HR,DW_NEW,2019,32.3,,
ESTAT:PRC_HPI_HSVA(1.0),09/07/26 23:00:00,A,RCH_A_AVG,HR,DW_NEW,2020,19.8,,
ESTAT:PRC_HPI_HSVA(1.0),09/07/26 23:00:00,A,RCH_A_AVG,HR,DW_NEW,2021,47.9,,
ESTAT:PRC_HPI_HSVA(1.0),09/07/26 23:00:00,A,RCH_A_AVG,HR,DW_NEW,2022,13.4,,
ESTAT:PRC_HPI_HSVA(1.0),09/07/26 23:00:00,A,RCH_A_AVG,HR,DW_NEW,2023,-1.5,,
ESTAT:PRC_HPI_HSVA(1.0),09/07/26 23:00:00,A,RCH_A_AVG,HR,DW_NEW,2024,-0.1,,
ESTAT:PRC_HPI_HSVA(1.0),09/07/26 23:00:00,A,RCH_A_AVG,HR,DW_NEW,2025,13.2,,
ESTAT:PRC_HPI_HSVA(1.0),09/07/26 23:00:00,A,RCH_A_AVG,HR,TOTAL,2009,-23.4,,
ESTAT:PRC_HPI_HSVA(1.0),09/07/26 23:00:00,A,RCH_A_AVG,HR,TOTAL,2010,-9.3,,
ESTAT:PRC_HPI_HSVA(1.0),09/07/26 23:00:00,A,RCH_A_AVG,HR,TOTAL,2011,5.5,,
ESTAT:PRC_HPI_HSVA(1.0),09/07/26 23:00:00,A,RCH_A_AVG,HR,TOTAL,2012,13.2,,
ESTAT:PRC_HPI_HSVA(1.0),09/07/26 23:00:00,A,RCH_A_AVG,HR,TOTAL,2013,-7.3,,
ESTAT:PRC_HPI_HSVA(1.0),09/07/26 23:00:00,A,RCH_A_AVG,HR,TOTAL,2014,4.7,,
ESTAT:PRC_HPI_HSVA(1.0),09/07/26 23:00:00,A,RCH_A_AVG,HR,TOTAL,2015,-16.2,,
ESTAT:PRC_HPI_HSVA(1.0),09/07/26 23:00:00,A,RCH_A_AVG,HR,TOTAL,2016,29.3,,
ESTAT:PRC_HPI_HSVA(1.0),09/07/26 23:00:00,A,RCH_A_AVG,HR,TOTAL,2017,7.8,,
ESTAT:PRC_HPI_HSVA(1.0),09/07/26 23:00:00,A,RCH_A_AVG,HR,TOTAL,2018,9.2,,
ESTAT:PRC_HPI_HSVA(1.0),09/07/26 23:00:00,A,RCH_A_AVG,HR,TOTAL,2019,22.1,,
ESTAT:PRC_HPI_HSVA(1.0),09/07/26 23:00:00,A,RCH_A_AVG,HR,TOTAL,2020,-1.1,,
ESTAT:PRC_HPI_HSVA(1.0),09/07/26 23:00:00,A,RCH_A_AVG,HR,TOTAL,2021,48.4,,
ESTAT:PRC_HPI_HSVA(1.0),09/07/26 23:00:00,A,RCH_A_AVG,HR,TOTAL,2022,16.3,,
ESTAT:PRC_HPI_HSVA(1.0),09/07/26 23:00:00,A,RCH_A_AVG,HR,TOTAL,2023,-9.6,,
ESTAT:PRC_HPI_HSVA(1.0),09/07/26 23:00:00,A,RCH_A_AVG,HR,TOTAL,2024,-6.9,,
ESTAT:PRC_HPI_HSVA(1.0),09/07/26 23:00:00,A,RCH_A_AVG,HR,TOTAL,2025,6.3,,
ESTAT:PRC_HPI_HSVA(1.0),09/07/26 23:00:00,A,RCH_A_AVG,HU,DW_EXST,2008,-30.1,,
ESTAT:PRC_HPI_HSVA(1.0),09/07/26 23:00:00,A,RCH_A_AVG,HU,DW_EXST,2009,-44.6,,
ESTAT:PRC_HPI_HSVA(1.0),09/07/26 23:00:00,A,RCH_A_AVG,HU,DW_EXST,2010,10.4,,
ESTAT:PRC_HPI_HSVA(1.0),09/07/26 23:00:00,A,RCH_A_AVG,HU,DW_EXST,2011,-6.0,,
ESTAT:PRC_HPI_HSVA(1.0),09/07/26 23:00:00,A,RCH_A_AVG,HU,DW_EXST,2012,-2.4,,
ESTAT:PRC_HPI_HSVA(1.0),09/07/26 23:00:00,A,RCH_A_AVG,HU,DW_EXST,2013,0.7,,
ESTAT:PRC_HPI_HSVA(1.0),09/07/26 23:00:00,A,RCH_A_AVG,HU,DW_EXST,2014,35.1,,
ESTAT:PRC_HPI_HSVA(1.0),09/07/26 23:00:00,A,RCH_A_AVG,HU,DW_EXST,2015,34.8,,
ESTAT:PRC_HPI_HSVA(1.0),09/07/26 23:00:00,A,RCH_A_AVG,HU,DW_EXST,2016,17.4,,
ESTAT:PRC_HPI_HSVA(1.0),09/07/26 23:00:00,A,RCH_A_AVG,HU,DW_EXST,2017,15.0,,
ESTAT:PRC_HPI_HSVA(1.0),09/07/26 23:00:00,A,RCH_A_AVG,HU,DW_EXST,2018,19.3,,
ESTAT:PRC_HPI_HSVA(1.0),09/07/26 23:00:00,A,RCH_A_AVG,HU,DW_EXST,2019,9.3,,
ESTAT:PRC_HPI_HSVA(1.0),09/07/26 23:00:00,A,RCH_A_AVG,HU,DW_EXST,2020,-11.3,,
ESTAT:PRC_HPI_HSVA(1.0),09/07/26 23:00:00,A,RCH_A_AVG,HU,DW_EXST,2021,44.6,,
ESTAT:PRC_HPI_HSVA(1.0),09/07/26 23:00:00,A,RCH_A_AVG,HU,DW_EXST,2022,7.4,,
ESTAT:PRC_HPI_HSVA(1.0),09/07/26 23:00:00,A,RCH_A_AVG,HU,DW_EXST,2023,-24.8,,
ESTAT:PRC_HPI_HSVA(1.0),09/07/26 23:00:00,A,RCH_A_AVG,HU,DW_EXST,2024,60.3,,
ESTAT:PRC_HPI_HSVA(1.0),09/07/26 23:00:00,A,RCH_A_AVG,HU,DW_EXST,2025,40.3,ep,
ESTAT:PRC_HPI_HSVA(1.0),09/07/26 23:00:00,A,RCH_A_AVG,HU,DW_NEW,2008,126.6,,
ESTAT:PRC_HPI_HSVA(1.0),09/07/26 23:00:00,A,RCH_A_AVG,HU,DW_NEW,2009,-41.5,,
ESTAT:PRC_HPI_HSVA(1.0),09/07/26 23:00:00,A,RCH_A_AVG,HU,DW_NEW,2010,-43.9,,
ESTAT:PRC_HPI_HSVA(1.0),09/07/26 23:00:00,A,RCH_A_AVG,HU,DW_NEW,2011,-22.6,,
ESTAT:PRC_HPI_HSVA(1.0),09/07/26 23:00:00,A,RCH_A_AVG,HU,DW_NEW,2012,-31.8,,
ESTAT:PRC_HPI_HSVA(1.0),09/07/26 23:00:00,A,RCH_A_AVG,HU,DW_NEW,2013,-10.7,,
ESTAT:PRC_HPI_HSVA(1.0),09/07/26 23:00:00,A,RCH_A_AVG,HU,DW_NEW,2014,50.5,,
ESTAT:PRC_HPI_HSVA(1.0),09/07/26 23:00:00,A,RCH_A_AVG,HU,DW_NEW,2015,12.9,,
ESTAT:PRC_HPI_HSVA(1.0),09/07/26 23:00:00,A,RCH_A_AVG,HU,DW_NEW,2016,52.2,,
ESTAT:PRC_HPI_HSVA(1.0),09/07/26 23:00:00,A,RCH_A_AVG,HU,DW_NEW,2017,44.6,,
ESTAT:PRC_HPI_HSVA(1.0),09/07/26 23:00:00,A,RCH_A_AVG,HU,DW_NEW,2018,83.8,,
ESTAT:PRC_HPI_HSVA(1.0),09/07/26 23:00:00,A,RCH_A_AVG,HU,DW_NEW,2019,41.0,,
ESTAT:PRC_HPI_HSVA(1.0),09/07/26 23:00:00,A,RCH_A_AVG,HU,DW_NEW,2020,-5.3,,
ESTAT:PRC_HPI_HSVA(1.0),09/07/26 23:00:00,A,RCH_A_AVG,HU,DW_NEW,2021,66.2,,
ESTAT:PRC_HPI_HSVA(1.0),09/07/26 23:00:00,A,RCH_A_AVG,HU,DW_NEW,2022,5.1,,
ESTAT:PRC_HPI_HSVA(1.0),09/07/26 23:00:00,A,RCH_A_AVG,HU,DW_NEW,2023,-33.7,,
ESTAT:PRC_HPI_HSVA(1.0),09/07/26 23:00:00,A,RCH_A_AVG,HU,DW_NEW,2024,40.3,,
ESTAT:PRC_HPI_HSVA(1.0),09/07/26 23:00:00,A,RCH_A_AVG,HU,DW_NEW,2025,44.2,ep,
ESTAT:PRC_HPI_HSVA(1.0),09/07/26 23:00:00,A,RCH_A_AVG,HU,TOTAL,2008,-22.7,,
ESTAT:PRC_HPI_HSVA(1.0),09/07/26 23:00:00,A,RCH_A_AVG,HU,TOTAL,2009,-44.2,,
ESTAT:PRC_HPI_HSVA(1.0),09/07/26 23:00:00,A,RCH_A_AVG,HU,TOTAL,2010,2.5,,
ESTAT:PRC_HPI_HSVA(1.0),09/07/26 23:00:00,A,RCH_A_AVG,HU,TOTAL,2011,-7.3,,
ESTAT:PRC_HPI_HSVA(1.0),09/07/26 23:00:00,A,RCH_A_AVG,HU,TOTAL,2012,-4.3,,
ESTAT:PRC_HPI_HSVA(1.0),09/07/26 23:00:00,A,RCH_A_AVG,HU,TOTAL,2013,0.2,,
ESTAT:PRC_HPI_HSVA(1.0),09/07/26 23:00:00,A,RCH_A_AVG,HU,TOTAL,2014,35.7,,
ESTAT:PRC_HPI_HSVA(1.0),09/07/26 23:00:00,A,RCH_A_AVG,HU,TOTAL,2015,33.8,,
ESTAT:PRC_HPI_HSVA(1.0),09/07/26 23:00:00,A,RCH_A_AVG,HU,TOTAL,2016,18.7,,
ESTAT:PRC_HPI_HSVA(1.0),09/07/26 23:00:00,A,RCH_A_AVG,HU,TOTAL,2017,16.5,,
ESTAT:PRC_HPI_HSVA(1.0),09/07/26 23:00:00,A,RCH_A_AVG,HU,TOTAL,2018,23.4,,
ESTAT:PRC_HPI_HSVA(1.0),09/07/26 23:00:00,A,RCH_A_AVG,HU,TOTAL,2019,12.3,,
ESTAT:PRC_HPI_HSVA(1.0),09/07/26 23:00:00,A,RCH_A_AVG,HU,TOTAL,2020,-10.6,,
ESTAT:PRC_HPI_HSVA(1.0),09/07/26 23:00:00,A,RCH_A_AVG,HU,TOTAL,2021,47.3,,
ESTAT:PRC_HPI_HSVA(1.0),09/07/26 23:00:00,A,RCH_A_AVG,HU,TOTAL,2022,7.1,,
ESTAT:PRC_HPI_HSVA(1.0),09/07/26 23:00:00,A,RCH_A_AVG,HU,TOTAL,2023,-26.0,,
ESTAT:PRC_HPI_HSVA(1.0),09/07/26 23:00:00,A,RCH_A_AVG,HU,TOTAL,2024,57.9,,
ESTAT:PRC_HPI_HSVA(1.0),09/07/26 23:00:00,A,RCH_A_AVG,HU,TOTAL,2025,40.7,ep,
ESTAT:PRC_HPI_HSVA(1.0),09/07/26 23:00:00,A,RCH_A_AVG,IE,DW_EXST,2011,-15.6,,
ESTAT:PRC_HPI_HSVA(1.0),09/07/26 23:00:00,A,RCH_A_AVG,IE,DW_EXST,2012,27.7,,
ESTAT:PRC_HPI_HSVA(1.0),09/07/26 23:00:00,A,RCH_A_AVG,IE,DW_EXST,2013,21.7,,
ESTAT:PRC_HPI_HSVA(1.0),09/07/26 23:00:00,A,RCH_A_AVG,IE,DW_EXST,2014,47.4,,
ESTAT:PRC_HPI_HSVA(1.0),09/07/26 23:00:00,A,RCH_A_AVG,IE,DW_EXST,2015,15.8,,
ESTAT:PRC_HPI_HSVA(1.0),09/07/26 23:00:00,A,RCH_A_AVG,IE,DW_EXST,2016,6.4,,
ESTAT:PRC_HPI_HSVA(1.0),09/07/26 23:00:00,A,RCH_A_AVG,IE,DW_EXST,2017,13.5,,
ESTAT:PRC_HPI_HSVA(1.0),09/07/26 23:00:00,A,RCH_A_AVG,IE,DW_EXST,2018,4.5,,
ESTAT:PRC_HPI_HSVA(1.0),09/07/26 23:00:00,A,RCH_A_AVG,IE,DW_EXST,2019,4.1,,
ESTAT:PRC_HPI_HSVA(1.0),09/07/26 23:00:00,A,RCH_A_AVG,IE,DW_EXST,2020,-15.4,,
ESTAT:PRC_HPI_HSVA(1.0),09/07/26 23:00:00,A,RCH_A_AVG,IE,DW_EXST,2021,42.0,,
ESTAT:PRC_HPI_HSVA(1.0),09/07/26 23:00:00,A,RCH_A_AVG,IE,DW_EXST,2022,15.4,,
ESTAT:PRC_HPI_HSVA(1.0),09/07/26 23:00:00,A,RCH_A_AVG,IE,DW_EXST,2023,3.7,,
ESTAT:PRC_HPI_HSVA(1.0),09/07/26 23:00:00,A,RCH_A_AVG,IE,DW_EXST,2024,2.5,,
ESTAT:PRC_HPI_HSVA(1.0),09/07/26 23:00:00,A,RCH_A_AVG,IE,DW_EXST,2025,7.4,,
ESTAT:PRC_HPI_HSVA(1.0),09/07/26 23:00:00,A,RCH_A_AVG,IE,DW_NEW,2011,-57.0,,
ESTAT:PRC_HPI_HSVA(1.0),09/07/26 23:00:00,A,RCH_A_AVG,IE,DW_NEW,2012,3.5,,
ESTAT:PRC_HPI_HSVA(1.0),09/07/26 23:00:00,A,RCH_A_AVG,IE,DW_NEW,2013,9.3,,
ESTAT:PRC_HPI_HSVA(1.0),09/07/26 23:00:00,A,RCH_A_AVG,IE,DW_NEW,2014,67.9,,
ESTAT:PRC_HPI_HSVA(1.0),09/07/26 23:00:00,A,RCH_A_AVG,IE,DW_NEW,2015,29.7,,
ESTAT:PRC_HPI_HSVA(1.0),09/07/26 23:00:00,A,RCH_A_AVG,IE,DW_NEW,2016,41.2,,
ESTAT:PRC_HPI_HSVA(1.0),09/07/26 23:00:00,A,RCH_A_AVG,IE,DW_NEW,2017,45.9,,
ESTAT:PRC_HPI_HSVA(1.0),09/07/26 23:00:00,A,RCH_A_AVG,IE,DW_NEW,2018,27.3,,
ESTAT:PRC_HPI_HSVA(1.0),09/07/26 23:00:00,A,RCH_A_AVG,IE,DW_NEW,2019,2.2,,
ESTAT:PRC_HPI_HSVA(1.0),09/07/26 23:00:00,A,RCH_A_AVG,IE,DW_NEW,2020,-16.6,,
ESTAT:PRC_HPI_HSVA(1.0),09/07/26 23:00:00,A,RCH_A_AVG,IE,DW_NEW,2021,9.5,,
ESTAT:PRC_HPI_HSVA(1.0),09/07/26 23:00:00,A,RCH_A_AVG,IE,DW_NEW,2022,26.8,,
ESTAT:PRC_HPI_HSVA(1.0),09/07/26 23:00:00,A,RCH_A_AVG,IE,DW_NEW,2023,11.9,,
ESTAT:PRC_HPI_HSVA(1.0),09/07/26 23:00:00,A,RCH_A_AVG,IE,DW_NEW,2024,12.2,,
ESTAT:PRC_HPI_HSVA(1.0),09/07/26 23:00:00,A,RCH_A_AVG,IE,DW_NEW,2025,20.4,,
ESTAT:PRC_HPI_HSVA(1.0),09/07/26 23:00:00,A,RCH_A_AVG,IE,TOTAL,2010,-30.5,,
ESTAT:PRC_HPI_HSVA(1.0),09/07/26 23:00:00,A,RCH_A_AVG,IE,TOTAL,2011,-26.0,,
ESTAT:PRC_HPI_HSVA(1.0),09/07/26 23:00:00,A,RCH_A_AVG,IE,TOTAL,2012,24.1,,
ESTAT:PRC_HPI_HSVA(1.0),09/07/26 23:00:00,A,RCH_A_AVG,IE,TOTAL,2013,20.2,,
ESTAT:PRC_HPI_HSVA(1.0),09/07/26 23:00:00,A,RCH_A_AVG,IE,TOTAL,2014,49.7,,
ESTAT:PRC_HPI_HSVA(1.0),09/07/26 23:00:00,A,RCH_A_AVG,IE,TOTAL,2015,17.5,,
ESTAT:PRC_HPI_HSVA(1.0),09/07/26 23:00:00,A,RCH_A_AVG,IE,TOTAL,2016,11.1,,
ESTAT:PRC_HPI_HSVA(1.0),09/07/26 23:00:00,A,RCH_A_AVG,IE,TOTAL,2017,19.1,,
ESTAT:PRC_HPI_HSVA(1.0),09/07/26 23:00:00,A,RCH_A_AVG,IE,TOTAL,2018,9.4,,
ESTAT:PRC_HPI_HSVA(1.0),09/07/26 23:00:00,A,RCH_A_AVG,IE,TOTAL,2019,3.6,,
ESTAT:PRC_HPI_HSVA(1.0),09/07/26 23:00:00,A,RCH_A_AVG,IE,TOTAL,2020,-15.7,,
ESTAT:PRC_HPI_HSVA(1.0),09/07/26 23:00:00,A,RCH_A_AVG,IE,TOTAL,2021,34.2,,
ESTAT:PRC_HPI_HSVA(1.0),09/07/26 23:00:00,A,RCH_A_AVG,IE,TOTAL,2022,17.7,,
ESTAT:PRC_HPI_HSVA(1.0),09/07/26 23:00:00,A,RCH_A_AVG,IE,TOTAL,2023,5.5,,
ESTAT:PRC_HPI_HSVA(1.0),09/07/26 23:00:00,A,RCH_A_AVG,IE,TOTAL,2024,4.7,,
ESTAT:PRC_HPI_HSVA(1.0),09/07/26 23:00:00,A,RCH_A_AVG,IE,TOTAL,2025,10.6,,
ESTAT:PRC_HPI_HSVA(1.0),09/07/26 23:00:00,A,RCH_A_AVG,IT,TOTAL,2010,5.7,,
ESTAT:PRC_HPI_HSVA(1.0),09/07/26 23:00:00,A,RCH_A_AVG,IT,TOTAL,2011,0.5,,
ESTAT:PRC_HPI_HSVA(1.0),09/07/26 23:00:00,A,RCH_A_AVG,IT,TOTAL,2012,-26.8,,
ESTAT:PRC_HPI_HSVA(1.0),09/07/26 23:00:00,A,RCH_A_AVG,IT,TOTAL,2013,-12.8,,
ESTAT:PRC_HPI_HSVA(1.0),09/07/26 23:00:00,A,RCH_A_AVG,IT,TOTAL,2014,0.9,,
ESTAT:PRC_HPI_HSVA(1.0),09/07/26 23:00:00,A,RCH_A_AVG,IT,TOTAL,2015,2.7,,
ESTAT:PRC_HPI_HSVA(1.0),09/07/26 23:00:00,A,RCH_A_AVG,IT,TOTAL,2016,20.4,,
ESTAT:PRC_HPI_HSVA(1.0),09/07/26 23:00:00,A,RCH_A_AVG,IT,TOTAL,2017,3.5,,
ESTAT:PRC_HPI_HSVA(1.0),09/07/26 23:00:00,A,RCH_A_AVG,IT,TOTAL,2018,5.0,,
ESTAT:PRC_HPI_HSVA(1.0),09/07/26 23:00:00,A,RCH_A_AVG,IT,TOTAL,2019,4.1,,
ESTAT:PRC_HPI_HSVA(1.0),09/07/26 23:00:00,A,RCH_A_AVG,IT,TOTAL,2020,-5.8,,
ESTAT:PRC_HPI_HSVA(1.0),09/07/26 23:00:00,A,RCH_A_AVG,IT,TOTAL,2021,37.6,,
ESTAT:PRC_HPI_HSVA(1.0),09/07/26 23:00:00,A,RCH_A_AVG,IT,TOTAL,2022,8.3,,
ESTAT:PRC_HPI_HSVA(1.0),09/07/26 23:00:00,A,RCH_A_AVG,IT,TOTAL,2023,-11.8,,
ESTAT:PRC_HPI_HSVA(1.0),09/07/26 23:00:00,A,RCH_A_AVG,IT,TOTAL,2024,4.0,,
ESTAT:PRC_HPI_HSVA(1.0),09/07/26 23:00:00,A,RCH_A_AVG,IT,TOTAL,2025,9.3,,
ESTAT:PRC_HPI_HSVA(1.0),09/07/26 23:00:00,A,RCH_A_AVG,LT,DW_EXST,2024,25.3,,
ESTAT:PRC_HPI_HSVA(1.0),09/07/26 23:00:00,A,RCH_A_AVG,LT,DW_EXST,2025,45.3,,
ESTAT:PRC_HPI_HSVA(1.0),09/07/26 23:00:00,A,RCH_A_AVG,LT,DW_NEW,2024,-13.4,,
ESTAT:PRC_HPI_HSVA(1.0),09/07/26 23:00:00,A,RCH_A_AVG,LT,DW_NEW,2025,35.9,,
ESTAT:PRC_HPI_HSVA(1.0),09/07/26 23:00:00,A,RCH_A_AVG,LT,TOTAL,2007,42.8,,
ESTAT:PRC_HPI_HSVA(1.0),09/07/26 23:00:00,A,RCH_A_AVG,LT,TOTAL,2008,-17.1,,
ESTAT:PRC_HPI_HSVA(1.0),09/07/26 23:00:00,A,RCH_A_AVG,LT,TOTAL,2009,-62.9,,
ESTAT:PRC_HPI_HSVA(1.0),09/07/26 23:00:00,A,RCH_A_AVG,LT,TOTAL,2010,14.5,,
ESTAT:PRC_HPI_HSVA(1.0),09/07/26 23:00:00,A,RCH_A_AVG,LT,TOTAL,2011,19.9,,
ESTAT:PRC_HPI_HSVA(1.0),09/07/26 23:00:00,A,RCH_A_AVG,LT,TOTAL,2012,4.9,,
ESTAT:PRC_HPI_HSVA(1.0),09/07/26 23:00:00,A,RCH_A_AVG,LT,TOTAL,2013,28.5,,
ESTAT:PRC_HPI_HSVA(1.0),09/07/26 23:00:00,A,RCH_A_AVG,LT,TOTAL,2014,24.1,,
ESTAT:PRC_HPI_HSVA(1.0),09/07/26 23:00:00,A,RCH_A_AVG,LT,TOTAL,2015,0.2,,
ESTAT:PRC_HPI_HSVA(1.0),09/07/26 23:00:00,A,RCH_A_AVG,LT,TOTAL,2016,22.2,,
ESTAT:PRC_HPI_HSVA(1.0),09/07/26 23:00:00,A,RCH_A_AVG,LT,TOTAL,2017,8.9,,
ESTAT:PRC_HPI_HSVA(1.0),09/07/26 23:00:00,A,RCH_A_AVG,LT,TOTAL,2018,10.3,,
ESTAT:PRC_HPI_HSVA(1.0),09/07/26 23:00:00,A,RCH_A_AVG,LT,TOTAL,2019,14.8,,
ESTAT:PRC_HPI_HSVA(1.0),09/07/26 23:00:00,A,RCH_A_AVG,LT,TOTAL,2020,8.3,,
ESTAT:PRC_HPI_HSVA(1.0),09/07/26 23:00:00,A,RCH_A_AVG,LT,TOTAL,2021,37.3,,
ESTAT:PRC_HPI_HSVA(1.0),09/07/26 23:00:00,A,RCH_A_AVG,LT,TOTAL,2022,-0.4,,
ESTAT:PRC_HPI_HSVA(1.0),09/07/26 23:00:00,A,RCH_A_AVG,LT,TOTAL,2023,-8.1,,
ESTAT:PRC_HPI_HSVA(1.0),09/07/26 23:00:00,A,RCH_A_AVG,LT,TOTAL,2024,11.5,,
ESTAT:PRC_HPI_HSVA(1.0),09/07/26 23:00:00,A,RCH_A_AVG,LT,TOTAL,2025,42.7,,
ESTAT:PRC_HPI_HSVA(1.0),09/07/26 23:00:00,A,RCH_A_AVG,LU,DW_EXST,2015,-0.6,,
ESTAT:PRC_HPI_HSVA(1.0),09/07/26 23:00:00,A,RCH_A_AVG,LU,DW_EXST,2016,19.5,,
ESTAT:PRC_HPI_HSVA(1.0),09/07/26 23:00:00,A,RCH_A_AVG,LU,DW_EXST,2017,16.9,,
ESTAT:PRC_HPI_HSVA(1.0),09/07/26 23:00:00,A,RCH_A_AVG,LU,DW_EXST,2018,13.2,,
ESTAT:PRC_HPI_HSVA(1.0),09/07/26 23:00:00,A,RCH_A_AVG,LU,DW_EXST,2019,-5.0,,
ESTAT:PRC_HPI_HSVA(1.0),09/07/26 23:00:00,A,RCH_A_AVG,LU,DW_EXST,2020,10.9,,
ESTAT:PRC_HPI_HSVA(1.0),09/07/26 23:00:00,A,RCH_A_AVG,LU,DW_EXST,2021,18.3,,
ESTAT:PRC_HPI_HSVA(1.0),09/07/26 23:00:00,A,RCH_A_AVG,LU,DW_EXST,2022,-6.6,,
ESTAT:PRC_HPI_HSVA(1.0),09/07/26 23:00:00,A,RCH_A_AVG,LU,DW_EXST,2023,-42.9,,
ESTAT:PRC_HPI_HSVA(1.0),09/07/26 23:00:00,A,RCH_A_AVG,LU,DW_EXST,2024,41.1,,
ESTAT:PRC_HPI_HSVA(1.0),09/07/26 23:00:00,A,RCH_A_AVG,LU,DW_EXST,2025,18.3,,
ESTAT:PRC_HPI_HSVA(1.0),09/07/26 23:00:00,A,RCH_A_AVG,LU,DW_NEW,2015,-0.3,,
ESTAT:PRC_HPI_HSVA(1.0),09/07/26 23:00:00,A,RCH_A_AVG,LU,DW_NEW,2016,0.4,,
ESTAT:PRC_HPI_HSVA(1.0),09/07/26 23:00:00,A,RCH_A_AVG,LU,DW_NEW,2017,23.3,,
ESTAT:PRC_HPI_HSVA(1.0),09/07/26 23:00:00,A,RCH_A_AVG,LU,DW_NEW,2018,7.0,,
ESTAT:PRC_HPI_HSVA(1.0),09/07/26 23:00:00,A,RCH_A_AVG,LU,DW_NEW,2019,10.7,,
ESTAT:PRC_HPI_HSVA(1.0),09/07/26 23:00:00,A,RCH_A_AVG,LU,DW_NEW,2020,4.3,,
ESTAT:PRC_HPI_HSVA(1.0),09/07/26 23:00:00,A,RCH_A_AVG,LU,DW_NEW,2021,-7.0,,
ESTAT:PRC_HPI_HSVA(1.0),09/07/26 23:00:00,A,RCH_A_AVG,LU,DW_NEW,2022,-21.4,,
ESTAT:PRC_HPI_HSVA(1.0),09/07/26 23:00:00,A,RCH_A_AVG,LU,DW_NEW,2023,-57.5,,
ESTAT:PRC_HPI_HSVA(1.0),09/07/26 23:00:00,A,RCH_A_AVG,LU,DW_NEW,2024,23.1,,
ESTAT:PRC_HPI_HSVA(1.0),09/07/26 23:00:00,A,RCH_A_AVG,LU,DW_NEW,2025,43.1,,
ESTAT:PRC_HPI_HSVA(1.0),09/07/26 23:00:00,A,RCH_A_AVG,LU,TOTAL,2008,-17.7,d,
ESTAT:PRC_HPI_HSVA(1.0),09/07/26 23:00:00,A,RCH_A_AVG,LU,TOTAL,2009,3.5,d,
ESTAT:PRC_HPI_HSVA(1.0),09/07/26 23:00:00,A,RCH_A_AVG,LU,TOTAL,2010,13.8,d,
ESTAT:PRC_HPI_HSVA(1.0),09/07/26 23:00:00,A,RCH_A_AVG,LU,TOTAL,2011,12.2,d,
ESTAT:PRC_HPI_HSVA(1.0),09/07/26 23:00:00,A,RCH_A_AVG,LU,TOTAL,2012,1.0,d,
ESTAT:PRC_HPI_HSVA(1.0),09/07/26 23:00:00,A,RCH_A_AVG,LU,TOTAL,2013,2.0,d,
ESTAT:PRC_HPI_HSVA(1.0),09/07/26 23:00:00,A,RCH_A_AVG,LU,TOTAL,2014,23.0,d,
ESTAT:PRC_HPI_HSVA(1.0),09/07/26 23:00:00,A,RCH_A_AVG,LU,TOTAL,2015,-0.5,,
ESTAT:PRC_HPI_HSVA(1.0),09/07/26 23:00:00,A,RCH_A_AVG,LU,TOTAL,2016,12.7,,
ESTAT:PRC_HPI_HSVA(1.0),09/07/26 23:00:00,A,RCH_A_AVG,LU,TOTAL,2017,18.9,,
ESTAT:PRC_HPI_HSVA(1.0),09/07/26 23:00:00,A,RCH_A_AVG,LU,TOTAL,2018,11.2,,
ESTAT:PRC_HPI_HSVA(1.0),09/07/26 23:00:00,A,RCH_A_AVG,LU,TOTAL,2019,0.0,,
ESTAT:PRC_HPI_HSVA(1.0),09/07/26 23:00:00,A,RCH_A_AVG,LU,TOTAL,2020,8.6,,
ESTAT:PRC_HPI_HSVA(1.0),09/07/26 23:00:00,A,RCH_A_AVG,LU,TOTAL,2021,9.9,,
ESTAT:PRC_HPI_HSVA(1.0),09/07/26 23:00:00,A,RCH_A_AVG,LU,TOTAL,2022,-10.8,,
ESTAT:PRC_HPI_HSVA(1.0),09/07/26 23:00:00,A,RCH_A_AVG,LU,TOTAL,2023,-46.6,,
ESTAT:PRC_HPI_HSVA(1.0),09/07/26 23:00:00,A,RCH_A_AVG,LU,TOTAL,2024,37.6,,
ESTAT:PRC_HPI_HSVA(1.0),09/07/26 23:00:00,A,RCH_A_AVG,LU,TOTAL,2025,22.7,,
ESTAT:PRC_HPI_HSVA(1.0),09/07/26 23:00:00,A,RCH_A_AVG,LV,DW_EXST,2021,39.0,,
ESTAT:PRC_HPI_HSVA(1.0),09/07/26 23:00:00,A,RCH_A_AVG,LV,DW_EXST,2022,1.6,,
ESTAT:PRC_HPI_HSVA(1.0),09/07/26 23:00:00,A,RCH_A_AVG,LV,DW_EXST,2023,-6.0,,
ESTAT:PRC_HPI_HSVA(1.0),09/07/26 23:00:00,A,RCH_A_AVG,LV,DW_EXST,2024,12.1,,
ESTAT:PRC_HPI_HSVA(1.0),09/07/26 23:00:00,A,RCH_A_AVG,LV,DW_EXST,2025,20.4,,
ESTAT:PRC_HPI_HSVA(1.0),09/07/26 23:00:00,A,RCH_A_AVG,LV,DW_NEW,2021,8.8,,
ESTAT:PRC_HPI_HSVA(1.0),09/07/26 23:00:00,A,RCH_A_AVG,LV,DW_NEW,2022,10.3,,
ESTAT:PRC_HPI_HSVA(1.0),09/07/26 23:00:00,A,RCH_A_AVG,LV,DW_NEW,2023,-9.8,,
ESTAT:PRC_HPI_HSVA(1.0),09/07/26 23:00:00,A,RCH_A_AVG,LV,DW_NEW,2024,-21.2,,
ESTAT:PRC_HPI_HSVA(1.0),09/07/26 23:00:00,A,RCH_A_AVG,LV,DW_NEW,2025,37.2,,
ESTAT:PRC_HPI_HSVA(1.0),09/07/26 23:00:00,A,RCH_A_AVG,LV,TOTAL,2007,-4.5,d,
ESTAT:PRC_HPI_HSVA(1.0),09/07/26 23:00:00,A,RCH_A_AVG,LV,TOTAL,2008,-38.3,d,
ESTAT:PRC_HPI_HSVA(1.0),09/07/26 23:00:00,A,RCH_A_AVG,LV,TOTAL,2009,-43.4,d,
ESTAT:PRC_HPI_HSVA(1.0),09/07/26 23:00:00,A,RCH_A_AVG,LV,TOTAL,2010,-11.9,d,
ESTAT:PRC_HPI_HSVA(1.0),09/07/26 23:00:00,A,RCH_A_AVG,LV,TOTAL,2011,23.4,d,
ESTAT:PRC_HPI_HSVA(1.0),09/07/26 23:00:00,A,RCH_A_AVG,LV,TOTAL,2012,36.0,,
ESTAT:PRC_HPI_HSVA(1.0),09/07/26 23:00:00,A,RCH_A_AVG,LV,TOTAL,2013,29.2,,
ESTAT:PRC_HPI_HSVA(1.0),09/07/26 23:00:00,A,RCH_A_AVG,LV,TOTAL,2014,7.9,,
ESTAT:PRC_HPI_HSVA(1.0),09/07/26 23:00:00,A,RCH_A_AVG,LV,TOTAL,2015,-22.0,,
ESTAT:PRC_HPI_HSVA(1.0),09/07/26 23:00:00,A,RCH_A_AVG,LV,TOTAL,2016,24.8,,
ESTAT:PRC_HPI_HSVA(1.0),09/07/26 23:00:00,A,RCH_A_AVG,LV,TOTAL,2017,3.3,,
ESTAT:PRC_HPI_HSVA(1.0),09/07/26 23:00:00,A,RCH_A_AVG,LV,TOTAL,2018,3.1,,
ESTAT:PRC_HPI_HSVA(1.0),09/07/26 23:00:00,A,RCH_A_AVG,LV,TOTAL,2019,11.0,,
ESTAT:PRC_HPI_HSVA(1.0),09/07/26 23:00:00,A,RCH_A_AVG,LV,TOTAL,2020,1.7,,
ESTAT:PRC_HPI_HSVA(1.0),09/07/26 23:00:00,A,RCH_A_AVG,LV,TOTAL,2021,31.7,,
ESTAT:PRC_HPI_HSVA(1.0),09/07/26 23:00:00,A,RCH_A_AVG,LV,TOTAL,2022,3.4,,
ESTAT:PRC_HPI_HSVA(1.0),09/07/26 23:00:00,A,RCH_A_AVG,LV,TOTAL,2023,-6.8,,
ESTAT:PRC_HPI_HSVA(1.0),09/07/26 23:00:00,A,RCH_A_AVG,LV,TOTAL,2024,5.2,,
ESTAT:PRC_HPI_HSVA(1.0),09/07/26 23:00:00,A,RCH_A_AVG,LV,TOTAL,2025,23.0,,
ESTAT:PRC_HPI_HSVA(1.0),09/07/26 23:00:00,A,RCH_A_AVG,MT,TOTAL,2006,6.1,,
ESTAT:PRC_HPI_HSVA(1.0),09/07/26 23:00:00,A,RCH_A_AVG,MT,TOTAL,2007,3.5,,
ESTAT:PRC_HPI_HSVA(1.0),09/07/26 23:00:00,A,RCH_A_AVG,MT,TOTAL,2008,-15.2,,
ESTAT:PRC_HPI_HSVA(1.0),09/07/26 23:00:00,A,RCH_A_AVG,MT,TOTAL,2009,-8.6,,
ESTAT:PRC_HPI_HSVA(1.0),09/07/26 23:00:00,A,RCH_A_AVG,MT,TOTAL,2010,-2.3,,
ESTAT:PRC_HPI_HSVA(1.0),09/07/26 23:00:00,A,RCH_A_AVG,MT,TOTAL,2011,11.5,,
ESTAT:PRC_HPI_HSVA(1.0),09/07/26 23:00:00,A,RCH_A_AVG,MT,TOTAL,2012,2.6,,
ESTAT:PRC_HPI_HSVA(1.0),09/07/26 23:00:00,A,RCH_A_AVG,MT,TOTAL,2013,-5.6,,
ESTAT:PRC_HPI_HSVA(1.0),09/07/26 23:00:00,A,RCH_A_AVG,MT,TOTAL,2014,33.7,,
ESTAT:PRC_HPI_HSVA(1.0),09/07/26 23:00:00,A,RCH_A_AVG,MT,TOTAL,2015,7.8,,
ESTAT:PRC_HPI_HSVA(1.0),09/07/26 23:00:00,A,RCH_A_AVG,MT,TOTAL,2016,47.4,,
ESTAT:PRC_HPI_HSVA(1.0),09/07/26 23:00:00,A,RCH_A_AVG,MT,TOTAL,2017,7.4,,
ESTAT:PRC_HPI_HSVA(1.0),09/07/26 23:00:00,A,RCH_A_AVG,MT,TOTAL,2018,21.7,,
ESTAT:PRC_HPI_HSVA(1.0),09/07/26 23:00:00,A,RCH_A_AVG,MT,TOTAL,2019,3.7,,
ESTAT:PRC_HPI_HSVA(1.0),09/07/26 23:00:00,A,RCH_A_AVG,MT,TOTAL,2020,-17.2,,
ESTAT:PRC_HPI_HSVA(1.0),09/07/26 23:00:00,A,RCH_A_AVG,MT,TOTAL,2021,44.4,,
ESTAT:PRC_HPI_HSVA(1.0),09/07/26 23:00:00,A,RCH_A_AVG,MT,TOTAL,2022,4.4,,
ESTAT:PRC_HPI_HSVA(1.0),09/07/26 23:00:00,A,RCH_A_AVG,MT,TOTAL,2023,-6.9,,
ESTAT:PRC_HPI_HSVA(1.0),09/07/26 23:00:00,A,RCH_A_AVG,MT,TOTAL,2024,11.5,,
ESTAT:PRC_HPI_HSVA(1.0),09/07/26 23:00:00,A,RCH_A_AVG,MT,TOTAL,2025,9.8,p,
ESTAT:PRC_HPI_HSVA(1.0),09/07/26 23:00:00,A,RCH_A_AVG,NL,DW_EXST,2016,27.6,,
ESTAT:PRC_HPI_HSVA(1.0),09/07/26 23:00:00,A,RCH_A_AVG,NL,DW_EXST,2017,21.6,,
ESTAT:PRC_HPI_HSVA(1.0),09/07/26 23:00:00,A,RCH_A_AVG,NL,DW_EXST,2018,-1.4,,
ESTAT:PRC_HPI_HSVA(1.0),09/07/26 23:00:00,A,RCH_A_AVG,NL,DW_EXST,2019,7.3,,
ESTAT:PRC_HPI_HSVA(1.0),09/07/26 23:00:00,A,RCH_A_AVG,NL,DW_EXST,2020,17.0,,
ESTAT:PRC_HPI_HSVA(1.0),09/07/26 23:00:00,A,RCH_A_AVG,NL,DW_EXST,2021,11.0,,
ESTAT:PRC_HPI_HSVA(1.0),09/07/26 23:00:00,A,RCH_A_AVG,NL,DW_EXST,2022,-5.3,,
ESTAT:PRC_HPI_HSVA(1.0),09/07/26 23:00:00,A,RCH_A_AVG,NL,DW_EXST,2023,-8.3,,
ESTAT:PRC_HPI_HSVA(1.0),09/07/26 23:00:00,A,RCH_A_AVG,NL,DW_EXST,2024,22.7,,
ESTAT:PRC_HPI_HSVA(1.0),09/07/26 23:00:00,A,RCH_A_AVG,NL,DW_EXST,2025,22.9,,
ESTAT:PRC_HPI_HSVA(1.0),09/07/26 23:00:00,A,RCH_A_AVG,NL,DW_NEW,2016,14.3,,
ESTAT:PRC_HPI_HSVA(1.0),09/07/26 23:00:00,A,RCH_A_AVG,NL,DW_NEW,2017,24.6,,
ESTAT:PRC_HPI_HSVA(1.0),09/07/26 23:00:00,A,RCH_A_AVG,NL,DW_NEW,2018,2.3,,
ESTAT:PRC_HPI_HSVA(1.0),09/07/26 23:00:00,A,RCH_A_AVG,NL,DW_NEW,2019,-6.7,,
ESTAT:PRC_HPI_HSVA(1.0),09/07/26 23:00:00,A,RCH_A_AVG,NL,DW_NEW,2020,41.3,,
ESTAT:PRC_HPI_HSVA(1.0),09/07/26 23:00:00,A,RCH_A_AVG,NL,DW_NEW,2021,17.0,,
ESTAT:PRC_HPI_HSVA(1.0),09/07/26 23:00:00,A,RCH_A_AVG,NL,DW_NEW,2022,-20.4,,
ESTAT:PRC_HPI_HSVA(1.0),09/07/26 23:00:00,A,RCH_A_AVG,NL,DW_NEW,2023,-32.6,,
ESTAT:PRC_HPI_HSVA(1.0),09/07/26 23:00:00,A,RCH_A_AVG,NL,DW_NEW,2024,55.0,,
ESTAT:PRC_HPI_HSVA(1.0),09/07/26 23:00:00,A,RCH_A_AVG,NL,DW_NEW,2025,4.6,p,
ESTAT:PRC_HPI_HSVA(1.0),09/07/26 23:00:00,A,RCH_A_AVG,NL,TOTAL,2006,5.6,,
ESTAT:PRC_HPI_HSVA(1.0),09/07/26 23:00:00,A,RCH_A_AVG,NL,TOTAL,2007,1.0,,
ESTAT:PRC_HPI_HSVA(1.0),09/07/26 23:00:00,A,RCH_A_AVG,NL,TOTAL,2008,-11.8,,
ESTAT:PRC_HPI_HSVA(1.0),09/07/26 23:00:00,A,RCH_A_AVG,NL,TOTAL,2009,-35.2,,
ESTAT:PRC_HPI_HSVA(1.0),09/07/26 23:00:00,A,RCH_A_AVG,NL,TOTAL,2010,5.1,,
ESTAT:PRC_HPI_HSVA(1.0),09/07/26 23:00:00,A,RCH_A_AVG,NL,TOTAL,2011,-12.7,,
ESTAT:PRC_HPI_HSVA(1.0),09/07/26 23:00:00,A,RCH_A_AVG,NL,TOTAL,2012,-12.2,,
ESTAT:PRC_HPI_HSVA(1.0),09/07/26 23:00:00,A,RCH_A_AVG,NL,TOTAL,2013,-11.4,,
ESTAT:PRC_HPI_HSVA(1.0),09/07/26 23:00:00,A,RCH_A_AVG,NL,TOTAL,2014,60.4,,
ESTAT:PRC_HPI_HSVA(1.0),09/07/26 23:00:00,A,RCH_A_AVG,NL,TOTAL,2015,13.8,,
ESTAT:PRC_HPI_HSVA(1.0),09/07/26 23:00:00,A,RCH_A_AVG,NL,TOTAL,2016,25.7,,
ESTAT:PRC_HPI_HSVA(1.0),09/07/26 23:00:00,A,RCH_A_AVG,NL,TOTAL,2017,22.0,,
ESTAT:PRC_HPI_HSVA(1.0),09/07/26 23:00:00,A,RCH_A_AVG,NL,TOTAL,2018,-0.9,,
ESTAT:PRC_HPI_HSVA(1.0),09/07/26 23:00:00,A,RCH_A_AVG,NL,TOTAL,2019,5.3,,
ESTAT:PRC_HPI_HSVA(1.0),09/07/26 23:00:00,A,RCH_A_AVG,NL,TOTAL,2020,20.0,,
ESTAT:PRC_HPI_HSVA(1.0),09/07/26 23:00:00,A,RCH_A_AVG,NL,TOTAL,2021,11.9,,
ESTAT:PRC_HPI_HSVA(1.0),09/07/26 23:00:00,A,RCH_A_AVG,NL,TOTAL,2022,-7.6,,
ESTAT:PRC_HPI_HSVA(1.0),09/07/26 23:00:00,A,RCH_A_AVG,NL,TOTAL,2023,-11.5,,
ESTAT:PRC_HPI_HSVA(1.0),09/07/26 23:00:00,A,RCH_A_AVG,NL,TOTAL,2024,25.9,,
ESTAT:PRC_HPI_HSVA(1.0),09/07/26 23:00:00,A,RCH_A_AVG,NL,TOTAL,2025,20.7,p,
ESTAT:PRC_HPI_HSVA(1.0),09/07/26 23:00:00,A,RCH_A_AVG,NO,DW_EXST,2018,-22.8,,
ESTAT:PRC_HPI_HSVA(1.0),09/07/26 23:00:00,A,RCH_A_AVG,NO,DW_EXST,2019,9.6,,
ESTAT:PRC_HPI_HSVA(1.0),09/07/26 23:00:00,A,RCH_A_AVG,NO,DW_EXST,2020,10.4,,
ESTAT:PRC_HPI_HSVA(1.0),09/07/26 23:00:00,A,RCH_A_AVG,NO,DW_EXST,2021,41.3,p,
ESTAT:PRC_HPI_HSVA(1.0),09/07/26 23:00:00,A,RCH_A_AVG,NO,DW_EXST,2022,-0.6,p,
ESTAT:PRC_HPI_HSVA(1.0),09/07/26 23:00:00,A,RCH_A_AVG,NO,DW_EXST,2023,-1.5,p,
ESTAT:PRC_HPI_HSVA(1.0),09/07/26 23:00:00,A,RCH_A_AVG,NO,DW_EXST,2024,11.3,p,
ESTAT:PRC_HPI_HSVA(1.0),09/07/26 23:00:00,A,RCH_A_AVG,NO,DW_EXST,2025,15.6,p,
ESTAT:PRC_HPI_HSVA(1.0),09/07/26 23:00:00,A,RCH_A_AVG,NO,DW_NEW,2018,7.5,,
ESTAT:PRC_HPI_HSVA(1.0),09/07/26 23:00:00,A,RCH_A_AVG,NO,DW_NEW,2019,0.4,,
ESTAT:PRC_HPI_HSVA(1.0),09/07/26 23:00:00,A,RCH_A_AVG,NO,DW_NEW,2020,-6.7,,
ESTAT:PRC_HPI_HSVA(1.0),09/07/26 23:00:00,A,RCH_A_AVG,NO,DW_NEW,2021,28.6,p,
ESTAT:PRC_HPI_HSVA(1.0),09/07/26 23:00:00,A,RCH_A_AVG,NO,DW_NEW,2022,-0.9,p,
ESTAT:PRC_HPI_HSVA(1.0),09/07/26 23:00:00,A,RCH_A_AVG,NO,DW_NEW,2023,-5.3,p,
ESTAT:PRC_HPI_HSVA(1.0),09/07/26 23:00:00,A,RCH_A_AVG,NO,DW_NEW,2024,-12.0,p,
ESTAT:PRC_HPI_HSVA(1.0),09/07/26 23:00:00,A,RCH_A_AVG,NO,DW_NEW,2025,-2.5,p,
ESTAT:PRC_HPI_HSVA(1.0),09/07/26 23:00:00,A,RCH_A_AVG,NO,TOTAL,2008,-3.2,,
ESTAT:PRC_HPI_HSVA(1.0),09/07/26 23:00:00,A,RCH_A_AVG,NO,TOTAL,2009,3.8,,
ESTAT:PRC_HPI_HSVA(1.0),09/07/26 23:00:00,A,RCH_A_AVG,NO,TOTAL,2010,19.1,,
ESTAT:PRC_HPI_HSVA(1.0),09/07/26 23:00:00,A,RCH_A_AVG,NO,TOTAL,2011,15.1,,
ESTAT:PRC_HPI_HSVA(1.0),09/07/26 23:00:00,A,RCH_A_AVG,NO,TOTAL,2012,12.6,,
ESTAT:PRC_HPI_HSVA(1.0),09/07/26 23:00:00,A,RCH_A_AVG,NO,TOTAL,2013,23.4,,
ESTAT:PRC_HPI_HSVA(1.0),09/07/26 23:00:00,A,RCH_A_AVG,NO,TOTAL,2014,3.3,,
ESTAT:PRC_HPI_HSVA(1.0),09/07/26 23:00:00,A,RCH_A_AVG,NO,TOTAL,2015,6.7,e,
ESTAT:PRC_HPI_HSVA(1.0),09/07/26 23:00:00,A,RCH_A_AVG,NO,TOTAL,2016,-0.4,e,
ESTAT:PRC_HPI_HSVA(1.0),09/07/26 23:00:00,A,RCH_A_AVG,NO,TOTAL,2017,10.9,e,
ESTAT:PRC_HPI_HSVA(1.0),09/07/26 23:00:00,A,RCH_A_AVG,NO,TOTAL,2018,-17.3,,
ESTAT:PRC_HPI_HSVA(1.0),09/07/26 23:00:00,A,RCH_A_AVG,NO,TOTAL,2019,7.4,,
ESTAT:PRC_HPI_HSVA(1.0),09/07/26 23:00:00,A,RCH_A_AVG,NO,TOTAL,2020,6.6,,
ESTAT:PRC_HPI_HSVA(1.0),09/07/26 23:00:00,A,RCH_A_AVG,NO,TOTAL,2021,38.8,p,
ESTAT:PRC_HPI_HSVA(1.0),09/07/26 23:00:00,A,RCH_A_AVG,NO,TOTAL,2022,-0.6,p,
ESTAT:PRC_HPI_HSVA(1.0),09/07/26 23:00:00,A,RCH_A_AVG,NO,TOTAL,2023,-2.2,p,
ESTAT:PRC_HPI_HSVA(1.0),09/07/26 23:00:00,A,RCH_A_AVG,NO,TOTAL,2024,7.3,p,
ESTAT:PRC_HPI_HSVA(1.0),09/07/26 23:00:00,A,RCH_A_AVG,NO,TOTAL,2025,13.0,p,
ESTAT:PRC_HPI_HSVA(1.0),09/07/26 23:00:00,A,RCH_A_AVG,PL,DW_EXST,2016,10.1,,
ESTAT:PRC_HPI_HSVA(1.0),09/07/26 23:00:00,A,RCH_A_AVG,PL,DW_EXST,2017,17.0,,
ESTAT:PRC_HPI_HSVA(1.0),09/07/26 23:00:00,A,RCH_A_AVG,PL,DW_EXST,2018,17.4,,
ESTAT:PRC_HPI_HSVA(1.0),09/07/26 23:00:00,A,RCH_A_AVG,PL,DW_EXST,2019,14.6,,
ESTAT:PRC_HPI_HSVA(1.0),09/07/26 23:00:00,A,RCH_A_AVG,PL,DW_EXST,2020,-2.9,,
ESTAT:PRC_HPI_HSVA(1.0),09/07/26 23:00:00,A,RCH_A_AVG,PL,DW_EXST,2021,39.8,,
ESTAT:PRC_HPI_HSVA(1.0),09/07/26 23:00:00,A,RCH_A_AVG,PL,DW_EXST,2022,-5.3,,
ESTAT:PRC_HPI_HSVA(1.0),09/07/26 23:00:00,A,RCH_A_AVG,PL,DW_EXST,2023,20.4,,
ESTAT:PRC_HPI_HSVA(1.0),09/07/26 23:00:00,A,RCH_A_AVG,PL,DW_EXST,2024,28.7,,
ESTAT:PRC_HPI_HSVA(1.0),09/07/26 23:00:00,A,RCH_A_AVG,PL,DW_EXST,2025,3.8,p,
ESTAT:PRC_HPI_HSVA(1.0),09/07/26 23:00:00,A,RCH_A_AVG,PL,DW_NEW,2016,8.7,,
ESTAT:PRC_HPI_HSVA(1.0),09/07/26 23:00:00,A,RCH_A_AVG,PL,DW_NEW,2017,8.2,,
ESTAT:PRC_HPI_HSVA(1.0),09/07/26 23:00:00,A,RCH_A_AVG,PL,DW_NEW,2018,22.8,,
ESTAT:PRC_HPI_HSVA(1.0),09/07/26 23:00:00,A,RCH_A_AVG,PL,DW_NEW,2019,2.9,,
ESTAT:PRC_HPI_HSVA(1.0),09/07/26 23:00:00,A,RCH_A_AVG,PL,DW_NEW,2020,14.8,,
ESTAT:PRC_HPI_HSVA(1.0),09/07/26 23:00:00,A,RCH_A_AVG,PL,DW_NEW,2021,33.5,,
ESTAT:PRC_HPI_HSVA(1.0),09/07/26 23:00:00,A,RCH_A_AVG,PL,DW_NEW,2022,13.6,,
ESTAT:PRC_HPI_HSVA(1.0),09/07/26 23:00:00,A,RCH_A_AVG,PL,DW_NEW,2023,11.8,,
ESTAT:PRC_HPI_HSVA(1.0),09/07/26 23:00:00,A,RCH_A_AVG,PL,DW_NEW,2024,10.6,,
ESTAT:PRC_HPI_HSVA(1.0),09/07/26 23:00:00,A,RCH_A_AVG,PL,DW_NEW,2025,1.2,p,
ESTAT:PRC_HPI_HSVA(1.0),09/07/26 23:00:00,A,RCH_A_AVG,PL,TOTAL,2016,9.5,,
ESTAT:PRC_HPI_HSVA(1.0),09/07/26 23:00:00,A,RCH_A_AVG,PL,TOTAL,2017,12.8,,
ESTAT:PRC_HPI_HSVA(1.0),09/07/26 23:00:00,A,RCH_A_AVG,PL,TOTAL,2018,19.8,,
ESTAT:PRC_HPI_HSVA(1.0),09/07/26 23:00:00,A,RCH_A_AVG,PL,TOTAL,2019,9.1,,
ESTAT:PRC_HPI_HSVA(1.0),09/07/26 23:00:00,A,RCH_A_AVG,PL,TOTAL,2020,4.8,,
ESTAT:PRC_HPI_HSVA(1.0),09/07/26 23:00:00,A,RCH_A_AVG,PL,TOTAL,2021,36.8,,
ESTAT:PRC_HPI_HSVA(1.0),09/07/26 23:00:00,A,RCH_A_AVG,PL,TOTAL,2022,3.6,,
ESTAT:PRC_HPI_HSVA(1.0),09/07/26 23:00:00,A,RCH_A_AVG,PL,TOTAL,2023,16.0,,
ESTAT:PRC_HPI_HSVA(1.0),09/07/26 23:00:00,A,RCH_A_AVG,PL,TOTAL,2024,19.7,,
ESTAT:PRC_HPI_HSVA(1.0),09/07/26 23:00:00,A,RCH_A_AVG,PL,TOTAL,2025,2.6,p,
ESTAT:PRC_HPI_HSVA(1.0),09/07/26 23:00:00,A,RCH_A_AVG,PT,DW_EXST,2010,14.5,e,
ESTAT:PRC_HPI_HSVA(1.0),09/07/26 23:00:00,A,RCH_A_AVG,PT,DW_EXST,2011,-27.2,e,
ESTAT:PRC_HPI_HSVA(1.0),09/07/26 23:00:00,A,RCH_A_AVG,PT,DW_EXST,2012,-18.6,e,
ESTAT:PRC_HPI_HSVA(1.0),09/07/26 23:00:00,A,RCH_A_AVG,PT,DW_EXST,2013,8.6,e,
ESTAT:PRC_HPI_HSVA(1.0),09/07/26 23:00:00,A,RCH_A_AVG,PT,DW_EXST,2014,27.5,e,
ESTAT:PRC_HPI_HSVA(1.0),09/07/26 23:00:00,A,RCH_A_AVG,PT,DW_EXST,2015,49.9,e,
ESTAT:PRC_HPI_HSVA(1.0),09/07/26 23:00:00,A,RCH_A_AVG,PT,DW_EXST,2016,30.0,e,
ESTAT:PRC_HPI_HSVA(1.0),09/07/26 23:00:00,A,RCH_A_AVG,PT,DW_EXST,2017,36.9,e,
ESTAT:PRC_HPI_HSVA(1.0),09/07/26 23:00:00,A,RCH_A_AVG,PT,DW_EXST,2018,25.3,e,
ESTAT:PRC_HPI_HSVA(1.0),09/07/26 23:00:00,A,RCH_A_AVG,PT,DW_EXST,2019,9.4,e,
ESTAT:PRC_HPI_HSVA(1.0),09/07/26 23:00:00,A,RCH_A_AVG,PT,DW_EXST,2020,-6.7,,
ESTAT:PRC_HPI_HSVA(1.0),09/07/26 23:00:00,A,RCH_A_AVG,PT,DW_EXST,2021,35.3,,
ESTAT:PRC_HPI_HSVA(1.0),09/07/26 23:00:00,A,RCH_A_AVG,PT,DW_EXST,2022,11.8,,
ESTAT:PRC_HPI_HSVA(1.0),09/07/26 23:00:00,A,RCH_A_AVG,PT,DW_EXST,2023,-18.5,,
ESTAT:PRC_HPI_HSVA(1.0),09/07/26 23:00:00,A,RCH_A_AVG,PT,DW_EXST,2024,24.1,,
ESTAT:PRC_HPI_HSVA(1.0),09/07/26 23:00:00,A,RCH_A_AVG,PT,DW_EXST,2025,28.2,,
ESTAT:PRC_HPI_HSVA(1.0),09/07/26 23:00:00,A,RCH_A_AVG,PT,DW_NEW,2010,4.8,e,
ESTAT:PRC_HPI_HSVA(1.0),09/07/26 23:00:00,A,RCH_A_AVG,PT,DW_NEW,2011,-37.7,e,
ESTAT:PRC_HPI_HSVA(1.0),09/07/26 23:00:00,A,RCH_A_AVG,PT,DW_NEW,2012,-32.5,e,
ESTAT:PRC_HPI_HSVA(1.0),09/07/26 23:00:00,A,RCH_A_AVG,PT,DW_NEW,2013,8.7,e,
ESTAT:PRC_HPI_HSVA(1.0),09/07/26 23:00:00,A,RCH_A_AVG,PT,DW_NEW,2014,2.1,e,
ESTAT:PRC_HPI_HSVA(1.0),09/07/26 23:00:00,A,RCH_A_AVG,PT,DW_NEW,2015,7.3,e,
ESTAT:PRC_HPI_HSVA(1.0),09/07/26 23:00:00,A,RCH_A_AVG,PT,DW_NEW,2016,-2.6,e,
ESTAT:PRC_HPI_HSVA(1.0),09/07/26 23:00:00,A,RCH_A_AVG,PT,DW_NEW,2017,14.8,e,
ESTAT:PRC_HPI_HSVA(1.0),09/07/26 23:00:00,A,RCH_A_AVG,PT,DW_NEW,2018,21.4,e,
ESTAT:PRC_HPI_HSVA(1.0),09/07/26 23:00:00,A,RCH_A_AVG,PT,DW_NEW,2019,0.3,e,
ESTAT:PRC_HPI_HSVA(1.0),09/07/26 23:00:00,A,RCH_A_AVG,PT,DW_NEW,2020,10.7,,
ESTAT:PRC_HPI_HSVA(1.0),09/07/26 23:00:00,A,RCH_A_AVG,PT,DW_NEW,2021,22.4,,
ESTAT:PRC_HPI_HSVA(1.0),09/07/26 23:00:00,A,RCH_A_AVG,PT,DW_NEW,2022,17.9,,
ESTAT:PRC_HPI_HSVA(1.0),09/07/26 23:00:00,A,RCH_A_AVG,PT,DW_NEW,2023,0.6,,
ESTAT:PRC_HPI_HSVA(1.0),09/07/26 23:00:00,A,RCH_A_AVG,PT,DW_NEW,2024,17.7,,
ESTAT:PRC_HPI_HSVA(1.0),09/07/26 23:00:00,A,RCH_A_AVG,PT,DW_NEW,2025,14.6,,
ESTAT:PRC_HPI_HSVA(1.0),09/07/26 23:00:00,A,RCH_A_AVG,PT,TOTAL,2010,8.8,e,
ESTAT:PRC_HPI_HSVA(1.0),09/07/26 23:00:00,A,RCH_A_AVG,PT,TOTAL,2011,-33.1,e,
ESTAT:PRC_HPI_HSVA(1.0),09/07/26 23:00:00,A,RCH_A_AVG,PT,TOTAL,2012,-25.9,e,
ESTAT:PRC_HPI_HSVA(1.0),09/07/26 23:00:00,A,RCH_A_AVG,PT,TOTAL,2013,8.6,e,
ESTAT:PRC_HPI_HSVA(1.0),09/07/26 23:00:00,A,RCH_A_AVG,PT,TOTAL,2014,15.4,e,
ESTAT:PRC_HPI_HSVA(1.0),09/07/26 23:00:00,A,RCH_A_AVG,PT,TOTAL,2015,31.9,e,
ESTAT:PRC_HPI_HSVA(1.0),09/07/26 23:00:00,A,RCH_A_AVG,PT,TOTAL,2016,18.7,e,
ESTAT:PRC_HPI_HSVA(1.0),09/07/26 23:00:00,A,RCH_A_AVG,PT,TOTAL,2017,30.7,e,
ESTAT:PRC_HPI_HSVA(1.0),09/07/26 23:00:00,A,RCH_A_AVG,PT,TOTAL,2018,24.3,e,
ESTAT:PRC_HPI_HSVA(1.0),09/07/26 23:00:00,A,RCH_A_AVG,PT,TOTAL,2019,7.2,e,
ESTAT:PRC_HPI_HSVA(1.0),09/07/26 23:00:00,A,RCH_A_AVG,PT,TOTAL,2020,-2.8,,
ESTAT:PRC_HPI_HSVA(1.0),09/07/26 23:00:00,A,RCH_A_AVG,PT,TOTAL,2021,32.0,,
ESTAT:PRC_HPI_HSVA(1.0),09/07/26 23:00:00,A,RCH_A_AVG,PT,TOTAL,2022,13.2,,
ESTAT:PRC_HPI_HSVA(1.0),09/07/26 23:00:00,A,RCH_A_AVG,PT,TOTAL,2023,-13.8,,
ESTAT:PRC_HPI_HSVA(1.0),09/07/26 23:00:00,A,RCH_A_AVG,PT,TOTAL,2024,22.3,,
ESTAT:PRC_HPI_HSVA(1.0),09/07/26 23:00:00,A,RCH_A_AVG,PT,TOTAL,2025,24.4,,
ESTAT:PRC_HPI_HSVA(1.0),09/07/26 23:00:00,A,RCH_A_AVG,SE,TOTAL,2006,15.4,,
ESTAT:PRC_HPI_HSVA(1.0),09/07/26 23:00:00,A,RCH_A_AVG,SE,TOTAL,2007,25.3,,
ESTAT:PRC_HPI_HSVA(1.0),09/07/26 23:00:00,A,RCH_A_AVG,SE,TOTAL,2008,-9.2,,
ESTAT:PRC_HPI_HSVA(1.0),09/07/26 23:00:00,A,RCH_A_AVG,SE,TOTAL,2009,2.6,,
ESTAT:PRC_HPI_HSVA(1.0),09/07/26 23:00:00,A,RCH_A_AVG,SE,TOTAL,2010,6.5,,
ESTAT:PRC_HPI_HSVA(1.0),09/07/26 23:00:00,A,RCH_A_AVG,SE,TOTAL,2011,-2.3,,
ESTAT:PRC_HPI_HSVA(1.0),09/07/26 23:00:00,A,RCH_A_AVG,SE,TOTAL,2012,4.0,,
ESTAT:PRC_HPI_HSVA(1.0),09/07/26 23:00:00,A,RCH_A_AVG,SE,TOTAL,2013,11.4,,
ESTAT:PRC_HPI_HSVA(1.0),09/07/26 23:00:00,A,RCH_A_AVG,SE,TOTAL,2014,13.6,,
ESTAT:PRC_HPI_HSVA(1.0),09/07/26 23:00:00,A,RCH_A_AVG,SE,TOTAL,2015,20.3,,
ESTAT:PRC_HPI_HSVA(1.0),09/07/26 23:00:00,A,RCH_A_AVG,SE,TOTAL,2016,5.6,,
ESTAT:PRC_HPI_HSVA(1.0),09/07/26 23:00:00,A,RCH_A_AVG,SE,TOTAL,2017,13.4,,
ESTAT:PRC_HPI_HSVA(1.0),09/07/26 23:00:00,A,RCH_A_AVG,SE,TOTAL,2018,-5.5,,
ESTAT:PRC_HPI_HSVA(1.0),09/07/26 23:00:00,A,RCH_A_AVG,SE,TOTAL,2019,4.6,,
ESTAT:PRC_HPI_HSVA(1.0),09/07/26 23:00:00,A,RCH_A_AVG,SE,TOTAL,2020,9.8,,
ESTAT:PRC_HPI_HSVA(1.0),09/07/26 23:00:00,A,RCH_A_AVG,SE,TOTAL,2021,18.4,,
ESTAT:PRC_HPI_HSVA(1.0),09/07/26 23:00:00,A,RCH_A_AVG,SE,TOTAL,2022,-9.1,,
ESTAT:PRC_HPI_HSVA(1.0),09/07/26 23:00:00,A,RCH_A_AVG,SE,TOTAL,2023,-18.9,,
ESTAT:PRC_HPI_HSVA(1.0),09/07/26 23:00:00,A,RCH_A_AVG,SE,TOTAL,2024,12.4,,
ESTAT:PRC_HPI_HSVA(1.0),09/07/26 23:00:00,A,RCH_A_AVG,SE,TOTAL,2025,3.5,p,
ESTAT:PRC_HPI_HSVA(1.0),09/07/26 23:00:00,A,RCH_A_AVG,SI,DW_EXST,2015,16.1,,
ESTAT:PRC_HPI_HSVA(1.0),09/07/26 23:00:00,A,RCH_A_AVG,SI,DW_EXST,2016,25.1,,
ESTAT:PRC_HPI_HSVA(1.0),09/07/26 23:00:00,A,RCH_A_AVG,SI,DW_EXST,2017,12.0,,
ESTAT:PRC_HPI_HSVA(1.0),09/07/26 23:00:00,A,RCH_A_AVG,SI,DW_EXST,2018,0.4,,
ESTAT:PRC_HPI_HSVA(1.0),09/07/26 23:00:00,A,RCH_A_AVG,SI,DW_EXST,2019,8.5,,
ESTAT:PRC_HPI_HSVA(1.0),09/07/26 23:00:00,A,RCH_A_AVG,SI,DW_EXST,2020,-9.1,,
ESTAT:PRC_HPI_HSVA(1.0),09/07/26 23:00:00,A,RCH_A_AVG,SI,DW_EXST,2021,33.3,,
ESTAT:PRC_HPI_HSVA(1.0),09/07/26 23:00:00,A,RCH_A_AVG,SI,DW_EXST,2022,3.9,,
ESTAT:PRC_HPI_HSVA(1.0),09/07/26 23:00:00,A,RCH_A_AVG,SI,DW_EXST,2023,-17.6,,
ESTAT:PRC_HPI_HSVA(1.0),09/07/26 23:00:00,A,RCH_A_AVG,SI,DW_EXST,2024,-6.4,,
ESTAT:PRC_HPI_HSVA(1.0),09/07/26 23:00:00,A,RCH_A_AVG,SI,DW_EXST,2025,46.5,,
ESTAT:PRC_HPI_HSVA(1.0),09/07/26 23:00:00,A,RCH_A_AVG,SI,DW_NEW,2015,58.2,,
ESTAT:PRC_HPI_HSVA(1.0),09/07/26 23:00:00,A,RCH_A_AVG,SI,DW_NEW,2016,-8.3,,
ESTAT:PRC_HPI_HSVA(1.0),09/07/26 23:00:00,A,RCH_A_AVG,SI,DW_NEW,2017,58.5,,
ESTAT:PRC_HPI_HSVA(1.0),09/07/26 23:00:00,A,RCH_A_AVG,SI,DW_NEW,2018,9.4,,
ESTAT:PRC_HPI_HSVA(1.0),09/07/26 23:00:00,A,RCH_A_AVG,SI,DW_NEW,2019,-44.7,,
ESTAT:PRC_HPI_HSVA(1.0),09/07/26 23:00:00,A,RCH_A_AVG,SI,DW_NEW,2020,-49.0,,
ESTAT:PRC_HPI_HSVA(1.0),09/07/26 23:00:00,A,RCH_A_AVG,SI,DW_NEW,2021,152.1,,
ESTAT:PRC_HPI_HSVA(1.0),09/07/26 23:00:00,A,RCH_A_AVG,SI,DW_NEW,2022,-18.6,,
ESTAT:PRC_HPI_HSVA(1.0),09/07/26 23:00:00,A,RCH_A_AVG,SI,DW_NEW,2023,102.2,,
ESTAT:PRC_HPI_HSVA(1.0),09/07/26 23:00:00,A,RCH_A_AVG,SI,DW_NEW,2024,-19.3,,
ESTAT:PRC_HPI_HSVA(1.0),09/07/26 23:00:00,A,RCH_A_AVG,SI,DW_NEW,2025,-16.8,,
ESTAT:PRC_HPI_HSVA(1.0),09/07/26 23:00:00,A,RCH_A_AVG,SI,TOTAL,2007,26.0,,
ESTAT:PRC_HPI_HSVA(1.0),09/07/26 23:00:00,A,RCH_A_AVG,SI,TOTAL,2008,-28.8,,
ESTAT:PRC_HPI_HSVA(1.0),09/07/26 23:00:00,A,RCH_A_AVG,SI,TOTAL,2009,-24.1,,
ESTAT:PRC_HPI_HSVA(1.0),09/07/26 23:00:00,A,RCH_A_AVG,SI,TOTAL,2010,40.9,,
ESTAT:PRC_HPI_HSVA(1.0),09/07/26 23:00:00,A,RCH_A_AVG,SI,TOTAL,2011,-17.9,,
ESTAT:PRC_HPI_HSVA(1.0),09/07/26 23:00:00,A,RCH_A_AVG,SI,TOTAL,2012,-13.7,,
ESTAT:PRC_HPI_HSVA(1.0),09/07/26 23:00:00,A,RCH_A_AVG,SI,TOTAL,2013,-23.4,,
ESTAT:PRC_HPI_HSVA(1.0),09/07/26 23:00:00,A,RCH_A_AVG,SI,TOTAL,2014,37.8,,
ESTAT:PRC_HPI_HSVA(1.0),09/07/26 23:00:00,A,RCH_A_AVG,SI,TOTAL,2015,21.0,,
ESTAT:PRC_HPI_HSVA(1.0),09/07/26 23:00:00,A,RCH_A_AVG,SI,TOTAL,2016,20.0,,
ESTAT:PRC_HPI_HSVA(1.0),09/07/26 23:00:00,A,RCH_A_AVG,SI,TOTAL,2017,17.4,,
ESTAT:PRC_HPI_HSVA(1.0),09/07/26 23:00:00,A,RCH_A_AVG,SI,TOTAL,2018,1.8,,
ESTAT:PRC_HPI_HSVA(1.0),09/07/26 23:00:00,A,RCH_A_AVG,SI,TOTAL,2019,-0.5,,
ESTAT:PRC_HPI_HSVA(1.0),09/07/26 23:00:00,A,RCH_A_AVG,SI,TOTAL,2020,-12.8,,
ESTAT:PRC_HPI_HSVA(1.0),09/07/26 23:00:00,A,RCH_A_AVG,SI,TOTAL,2021,39.8,,
ESTAT:PRC_HPI_HSVA(1.0),09/07/26 23:00:00,A,RCH_A_AVG,SI,TOTAL,2022,1.7,,
ESTAT:PRC_HPI_HSVA(1.0),09/07/26 23:00:00,A,RCH_A_AVG,SI,TOTAL,2023,-8.1,,
ESTAT:PRC_HPI_HSVA(1.0),09/07/26 23:00:00,A,RCH_A_AVG,SI,TOTAL,2024,-8.6,,
ESTAT:PRC_HPI_HSVA(1.0),09/07/26 23:00:00,A,RCH_A_AVG,SI,TOTAL,2025,36.8,,
ESTAT:PRC_HPI_HSVA(1.0),09/07/26 23:00:00,A,RCH_A_AVG,UK,TOTAL,2006,131146.3,,
ESTAT:PRC_HPI_HSVA(1.0),09/07/26 23:00:00,A,RCH_A_AVG,UK,TOTAL,2007,6.5,,
ESTAT:PRC_HPI_HSVA(1.0),09/07/26 23:00:00,A,RCH_A_AVG,UK,TOTAL,2008,-44.8,,
ESTAT:PRC_HPI_HSVA(1.0),09/07/26 23:00:00,A,RCH_A_AVG,UK,TOTAL,2009,-7.1,,
ESTAT:PRC_HPI_HSVA(1.0),09/07/26 23:00:00,A,RCH_A_AVG,UK,TOTAL,2010,11.8,,
ESTAT:PRC_HPI_HSVA(1.0),09/07/26 23:00:00,A,RCH_A_AVG,UK,TOTAL,2011,-0.3,,
ESTAT:PRC_HPI_HSVA(1.0),09/07/26 23:00:00,A,RCH_A_AVG,UK,TOTAL,2012,4.0,,
ESTAT:PRC_HPI_HSVA(1.0),09/07/26 23:00:00,A,RCH_A_AVG,UK,TOTAL,2013,18.3,,
ESTAT:PRC_HPI_HSVA(1.0),09/07/26 23:00:00,A,RCH_A_AVG,UK,TOTAL,2014,19.4,,
ESTAT:PRC_HPI_HSVA(1.0),09/07/26 23:00:00,A,RCH_A_AVG,UK,TOTAL,2015,8.3,,
ESTAT:PRC_HPI_HSVA(1.0),09/07/26 23:00:00,A,RCH_A_AVG,UK,TOTAL,2016,7.4,,
ESTAT:PRC_HPI_HSVA(1.0),09/07/26 23:00:00,A,RCH_A_AVG,UK,TOTAL,2017,3.1,,
ESTAT:PRC_HPI_HSVA(1.0),09/07/26 23:00:00,A,RCH_A_AVG,UK,TOTAL,2018,0.1,,
ESTAT:PRC_HPI_HSVA(1.0),09/07/26 23:00:00,A,RCH_A_AVG,UK,TOTAL,2019,-0.9,,
