DATAFLOW,LAST UPDATE,freq,purchase,unit,geo,TIME_PERIOD,OBS_VALUE,OBS_FLAG,CONF_STATUS
ESTAT:PRC_HPI_HSNA(1.0),02/07/26 11:00:00,A,DW_EXST,I25_A_AVG,AT,2015,97.14,p,
ESTAT:PRC_HPI_HSNA(1.0),02/07/26 11:00:00,A,DW_EXST,I25_A_AVG,AT,2016,89.36,p,
ESTAT:PRC_HPI_HSNA(1.0),02/07/26 11:00:00,A,DW_EXST,I25_A_AVG,AT,2017,93.34,p,
ESTAT:PRC_HPI_HSNA(1.0),02/07/26 11:00:00,A,DW_EXST,I25_A_AVG,AT,2018,94.08,p,
ESTAT:PRC_HPI_HSNA(1.0),02/07/26 11:00:00,A,DW_EXST,I25_A_AVG,AT,2019,98.29,p,
ESTAT:PRC_HPI_HSNA(1.0),02/07/26 11:00:00,A,DW_EXST,I25_A_AVG,AT,2020,99.94,p,
ESTAT:PRC_HPI_HSNA(1.0),02/07/26 11:00:00,A,DW_EXST,I25_A_AVG,AT,2021,104.89,p,
ESTAT:PRC_HPI_HSNA(1.0),02/07/26 11:00:00,A,DW_EXST,I25_A_AVG,AT,2022,92.15,p,
ESTAT:PRC_HPI_HSNA(1.0),02/07/26 11:00:00,A,DW_EXST,I25_A_AVG,AT,2023,74.85,p,
ESTAT:PRC_HPI_HSNA(1.0),02/07/26 11:00:00,A,DW_EXST,I25_A_AVG,AT,2024,83.73,p,
ESTAT:PRC_HPI_HSNA(1.0),02/07/26 11:00:00,A,DW_EXST,I25_A_AVG,AT,2025,100.00,ep,
ESTAT:PRC_HPI_HSNA(1.0),02/07/26 11:00:00,A,DW_EXST,I25_A_AVG,BE,2010,74.57,,
ESTAT:PRC_HPI_HSNA(1.0),02/07/26 11:00:00,A,DW_EXST,I25_A_AVG,BE,2011,82.35,,
ESTAT:PRC_HPI_HSNA(1.0),02/07/26 11:00:00,A,DW_EXST,I25_A_AVG,BE,2012,80.01,,
ESTAT:PRC_HPI_HSNA(1.0),02/07/26 11:00:00,A,DW_EXST,I25_A_AVG,BE,2013,77.89,,
ESTAT:PRC_HPI_HSNA(1.0),02/07/26 11:00:00,A,DW_EXST,I25_A_AVG,BE,2014,87.89,,
ESTAT:PRC_HPI_HSNA(1.0),02/07/26 11:00:00,A,DW_EXST,I25_A_AVG,BE,2015,65.50,,
ESTAT:PRC_HPI_HSNA(1.0),02/07/26 11:00:00,A,DW_EXST,I25_A_AVG,BE,2016,77.84,,
ESTAT:PRC_HPI_HSNA(1.0),02/07/26 11:00:00,A,DW_EXST,I25_A_AVG,BE,2017,83.55,,
ESTAT:PRC_HPI_HSNA(1.0),02/07/26 11:00:00,A,DW_EXST,I25_A_AVG,BE,2018,87.92,,
ESTAT:PRC_HPI_HSNA(1.0),02/07/26 11:00:00,A,DW_EXST,I25_A_AVG,BE,2019,100.74,,
ESTAT:PRC_HPI_HSNA(1.0),02/07/26 11:00:00,A,DW_EXST,I25_A_AVG,BE,2020,82.95,,
ESTAT:PRC_HPI_HSNA(1.0),02/07/26 11:00:00,A,DW_EXST,I25_A_AVG,BE,2021,98.40,,
ESTAT:PRC_HPI_HSNA(1.0),02/07/26 11:00:00,A,DW_EXST,I25_A_AVG,BE,2022,100.14,,
ESTAT:PRC_HPI_HSNA(1.0),02/07/26 11:00:00,A,DW_EXST,I25_A_AVG,BE,2023,82.03,,
ESTAT:PRC_HPI_HSNA(1.0),02/07/26 11:00:00,A,DW_EXST,I25_A_AVG,BE,2024,83.21,,
ESTAT:PRC_HPI_HSNA(1.0),02/07/26 11:00:00,A,DW_EXST,I25_A_AVG,BE,2025,100.00,,
ESTAT:PRC_HPI_HSNA(1.0),02/07/26 11:00:00,A,DW_EXST,I25_A_AVG,BG,2017,75.04,,
ESTAT:PRC_HPI_HSNA(1.0),02/07/26 11:00:00,A,DW_EXST,I25_A_AVG,BG,2018,77.59,,
ESTAT:PRC_HPI_HSNA(1.0),02/07/26 11:00:00,A,DW_EXST,I25_A_AVG,BG,2019,78.88,,
ESTAT:PRC_HPI_HSNA(1.0),02/07/26 11:00:00,A,DW_EXST,I25_A_AVG,BG,2020,68.06,,
ESTAT:PRC_HPI_HSNA(1.0),02/07/26 11:00:00,A,DW_EXST,I25_A_AVG,BG,2021,97.41,,
ESTAT:PRC_HPI_HSNA(1.0),02/07/26 11:00:00,A,DW_EXST,I25_A_AVG,BG,2022,102.16,,
ESTAT:PRC_HPI_HSNA(1.0),02/07/26 11:00:00,A,DW_EXST,I25_A_AVG,BG,2023,102.30,,
ESTAT:PRC_HPI_HSNA(1.0),02/07/26 11:00:00,A,DW_EXST,I25_A_AVG,BG,2024,105.30,,
ESTAT:PRC_HPI_HSNA(1.0),02/07/26 11:00:00,A,DW_EXST,I25_A_AVG,BG,2025,100.00,,
ESTAT:PRC_HPI_HSNA(1.0),02/07/26 11:00:00,A,DW_EXST,I25_A_AVG,DK,2013,55.51,,
ESTAT:PRC_HPI_HSNA(1.0),02/07/26 11:00:00,A,DW_EXST,I25_A_AVG,DK,2014,63.05,,
ESTAT:PRC_HPI_HSNA(1.0),02/07/26 11:00:00,A,DW_EXST,I25_A_AVG,DK,2015,72.15,,
ESTAT:PRC_HPI_HSNA(1.0),02/07/26 11:00:00,A,DW_EXST,I25_A_AVG,DK,2016,76.56,,
ESTAT:PRC_HPI_HSNA(1.0),02/07/26 11:00:00,A,DW_EXST,I25_A_AVG,DK,2017,85.80,,
ESTAT:PRC_HPI_HSNA(1.0),02/07/26 11:00:00,A,DW_EXST,I25_A_AVG,DK,2018,84.68,,
ESTAT:PRC_HPI_HSNA(1.0),02/07/26 11:00:00,A,DW_EXST,I25_A_AVG,DK,2019,87.28,,
ESTAT:PRC_HPI_HSNA(1.0),02/07/26 11:00:00,A,DW_EXST,I25_A_AVG,DK,2020,104.85,,
ESTAT:PRC_HPI_HSNA(1.0),02/07/26 11:00:00,A,DW_EXST,I25_A_AVG,DK,2021,112.42,d,
ESTAT:PRC_HPI_HSNA(1.0),02/07/26 11:00:00,A,DW_EXST,I25_A_AVG,DK,2022,84.55,,
ESTAT:PRC_HPI_HSNA(1.0),02/07/26 11:00:00,A,DW_EXST,I25_A_AVG,DK,2023,84.42,,
ESTAT:PRC_HPI_HSNA(1.0),02/07/26 11:00:00,A,DW_EXST,I25_A_AVG,DK,2024,88.74,,
ESTAT:PRC_HPI_HSNA(1.0),02/07/26 11:00:00,A,DW_EXST,I25_A_AVG,DK,2025,100.00,,
ESTAT:PRC_HPI_HSNA(1.0),02/07/26 11:00:00,A,DW_EXST,I25_A_AVG,ES,2008,32.25,,
ESTAT:PRC_HPI_HSNA(1.0),02/07/26 11:00:00,A,DW_EXST,I25_A_AVG,ES,2009,30.92,,
ESTAT:PRC_HPI_HSNA(1.0),02/07/26 11:00:00,A,DW_EXST,I25_A_AVG,ES,2010,43.19,,
ESTAT:PRC_HPI_HSNA(1.0),02/07/26 11:00:00,A,DW_EXST,I25_A_AVG,ES,2011,32.00,,
ESTAT:PRC_HPI_HSNA(1.0),02/07/26 11:00:00,A,DW_EXST,I25_A_AVG,ES,2012,35.22,,
ESTAT:PRC_HPI_HSNA(1.0),02/07/26 11:00:00,A,DW_EXST,I25_A_AVG,ES,2013,33.67,,
ESTAT:PRC_HPI_HSNA(1.0),02/07/26 11:00:00,A,DW_EXST,I25_A_AVG,ES,2014,44.87,,
ESTAT:PRC_HPI_HSNA(1.0),02/07/26 11:00:00,A,DW_EXST,I25_A_AVG,ES,2015,50.47,,
ESTAT:PRC_HPI_HSNA(1.0),02/07/26 11:00:00,A,DW_EXST,I25_A_AVG,ES,2016,58.74,,
ESTAT:PRC_HPI_HSNA(1.0),02/07/26 11:00:00,A,DW_EXST,I25_A_AVG,ES,2017,68.31,,
ESTAT:PRC_HPI_HSNA(1.0),02/07/26 11:00:00,A,DW_EXST,I25_A_AVG,ES,2018,74.86,,
ESTAT:PRC_HPI_HSNA(1.0),02/07/26 11:00:00,A,DW_EXST,I25_A_AVG,ES,2019,73.46,,
ESTAT:PRC_HPI_HSNA(1.0),02/07/26 11:00:00,A,DW_EXST,I25_A_AVG,ES,2020,62.51,,
ESTAT:PRC_HPI_HSNA(1.0),02/07/26 11:00:00,A,DW_EXST,I25_A_AVG,ES,2021,88.78,,
ESTAT:PRC_HPI_HSNA(1.0),02/07/26 11:00:00,A,DW_EXST,I25_A_AVG,ES,2022,95.05,,
ESTAT:PRC_HPI_HSNA(1.0),02/07/26 11:00:00,A,DW_EXST,I25_A_AVG,ES,2023,83.68,,
ESTAT:PRC_HPI_HSNA(1.0),02/07/26 11:00:00,A,DW_EXST,I25_A_AVG,ES,2024,94.60,,
ESTAT:PRC_HPI_HSNA(1.0),02/07/26 11:00:00,A,DW_EXST,I25_A_AVG,ES,2025,100.00,,
ESTAT:PRC_HPI_HSNA(1.0),02/07/26 11:00:00,A,DW_EXST,I25_A_AVG,FI,2015,106.06,,
ESTAT:PRC_HPI_HSNA(1.0),02/07/26 11:00:00,A,DW_EXST,I25_A_AVG,FI,2016,107.77,,
ESTAT:PRC_HPI_HSNA(1.0),02/07/26 11:00:00,A,DW_EXST,I25_A_AVG,FI,2017,109.09,,
ESTAT:PRC_HPI_HSNA(1.0),02/07/26 11:00:00,A,DW_EXST,I25_A_AVG,FI,2018,103.14,,
ESTAT:PRC_HPI_HSNA(1.0),02/07/26 11:00:00,A,DW_EXST,I25_A_AVG,FI,2019,105.74,,
ESTAT:PRC_HPI_HSNA(1.0),02/07/26 11:00:00,A,DW_EXST,I25_A_AVG,FI,2020,117.99,,
ESTAT:PRC_HPI_HSNA(1.0),02/07/26 11:00:00,A,DW_EXST,I25_A_AVG,FI,2021,133.11,,
ESTAT:PRC_HPI_HSNA(1.0),02/07/26 11:00:00,A,DW_EXST,I25_A_AVG,FI,2022,110.35,,
ESTAT:PRC_HPI_HSNA(1.0),02/07/26 11:00:00,A,DW_EXST,I25_A_AVG,FI,2023,85.00,,
ESTAT:PRC_HPI_HSNA(1.0),02/07/26 11:00:00,A,DW_EXST,I25_A_AVG,FI,2024,89.81,,
ESTAT:PRC_HPI_HSNA(1.0),02/07/26 11:00:00,A,DW_EXST,I25_A_AVG,FI,2025,100.00,,
ESTAT:PRC_HPI_HSNA(1.0),02/07/26 11:00:00,A,DW_EXST,I25_A_AVG,FR,2000,83.59,,
ESTAT:PRC_HPI_HSNA(1.0),02/07/26 11:00:00,A,DW_EXST,I25_A_AVG,FR,2001,82.56,,
ESTAT:PRC_HPI_HSNA(1.0),02/07/26 11:00:00,A,DW_EXST,I25_A_AVG,FR,2002,85.43,,
ESTAT:PRC_HPI_HSNA(1.0),02/07/26 11:00:00,A,DW_EXST,I25_A_AVG,FR,2003,85.97,,
ESTAT:PRC_HPI_HSNA(1.0),02/07/26 11:00:00,A,DW_EXST,I25_A_AVG,FR,2004,86.91,,
ESTAT:PRC_HPI_HSNA(1.0),02/07/26 11:00:00,A,DW_EXST,I25_A_AVG,FR,2005,87.78,,
ESTAT:PRC_HPI_HSNA(1.0),02/07/26 11:00:00,A,DW_EXST,I25_A_AVG,FR,2006,86.66,,
ESTAT:PRC_HPI_HSNA(1.0),02/07/26 11:00:00,A,DW_EXST,I25_A_AVG,FR,2007,85.65,,
ESTAT:PRC_HPI_HSNA(1.0),02/07/26 11:00:00,A,DW_EXST,I25_A_AVG,FR,2008,71.30,,
ESTAT:PRC_HPI_HSNA(1.0),02/07/26 11:00:00,A,DW_EXST,I25_A_AVG,FR,2009,62.84,,
ESTAT:PRC_HPI_HSNA(1.0),02/07/26 11:00:00,A,DW_EXST,I25_A_AVG,FR,2010,81.95,,
ESTAT:PRC_HPI_HSNA(1.0),02/07/26 11:00:00,A,DW_EXST,I25_A_AVG,FR,2011,84.69,,
ESTAT:PRC_HPI_HSNA(1.0),02/07/26 11:00:00,A,DW_EXST,I25_A_AVG,FR,2012,74.94,,
ESTAT:PRC_HPI_HSNA(1.0),02/07/26 11:00:00,A,DW_EXST,I25_A_AVG,FR,2013,75.76,,
ESTAT:PRC_HPI_HSNA(1.0),02/07/26 11:00:00,A,DW_EXST,I25_A_AVG,FR,2014,72.92,,
ESTAT:PRC_HPI_HSNA(1.0),02/07/26 11:00:00,A,DW_EXST,I25_A_AVG,FR,2015,84.13,,
ESTAT:PRC_HPI_HSNA(1.0),02/07/26 11:00:00,A,DW_EXST,I25_A_AVG,FR,2016,89.23,,
ESTAT:PRC_HPI_HSNA(1.0),02/07/26 11:00:00,A,DW_EXST,I25_A_AVG,FR,2017,101.98,,
ESTAT:PRC_HPI_HSNA(1.0),02/07/26 11:00:00,A,DW_EXST,I25_A_AVG,FR,2018,103.11,,
ESTAT:PRC_HPI_HSNA(1.0),02/07/26 11:00:00,A,DW_EXST,I25_A_AVG,FR,2019,114.13,,
ESTAT:PRC_HPI_HSNA(1.0),02/07/26 11:00:00,A,DW_EXST,I25_A_AVG,FR,2020,109.28,,
ESTAT:PRC_HPI_HSNA(1.0),02/07/26 11:00:00,A,DW_EXST,I25_A_AVG,FR,2021,129.81,,
ESTAT:PRC_HPI_HSNA(1.0),02/07/26 11:00:00,A,DW_EXST,I25_A_AVG,FR,2022,122.49,,
ESTAT:PRC_HPI_HSNA(1.0),02/07/26 11:00:00,A,DW_EXST,I25_A_AVG,FR,2023,97.92,,
ESTAT:PRC_HPI_HSNA(1.0),02/07/26 11:00:00,A,DW_EXST,I25_A_AVG,FR,2024,88.80,,
ESTAT:PRC_HPI_HSNA(1.0),02/07/26 11:00:00,A,DW_EXST,I25_A_AVG,FR,2025,100.00,,
ESTAT:PRC_HPI_HSNA(1.0),02/07/26 11:00:00,A,DW_EXST,I25_A_AVG,HR,2008,130.79,,
ESTAT:PRC_HPI_HSNA(1.0),02/07/26 11:00:00,A,DW_EXST,I25_A_AVG,HR,2009,89.14,,
ESTAT:PRC_HPI_HSNA(1.0),02/07/26 11:00:00,A,DW_EXST,I25_A_AVG,HR,2010,89.14,,
ESTAT:PRC_HPI_HSNA(1.0),02/07/26 11:00:00,A,DW_EXST,I25_A_AVG,HR,2011,97.06,,
ESTAT:PRC_HPI_HSNA(1.0),02/07/26 11:00:00,A,DW_EXST,I25_A_AVG,HR,2012,88.15,,
ESTAT:PRC_HPI_HSNA(1.0),02/07/26 11:00:00,A,DW_EXST,I25_A_AVG,HR,2013,87.99,,
ESTAT:PRC_HPI_HSNA(1.0),02/07/26 11:00:00,A,DW_EXST,I25_A_AVG,HR,2014,88.13,,
ESTAT:PRC_HPI_HSNA(1.0),02/07/26 11:00:00,A,DW_EXST,I25_A_AVG,HR,2015,99.16,,
ESTAT:PRC_HPI_HSNA(1.0),02/07/26 11:00:00,A,DW_EXST,I25_A_AVG,HR,2016,127.49,,
ESTAT:PRC_HPI_HSNA(1.0),02/07/26 11:00:00,A,DW_EXST,I25_A_AVG,HR,2017,125.72,,
ESTAT:PRC_HPI_HSNA(1.0),02/07/26 11:00:00,A,DW_EXST,I25_A_AVG,HR,2018,134.77,,
ESTAT:PRC_HPI_HSNA(1.0),02/07/26 11:00:00,A,DW_EXST,I25_A_AVG,HR,2019,148.23,,
ESTAT:PRC_HPI_HSNA(1.0),02/07/26 11:00:00,A,DW_EXST,I25_A_AVG,HR,2020,127.92,,
ESTAT:PRC_HPI_HSNA(1.0),02/07/26 11:00:00,A,DW_EXST,I25_A_AVG,HR,2021,167.42,,
ESTAT:PRC_HPI_HSNA(1.0),02/07/26 11:00:00,A,DW_EXST,I25_A_AVG,HR,2022,168.04,,
ESTAT:PRC_HPI_HSNA(1.0),02/07/26 11:00:00,A,DW_EXST,I25_A_AVG,HR,2023,129.01,,
ESTAT:PRC_HPI_HSNA(1.0),02/07/26 11:00:00,A,DW_EXST,I25_A_AVG,HR,2024,107.82,,
ESTAT:PRC_HPI_HSNA(1.0),02/07/26 11:00:00,A,DW_EXST,I25_A_AVG,HR,2025,100.00,,
ESTAT:PRC_HPI_HSNA(1.0),02/07/26 11:00:00,A,DW_EXST,I25_A_AVG,HU,2007,125.69,p,
ESTAT:PRC_HPI_HSNA(1.0),02/07/26 11:00:00,A,DW_EXST,I25_A_AVG,HU,2008,95.24,p,
ESTAT:PRC_HPI_HSNA(1.0),02/07/26 11:00:00,A,DW_EXST,I25_A_AVG,HU,2009,56.38,p,
ESTAT:PRC_HPI_HSNA(1.0),02/07/26 11:00:00,A,DW_EXST,I25_A_AVG,HU,2010,58.15,p,
ESTAT:PRC_HPI_HSNA(1.0),02/07/26 11:00:00,A,DW_EXST,I25_A_AVG,HU,2011,57.05,p,
ESTAT:PRC_HPI_HSNA(1.0),02/07/26 11:00:00,A,DW_EXST,I25_A_AVG,HU,2012,56.68,p,
ESTAT:PRC_HPI_HSNA(1.0),02/07/26 11:00:00,A,DW_EXST,I25_A_AVG,HU,2013,58.79,p,
ESTAT:PRC_HPI_HSNA(1.0),02/07/26 11:00:00,A,DW_EXST,I25_A_AVG,HU,2014,75.16,p,
ESTAT:PRC_HPI_HSNA(1.0),02/07/26 11:00:00,A,DW_EXST,I25_A_AVG,HU,2015,88.93,p,
ESTAT:PRC_HPI_HSNA(1.0),02/07/26 11:00:00,A,DW_EXST,I25_A_AVG,HU,2016,96.22,p,
ESTAT:PRC_HPI_HSNA(1.0),02/07/26 11:00:00,A,DW_EXST,I25_A_AVG,HU,2017,100.46,p,
ESTAT:PRC_HPI_HSNA(1.0),02/07/26 11:00:00,A,DW_EXST,I25_A_AVG,HU,2018,105.17,p,
ESTAT:PRC_HPI_HSNA(1.0),02/07/26 11:00:00,A,DW_EXST,I25_A_AVG,HU,2019,99.17,p,
ESTAT:PRC_HPI_HSNA(1.0),02/07/26 11:00:00,A,DW_EXST,I25_A_AVG,HU,2020,85.00,p,
ESTAT:PRC_HPI_HSNA(1.0),02/07/26 11:00:00,A,DW_EXST,I25_A_AVG,HU,2021,101.18,p,
ESTAT:PRC_HPI_HSNA(1.0),02/07/26 11:00:00,A,DW_EXST,I25_A_AVG,HU,2022,91.16,p,
ESTAT:PRC_HPI_HSNA(1.0),02/07/26 11:00:00,A,DW_EXST,I25_A_AVG,HU,2023,63.29,p,
ESTAT:PRC_HPI_HSNA(1.0),02/07/26 11:00:00,A,DW_EXST,I25_A_AVG,HU,2024,85.92,p,
ESTAT:PRC_HPI_HSNA(1.0),02/07/26 11:00:00,A,DW_EXST,I25_A_AVG,HU,2025,100.00,ep,
ESTAT:PRC_HPI_HSNA(1.0),02/07/26 11:00:00,A,DW_EXST,I25_A_AVG,IE,2010,34.17,,
ESTAT:PRC_HPI_HSNA(1.0),02/07/26 11:00:00,A,DW_EXST,I25_A_AVG,IE,2011,33.03,,
ESTAT:PRC_HPI_HSNA(1.0),02/07/26 11:00:00,A,DW_EXST,I25_A_AVG,IE,2012,47.14,,
ESTAT:PRC_HPI_HSNA(1.0),02/07/26 11:00:00,A,DW_EXST,I25_A_AVG,IE,2013,56.38,,
ESTAT:PRC_HPI_HSNA(1.0),02/07/26 11:00:00,A,DW_EXST,I25_A_AVG,IE,2014,80.41,,
ESTAT:PRC_HPI_HSNA(1.0),02/07/26 11:00:00,A,DW_EXST,I25_A_AVG,IE,2015,90.75,,
ESTAT:PRC_HPI_HSNA(1.0),02/07/26 11:00:00,A,DW_EXST,I25_A_AVG,IE,2016,89.41,,
ESTAT:PRC_HPI_HSNA(1.0),02/07/26 11:00:00,A,DW_EXST,I25_A_AVG,IE,2017,93.50,,
ESTAT:PRC_HPI_HSNA(1.0),02/07/26 11:00:00,A,DW_EXST,I25_A_AVG,IE,2018,93.45,,
ESTAT:PRC_HPI_HSNA(1.0),02/07/26 11:00:00,A,DW_EXST,I25_A_AVG,IE,2019,95.32,,
ESTAT:PRC_HPI_HSNA(1.0),02/07/26 11:00:00,A,DW_EXST,I25_A_AVG,IE,2020,80.23,,
ESTAT:PRC_HPI_HSNA(1.0),02/07/26 11:00:00,A,DW_EXST,I25_A_AVG,IE,2021,100.94,,
ESTAT:PRC_HPI_HSNA(1.0),02/07/26 11:00:00,A,DW_EXST,I25_A_AVG,IE,2022,106.38,,
ESTAT:PRC_HPI_HSNA(1.0),02/07/26 11:00:00,A,DW_EXST,I25_A_AVG,IE,2023,106.02,,
ESTAT:PRC_HPI_HSNA(1.0),02/07/26 11:00:00,A,DW_EXST,I25_A_AVG,IE,2024,100.39,,
ESTAT:PRC_HPI_HSNA(1.0),02/07/26 11:00:00,A,DW_EXST,I25_A_AVG,IE,2025,100.00,,
ESTAT:PRC_HPI_HSNA(1.0),02/07/26 11:00:00,A,DW_EXST,I25_A_AVG,LT,2023,74.40,,
ESTAT:PRC_HPI_HSNA(1.0),02/07/26 11:00:00,A,DW_EXST,I25_A_AVG,LT,2024,81.27,,
ESTAT:PRC_HPI_HSNA(1.0),02/07/26 11:00:00,A,DW_EXST,I25_A_AVG,LT,2025,100.00,,
ESTAT:PRC_HPI_HSNA(1.0),02/07/26 11:00:00,A,DW_EXST,I25_A_AVG,LU,2014,93.71,,
ESTAT:PRC_HPI_HSNA(1.0),02/07/26 11:00:00,A,DW_EXST,I25_A_AVG,LU,2015,92.16,,
ESTAT:PRC_HPI_HSNA(1.0),02/07/26 11:00:00,A,DW_EXST,I25_A_AVG,LU,2016,97.63,,
ESTAT:PRC_HPI_HSNA(1.0),02/07/26 11:00:00,A,DW_EXST,I25_A_AVG,LU,2017,107.84,,
ESTAT:PRC_HPI_HSNA(1.0),02/07/26 11:00:00,A,DW_EXST,I25_A_AVG,LU,2018,111.48,,
ESTAT:PRC_HPI_HSNA(1.0),02/07/26 11:00:00,A,DW_EXST,I25_A_AVG,LU,2019,99.91,,
ESTAT:PRC_HPI_HSNA(1.0),02/07/26 11:00:00,A,DW_EXST,I25_A_AVG,LU,2020,98.29,,
ESTAT:PRC_HPI_HSNA(1.0),02/07/26 11:00:00,A,DW_EXST,I25_A_AVG,LU,2021,103.63,,
ESTAT:PRC_HPI_HSNA(1.0),02/07/26 11:00:00,A,DW_EXST,I25_A_AVG,LU,2022,91.72,,
ESTAT:PRC_HPI_HSNA(1.0),02/07/26 11:00:00,A,DW_EXST,I25_A_AVG,LU,2023,57.99,,
ESTAT:PRC_HPI_HSNA(1.0),02/07/26 11:00:00,A,DW_EXST,I25_A_AVG,LU,2024,85.91,,
ESTAT:PRC_HPI_HSNA(1.0),02/07/26 11:00:00,A,DW_EXST,I25_A_AVG,LU,2025,100.00,,
ESTAT:PRC_HPI_HSNA(1.0),02/07/26 11:00:00,A,DW_EXST,I25_A_AVG,LV,2020,87.41,,
ESTAT:PRC_HPI_HSNA(1.0),02/07/26 11:00:00,A,DW_EXST,I25_A_AVG,LV,2021,100.53,,
ESTAT:PRC_HPI_HSNA(1.0),02/07/26 11:00:00,A,DW_EXST,I25_A_AVG,LV,2022,92.09,,
ESTAT:PRC_HPI_HSNA(1.0),02/07/26 11:00:00,A,DW_EXST,I25_A_AVG,LV,2023,87.25,,
ESTAT:PRC_HPI_HSNA(1.0),02/07/26 11:00:00,A,DW_EXST,I25_A_AVG,LV,2024,92.69,,
ESTAT:PRC_HPI_HSNA(1.0),02/07/26 11:00:00,A,DW_EXST,I25_A_AVG,LV,2025,100.00,,
ESTAT:PRC_HPI_HSNA(1.0),02/07/26 11:00:00,A,DW_EXST,I25_A_AVG,NL,2015,74.69,,
ESTAT:PRC_HPI_HSNA(1.0),02/07/26 11:00:00,A,DW_EXST,I25_A_AVG,NL,2016,89.99,,
ESTAT:PRC_HPI_HSNA(1.0),02/07/26 11:00:00,A,DW_EXST,I25_A_AVG,NL,2017,101.33,,
ESTAT:PRC_HPI_HSNA(1.0),02/07/26 11:00:00,A,DW_EXST,I25_A_AVG,NL,2018,91.54,,
ESTAT:PRC_HPI_HSNA(1.0),02/07/26 11:00:00,A,DW_EXST,I25_A_AVG,NL,2019,91.58,,
ESTAT:PRC_HPI_HSNA(1.0),02/07/26 11:00:00,A,DW_EXST,I25_A_AVG,NL,2020,98.67,,
ESTAT:PRC_HPI_HSNA(1.0),02/07/26 11:00:00,A,DW_EXST,I25_A_AVG,NL,2021,94.72,,
ESTAT:PRC_HPI_HSNA(1.0),02/07/26 11:00:00,A,DW_EXST,I25_A_AVG,NL,2022,80.90,,
ESTAT:PRC_HPI_HSNA(1.0),02/07/26 11:00:00,A,DW_EXST,I25_A_AVG,NL,2023,76.42,,
ESTAT:PRC_HPI_HSNA(1.0),02/07/26 11:00:00,A,DW_EXST,I25_A_AVG,NL,2024,86.49,,
ESTAT:PRC_HPI_HSNA(1.0),02/07/26 11:00:00,A,DW_EXST,I25_A_AVG,NL,2025,100.00,,
ESTAT:PRC_HPI_HSNA(1.0),02/07/26 11:00:00,A,DW_EXST,I25_A_AVG,NO,2017,82.73,p,
ESTAT:PRC_HPI_HSNA(1.0),02/07/26 11:00:00,A,DW_EXST,I25_A_AVG,NO,2018,83.12,p,
ESTAT:PRC_HPI_HSNA(1.0),02/07/26 11:00:00,A,DW_EXST,I25_A_AVG,NO,2019,87.11,p,
ESTAT:PRC_HPI_HSNA(1.0),02/07/26 11:00:00,A,DW_EXST,I25_A_AVG,NO,2020,92.28,p,
ESTAT:PRC_HPI_HSNA(1.0),02/07/26 11:00:00,A,DW_EXST,I25_A_AVG,NO,2021,95.29,p,
ESTAT:PRC_HPI_HSNA(1.0),02/07/26 11:00:00,A,DW_EXST,I25_A_AVG,NO,2022,86.03,p,
ESTAT:PRC_HPI_HSNA(1.0),02/07/26 11:00:00,A,DW_EXST,I25_A_AVG,NO,2023,83.34,p,
ESTAT:PRC_HPI_HSNA(1.0),02/07/26 11:00:00,A,DW_EXST,I25_A_AVG,NO,2024,90.09,p,
ESTAT:PRC_HPI_HSNA(1.0),02/07/26 11:00:00,A,DW_EXST,I25_A_AVG,NO,2025,100.00,p,
ESTAT:PRC_HPI_HSNA(1.0),02/07/26 11:00:00,A,DW_EXST,I25_A_AVG,PL,2015,62.55,p,
ESTAT:PRC_HPI_HSNA(1.0),02/07/26 11:00:00,A,DW_EXST,I25_A_AVG,PL,2016,65.98,p,
ESTAT:PRC_HPI_HSNA(1.0),02/07/26 11:00:00,A,DW_EXST,I25_A_AVG,PL,2017,75.76,p,
ESTAT:PRC_HPI_HSNA(1.0),02/07/26 11:00:00,A,DW_EXST,I25_A_AVG,PL,2018,82.01,p,
ESTAT:PRC_HPI_HSNA(1.0),02/07/26 11:00:00,A,DW_EXST,I25_A_AVG,PL,2019,86.38,p,
ESTAT:PRC_HPI_HSNA(1.0),02/07/26 11:00:00,A,DW_EXST,I25_A_AVG,PL,2020,76.61,p,
ESTAT:PRC_HPI_HSNA(1.0),02/07/26 11:00:00,A,DW_EXST,I25_A_AVG,PL,2021,95.47,p,
ESTAT:PRC_HPI_HSNA(1.0),02/07/26 11:00:00,A,DW_EXST,I25_A_AVG,PL,2022,78.34,p,
ESTAT:PRC_HPI_HSNA(1.0),02/07/26 11:00:00,A,DW_EXST,I25_A_AVG,PL,2023,86.55,p,
ESTAT:PRC_HPI_HSNA(1.0),02/07/26 11:00:00,A,DW_EXST,I25_A_AVG,PL,2024,97.48,p,
ESTAT:PRC_HPI_HSNA(1.0),02/07/26 11:00:00,A,DW_EXST,I25_A_AVG,PL,2025,100.00,p,
ESTAT:PRC_HPI_HSNA(1.0),02/07/26 11:00:00,A,DW_EXST,I25_A_AVG,PT,2009,40.70,e,
ESTAT:PRC_HPI_HSNA(1.0),02/07/26 11:00:00,A,DW_EXST,I25_A_AVG,PT,2010,44.55,e,
ESTAT:PRC_HPI_HSNA(1.0),02/07/26 11:00:00,A,DW_EXST,I25_A_AVG,PT,2011,34.83,e,
ESTAT:PRC_HPI_HSNA(1.0),02/07/26 11:00:00,A,DW_EXST,I25_A_AVG,PT,2012,30.17,e,
ESTAT:PRC_HPI_HSNA(1.0),02/07/26 11:00:00,A,DW_EXST,I25_A_AVG,PT,2013,32.53,e,
ESTAT:PRC_HPI_HSNA(1.0),02/07/26 11:00:00,A,DW_EXST,I25_A_AVG,PT,2014,36.09,e,
ESTAT:PRC_HPI_HSNA(1.0),02/07/26 11:00:00,A,DW_EXST,I25_A_AVG,PT,2015,49.56,e,
ESTAT:PRC_HPI_HSNA(1.0),02/07/26 11:00:00,A,DW_EXST,I25_A_AVG,PT,2016,61.50,e,
ESTAT:PRC_HPI_HSNA(1.0),02/07/26 11:00:00,A,DW_EXST,I25_A_AVG,PT,2017,75.79,e,
ESTAT:PRC_HPI_HSNA(1.0),02/07/26 11:00:00,A,DW_EXST,I25_A_AVG,PT,2018,89.09,e,
ESTAT:PRC_HPI_HSNA(1.0),02/07/26 11:00:00,A,DW_EXST,I25_A_AVG,PT,2019,92.62,,
ESTAT:PRC_HPI_HSNA(1.0),02/07/26 11:00:00,A,DW_EXST,I25_A_AVG,PT,2020,81.27,,
ESTAT:PRC_HPI_HSNA(1.0),02/07/26 11:00:00,A,DW_EXST,I25_A_AVG,PT,2021,98.14,,
ESTAT:PRC_HPI_HSNA(1.0),02/07/26 11:00:00,A,DW_EXST,I25_A_AVG,PT,2022,99.64,,
ESTAT:PRC_HPI_HSNA(1.0),02/07/26 11:00:00,A,DW_EXST,I25_A_AVG,PT,2023,77.14,,
ESTAT:PRC_HPI_HSNA(1.0),02/07/26 11:00:00,A,DW_EXST,I25_A_AVG,PT,2024,89.79,,
ESTAT:PRC_HPI_HSNA(1.0),02/07/26 11:00:00,A,DW_EXST,I25_A_AVG,PT,2025,100.00,,
ESTAT:PRC_HPI_HSNA(1.0),02/07/26 11:00:00,A,DW_EXST,I25_A_AVG,SI,2014,93.38,,
ESTAT:PRC_HPI_HSNA(1.0),02/07/26 11:00:00,A,DW_EXST,I25_A_AVG,SI,2015,106.21,,
ESTAT:PRC_HPI_HSNA(1.0),02/07/26 11:00:00,A,DW_EXST,I25_A_AVG,SI,2016,126.24,,
ESTAT:PRC_HPI_HSNA(1.0),02/07/26 11:00:00,A,DW_EXST,I25_A_AVG,SI,2017,135.48,,
ESTAT:PRC_HPI_HSNA(1.0),02/07/26 11:00:00,A,DW_EXST,I25_A_AVG,SI,2018,124.10,,
ESTAT:PRC_HPI_HSNA(1.0),02/07/26 11:00:00,A,DW_EXST,I25_A_AVG,SI,2019,129.25,,
ESTAT:PRC_HPI_HSNA(1.0),02/07/26 11:00:00,A,DW_EXST,I25_A_AVG,SI,2020,108.92,,
ESTAT:PRC_HPI_HSNA(1.0),02/07/26 11:00:00,A,DW_EXST,I25_A_AVG,SI,2021,126.83,,
ESTAT:PRC_HPI_HSNA(1.0),02/07/26 11:00:00,A,DW_EXST,I25_A_AVG,SI,2022,119.01,,
ESTAT:PRC_HPI_HSNA(1.0),02/07/26 11:00:00,A,DW_EXST,I25_A_AVG,SI,2023,91.55,,
ESTAT:PRC_HPI_HSNA(1.0),02/07/26 11:00:00,A,DW_EXST,I25_A_AVG,SI,2024,74.62,,
ESTAT:PRC_HPI_HSNA(1.0),02/07/26 11:00:00,A,DW_EXST,I25_A_AVG,SI,2025,100.00,,
ESTAT:PRC_HPI_HSNA(1.0),02/07/26 11:00:00,A,DW_EXST,NR,AT,2015,43980,,
ESTAT:PRC_HPI_HSNA(1.0),02/07/26 11:00:00,A,DW_EXST,NR,AT,2016,40459,,
ESTAT:PRC_HPI_HSNA(1.0),02/07/26 11:00:00,A,DW_EXST,NR,AT,2017,42260,,
ESTAT:PRC_HPI_HSNA(1.0),02/07/26 11:00:00,A,DW_EXST,NR,AT,2018,42595,,
ESTAT:PRC_HPI_HSNA(1.0),02/07/26 11:00:00,A,DW_EXST,NR,AT,2019,44499,,
ESTAT:PRC_HPI_HSNA(1.0),02/07/26 11:00:00,A,DW_EXST,NR,AT,2020,45250,,
ESTAT:PRC_HPI_HSNA(1.0),02/07/26 11:00:00,A,DW_EXST,NR,AT,2021,47488,,
ESTAT:PRC_HPI_HSNA(1.0),02/07/26 11:00:00,A,DW_EXST,NR,AT,2022,41721,,
ESTAT:PRC_HPI_HSNA(1.0),02/07/26 11:00:00,A,DW_EXST,NR,AT,2023,33887,,
ESTAT:PRC_HPI_HSNA(1.0),02/07/26 11:00:00,A,DW_EXST,NR,AT,2024,37911,p,
ESTAT:PRC_HPI_HSNA(1.0),02/07/26 11:00:00,A,DW_EXST,NR,AT,2025,45275,ep,
ESTAT:PRC_HPI_HSNA(1.0),02/07/26 11:00:00,A,DW_EXST,NR,BE,2010,113196,,
ESTAT:PRC_HPI_HSNA(1.0),02/07/26 11:00:00,A,DW_EXST,NR,BE,2011,124997,,
ESTAT:PRC_HPI_HSNA(1.0),02/07/26 11:00:00,A,DW_EXST,NR,BE,2012,121456,,
ESTAT:PRC_HPI_HSNA(1.0),02/07/26 11:00:00,A,DW_EXST,NR,BE,2013,118227,,
ESTAT:PRC_HPI_HSNA(1.0),02/07/26 11:00:00,A,DW_EXST,NR,BE,2014,133407,,
ESTAT:PRC_HPI_HSNA(1.0),02/07/26 11:00:00,A,DW_EXST,NR,BE,2015,99429,,
ESTAT:PRC_HPI_HSNA(1.0),02/07/26 11:00:00,A,DW_EXST,NR,BE,2016,118154,,
ESTAT:PRC_HPI_HSNA(1.0),02/07/26 11:00:00,A,DW_EXST,NR,BE,2017,126833,,
ESTAT:PRC_HPI_HSNA(1.0),02/07/26 11:00:00,A,DW_EXST,NR,BE,2018,133457,,
ESTAT:PRC_HPI_HSNA(1.0),02/07/26 11:00:00,A,DW_EXST,NR,BE,2019,152918,,
ESTAT:PRC_HPI_HSNA(1.0),02/07/26 11:00:00,A,DW_EXST,NR,BE,2020,125916,,
ESTAT:PRC_HPI_HSNA(1.0),02/07/26 11:00:00,A,DW_EXST,NR,BE,2021,149369,,
ESTAT:PRC_HPI_HSNA(1.0),02/07/26 11:00:00,A,DW_EXST,NR,BE,2022,152002,,
ESTAT:PRC_HPI_HSNA(1.0),02/07/26 11:00:00,A,DW_EXST,NR,BE,2023,124520,,
ESTAT:PRC_HPI_HSNA(1.0),02/07/26 11:00:00,A,DW_EXST,NR,BE,2024,126302,,
ESTAT:PRC_HPI_HSNA(1.0),02/07/26 11:00:00,A,DW_EXST,NR,BE,2025,151796,,
ESTAT:PRC_HPI_HSNA(1.0),02/07/26 11:00:00,A,DW_EXST,NR,BG,2017,48538,,
ESTAT:PRC_HPI_HSNA(1.0),02/07/26 11:00:00,A,DW_EXST,NR,BG,2018,50188,,
ESTAT:PRC_HPI_HSNA(1.0),02/07/26 11:00:00,A,DW_EXST,NR,BG,2019,51024,,
ESTAT:PRC_HPI_HSNA(1.0),02/07/26 11:00:00,A,DW_EXST,NR,BG,2020,44023,,
ESTAT:PRC_HPI_HSNA(1.0),02/07/26 11:00:00,A,DW_EXST,NR,BG,2021,63011,,
ESTAT:PRC_HPI_HSNA(1.0),02/07/26 11:00:00,A,DW_EXST,NR,BG,2022,66083,,
ESTAT:PRC_HPI_HSNA(1.0),02/07/26 11:00:00,A,DW_EXST,NR,BG,2023,66171,,
ESTAT:PRC_HPI_HSNA(1.0),02/07/26 11:00:00,A,DW_EXST,NR,BG,2024,68112,,
ESTAT:PRC_HPI_HSNA(1.0),02/07/26 11:00:00,A,DW_EXST,NR,BG,2025,64685,,
ESTAT:PRC_HPI_HSNA(1.0),02/07/26 11:00:00,A,DW_EXST,NR,DK,2013,49216,,
ESTAT:PRC_HPI_HSNA(1.0),02/07/26 11:00:00,A,DW_EXST,NR,DK,2014,55897,,
ESTAT:PRC_HPI_HSNA(1.0),02/07/26 11:00:00,A,DW_EXST,NR,DK,2015,63962,,
ESTAT:PRC_HPI_HSNA(1.0),02/07/26 11:00:00,A,DW_EXST,NR,DK,2016,67872,,
ESTAT:PRC_HPI_HSNA(1.0),02/07/26 11:00:00,A,DW_EXST,NR,DK,2017,76065,,
ESTAT:PRC_HPI_HSNA(1.0),02/07/26 11:00:00,A,DW_EXST,NR,DK,2018,75072,,
ESTAT:PRC_HPI_HSNA(1.0),02/07/26 11:00:00,A,DW_EXST,NR,DK,2019,77374,,
ESTAT:PRC_HPI_HSNA(1.0),02/07/26 11:00:00,A,DW_EXST,NR,DK,2020,92959,,
ESTAT:PRC_HPI_HSNA(1.0),02/07/26 11:00:00,A,DW_EXST,NR,DK,2021,99666,d,
ESTAT:PRC_HPI_HSNA(1.0),02/07/26 11:00:00,A,DW_EXST,NR,DK,2022,74958,,
ESTAT:PRC_HPI_HSNA(1.0),02/07/26 11:00:00,A,DW_EXST,NR,DK,2023,74843,,
ESTAT:PRC_HPI_HSNA(1.0),02/07/26 11:00:00,A,DW_EXST,NR,DK,2024,78676,,
ESTAT:PRC_HPI_HSNA(1.0),02/07/26 11:00:00,A,DW_EXST,NR,DK,2025,88655,,
ESTAT:PRC_HPI_HSNA(1.0),02/07/26 11:00:00,A,DW_EXST,NR,FI,2015,72269,,
ESTAT:PRC_HPI_HSNA(1.0),02/07/26 11:00:00,A,DW_EXST,NR,FI,2016,73433,,
ESTAT:PRC_HPI_HSNA(1.0),02/07/26 11:00:00,A,DW_EXST,NR,FI,2017,74331,,
ESTAT:PRC_HPI_HSNA(1.0),02/07/26 11:00:00,A,DW_EXST,NR,FI,2018,70278,,
ESTAT:PRC_HPI_HSNA(1.0),02/07/26 11:00:00,A,DW_EXST,NR,FI,2019,72050,,
ESTAT:PRC_HPI_HSNA(1.0),02/07/26 11:00:00,A,DW_EXST,NR,FI,2020,80397,,
ESTAT:PRC_HPI_HSNA(1.0),02/07/26 11:00:00,A,DW_EXST,NR,FI,2021,90697,,
ESTAT:PRC_HPI_HSNA(1.0),02/07/26 11:00:00,A,DW_EXST,NR,FI,2022,75192,,
ESTAT:PRC_HPI_HSNA(1.0),02/07/26 11:00:00,A,DW_EXST,NR,FI,2023,57914,,
ESTAT:PRC_HPI_HSNA(1.0),02/07/26 11:00:00,A,DW_EXST,NR,FI,2024,61193,,
ESTAT:PRC_HPI_HSNA(1.0),02/07/26 11:00:00,A,DW_EXST,NR,FI,2025,68138,,
ESTAT:PRC_HPI_HSNA(1.0),02/07/26 11:00:00,A,DW_EXST,NR,FR,2000,795841,,
ESTAT:PRC_HPI_HSNA(1.0),02/07/26 11:00:00,A,DW_EXST,NR,FR,2001,785960,,
ESTAT:PRC_HPI_HSNA(1.0),02/07/26 11:00:00,A,DW_EXST,NR,FR,2002,813363,,
ESTAT:PRC_HPI_HSNA(1.0),02/07/26 11:00:00,A,DW_EXST,NR,FR,2003,818432,,
ESTAT:PRC_HPI_HSNA(1.0),02/07/26 11:00:00,A,DW_EXST,NR,FR,2004,827440,,
ESTAT:PRC_HPI_HSNA(1.0),02/07/26 11:00:00,A,DW_EXST,NR,FR,2005,835745,,
ESTAT:PRC_HPI_HSNA(1.0),02/07/26 11:00:00,A,DW_EXST,NR,FR,2006,825021,,
ESTAT:PRC_HPI_HSNA(1.0),02/07/26 11:00:00,A,DW_EXST,NR,FR,2007,815447,,
ESTAT:PRC_HPI_HSNA(1.0),02/07/26 11:00:00,A,DW_EXST,NR,FR,2008,678773,,
ESTAT:PRC_HPI_HSNA(1.0),02/07/26 11:00:00,A,DW_EXST,NR,FR,2009,598304,,
ESTAT:PRC_HPI_HSNA(1.0),02/07/26 11:00:00,A,DW_EXST,NR,FR,2010,780230,,
ESTAT:PRC_HPI_HSNA(1.0),02/07/26 11:00:00,A,DW_EXST,NR,FR,2011,806308,,
ESTAT:PRC_HPI_HSNA(1.0),02/07/26 11:00:00,A,DW_EXST,NR,FR,2012,713448,,
ESTAT:PRC_HPI_HSNA(1.0),02/07/26 11:00:00,A,DW_EXST,NR,FR,2013,721299,,
ESTAT:PRC_HPI_HSNA(1.0),02/07/26 11:00:00,A,DW_EXST,NR,FR,2014,694268,,
ESTAT:PRC_HPI_HSNA(1.0),02/07/26 11:00:00,A,DW_EXST,NR,FR,2015,800991,,
ESTAT:PRC_HPI_HSNA(1.0),02/07/26 11:00:00,A,DW_EXST,NR,FR,2016,849529,,
ESTAT:PRC_HPI_HSNA(1.0),02/07/26 11:00:00,A,DW_EXST,NR,FR,2017,970903,,
ESTAT:PRC_HPI_HSNA(1.0),02/07/26 11:00:00,A,DW_EXST,NR,FR,2018,981675,,
ESTAT:PRC_HPI_HSNA(1.0),02/07/26 11:00:00,A,DW_EXST,NR,FR,2019,1086521,,
ESTAT:PRC_HPI_HSNA(1.0),02/07/26 11:00:00,A,DW_EXST,NR,FR,2020,1040408,,
ESTAT:PRC_HPI_HSNA(1.0),02/07/26 11:00:00,A,DW_EXST,NR,FR,2021,1235804,,
ESTAT:PRC_HPI_HSNA(1.0),02/07/26 11:00:00,A,DW_EXST,NR,FR,2022,1166156,,
ESTAT:PRC_HPI_HSNA(1.0),02/07/26 11:00:00,A,DW_EXST,NR,FR,2023,932221,,
ESTAT:PRC_HPI_HSNA(1.0),02/07/26 11:00:00,A,DW_EXST,NR,FR,2024,845386,,
ESTAT:PRC_HPI_HSNA(1.0),02/07/26 11:00:00,A,DW_EXST,NR,FR,2025,952039,,
ESTAT:PRC_HPI_HSNA(1.0),02/07/26 11:00:00,A,DW_EXST,NR,HR,2008,16264,,
ESTAT:PRC_HPI_HSNA(1.0),02/07/26 11:00:00,A,DW_EXST,NR,HR,2009,11085,,
ESTAT:PRC_HPI_HSNA(1.0),02/07/26 11:00:00,A,DW_EXST,NR,HR,2010,11084,,
ESTAT:PRC_HPI_HSNA(1.0),02/07/26 11:00:00,A,DW_EXST,NR,HR,2011,12070,,
ESTAT:PRC_HPI_HSNA(1.0),02/07/26 11:00:00,A,DW_EXST,NR,HR,2012,10962,,
ESTAT:PRC_HPI_HSNA(1.0),02/07/26 11:00:00,A,DW_EXST,NR,HR,2013,10941,,
ESTAT:PRC_HPI_HSNA(1.0),02/07/26 11:00:00,A,DW_EXST,NR,HR,2014,10959,,
ESTAT:PRC_HPI_HSNA(1.0),02/07/26 11:00:00,A,DW_EXST,NR,HR,2015,12330,,
ESTAT:PRC_HPI_HSNA(1.0),02/07/26 11:00:00,A,DW_EXST,NR,HR,2016,15854,,
ESTAT:PRC_HPI_HSNA(1.0),02/07/26 11:00:00,A,DW_EXST,NR,HR,2017,15633,,
ESTAT:PRC_HPI_HSNA(1.0),02/07/26 11:00:00,A,DW_EXST,NR,HR,2018,16759,,
ESTAT:PRC_HPI_HSNA(1.0),02/07/26 11:00:00,A,DW_EXST,NR,HR,2019,18433,,
ESTAT:PRC_HPI_HSNA(1.0),02/07/26 11:00:00,A,DW_EXST,NR,HR,2020,15907,,
ESTAT:PRC_HPI_HSNA(1.0),02/07/26 11:00:00,A,DW_EXST,NR,HR,2021,20819,,
ESTAT:PRC_HPI_HSNA(1.0),02/07/26 11:00:00,A,DW_EXST,NR,HR,2022,20896,,
ESTAT:PRC_HPI_HSNA(1.0),02/07/26 11:00:00,A,DW_EXST,NR,HR,2023,16043,,
ESTAT:PRC_HPI_HSNA(1.0),02/07/26 11:00:00,A,DW_EXST,NR,HR,2024,13407,,
ESTAT:PRC_HPI_HSNA(1.0),02/07/26 11:00:00,A,DW_EXST,NR,HR,2025,12435,,
ESTAT:PRC_HPI_HSNA(1.0),02/07/26 11:00:00,A,DW_EXST,NR,HU,2007,184767,,
ESTAT:PRC_HPI_HSNA(1.0),02/07/26 11:00:00,A,DW_EXST,NR,HU,2008,139999,,
ESTAT:PRC_HPI_HSNA(1.0),02/07/26 11:00:00,A,DW_EXST,NR,HU,2009,82876,,
ESTAT:PRC_HPI_HSNA(1.0),02/07/26 11:00:00,A,DW_EXST,NR,HU,2010,85486,,
ESTAT:PRC_HPI_HSNA(1.0),02/07/26 11:00:00,A,DW_EXST,NR,HU,2011,83862,,
ESTAT:PRC_HPI_HSNA(1.0),02/07/26 11:00:00,A,DW_EXST,NR,HU,2012,83323,,
ESTAT:PRC_HPI_HSNA(1.0),02/07/26 11:00:00,A,DW_EXST,NR,HU,2013,86418,,
ESTAT:PRC_HPI_HSNA(1.0),02/07/26 11:00:00,A,DW_EXST,NR,HU,2014,110480,,
ESTAT:PRC_HPI_HSNA(1.0),02/07/26 11:00:00,A,DW_EXST,NR,HU,2015,130732,,
ESTAT:PRC_HPI_HSNA(1.0),02/07/26 11:00:00,A,DW_EXST,NR,HU,2016,141442,,
ESTAT:PRC_HPI_HSNA(1.0),02/07/26 11:00:00,A,DW_EXST,NR,HU,2017,147673,,
ESTAT:PRC_HPI_HSNA(1.0),02/07/26 11:00:00,A,DW_EXST,NR,HU,2018,154599,,
ESTAT:PRC_HPI_HSNA(1.0),02/07/26 11:00:00,A,DW_EXST,NR,HU,2019,145786,,
ESTAT:PRC_HPI_HSNA(1.0),02/07/26 11:00:00,A,DW_EXST,NR,HU,2020,124955,,
ESTAT:PRC_HPI_HSNA(1.0),02/07/26 11:00:00,A,DW_EXST,NR,HU,2021,148728,,
ESTAT:PRC_HPI_HSNA(1.0),02/07/26 11:00:00,A,DW_EXST,NR,HU,2022,134000,,
ESTAT:PRC_HPI_HSNA(1.0),02/07/26 11:00:00,A,DW_EXST,NR,HU,2023,93036,,
ESTAT:PRC_HPI_HSNA(1.0),02/07/26 11:00:00,A,DW_EXST,NR,HU,2024,126300,,
ESTAT:PRC_HPI_HSNA(1.0),02/07/26 11:00:00,A,DW_EXST,NR,HU,2025,147000,ep,
ESTAT:PRC_HPI_HSNA(1.0),02/07/26 11:00:00,A,DW_EXST,NR,IE,2010,13113,,
ESTAT:PRC_HPI_HSNA(1.0),02/07/26 11:00:00,A,DW_EXST,NR,IE,2011,12675,,
ESTAT:PRC_HPI_HSNA(1.0),02/07/26 11:00:00,A,DW_EXST,NR,IE,2012,18088,,
ESTAT:PRC_HPI_HSNA(1.0),02/07/26 11:00:00,A,DW_EXST,NR,IE,2013,21634,,
ESTAT:PRC_HPI_HSNA(1.0),02/07/26 11:00:00,A,DW_EXST,NR,IE,2014,30855,,
ESTAT:PRC_HPI_HSNA(1.0),02/07/26 11:00:00,A,DW_EXST,NR,IE,2015,34822,,
ESTAT:PRC_HPI_HSNA(1.0),02/07/26 11:00:00,A,DW_EXST,NR,IE,2016,34309,,
ESTAT:PRC_HPI_HSNA(1.0),02/07/26 11:00:00,A,DW_EXST,NR,IE,2017,35876,,
ESTAT:PRC_HPI_HSNA(1.0),02/07/26 11:00:00,A,DW_EXST,NR,IE,2018,35859,,
ESTAT:PRC_HPI_HSNA(1.0),02/07/26 11:00:00,A,DW_EXST,NR,IE,2019,36578,,
ESTAT:PRC_HPI_HSNA(1.0),02/07/26 11:00:00,A,DW_EXST,NR,IE,2020,30787,,
ESTAT:PRC_HPI_HSNA(1.0),02/07/26 11:00:00,A,DW_EXST,NR,IE,2021,38733,,
ESTAT:PRC_HPI_HSNA(1.0),02/07/26 11:00:00,A,DW_EXST,NR,IE,2022,40821,,
ESTAT:PRC_HPI_HSNA(1.0),02/07/26 11:00:00,A,DW_EXST,NR,IE,2023,40681,,
ESTAT:PRC_HPI_HSNA(1.0),02/07/26 11:00:00,A,DW_EXST,NR,IE,2024,38521,,
ESTAT:PRC_HPI_HSNA(1.0),02/07/26 11:00:00,A,DW_EXST,NR,IE,2025,38372,,
ESTAT:PRC_HPI_HSNA(1.0),02/07/26 11:00:00,A,DW_EXST,NR,LT,2023,28795,,
ESTAT:PRC_HPI_HSNA(1.0),02/07/26 11:00:00,A,DW_EXST,NR,LT,2024,31453,,
ESTAT:PRC_HPI_HSNA(1.0),02/07/26 11:00:00,A,DW_EXST,NR,LT,2025,38701,,
ESTAT:PRC_HPI_HSNA(1.0),02/07/26 11:00:00,A,DW_EXST,NR,NL,2015,178293,,
ESTAT:PRC_HPI_HSNA(1.0),02/07/26 11:00:00,A,DW_EXST,NR,NL,2016,214793,,
ESTAT:PRC_HPI_HSNA(1.0),02/07/26 11:00:00,A,DW_EXST,NR,NL,2017,241860,,
ESTAT:PRC_HPI_HSNA(1.0),02/07/26 11:00:00,A,DW_EXST,NR,NL,2018,218491,,
ESTAT:PRC_HPI_HSNA(1.0),02/07/26 11:00:00,A,DW_EXST,NR,NL,2019,218595,,
ESTAT:PRC_HPI_HSNA(1.0),02/07/26 11:00:00,A,DW_EXST,NR,NL,2020,235511,,
ESTAT:PRC_HPI_HSNA(1.0),02/07/26 11:00:00,A,DW_EXST,NR,NL,2021,226087,,
ESTAT:PRC_HPI_HSNA(1.0),02/07/26 11:00:00,A,DW_EXST,NR,NL,2022,193103,,
ESTAT:PRC_HPI_HSNA(1.0),02/07/26 11:00:00,A,DW_EXST,NR,NL,2023,182403,,
ESTAT:PRC_HPI_HSNA(1.0),02/07/26 11:00:00,A,DW_EXST,NR,NL,2024,206458,,
ESTAT:PRC_HPI_HSNA(1.0),02/07/26 11:00:00,A,DW_EXST,NR,NL,2025,238695,,
ESTAT:PRC_HPI_HSNA(1.0),02/07/26 11:00:00,A,DW_EXST,NR,NO,2017,98078,,
ESTAT:PRC_HPI_HSNA(1.0),02/07/26 11:00:00,A,DW_EXST,NR,NO,2018,98538,,
ESTAT:PRC_HPI_HSNA(1.0),02/07/26 11:00:00,A,DW_EXST,NR,NO,2019,103271,,
ESTAT:PRC_HPI_HSNA(1.0),02/07/26 11:00:00,A,DW_EXST,NR,NO,2020,109396,,
ESTAT:PRC_HPI_HSNA(1.0),02/07/26 11:00:00,A,DW_EXST,NR,NO,2021,112961,p,
ESTAT:PRC_HPI_HSNA(1.0),02/07/26 11:00:00,A,DW_EXST,NR,NO,2022,101990,p,
ESTAT:PRC_HPI_HSNA(1.0),02/07/26 11:00:00,A,DW_EXST,NR,NO,2023,98798,p,
ESTAT:PRC_HPI_HSNA(1.0),02/07/26 11:00:00,A,DW_EXST,NR,NO,2024,106795,p,
ESTAT:PRC_HPI_HSNA(1.0),02/07/26 11:00:00,A,DW_EXST,NR,NO,2025,118549,p,
ESTAT:PRC_HPI_HSNA(1.0),02/07/26 11:00:00,A,DW_EXST,NR,PT,2009,48510,e,
ESTAT:PRC_HPI_HSNA(1.0),02/07/26 11:00:00,A,DW_EXST,NR,PT,2010,53098,e,
ESTAT:PRC_HPI_HSNA(1.0),02/07/26 11:00:00,A,DW_EXST,NR,PT,2011,41513,e,
ESTAT:PRC_HPI_HSNA(1.0),02/07/26 11:00:00,A,DW_EXST,NR,PT,2012,35957,e,
ESTAT:PRC_HPI_HSNA(1.0),02/07/26 11:00:00,A,DW_EXST,NR,PT,2013,38772,e,
ESTAT:PRC_HPI_HSNA(1.0),02/07/26 11:00:00,A,DW_EXST,NR,PT,2014,43020,e,
ESTAT:PRC_HPI_HSNA(1.0),02/07/26 11:00:00,A,DW_EXST,NR,PT,2015,59075,e,
ESTAT:PRC_HPI_HSNA(1.0),02/07/26 11:00:00,A,DW_EXST,NR,PT,2016,73298,e,
ESTAT:PRC_HPI_HSNA(1.0),02/07/26 11:00:00,A,DW_EXST,NR,PT,2017,90332,e,
ESTAT:PRC_HPI_HSNA(1.0),02/07/26 11:00:00,A,DW_EXST,NR,PT,2018,106186,e,
ESTAT:PRC_HPI_HSNA(1.0),02/07/26 11:00:00,A,DW_EXST,NR,PT,2019,110387,,
ESTAT:PRC_HPI_HSNA(1.0),02/07/26 11:00:00,A,DW_EXST,NR,PT,2020,96867,,
ESTAT:PRC_HPI_HSNA(1.0),02/07/26 11:00:00,A,DW_EXST,NR,PT,2021,116970,,
ESTAT:PRC_HPI_HSNA(1.0),02/07/26 11:00:00,A,DW_EXST,NR,PT,2022,118760,,
ESTAT:PRC_HPI_HSNA(1.0),02/07/26 11:00:00,A,DW_EXST,NR,PT,2023,91939,,
ESTAT:PRC_HPI_HSNA(1.0),02/07/26 11:00:00,A,DW_EXST,NR,PT,2024,107021,,
ESTAT:PRC_HPI_HSNA(1.0),02/07/26 11:00:00,A,DW_EXST,NR,PT,2025,119188,,
ESTAT:PRC_HPI_HSNA(1.0),02/07/26 11:00:00,A,DW_EXST,NR,SI,2014,9650,,
ESTAT:PRC_HPI_HSNA(1.0),02/07/26 11:00:00,A,DW_EXST,NR,SI,2015,10976,,
ESTAT:PRC_HPI_HSNA(1.0),02/07/26 11:00:00,A,DW_EXST,NR,SI,2016,13046,,
ESTAT:PRC_HPI_HSNA(1.0),02/07/26 11:00:00,A,DW_EXST,NR,SI,2017,14000,,
ESTAT:PRC_HPI_HSNA(1.0),02/07/26 11:00:00,A,DW_EXST,NR,SI,2018,12824,,
ESTAT:PRC_HPI_HSNA(1.0),02/07/26 11:00:00,A,DW_EXST,NR,SI,2019,13357,,
ESTAT:PRC_HPI_HSNA(1.0),02/07/26 11:00:00,A,DW_EXST,NR,SI,2020,11256,,
ESTAT:PRC_HPI_HSNA(1.0),02/07/26 11:00:00,A,DW_EXST,NR,SI,2021,13107,,
ESTAT:PRC_HPI_HSNA(1.0),02/07/26 11:00:00,A,DW_EXST,NR,SI,2022,12298,,
ESTAT:PRC_HPI_HSNA(1.0),02/07/26 11:00:00,A,DW_EXST,NR,SI,2023,9461,,
ESTAT:PRC_HPI_HSNA(1.0),02/07/26 11:00:00,A,DW_EXST,NR,SI,2024,7711,,
ESTAT:PRC_HPI_HSNA(1.0),02/07/26 11:00:00,A,DW_EXST,NR,SI,2025,10334,,
ESTAT:PRC_HPI_HSNA(1.0),02/07/26 11:00:00,A,DW_EXST,RCH_A_AVG,AT,2016,-8.0,,
ESTAT:PRC_HPI_HSNA(1.0),02/07/26 11:00:00,A,DW_EXST,RCH_A_AVG,AT,2017,4.5,,
ESTAT:PRC_HPI_HSNA(1.0),02/07/26 11:00:00,A,DW_EXST,RCH_A_AVG,AT,2018,0.8,,
ESTAT:PRC_HPI_HSNA(1.0),02/07/26 11:00:00,A,DW_EXST,RCH_A_AVG,AT,2019,4.5,,
ESTAT:PRC_HPI_HSNA(1.0),02/07/26 11:00:00,A,DW_EXST,RCH_A_AVG,AT,2020,1.7,,
ESTAT:PRC_HPI_HSNA(1.0),02/07/26 11:00:00,A,DW_EXST,RCH_A_AVG,AT,2021,4.9,,
ESTAT:PRC_HPI_HSNA(1.0),02/07/26 11:00:00,A,DW_EXST,RCH_A_AVG,AT,2022,-12.1,,
ESTAT:PRC_HPI_HSNA(1.0),02/07/26 11:00:00,A,DW_EXST,RCH_A_AVG,AT,2023,-18.8,,
ESTAT:PRC_HPI_HSNA(1.0),02/07/26 11:00:00,A,DW_EXST,RCH_A_AVG,AT,2024,11.9,p,
ESTAT:PRC_HPI_HSNA(1.0),02/07/26 11:00:00,A,DW_EXST,RCH_A_AVG,AT,2025,19.4,ep,
ESTAT:PRC_HPI_HSNA(1.0),02/07/26 11:00:00,A,DW_EXST,RCH_A_AVG,BE,2011,10.4,,
ESTAT:PRC_HPI_HSNA(1.0),02/07/26 11:00:00,A,DW_EXST,RCH_A_AVG,BE,2012,-2.8,,
ESTAT:PRC_HPI_HSNA(1.0),02/07/26 11:00:00,A,DW_EXST,RCH_A_AVG,BE,2013,-2.7,,
ESTAT:PRC_HPI_HSNA(1.0),02/07/26 11:00:00,A,DW_EXST,RCH_A_AVG,BE,2014,12.8,,
ESTAT:PRC_HPI_HSNA(1.0),02/07/26 11:00:00,A,DW_EXST,RCH_A_AVG,BE,2015,-25.5,,
ESTAT:PRC_HPI_HSNA(1.0),02/07/26 11:00:00,A,DW_EXST,RCH_A_AVG,BE,2016,18.8,,
ESTAT:PRC_HPI_HSNA(1.0),02/07/26 11:00:00,A,DW_EXST,RCH_A_AVG,BE,2017,7.3,,
ESTAT:PRC_HPI_HSNA(1.0),02/07/26 11:00:00,A,DW_EXST,RCH_A_AVG,BE,2018,5.2,,
ESTAT:PRC_HPI_HSNA(1.0),02/07/26 11:00:00,A,DW_EXST,RCH_A_AVG,BE,2019,14.6,,
ESTAT:PRC_HPI_HSNA(1.0),02/07/26 11:00:00,A,DW_EXST,RCH_A_AVG,BE,2020,-17.7,,
ESTAT:PRC_HPI_HSNA(1.0),02/07/26 11:00:00,A,DW_EXST,RCH_A_AVG,BE,2021,18.6,,
ESTAT:PRC_HPI_HSNA(1.0),02/07/26 11:00:00,A,DW_EXST,RCH_A_AVG,BE,2022,1.8,,
ESTAT:PRC_HPI_HSNA(1.0),02/07/26 11:00:00,A,DW_EXST,RCH_A_AVG,BE,2023,-18.1,,
ESTAT:PRC_HPI_HSNA(1.0),02/07/26 11:00:00,A,DW_EXST,RCH_A_AVG,BE,2024,1.4,,
ESTAT:PRC_HPI_HSNA(1.0),02/07/26 11:00:00,A,DW_EXST,RCH_A_AVG,BE,2025,20.2,,
ESTAT:PRC_HPI_HSNA(1.0),02/07/26 11:00:00,A,DW_EXST,RCH_A_AVG,BG,2018,3.4,,
ESTAT:PRC_HPI_HSNA(1.0),02/07/26 11:00:00,A,DW_EXST,RCH_A_AVG,BG,2019,1.7,,
ESTAT:PRC_HPI_HSNA(1.0),02/07/26 11:00:00,A,DW_EXST,RCH_A_AVG,BG,2020,-13.7,,
ESTAT:PRC_HPI_HSNA(1.0),02/07/26 11:00:00,A,DW_EXST,RCH_A_AVG,BG,2021,43.1,,
ESTAT:PRC_HPI_HSNA(1.0),02/07/26 11:00:00,A,DW_EXST,RCH_A_AVG,BG,2022,4.9,,
ESTAT:PRC_HPI_HSNA(1.0),02/07/26 11:00:00,A,DW_EXST,RCH_A_AVG,BG,2023,0.1,,
ESTAT:PRC_HPI_HSNA(1.0),02/07/26 11:00:00,A,DW_EXST,RCH_A_AVG,BG,2024,2.9,,
ESTAT:PRC_HPI_HSNA(1.0),02/07/26 11:00:00,A,DW_EXST,RCH_A_AVG,BG,2025,-5.0,,
ESTAT:PRC_HPI_HSNA(1.0),02/07/26 11:00:00,A,DW_EXST,RCH_A_AVG,DK,2014,13.6,,
ESTAT:PRC_HPI_HSNA(1.0),02/07/26 11:00:00,A,DW_EXST,RCH_A_AVG,DK,2015,14.4,,
ESTAT:PRC_HPI_HSNA(1.0),02/07/26 11:00:00,A,DW_EXST,RCH_A_AVG,DK,2016,6.1,,
ESTAT:PRC_HPI_HSNA(1.0),02/07/26 11:00:00,A,DW_EXST,RCH_A_AVG,DK,2017,12.1,,
ESTAT:PRC_HPI_HSNA(1.0),02/07/26 11:00:00,A,DW_EXST,RCH_A_AVG,DK,2018,-1.3,,
ESTAT:PRC_HPI_HSNA(1.0),02/07/26 11:00:00,A,DW_EXST,RCH_A_AVG,DK,2019,3.1,,
ESTAT:PRC_HPI_HSNA(1.0),02/07/26 11:00:00,A,DW_EXST,RCH_A_AVG,DK,2020,20.1,,
ESTAT:PRC_HPI_HSNA(1.0),02/07/26 11:00:00,A,DW_EXST,RCH_A_AVG,DK,2021,7.2,d,
ESTAT:PRC_HPI_HSNA(1.0),02/07/26 11:00:00,A,DW_EXST,RCH_A_AVG,DK,2022,-24.8,d,
ESTAT:PRC_HPI_HSNA(1.0),02/07/26 11:00:00,A,DW_EXST,RCH_A_AVG,DK,2023,-0.2,,
ESTAT:PRC_HPI_HSNA(1.0),02/07/26 11:00:00,A,DW_EXST,RCH_A_AVG,DK,2024,5.1,,
ESTAT:PRC_HPI_HSNA(1.0),02/07/26 11:00:00,A,DW_EXST,RCH_A_AVG,DK,2025,12.7,,
ESTAT:PRC_HPI_HSNA(1.0),02/07/26 11:00:00,A,DW_EXST,RCH_A_AVG,ES,2009,-4.1,,
ESTAT:PRC_HPI_HSNA(1.0),02/07/26 11:00:00,A,DW_EXST,RCH_A_AVG,ES,2010,39.7,,
ESTAT:PRC_HPI_HSNA(1.0),02/07/26 11:00:00,A,DW_EXST,RCH_A_AVG,ES,2011,-25.9,,
ESTAT:PRC_HPI_HSNA(1.0),02/07/26 11:00:00,A,DW_EXST,RCH_A_AVG,ES,2012,10.1,,
ESTAT:PRC_HPI_HSNA(1.0),02/07/26 11:00:00,A,DW_EXST,RCH_A_AVG,ES,2013,-4.4,,
ESTAT:PRC_HPI_HSNA(1.0),02/07/26 11:00:00,A,DW_EXST,RCH_A_AVG,ES,2014,33.3,,
ESTAT:PRC_HPI_HSNA(1.0),02/07/26 11:00:00,A,DW_EXST,RCH_A_AVG,ES,2015,12.5,,
ESTAT:PRC_HPI_HSNA(1.0),02/07/26 11:00:00,A,DW_EXST,RCH_A_AVG,ES,2016,16.4,,
ESTAT:PRC_HPI_HSNA(1.0),02/07/26 11:00:00,A,DW_EXST,RCH_A_AVG,ES,2017,16.3,,
ESTAT:PRC_HPI_HSNA(1.0),02/07/26 11:00:00,A,DW_EXST,RCH_A_AVG,ES,2018,9.6,,
ESTAT:PRC_HPI_HSNA(1.0),02/07/26 11:00:00,A,DW_EXST,RCH_A_AVG,ES,2019,-1.9,,
ESTAT:PRC_HPI_HSNA(1.0),02/07/26 11:00:00,A,DW_EXST,RCH_A_AVG,ES,2020,-14.9,,
ESTAT:PRC_HPI_HSNA(1.0),02/07/26 11:00:00,A,DW_EXST,RCH_A_AVG,ES,2021,42.0,,
ESTAT:PRC_HPI_HSNA(1.0),02/07/26 11:00:00,A,DW_EXST,RCH_A_AVG,ES,2022,7.1,,
ESTAT:PRC_HPI_HSNA(1.0),02/07/26 11:00:00,A,DW_EXST,RCH_A_AVG,ES,2023,-12.0,,
ESTAT:PRC_HPI_HSNA(1.0),02/07/26 11:00:00,A,DW_EXST,RCH_A_AVG,ES,2024,13.0,,
ESTAT:PRC_HPI_HSNA(1.0),02/07/26 11:00:00,A,DW_EXST,RCH_A_AVG,ES,2025,5.7,,
ESTAT:PRC_HPI_HSNA(1.0),02/07/26 11:00:00,A,DW_EXST,RCH_A_AVG,FI,2016,1.6,,
ESTAT:PRC_HPI_HSNA(1.0),02/07/26 11:00:00,A,DW_EXST,RCH_A_AVG,FI,2017,1.2,,
ESTAT:PRC_HPI_HSNA(1.0),02/07/26 11:00:00,A,DW_EXST,RCH_A_AVG,FI,2018,-5.5,,
ESTAT:PRC_HPI_HSNA(1.0),02/07/26 11:00:00,A,DW_EXST,RCH_A_AVG,FI,2019,2.5,,
ESTAT:PRC_HPI_HSNA(1.0),02/07/26 11:00:00,A,DW_EXST,RCH_A_AVG,FI,2020,11.6,,
ESTAT:PRC_HPI_HSNA(1.0),02/07/26 11:00:00,A,DW_EXST,RCH_A_AVG,FI,2021,12.8,,
ESTAT:PRC_HPI_HSNA(1.0),02/07/26 11:00:00,A,DW_EXST,RCH_A_AVG,FI,2022,-17.1,,
ESTAT:PRC_HPI_HSNA(1.0),02/07/26 11:00:00,A,DW_EXST,RCH_A_AVG,FI,2023,-23.0,,
ESTAT:PRC_HPI_HSNA(1.0),02/07/26 11:00:00,A,DW_EXST,RCH_A_AVG,FI,2024,5.7,,
ESTAT:PRC_HPI_HSNA(1.0),02/07/26 11:00:00,A,DW_EXST,RCH_A_AVG,FI,2025,11.3,,
ESTAT:PRC_HPI_HSNA(1.0),02/07/26 11:00:00,A,DW_EXST,RCH_A_AVG,FR,2006,-1.3,,
ESTAT:PRC_HPI_HSNA(1.0),02/07/26 11:00:00,A,DW_EXST,RCH_A_AVG,FR,2007,-1.2,,
ESTAT:PRC_HPI_HSNA(1.0),02/07/26 11:00:00,A,DW_EXST,RCH_A_AVG,FR,2008,-16.8,,
ESTAT:PRC_HPI_HSNA(1.0),02/07/26 11:00:00,A,DW_EXST,RCH_A_AVG,FR,2009,-11.9,,
ESTAT:PRC_HPI_HSNA(1.0),02/07/26 11:00:00,A,DW_EXST,RCH_A_AVG,FR,2010,30.4,,
ESTAT:PRC_HPI_HSNA(1.0),02/07/26 11:00:00,A,DW_EXST,RCH_A_AVG,FR,2011,3.3,,
ESTAT:PRC_HPI_HSNA(1.0),02/07/26 11:00:00,A,DW_EXST,RCH_A_AVG,FR,2012,-11.5,,
ESTAT:PRC_HPI_HSNA(1.0),02/07/26 11:00:00,A,DW_EXST,RCH_A_AVG,FR,2013,1.1,,
ESTAT:PRC_HPI_HSNA(1.0),02/07/26 11:00:00,A,DW_EXST,RCH_A_AVG,FR,2014,-3.7,,
ESTAT:PRC_HPI_HSNA(1.0),02/07/26 11:00:00,A,DW_EXST,RCH_A_AVG,FR,2015,15.4,,
ESTAT:PRC_HPI_HSNA(1.0),02/07/26 11:00:00,A,DW_EXST,RCH_A_AVG,FR,2016,6.1,,
ESTAT:PRC_HPI_HSNA(1.0),02/07/26 11:00:00,A,DW_EXST,RCH_A_AVG,FR,2017,14.3,,
ESTAT:PRC_HPI_HSNA(1.0),02/07/26 11:00:00,A,DW_EXST,RCH_A_AVG,FR,2018,1.1,,
ESTAT:PRC_HPI_HSNA(1.0),02/07/26 11:00:00,A,DW_EXST,RCH_A_AVG,FR,2019,10.7,,
ESTAT:PRC_HPI_HSNA(1.0),02/07/26 11:00:00,A,DW_EXST,RCH_A_AVG,FR,2020,-4.2,,
ESTAT:PRC_HPI_HSNA(1.0),02/07/26 11:00:00,A,DW_EXST,RCH_A_AVG,FR,2021,18.8,,
ESTAT:PRC_HPI_HSNA(1.0),02/07/26 11:00:00,A,DW_EXST,RCH_A_AVG,FR,2022,-5.6,,
ESTAT:PRC_HPI_HSNA(1.0),02/07/26 11:00:00,A,DW_EXST,RCH_A_AVG,FR,2023,-20.1,,
ESTAT:PRC_HPI_HSNA(1.0),02/07/26 11:00:00,A,DW_EXST,RCH_A_AVG,FR,2024,-9.3,,
ESTAT:PRC_HPI_HSNA(1.0),02/07/26 11:00:00,A,DW_EXST,RCH_A_AVG,FR,2025,12.6,,
ESTAT:PRC_HPI_HSNA(1.0),02/07/26 11:00:00,A,DW_EXST,RCH_A_AVG,HR,2009,-31.8,,
ESTAT:PRC_HPI_HSNA(1.0),02/07/26 11:00:00,A,DW_EXST,RCH_A_AVG,HR,2010,0.0,,
ESTAT:PRC_HPI_HSNA(1.0),02/07/26 11:00:00,A,DW_EXST,RCH_A_AVG,HR,2011,8.9,,
ESTAT:PRC_HPI_HSNA(1.0),02/07/26 11:00:00,A,DW_EXST,RCH_A_AVG,HR,2012,-9.2,,
ESTAT:PRC_HPI_HSNA(1.0),02/07/26 11:00:00,A,DW_EXST,RCH_A_AVG,HR,2013,-0.2,,
ESTAT:PRC_HPI_HSNA(1.0),02/07/26 11:00:00,A,DW_EXST,RCH_A_AVG,HR,2014,0.2,,
ESTAT:PRC_HPI_HSNA(1.0),02/07/26 11:00:00,A,DW_EXST,RCH_A_AVG,HR,2015,12.5,,
ESTAT:PRC_HPI_HSNA(1.0),02/07/26 11:00:00,A,DW_EXST,RCH_A_AVG,HR,2016,28.6,,
ESTAT:PRC_HPI_HSNA(1.0),02/07/26 11:00:00,A,DW_EXST,RCH_A_AVG,HR,2017,-1.4,,
ESTAT:PRC_HPI_HSNA(1.0),02/07/26 11:00:00,A,DW_EXST,RCH_A_AVG,HR,2018,7.2,,
ESTAT:PRC_HPI_HSNA(1.0),02/07/26 11:00:00,A,DW_EXST,RCH_A_AVG,HR,2019,10.0,,
ESTAT:PRC_HPI_HSNA(1.0),02/07/26 11:00:00,A,DW_EXST,RCH_A_AVG,HR,2020,-13.7,,
ESTAT:PRC_HPI_HSNA(1.0),02/07/26 11:00:00,A,DW_EXST,RCH_A_AVG,HR,2021,30.9,,
ESTAT:PRC_HPI_HSNA(1.0),02/07/26 11:00:00,A,DW_EXST,RCH_A_AVG,HR,2022,0.4,,
ESTAT:PRC_HPI_HSNA(1.0),02/07/26 11:00:00,A,DW_EXST,RCH_A_AVG,HR,2023,-23.2,,
ESTAT:PRC_HPI_HSNA(1.0),02/07/26 11:00:00,A,DW_EXST,RCH_A_AVG,HR,2024,-16.4,,
ESTAT:PRC_HPI_HSNA(1.0),02/07/26 11:00:00,A,DW_EXST,RCH_A_AVG,HR,2025,-7.2,,
ESTAT:PRC_HPI_HSNA(1.0),02/07/26 11:00:00,A,DW_EXST,RCH_A_AVG,HU,2008,-24.2,,
ESTAT:PRC_HPI_HSNA(1.0),02/07/26 11:00:00,A,DW_EXST,RCH_A_AVG,HU,2009,-40.8,,
ESTAT:PRC_HPI_HSNA(1.0),02/07/26 11:00:00,A,DW_EXST,RCH_A_AVG,HU,2010,3.1,,
ESTAT:PRC_HPI_HSNA(1.0),02/07/26 11:00:00,A,DW_EXST,RCH_A_AVG,HU,2011,-1.9,,
ESTAT:PRC_HPI_HSNA(1.0),02/07/26 11:00:00,A,DW_EXST,RCH_A_AVG,HU,2012,-0.6,,
ESTAT:PRC_HPI_HSNA(1.0),02/07/26 11:00:00,A,DW_EXST,RCH_A_AVG,HU,2013,3.7,,
ESTAT:PRC_HPI_HSNA(1.0),02/07/26 11:00:00,A,DW_EXST,RCH_A_AVG,HU,2014,27.8,,
ESTAT:PRC_HPI_HSNA(1.0),02/07/26 11:00:00,A,DW_EXST,RCH_A_AVG,HU,2015,18.3,,
ESTAT:PRC_HPI_HSNA(1.0),02/07/26 11:00:00,A,DW_EXST,RCH_A_AVG,HU,2016,8.2,,
ESTAT:PRC_HPI_HSNA(1.0),02/07/26 11:00:00,A,DW_EXST,RCH_A_AVG,HU,2017,4.4,,
ESTAT:PRC_HPI_HSNA(1.0),02/07/26 11:00:00,A,DW_EXST,RCH_A_AVG,HU,2018,4.7,,
ESTAT:PRC_HPI_HSNA(1.0),02/07/26 11:00:00,A,DW_EXST,RCH_A_AVG,HU,2019,-5.7,,
ESTAT:PRC_HPI_HSNA(1.0),02/07/26 11:00:00,A,DW_EXST,RCH_A_AVG,HU,2020,-14.3,,
ESTAT:PRC_HPI_HSNA(1.0),02/07/26 11:00:00,A,DW_EXST,RCH_A_AVG,HU,2021,19.0,,
ESTAT:PRC_HPI_HSNA(1.0),02/07/26 11:00:00,A,DW_EXST,RCH_A_AVG,HU,2022,-9.9,,
ESTAT:PRC_HPI_HSNA(1.0),02/07/26 11:00:00,A,DW_EXST,RCH_A_AVG,HU,2023,-30.6,,
ESTAT:PRC_HPI_HSNA(1.0),02/07/26 11:00:00,A,DW_EXST,RCH_A_AVG,HU,2024,35.8,,
ESTAT:PRC_HPI_HSNA(1.0),02/07/26 11:00:00,A,DW_EXST,RCH_A_AVG,HU,2025,16.4,ep,
ESTAT:PRC_HPI_HSNA(1.0),02/07/26 11:00:00,A,DW_EXST,RCH_A_AVG,IE,2011,-3.3,,
ESTAT:PRC_HPI_HSNA(1.0),02/07/26 11:00:00,A,DW_EXST,RCH_A_AVG,IE,2012,42.7,,
ESTAT:PRC_HPI_HSNA(1.0),02/07/26 11:00:00,A,DW_EXST,RCH_A_AVG,IE,2013,19.6,,
ESTAT:PRC_HPI_HSNA(1.0),02/07/26 11:00:00,A,DW_EXST,RCH_A_AVG,IE,2014,42.6,,
ESTAT:PRC_HPI_HSNA(1.0),02/07/26 11:00:00,A,DW_EXST,RCH_A_AVG,IE,2015,12.9,,
ESTAT:PRC_HPI_HSNA(1.0),02/07/26 11:00:00,A,DW_EXST,RCH_A_AVG,IE,2016,-1.5,,
ESTAT:PRC_HPI_HSNA(1.0),02/07/26 11:00:00,A,DW_EXST,RCH_A_AVG,IE,2017,4.6,,
ESTAT:PRC_HPI_HSNA(1.0),02/07/26 11:00:00,A,DW_EXST,RCH_A_AVG,IE,2018,0.0,,
ESTAT:PRC_HPI_HSNA(1.0),02/07/26 11:00:00,A,DW_EXST,RCH_A_AVG,IE,2019,2.0,,
ESTAT:PRC_HPI_HSNA(1.0),02/07/26 11:00:00,A,DW_EXST,RCH_A_AVG,IE,2020,-15.8,,
ESTAT:PRC_HPI_HSNA(1.0),02/07/26 11:00:00,A,DW_EXST,RCH_A_AVG,IE,2021,25.8,,
ESTAT:PRC_HPI_HSNA(1.0),02/07/26 11:00:00,A,DW_EXST,RCH_A_AVG,IE,2022,5.4,,
ESTAT:PRC_HPI_HSNA(1.0),02/07/26 11:00:00,A,DW_EXST,RCH_A_AVG,IE,2023,-0.3,,
ESTAT:PRC_HPI_HSNA(1.0),02/07/26 11:00:00,A,DW_EXST,RCH_A_AVG,IE,2024,-5.3,,
ESTAT:PRC_HPI_HSNA(1.0),02/07/26 11:00:00,A,DW_EXST,RCH_A_AVG,IE,2025,-0.4,,
ESTAT:PRC_HPI_HSNA(1.0),02/07/26 11:00:00,A,DW_EXST,RCH_A_AVG,LT,2024,9.2,,
ESTAT:PRC_HPI_HSNA(1.0),02/07/26 11:00:00,A,DW_EXST,RCH_A_AVG,LT,2025,23.0,,
ESTAT:PRC_HPI_HSNA(1.0),02/07/26 11:00:00,A,DW_EXST,RCH_A_AVG,LU,2015,-1.6,,
ESTAT:PRC_HPI_HSNA(1.0),02/07/26 11:00:00,A,DW_EXST,RCH_A_AVG,LU,2016,5.9,,
ESTAT:PRC_HPI_HSNA(1.0),02/07/26 11:00:00,A,DW_EXST,RCH_A_AVG,LU,2017,10.5,,
ESTAT:PRC_HPI_HSNA(1.0),02/07/26 11:00:00,A,DW_EXST,RCH_A_AVG,LU,2018,3.4,,
ESTAT:PRC_HPI_HSNA(1.0),02/07/26 11:00:00,A,DW_EXST,RCH_A_AVG,LU,2019,-10.4,,
ESTAT:PRC_HPI_HSNA(1.0),02/07/26 11:00:00,A,DW_EXST,RCH_A_AVG,LU,2020,-1.6,,
ESTAT:PRC_HPI_HSNA(1.0),02/07/26 11:00:00,A,DW_EXST,RCH_A_AVG,LU,2021,5.4,,
ESTAT:PRC_HPI_HSNA(1.0),02/07/26 11:00:00,A,DW_EXST,RCH_A_AVG,LU,2022,-11.5,,
ESTAT:PRC_HPI_HSNA(1.0),02/07/26 11:00:00,A,DW_EXST,RCH_A_AVG,LU,2023,-36.8,,
ESTAT:PRC_HPI_HSNA(1.0),02/07/26 11:00:00,A,DW_EXST,RCH_A_AVG,LU,2024,48.2,,
ESTAT:PRC_HPI_HSNA(1.0),02/07/26 11:00:00,A,DW_EXST,RCH_A_AVG,LU,2025,16.4,,
ESTAT:PRC_HPI_HSNA(1.0),02/07/26 11:00:00,A,DW_EXST,RCH_A_AVG,LV,2021,15.0,,
ESTAT:PRC_HPI_HSNA(1.0),02/07/26 11:00:00,A,DW_EXST,RCH_A_AVG,LV,2022,-8.4,,
ESTAT:PRC_HPI_HSNA(1.0),02/07/26 11:00:00,A,DW_EXST,RCH_A_AVG,LV,2023,-5.3,,
ESTAT:PRC_HPI_HSNA(1.0),02/07/26 11:00:00,A,DW_EXST,RCH_A_AVG,LV,2024,6.2,,
ESTAT:PRC_HPI_HSNA(1.0),02/07/26 11:00:00,A,DW_EXST,RCH_A_AVG,LV,2025,7.9,,
ESTAT:PRC_HPI_HSNA(1.0),02/07/26 11:00:00,A,DW_EXST,RCH_A_AVG,NL,2016,20.5,,
ESTAT:PRC_HPI_HSNA(1.0),02/07/26 11:00:00,A,DW_EXST,RCH_A_AVG,NL,2017,12.6,,
ESTAT:PRC_HPI_HSNA(1.0),02/07/26 11:00:00,A,DW_EXST,RCH_A_AVG,NL,2018,-9.7,,
ESTAT:PRC_HPI_HSNA(1.0),02/07/26 11:00:00,A,DW_EXST,RCH_A_AVG,NL,2019,0.0,,
ESTAT:PRC_HPI_HSNA(1.0),02/07/26 11:00:00,A,DW_EXST,RCH_A_AVG,NL,2020,7.7,,
ESTAT:PRC_HPI_HSNA(1.0),02/07/26 11:00:00,A,DW_EXST,RCH_A_AVG,NL,2021,-4.0,,
ESTAT:PRC_HPI_HSNA(1.0),02/07/26 11:00:00,A,DW_EXST,RCH_A_AVG,NL,2022,-14.6,,
ESTAT:PRC_HPI_HSNA(1.0),02/07/26 11:00:00,A,DW_EXST,RCH_A_AVG,NL,2023,-5.5,,
ESTAT:PRC_HPI_HSNA(1.0),02/07/26 11:00:00,A,DW_EXST,RCH_A_AVG,NL,2024,13.2,,
ESTAT:PRC_HPI_HSNA(1.0),02/07/26 11:00:00,A,DW_EXST,RCH_A_AVG,NL,2025,15.6,,
ESTAT:PRC_HPI_HSNA(1.0),02/07/26 11:00:00,A,DW_EXST,RCH_A_AVG,NO,2018,0.5,,
ESTAT:PRC_HPI_HSNA(1.0),02/07/26 11:00:00,A,DW_EXST,RCH_A_AVG,NO,2019,4.8,,
ESTAT:PRC_HPI_HSNA(1.0),02/07/26 11:00:00,A,DW_EXST,RCH_A_AVG,NO,2020,5.9,,
ESTAT:PRC_HPI_HSNA(1.0),02/07/26 11:00:00,A,DW_EXST,RCH_A_AVG,NO,2021,3.3,p,
ESTAT:PRC_HPI_HSNA(1.0),02/07/26 11:00:00,A,DW_EXST,RCH_A_AVG,NO,2022,-9.7,p,
ESTAT:PRC_HPI_HSNA(1.0),02/07/26 11:00:00,A,DW_EXST,RCH_A_AVG,NO,2023,-3.1,p,
ESTAT:PRC_HPI_HSNA(1.0),02/07/26 11:00:00,A,DW_EXST,RCH_A_AVG,NO,2024,8.1,p,
ESTAT:PRC_HPI_HSNA(1.0),02/07/26 11:00:00,A,DW_EXST,RCH_A_AVG,NO,2025,11.0,p,
ESTAT:PRC_HPI_HSNA(1.0),02/07/26 11:00:00,A,DW_EXST,RCH_A_AVG,PL,2016,5.5,,
ESTAT:PRC_HPI_HSNA(1.0),02/07/26 11:00:00,A,DW_EXST,RCH_A_AVG,PL,2017,14.8,,
ESTAT:PRC_HPI_HSNA(1.0),02/07/26 11:00:00,A,DW_EXST,RCH_A_AVG,PL,2018,8.3,,
ESTAT:PRC_HPI_HSNA(1.0),02/07/26 11:00:00,A,DW_EXST,RCH_A_AVG,PL,2019,5.3,,
ESTAT:PRC_HPI_HSNA(1.0),02/07/26 11:00:00,A,DW_EXST,RCH_A_AVG,PL,2020,-11.3,,
ESTAT:PRC_HPI_HSNA(1.0),02/07/26 11:00:00,A,DW_EXST,RCH_A_AVG,PL,2021,24.6,,
ESTAT:PRC_HPI_HSNA(1.0),02/07/26 11:00:00,A,DW_EXST,RCH_A_AVG,PL,2022,-17.9,,
ESTAT:PRC_HPI_HSNA(1.0),02/07/26 11:00:00,A,DW_EXST,RCH_A_AVG,PL,2023,10.5,,
ESTAT:PRC_HPI_HSNA(1.0),02/07/26 11:00:00,A,DW_EXST,RCH_A_AVG,PL,2024,12.6,,
ESTAT:PRC_HPI_HSNA(1.0),02/07/26 11:00:00,A,DW_EXST,RCH_A_AVG,PL,2025,2.6,p,
ESTAT:PRC_HPI_HSNA(1.0),02/07/26 11:00:00,A,DW_EXST,RCH_A_AVG,PT,2010,9.5,e,
ESTAT:PRC_HPI_HSNA(1.0),02/07/26 11:00:00,A,DW_EXST,RCH_A_AVG,PT,2011,-21.8,e,
ESTAT:PRC_HPI_HSNA(1.0),02/07/26 11:00:00,A,DW_EXST,RCH_A_AVG,PT,2012,-13.4,e,
ESTAT:PRC_HPI_HSNA(1.0),02/07/26 11:00:00,A,DW_EXST,RCH_A_AVG,PT,2013,7.8,e,
ESTAT:PRC_HPI_HSNA(1.0),02/07/26 11:00:00,A,DW_EXST,RCH_A_AVG,PT,2014,11.0,e,
ESTAT:PRC_HPI_HSNA(1.0),02/07/26 11:00:00,A,DW_EXST,RCH_A_AVG,PT,2015,37.3,e,
ESTAT:PRC_HPI_HSNA(1.0),02/07/26 11:00:00,A,DW_EXST,RCH_A_AVG,PT,2016,24.1,e,
ESTAT:PRC_HPI_HSNA(1.0),02/07/26 11:00:00,A,DW_EXST,RCH_A_AVG,PT,2017,23.2,e,
ESTAT:PRC_HPI_HSNA(1.0),02/07/26 11:00:00,A,DW_EXST,RCH_A_AVG,PT,2018,17.6,e,
ESTAT:PRC_HPI_HSNA(1.0),02/07/26 11:00:00,A,DW_EXST,RCH_A_AVG,PT,2019,4.0,e,
ESTAT:PRC_HPI_HSNA(1.0),02/07/26 11:00:00,A,DW_EXST,RCH_A_AVG,PT,2020,-12.2,,
ESTAT:PRC_HPI_HSNA(1.0),02/07/26 11:00:00,A,DW_EXST,RCH_A_AVG,PT,2021,20.8,,
ESTAT:PRC_HPI_HSNA(1.0),02/07/26 11:00:00,A,DW_EXST,RCH_A_AVG,PT,2022,1.5,,
ESTAT:PRC_HPI_HSNA(1.0),02/07/26 11:00:00,A,DW_EXST,RCH_A_AVG,PT,2023,-22.6,,
ESTAT:PRC_HPI_HSNA(1.0),02/07/26 11:00:00,A,DW_EXST,RCH_A_AVG,PT,2024,16.4,,
ESTAT:PRC_HPI_HSNA(1.0),02/07/26 11:00:00,A,DW_EXST,RCH_A_AVG,PT,2025,11.4,,
ESTAT:PRC_HPI_HSNA(1.0),02/07/26 11:00:00,A,DW_EXST,RCH_A_AVG,SI,2015,13.7,,
ESTAT:PRC_HPI_HSNA(1.0),02/07/26 11:00:00,A,DW_EXST,RCH_A_AVG,SI,2016,18.9,,
ESTAT:PRC_HPI_HSNA(1.0),02/07/26 11:00:00,A,DW_EXST,RCH_A_AVG,SI,2017,7.3,,
ESTAT:PRC_HPI_HSNA(1.0),02/07/26 11:00:00,A,DW_EXST,RCH_A_AVG,SI,2018,-8.4,,
ESTAT:PRC_HPI_HSNA(1.0),02/07/26 11:00:00,A,DW_EXST,RCH_A_AVG,SI,2019,4.2,,
ESTAT:PRC_HPI_HSNA(1.0),02/07/26 11:00:00,A,DW_EXST,RCH_A_AVG,SI,2020,-15.7,,
ESTAT:PRC_HPI_HSNA(1.0),02/07/26 11:00:00,A,DW_EXST,RCH_A_AVG,SI,2021,16.4,,
ESTAT:PRC_HPI_HSNA(1.0),02/07/26 11:00:00,A,DW_EXST,RCH_A_AVG,SI,2022,-6.2,,
ESTAT:PRC_HPI_HSNA(1.0),02/07/26 11:00:00,A,DW_EXST,RCH_A_AVG,SI,2023,-23.1,,
ESTAT:PRC_HPI_HSNA(1.0),02/07/26 11:00:00,A,DW_EXST,RCH_A_AVG,SI,2024,-18.5,,
ESTAT:PRC_HPI_HSNA(1.0),02/07/26 11:00:00,A,DW_EXST,RCH_A_AVG,SI,2025,34.0,,
ESTAT:PRC_HPI_HSNA(1.0),02/07/26 11:00:00,A,DW_NEW,I25_A_AVG,AT,2015,115.72,p,
ESTAT:PRC_HPI_HSNA(1.0),02/07/26 11:00:00,A,DW_NEW,I25_A_AVG,AT,2016,119.54,p,
ESTAT:PRC_HPI_HSNA(1.0),02/07/26 11:00:00,A,DW_NEW,I25_A_AVG,AT,2017,128.80,p,
ESTAT:PRC_HPI_HSNA(1.0),02/07/26 11:00:00,A,DW_NEW,I25_A_AVG,AT,2018,133.26,p,
ESTAT:PRC_HPI_HSNA(1.0),02/07/26 11:00:00,A,DW_NEW,I25_A_AVG,AT,2019,173.92,p,
ESTAT:PRC_HPI_HSNA(1.0),02/07/26 11:00:00,A,DW_NEW,I25_A_AVG,AT,2020,199.53,p,
ESTAT:PRC_HPI_HSNA(1.0),02/07/26 11:00:00,A,DW_NEW,I25_A_AVG,AT,2021,214.75,p,
ESTAT:PRC_HPI_HSNA(1.0),02/07/26 11:00:00,A,DW_NEW,I25_A_AVG,AT,2022,154.02,p,
ESTAT:PRC_HPI_HSNA(1.0),02/07/26 11:00:00,A,DW_NEW,I25_A_AVG,AT,2023,73.36,p,
ESTAT:PRC_HPI_HSNA(1.0),02/07/26 11:00:00,A,DW_NEW,I25_A_AVG,AT,2024,75.78,p,
ESTAT:PRC_HPI_HSNA(1.0),02/07/26 11:00:00,A,DW_NEW,I25_A_AVG,AT,2025,100.00,ep,
ESTAT:PRC_HPI_HSNA(1.0),02/07/26 11:00:00,A,DW_NEW,I25_A_AVG,BG,2017,59.86,,
ESTAT:PRC_HPI_HSNA(1.0),02/07/26 11:00:00,A,DW_NEW,I25_A_AVG,BG,2018,62.56,,
ESTAT:PRC_HPI_HSNA(1.0),02/07/26 11:00:00,A,DW_NEW,I25_A_AVG,BG,2019,69.08,,
ESTAT:PRC_HPI_HSNA(1.0),02/07/26 11:00:00,A,DW_NEW,I25_A_AVG,BG,2020,69.98,,
ESTAT:PRC_HPI_HSNA(1.0),02/07/26 11:00:00,A,DW_NEW,I25_A_AVG,BG,2021,90.74,,
ESTAT:PRC_HPI_HSNA(1.0),02/07/26 11:00:00,A,DW_NEW,I25_A_AVG,BG,2022,98.28,,
ESTAT:PRC_HPI_HSNA(1.0),02/07/26 11:00:00,A,DW_NEW,I25_A_AVG,BG,2023,85.25,,
ESTAT:PRC_HPI_HSNA(1.0),02/07/26 11:00:00,A,DW_NEW,I25_A_AVG,BG,2024,96.12,,
ESTAT:PRC_HPI_HSNA(1.0),02/07/26 11:00:00,A,DW_NEW,I25_A_AVG,BG,2025,100.00,,
ESTAT:PRC_HPI_HSNA(1.0),02/07/26 11:00:00,A,DW_NEW,I25_A_AVG,ES,2008,465.78,,
ESTAT:PRC_HPI_HSNA(1.0),02/07/26 11:00:00,A,DW_NEW,I25_A_AVG,ES,2009,311.00,,
ESTAT:PRC_HPI_HSNA(1.0),02/07/26 11:00:00,A,DW_NEW,I25_A_AVG,ES,2010,266.00,,
ESTAT:PRC_HPI_HSNA(1.0),02/07/26 11:00:00,A,DW_NEW,I25_A_AVG,ES,2011,142.97,,
ESTAT:PRC_HPI_HSNA(1.0),02/07/26 11:00:00,A,DW_NEW,I25_A_AVG,ES,2012,120.69,,
ESTAT:PRC_HPI_HSNA(1.0),02/07/26 11:00:00,A,DW_NEW,I25_A_AVG,ES,2013,58.78,,
ESTAT:PRC_HPI_HSNA(1.0),02/07/26 11:00:00,A,DW_NEW,I25_A_AVG,ES,2014,67.76,,
ESTAT:PRC_HPI_HSNA(1.0),02/07/26 11:00:00,A,DW_NEW,I25_A_AVG,ES,2015,61.94,,
ESTAT:PRC_HPI_HSNA(1.0),02/07/26 11:00:00,A,DW_NEW,I25_A_AVG,ES,2016,62.18,,
ESTAT:PRC_HPI_HSNA(1.0),02/07/26 11:00:00,A,DW_NEW,I25_A_AVG,ES,2017,70.02,,
ESTAT:PRC_HPI_HSNA(1.0),02/07/26 11:00:00,A,DW_NEW,I25_A_AVG,ES,2018,80.98,,
ESTAT:PRC_HPI_HSNA(1.0),02/07/26 11:00:00,A,DW_NEW,I25_A_AVG,ES,2019,82.32,,
ESTAT:PRC_HPI_HSNA(1.0),02/07/26 11:00:00,A,DW_NEW,I25_A_AVG,ES,2020,91.86,,
ESTAT:PRC_HPI_HSNA(1.0),02/07/26 11:00:00,A,DW_NEW,I25_A_AVG,ES,2021,108.97,,
ESTAT:PRC_HPI_HSNA(1.0),02/07/26 11:00:00,A,DW_NEW,I25_A_AVG,ES,2022,105.23,,
ESTAT:PRC_HPI_HSNA(1.0),02/07/26 11:00:00,A,DW_NEW,I25_A_AVG,ES,2023,92.06,,
ESTAT:PRC_HPI_HSNA(1.0),02/07/26 11:00:00,A,DW_NEW,I25_A_AVG,ES,2024,97.91,,
ESTAT:PRC_HPI_HSNA(1.0),02/07/26 11:00:00,A,DW_NEW,I25_A_AVG,ES,2025,100.00,,
ESTAT:PRC_HPI_HSNA(1.0),02/07/26 11:00:00,A,DW_NEW,I25_A_AVG,FI,2015,243.51,,
ESTAT:PRC_HPI_HSNA(1.0),02/07/26 11:00:00,A,DW_NEW,I25_A_AVG,FI,2016,292.03,,
ESTAT:PRC_HPI_HSNA(1.0),02/07/26 11:00:00,A,DW_NEW,I25_A_AVG,FI,2017,339.88,,
ESTAT:PRC_HPI_HSNA(1.0),02/07/26 11:00:00,A,DW_NEW,I25_A_AVG,FI,2018,363.14,,
ESTAT:PRC_HPI_HSNA(1.0),02/07/26 11:00:00,A,DW_NEW,I25_A_AVG,FI,2019,401.13,,
ESTAT:PRC_HPI_HSNA(1.0),02/07/26 11:00:00,A,DW_NEW,I25_A_AVG,FI,2020,425.09,,
ESTAT:PRC_HPI_HSNA(1.0),02/07/26 11:00:00,A,DW_NEW,I25_A_AVG,FI,2021,396.82,,
ESTAT:PRC_HPI_HSNA(1.0),02/07/26 11:00:00,A,DW_NEW,I25_A_AVG,FI,2022,358.77,,
ESTAT:PRC_HPI_HSNA(1.0),02/07/26 11:00:00,A,DW_NEW,I25_A_AVG,FI,2023,259.65,,
ESTAT:PRC_HPI_HSNA(1.0),02/07/26 11:00:00,A,DW_NEW,I25_A_AVG,FI,2024,128.78,,
ESTAT:PRC_HPI_HSNA(1.0),02/07/26 11:00:00,A,DW_NEW,I25_A_AVG,FI,2025,100.00,,
ESTAT:PRC_HPI_HSNA(1.0),02/07/26 11:00:00,A,DW_NEW,I25_A_AVG,FR,2006,223.39,,
ESTAT:PRC_HPI_HSNA(1.0),02/07/26 11:00:00,A,DW_NEW,I25_A_AVG,FR,2007,221.14,,
ESTAT:PRC_HPI_HSNA(1.0),02/07/26 11:00:00,A,DW_NEW,I25_A_AVG,FR,2008,143.00,,
ESTAT:PRC_HPI_HSNA(1.0),02/07/26 11:00:00,A,DW_NEW,I25_A_AVG,FR,2009,188.59,,
ESTAT:PRC_HPI_HSNA(1.0),02/07/26 11:00:00,A,DW_NEW,I25_A_AVG,FR,2010,201.02,,
ESTAT:PRC_HPI_HSNA(1.0),02/07/26 11:00:00,A,DW_NEW,I25_A_AVG,FR,2011,179.39,,
ESTAT:PRC_HPI_HSNA(1.0),02/07/26 11:00:00,A,DW_NEW,I25_A_AVG,FR,2012,156.18,,
ESTAT:PRC_HPI_HSNA(1.0),02/07/26 11:00:00,A,DW_NEW,I25_A_AVG,FR,2013,155.21,,
ESTAT:PRC_HPI_HSNA(1.0),02/07/26 11:00:00,A,DW_NEW,I25_A_AVG,FR,2014,149.76,,
ESTAT:PRC_HPI_HSNA(1.0),02/07/26 11:00:00,A,DW_NEW,I25_A_AVG,FR,2015,175.96,,
ESTAT:PRC_HPI_HSNA(1.0),02/07/26 11:00:00,A,DW_NEW,I25_A_AVG,FR,2016,217.96,,
ESTAT:PRC_HPI_HSNA(1.0),02/07/26 11:00:00,A,DW_NEW,I25_A_AVG,FR,2017,227.66,,
ESTAT:PRC_HPI_HSNA(1.0),02/07/26 11:00:00,A,DW_NEW,I25_A_AVG,FR,2018,222.80,,
ESTAT:PRC_HPI_HSNA(1.0),02/07/26 11:00:00,A,DW_NEW,I25_A_AVG,FR,2019,226.98,,
ESTAT:PRC_HPI_HSNA(1.0),02/07/26 11:00:00,A,DW_NEW,I25_A_AVG,FR,2020,179.71,,
ESTAT:PRC_HPI_HSNA(1.0),02/07/26 11:00:00,A,DW_NEW,I25_A_AVG,FR,2021,206.57,,
ESTAT:PRC_HPI_HSNA(1.0),02/07/26 11:00:00,A,DW_NEW,I25_A_AVG,FR,2022,183.46,,
ESTAT:PRC_HPI_HSNA(1.0),02/07/26 11:00:00,A,DW_NEW,I25_A_AVG,FR,2023,116.24,,
ESTAT:PRC_HPI_HSNA(1.0),02/07/26 11:00:00,A,DW_NEW,I25_A_AVG,FR,2024,104.88,,
ESTAT:PRC_HPI_HSNA(1.0),02/07/26 11:00:00,A,DW_NEW,I25_A_AVG,FR,2025,100.00,,
ESTAT:PRC_HPI_HSNA(1.0),02/07/26 11:00:00,A,DW_NEW,I25_A_AVG,HR,2008,125.96,,
ESTAT:PRC_HPI_HSNA(1.0),02/07/26 11:00:00,A,DW_NEW,I25_A_AVG,HR,2009,116.34,,
ESTAT:PRC_HPI_HSNA(1.0),02/07/26 11:00:00,A,DW_NEW,I25_A_AVG,HR,2010,103.24,,
ESTAT:PRC_HPI_HSNA(1.0),02/07/26 11:00:00,A,DW_NEW,I25_A_AVG,HR,2011,98.23,,
ESTAT:PRC_HPI_HSNA(1.0),02/07/26 11:00:00,A,DW_NEW,I25_A_AVG,HR,2012,115.30,,
ESTAT:PRC_HPI_HSNA(1.0),02/07/26 11:00:00,A,DW_NEW,I25_A_AVG,HR,2013,95.44,,
ESTAT:PRC_HPI_HSNA(1.0),02/07/26 11:00:00,A,DW_NEW,I25_A_AVG,HR,2014,87.27,,
ESTAT:PRC_HPI_HSNA(1.0),02/07/26 11:00:00,A,DW_NEW,I25_A_AVG,HR,2015,38.76,,
ESTAT:PRC_HPI_HSNA(1.0),02/07/26 11:00:00,A,DW_NEW,I25_A_AVG,HR,2016,50.58,,
ESTAT:PRC_HPI_HSNA(1.0),02/07/26 11:00:00,A,DW_NEW,I25_A_AVG,HR,2017,59.56,,
ESTAT:PRC_HPI_HSNA(1.0),02/07/26 11:00:00,A,DW_NEW,I25_A_AVG,HR,2018,62.52,,
ESTAT:PRC_HPI_HSNA(1.0),02/07/26 11:00:00,A,DW_NEW,I25_A_AVG,HR,2019,74.81,,
ESTAT:PRC_HPI_HSNA(1.0),02/07/26 11:00:00,A,DW_NEW,I25_A_AVG,HR,2020,89.55,,
ESTAT:PRC_HPI_HSNA(1.0),02/07/26 11:00:00,A,DW_NEW,I25_A_AVG,HR,2021,115.83,,
ESTAT:PRC_HPI_HSNA(1.0),02/07/26 11:00:00,A,DW_NEW,I25_A_AVG,HR,2022,114.04,,
ESTAT:PRC_HPI_HSNA(1.0),02/07/26 11:00:00,A,DW_NEW,I25_A_AVG,HR,2023,102.47,,
ESTAT:PRC_HPI_HSNA(1.0),02/07/26 11:00:00,A,DW_NEW,I25_A_AVG,HR,2024,96.03,,
ESTAT:PRC_HPI_HSNA(1.0),02/07/26 11:00:00,A,DW_NEW,I25_A_AVG,HR,2025,100.00,,
ESTAT:PRC_HPI_HSNA(1.0),02/07/26 11:00:00,A,DW_NEW,I25_A_AVG,HU,2007,64.35,p,
ESTAT:PRC_HPI_HSNA(1.0),02/07/26 11:00:00,A,DW_NEW,I25_A_AVG,HU,2008,141.69,p,
ESTAT:PRC_HPI_HSNA(1.0),02/07/26 11:00:00,A,DW_NEW,I25_A_AVG,HU,2009,83.03,p,
ESTAT:PRC_HPI_HSNA(1.0),02/07/26 11:00:00,A,DW_NEW,I25_A_AVG,HU,2010,48.09,p,
ESTAT:PRC_HPI_HSNA(1.0),02/07/26 11:00:00,A,DW_NEW,I25_A_AVG,HU,2011,38.87,p,
ESTAT:PRC_HPI_HSNA(1.0),02/07/26 11:00:00,A,DW_NEW,I25_A_AVG,HU,2012,26.47,p,
ESTAT:PRC_HPI_HSNA(1.0),02/07/26 11:00:00,A,DW_NEW,I25_A_AVG,HU,2013,23.07,p,
ESTAT:PRC_HPI_HSNA(1.0),02/07/26 11:00:00,A,DW_NEW,I25_A_AVG,HU,2014,33.26,p,
ESTAT:PRC_HPI_HSNA(1.0),02/07/26 11:00:00,A,DW_NEW,I25_A_AVG,HU,2015,33.86,p,
ESTAT:PRC_HPI_HSNA(1.0),02/07/26 11:00:00,A,DW_NEW,I25_A_AVG,HU,2016,48.84,p,
ESTAT:PRC_HPI_HSNA(1.0),02/07/26 11:00:00,A,DW_NEW,I25_A_AVG,HU,2017,61.28,p,
ESTAT:PRC_HPI_HSNA(1.0),02/07/26 11:00:00,A,DW_NEW,I25_A_AVG,HU,2018,91.42,p,
ESTAT:PRC_HPI_HSNA(1.0),02/07/26 11:00:00,A,DW_NEW,I25_A_AVG,HU,2019,112.89,p,
ESTAT:PRC_HPI_HSNA(1.0),02/07/26 11:00:00,A,DW_NEW,I25_A_AVG,HU,2020,90.77,p,
ESTAT:PRC_HPI_HSNA(1.0),02/07/26 11:00:00,A,DW_NEW,I25_A_AVG,HU,2021,120.10,p,
ESTAT:PRC_HPI_HSNA(1.0),02/07/26 11:00:00,A,DW_NEW,I25_A_AVG,HU,2022,107.54,p,
ESTAT:PRC_HPI_HSNA(1.0),02/07/26 11:00:00,A,DW_NEW,I25_A_AVG,HU,2023,62.52,p,
ESTAT:PRC_HPI_HSNA(1.0),02/07/26 11:00:00,A,DW_NEW,I25_A_AVG,HU,2024,74.87,p,
ESTAT:PRC_HPI_HSNA(1.0),02/07/26 11:00:00,A,DW_NEW,I25_A_AVG,HU,2025,100.00,ep,
ESTAT:PRC_HPI_HSNA(1.0),02/07/26 11:00:00,A,DW_NEW,I25_A_AVG,IE,2010,39.72,,
ESTAT:PRC_HPI_HSNA(1.0),02/07/26 11:00:00,A,DW_NEW,I25_A_AVG,IE,2011,19.37,,
ESTAT:PRC_HPI_HSNA(1.0),02/07/26 11:00:00,A,DW_NEW,I25_A_AVG,IE,2012,21.97,,
ESTAT:PRC_HPI_HSNA(1.0),02/07/26 11:00:00,A,DW_NEW,I25_A_AVG,IE,2013,24.26,,
ESTAT:PRC_HPI_HSNA(1.0),02/07/26 11:00:00,A,DW_NEW,I25_A_AVG,IE,2014,36.28,,
ESTAT:PRC_HPI_HSNA(1.0),02/07/26 11:00:00,A,DW_NEW,I25_A_AVG,IE,2015,37.60,,
ESTAT:PRC_HPI_HSNA(1.0),02/07/26 11:00:00,A,DW_NEW,I25_A_AVG,IE,2016,45.04,,
ESTAT:PRC_HPI_HSNA(1.0),02/07/26 11:00:00,A,DW_NEW,I25_A_AVG,IE,2017,60.29,,
ESTAT:PRC_HPI_HSNA(1.0),02/07/26 11:00:00,A,DW_NEW,I25_A_AVG,IE,2018,70.36,,
ESTAT:PRC_HPI_HSNA(1.0),02/07/26 11:00:00,A,DW_NEW,I25_A_AVG,IE,2019,71.49,,
ESTAT:PRC_HPI_HSNA(1.0),02/07/26 11:00:00,A,DW_NEW,I25_A_AVG,IE,2020,58.38,,
ESTAT:PRC_HPI_HSNA(1.0),02/07/26 11:00:00,A,DW_NEW,I25_A_AVG,IE,2021,62.08,,
ESTAT:PRC_HPI_HSNA(1.0),02/07/26 11:00:00,A,DW_NEW,I25_A_AVG,IE,2022,74.40,,
ESTAT:PRC_HPI_HSNA(1.0),02/07/26 11:00:00,A,DW_NEW,I25_A_AVG,IE,2023,78.04,,
ESTAT:PRC_HPI_HSNA(1.0),02/07/26 11:00:00,A,DW_NEW,I25_A_AVG,IE,2024,84.40,,
ESTAT:PRC_HPI_HSNA(1.0),02/07/26 11:00:00,A,DW_NEW,I25_A_AVG,IE,2025,100.00,,
ESTAT:PRC_HPI_HSNA(1.0),02/07/26 11:00:00,A,DW_NEW,I25_A_AVG,LT,2023,107.04,,
ESTAT:PRC_HPI_HSNA(1.0),02/07/26 11:00:00,A,DW_NEW,I25_A_AVG,LT,2024,82.27,,
ESTAT:PRC_HPI_HSNA(1.0),02/07/26 11:00:00,A,DW_NEW,I25_A_AVG,LT,2025,100.00,,
ESTAT:PRC_HPI_HSNA(1.0),02/07/26 11:00:00,A,DW_NEW,I25_A_AVG,LU,2014,242.29,,
ESTAT:PRC_HPI_HSNA(1.0),02/07/26 11:00:00,A,DW_NEW,I25_A_AVG,LU,2015,237.37,,
ESTAT:PRC_HPI_HSNA(1.0),02/07/26 11:00:00,A,DW_NEW,I25_A_AVG,LU,2016,222.80,,
ESTAT:PRC_HPI_HSNA(1.0),02/07/26 11:00:00,A,DW_NEW,I25_A_AVG,LU,2017,256.95,,
ESTAT:PRC_HPI_HSNA(1.0),02/07/26 11:00:00,A,DW_NEW,I25_A_AVG,LU,2018,272.19,,
ESTAT:PRC_HPI_HSNA(1.0),02/07/26 11:00:00,A,DW_NEW,I25_A_AVG,LU,2019,299.81,,
ESTAT:PRC_HPI_HSNA(1.0),02/07/26 11:00:00,A,DW_NEW,I25_A_AVG,LU,2020,271.52,,
ESTAT:PRC_HPI_HSNA(1.0),02/07/26 11:00:00,A,DW_NEW,I25_A_AVG,LU,2021,226.40,,
ESTAT:PRC_HPI_HSNA(1.0),02/07/26 11:00:00,A,DW_NEW,I25_A_AVG,LU,2022,166.41,,
ESTAT:PRC_HPI_HSNA(1.0),02/07/26 11:00:00,A,DW_NEW,I25_A_AVG,LU,2023,52.70,,
ESTAT:PRC_HPI_HSNA(1.0),02/07/26 11:00:00,A,DW_NEW,I25_A_AVG,LU,2024,73.42,,
ESTAT:PRC_HPI_HSNA(1.0),02/07/26 11:00:00,A,DW_NEW,I25_A_AVG,LU,2025,100.00,,
ESTAT:PRC_HPI_HSNA(1.0),02/07/26 11:00:00,A,DW_NEW,I25_A_AVG,LV,2020,114.76,,
ESTAT:PRC_HPI_HSNA(1.0),02/07/26 11:00:00,A,DW_NEW,I25_A_AVG,LV,2021,119.24,,
ESTAT:PRC_HPI_HSNA(1.0),02/07/26 11:00:00,A,DW_NEW,I25_A_AVG,LV,2022,131.52,,
ESTAT:PRC_HPI_HSNA(1.0),02/07/26 11:00:00,A,DW_NEW,I25_A_AVG,LV,2023,99.21,,
ESTAT:PRC_HPI_HSNA(1.0),02/07/26 11:00:00,A,DW_NEW,I25_A_AVG,LV,2024,75.38,,
ESTAT:PRC_HPI_HSNA(1.0),02/07/26 11:00:00,A,DW_NEW,I25_A_AVG,LV,2025,100.00,,
ESTAT:PRC_HPI_HSNA(1.0),02/07/26 11:00:00,A,DW_NEW,I25_A_AVG,NL,2015,99.28,p,
ESTAT:PRC_HPI_HSNA(1.0),02/07/26 11:00:00,A,DW_NEW,I25_A_AVG,NL,2016,104.38,p,
ESTAT:PRC_HPI_HSNA(1.0),02/07/26 11:00:00,A,DW_NEW,I25_A_AVG,NL,2017,117.42,p,
ESTAT:PRC_HPI_HSNA(1.0),02/07/26 11:00:00,A,DW_NEW,I25_A_AVG,NL,2018,105.86,p,
ESTAT:PRC_HPI_HSNA(1.0),02/07/26 11:00:00,A,DW_NEW,I25_A_AVG,NL,2019,93.49,p,
ESTAT:PRC_HPI_HSNA(1.0),02/07/26 11:00:00,A,DW_NEW,I25_A_AVG,NL,2020,121.59,p,
ESTAT:PRC_HPI_HSNA(1.0),02/07/26 11:00:00,A,DW_NEW,I25_A_AVG,NL,2021,128.36,p,
ESTAT:PRC_HPI_HSNA(1.0),02/07/26 11:00:00,A,DW_NEW,I25_A_AVG,NL,2022,94.20,p,
ESTAT:PRC_HPI_HSNA(1.0),02/07/26 11:00:00,A,DW_NEW,I25_A_AVG,NL,2023,63.12,p,
ESTAT:PRC_HPI_HSNA(1.0),02/07/26 11:00:00,A,DW_NEW,I25_A_AVG,NL,2024,99.86,p,
ESTAT:PRC_HPI_HSNA(1.0),02/07/26 11:00:00,A,DW_NEW,I25_A_AVG,NL,2025,100.00,p,
ESTAT:PRC_HPI_HSNA(1.0),02/07/26 11:00:00,A,DW_NEW,I25_A_AVG,NO,2017,127.80,p,
ESTAT:PRC_HPI_HSNA(1.0),02/07/26 11:00:00,A,DW_NEW,I25_A_AVG,NO,2018,153.05,p,
ESTAT:PRC_HPI_HSNA(1.0),02/07/26 11:00:00,A,DW_NEW,I25_A_AVG,NO,2019,147.10,p,
ESTAT:PRC_HPI_HSNA(1.0),02/07/26 11:00:00,A,DW_NEW,I25_A_AVG,NO,2020,134.03,p,
ESTAT:PRC_HPI_HSNA(1.0),02/07/26 11:00:00,A,DW_NEW,I25_A_AVG,NO,2021,149.18,p,
ESTAT:PRC_HPI_HSNA(1.0),02/07/26 11:00:00,A,DW_NEW,I25_A_AVG,NO,2022,139.46,p,
ESTAT:PRC_HPI_HSNA(1.0),02/07/26 11:00:00,A,DW_NEW,I25_A_AVG,NO,2023,133.90,p,
ESTAT:PRC_HPI_HSNA(1.0),02/07/26 11:00:00,A,DW_NEW,I25_A_AVG,NO,2024,110.80,p,
ESTAT:PRC_HPI_HSNA(1.0),02/07/26 11:00:00,A,DW_NEW,I25_A_AVG,NO,2025,100.00,p,
ESTAT:PRC_HPI_HSNA(1.0),02/07/26 11:00:00,A,DW_NEW,I25_A_AVG,PL,2015,57.90,p,
ESTAT:PRC_HPI_HSNA(1.0),02/07/26 11:00:00,A,DW_NEW,I25_A_AVG,PL,2016,62.74,p,
ESTAT:PRC_HPI_HSNA(1.0),02/07/26 11:00:00,A,DW_NEW,I25_A_AVG,PL,2017,68.27,p,
ESTAT:PRC_HPI_HSNA(1.0),02/07/26 11:00:00,A,DW_NEW,I25_A_AVG,PL,2018,82.61,p,
ESTAT:PRC_HPI_HSNA(1.0),02/07/26 11:00:00,A,DW_NEW,I25_A_AVG,PL,2019,81.03,p,
ESTAT:PRC_HPI_HSNA(1.0),02/07/26 11:00:00,A,DW_NEW,I25_A_AVG,PL,2020,86.10,p,
ESTAT:PRC_HPI_HSNA(1.0),02/07/26 11:00:00,A,DW_NEW,I25_A_AVG,PL,2021,102.34,p,
ESTAT:PRC_HPI_HSNA(1.0),02/07/26 11:00:00,A,DW_NEW,I25_A_AVG,PL,2022,108.14,p,
ESTAT:PRC_HPI_HSNA(1.0),02/07/26 11:00:00,A,DW_NEW,I25_A_AVG,PL,2023,110.99,p,
ESTAT:PRC_HPI_HSNA(1.0),02/07/26 11:00:00,A,DW_NEW,I25_A_AVG,PL,2024,106.52,p,
ESTAT:PRC_HPI_HSNA(1.0),02/07/26 11:00:00,A,DW_NEW,I25_A_AVG,PL,2025,100.00,p,
ESTAT:PRC_HPI_HSNA(1.0),02/07/26 11:00:00,A,DW_NEW,I25_A_AVG,PT,2009,123.34,e,
ESTAT:PRC_HPI_HSNA(1.0),02/07/26 11:00:00,A,DW_NEW,I25_A_AVG,PT,2010,127.61,e,
ESTAT:PRC_HPI_HSNA(1.0),02/07/26 11:00:00,A,DW_NEW,I25_A_AVG,PT,2011,80.43,e,
ESTAT:PRC_HPI_HSNA(1.0),02/07/26 11:00:00,A,DW_NEW,I25_A_AVG,PT,2012,58.02,e,
ESTAT:PRC_HPI_HSNA(1.0),02/07/26 11:00:00,A,DW_NEW,I25_A_AVG,PT,2013,58.45,e,
ESTAT:PRC_HPI_HSNA(1.0),02/07/26 11:00:00,A,DW_NEW,I25_A_AVG,PT,2014,54.91,e,
ESTAT:PRC_HPI_HSNA(1.0),02/07/26 11:00:00,A,DW_NEW,I25_A_AVG,PT,2015,59.88,e,
ESTAT:PRC_HPI_HSNA(1.0),02/07/26 11:00:00,A,DW_NEW,I25_A_AVG,PT,2016,60.45,e,
ESTAT:PRC_HPI_HSNA(1.0),02/07/26 11:00:00,A,DW_NEW,I25_A_AVG,PT,2017,66.91,e,
ESTAT:PRC_HPI_HSNA(1.0),02/07/26 11:00:00,A,DW_NEW,I25_A_AVG,PT,2018,74.59,e,
ESTAT:PRC_HPI_HSNA(1.0),02/07/26 11:00:00,A,DW_NEW,I25_A_AVG,PT,2019,72.26,,
ESTAT:PRC_HPI_HSNA(1.0),02/07/26 11:00:00,A,DW_NEW,I25_A_AVG,PT,2020,74.32,,
ESTAT:PRC_HPI_HSNA(1.0),02/07/26 11:00:00,A,DW_NEW,I25_A_AVG,PT,2021,84.14,,
ESTAT:PRC_HPI_HSNA(1.0),02/07/26 11:00:00,A,DW_NEW,I25_A_AVG,PT,2022,90.87,,
ESTAT:PRC_HPI_HSNA(1.0),02/07/26 11:00:00,A,DW_NEW,I25_A_AVG,PT,2023,84.27,,
ESTAT:PRC_HPI_HSNA(1.0),02/07/26 11:00:00,A,DW_NEW,I25_A_AVG,PT,2024,93.46,,
ESTAT:PRC_HPI_HSNA(1.0),02/07/26 11:00:00,A,DW_NEW,I25_A_AVG,PT,2025,100.00,,
ESTAT:PRC_HPI_HSNA(1.0),02/07/26 11:00:00,A,DW_NEW,I25_A_AVG,SI,2014,105.78,,
ESTAT:PRC_HPI_HSNA(1.0),02/07/26 11:00:00,A,DW_NEW,I25_A_AVG,SI,2015,156.15,,
ESTAT:PRC_HPI_HSNA(1.0),02/07/26 11:00:00,A,DW_NEW,I25_A_AVG,SI,2016,144.00,,
ESTAT:PRC_HPI_HSNA(1.0),02/07/26 11:00:00,A,DW_NEW,I25_A_AVG,SI,2017,184.59,,
ESTAT:PRC_HPI_HSNA(1.0),02/07/26 11:00:00,A,DW_NEW,I25_A_AVG,SI,2018,159.70,,
ESTAT:PRC_HPI_HSNA(1.0),02/07/26 11:00:00,A,DW_NEW,I25_A_AVG,SI,2019,105.78,,
ESTAT:PRC_HPI_HSNA(1.0),02/07/26 11:00:00,A,DW_NEW,I25_A_AVG,SI,2020,52.74,,
ESTAT:PRC_HPI_HSNA(1.0),02/07/26 11:00:00,A,DW_NEW,I25_A_AVG,SI,2021,121.48,,
ESTAT:PRC_HPI_HSNA(1.0),02/07/26 11:00:00,A,DW_NEW,I25_A_AVG,SI,2022,84.59,,
ESTAT:PRC_HPI_HSNA(1.0),02/07/26 11:00:00,A,DW_NEW,I25_A_AVG,SI,2023,124.30,,
ESTAT:PRC_HPI_HSNA(1.0),02/07/26 11:00:00,A,DW_NEW,I25_A_AVG,SI,2024,113.19,,
ESTAT:PRC_HPI_HSNA(1.0),02/07/26 11:00:00,A,DW_NEW,I25_A_AVG,SI,2025,100.00,,
ESTAT:PRC_HPI_HSNA(1.0),02/07/26 11:00:00,A,DW_NEW,NR,AT,2015,10512,,
ESTAT:PRC_HPI_HSNA(1.0),02/07/26 11:00:00,A,DW_NEW,NR,AT,2016,10859,,
ESTAT:PRC_HPI_HSNA(1.0),02/07/26 11:00:00,A,DW_NEW,NR,AT,2017,11700,,
ESTAT:PRC_HPI_HSNA(1.0),02/07/26 11:00:00,A,DW_NEW,NR,AT,2018,12105,,
ESTAT:PRC_HPI_HSNA(1.0),02/07/26 11:00:00,A,DW_NEW,NR,AT,2019,15799,,
ESTAT:PRC_HPI_HSNA(1.0),02/07/26 11:00:00,A,DW_NEW,NR,AT,2020,18125,,
ESTAT:PRC_HPI_HSNA(1.0),02/07/26 11:00:00,A,DW_NEW,NR,AT,2021,19508,,
ESTAT:PRC_HPI_HSNA(1.0),02/07/26 11:00:00,A,DW_NEW,NR,AT,2022,13991,,
ESTAT:PRC_HPI_HSNA(1.0),02/07/26 11:00:00,A,DW_NEW,NR,AT,2023,6664,,
ESTAT:PRC_HPI_HSNA(1.0),02/07/26 11:00:00,A,DW_NEW,NR,AT,2024,6884,p,
ESTAT:PRC_HPI_HSNA(1.0),02/07/26 11:00:00,A,DW_NEW,NR,AT,2025,9084,ep,
ESTAT:PRC_HPI_HSNA(1.0),02/07/26 11:00:00,A,DW_NEW,NR,BG,2017,16649,,
ESTAT:PRC_HPI_HSNA(1.0),02/07/26 11:00:00,A,DW_NEW,NR,BG,2018,17400,,
ESTAT:PRC_HPI_HSNA(1.0),02/07/26 11:00:00,A,DW_NEW,NR,BG,2019,19213,,
ESTAT:PRC_HPI_HSNA(1.0),02/07/26 11:00:00,A,DW_NEW,NR,BG,2020,19462,,
ESTAT:PRC_HPI_HSNA(1.0),02/07/26 11:00:00,A,DW_NEW,NR,BG,2021,25236,,
ESTAT:PRC_HPI_HSNA(1.0),02/07/26 11:00:00,A,DW_NEW,NR,BG,2022,27333,,
ESTAT:PRC_HPI_HSNA(1.0),02/07/26 11:00:00,A,DW_NEW,NR,BG,2023,23709,,
ESTAT:PRC_HPI_HSNA(1.0),02/07/26 11:00:00,A,DW_NEW,NR,BG,2024,26732,,
ESTAT:PRC_HPI_HSNA(1.0),02/07/26 11:00:00,A,DW_NEW,NR,BG,2025,27812,,
ESTAT:PRC_HPI_HSNA(1.0),02/07/26 11:00:00,A,DW_NEW,NR,FI,2015,8647,,
ESTAT:PRC_HPI_HSNA(1.0),02/07/26 11:00:00,A,DW_NEW,NR,FI,2016,10370,,
ESTAT:PRC_HPI_HSNA(1.0),02/07/26 11:00:00,A,DW_NEW,NR,FI,2017,12069,,
ESTAT:PRC_HPI_HSNA(1.0),02/07/26 11:00:00,A,DW_NEW,NR,FI,2018,12895,,
ESTAT:PRC_HPI_HSNA(1.0),02/07/26 11:00:00,A,DW_NEW,NR,FI,2019,14244,,
ESTAT:PRC_HPI_HSNA(1.0),02/07/26 11:00:00,A,DW_NEW,NR,FI,2020,15095,,
ESTAT:PRC_HPI_HSNA(1.0),02/07/26 11:00:00,A,DW_NEW,NR,FI,2021,14091,,
ESTAT:PRC_HPI_HSNA(1.0),02/07/26 11:00:00,A,DW_NEW,NR,FI,2022,12740,,
ESTAT:PRC_HPI_HSNA(1.0),02/07/26 11:00:00,A,DW_NEW,NR,FI,2023,9220,,
ESTAT:PRC_HPI_HSNA(1.0),02/07/26 11:00:00,A,DW_NEW,NR,FI,2024,4573,,
ESTAT:PRC_HPI_HSNA(1.0),02/07/26 11:00:00,A,DW_NEW,NR,FI,2025,3551,,
ESTAT:PRC_HPI_HSNA(1.0),02/07/26 11:00:00,A,DW_NEW,NR,FR,2006,159441,,
ESTAT:PRC_HPI_HSNA(1.0),02/07/26 11:00:00,A,DW_NEW,NR,FR,2007,157833,,
ESTAT:PRC_HPI_HSNA(1.0),02/07/26 11:00:00,A,DW_NEW,NR,FR,2008,102065,,
ESTAT:PRC_HPI_HSNA(1.0),02/07/26 11:00:00,A,DW_NEW,NR,FR,2009,134600,,
ESTAT:PRC_HPI_HSNA(1.0),02/07/26 11:00:00,A,DW_NEW,NR,FR,2010,143472,,
ESTAT:PRC_HPI_HSNA(1.0),02/07/26 11:00:00,A,DW_NEW,NR,FR,2011,128037,,
ESTAT:PRC_HPI_HSNA(1.0),02/07/26 11:00:00,A,DW_NEW,NR,FR,2012,111472,,
ESTAT:PRC_HPI_HSNA(1.0),02/07/26 11:00:00,A,DW_NEW,NR,FR,2013,110776,,
ESTAT:PRC_HPI_HSNA(1.0),02/07/26 11:00:00,A,DW_NEW,NR,FR,2014,106886,,
ESTAT:PRC_HPI_HSNA(1.0),02/07/26 11:00:00,A,DW_NEW,NR,FR,2015,125585,,
ESTAT:PRC_HPI_HSNA(1.0),02/07/26 11:00:00,A,DW_NEW,NR,FR,2016,155568,,
ESTAT:PRC_HPI_HSNA(1.0),02/07/26 11:00:00,A,DW_NEW,NR,FR,2017,162488,,
ESTAT:PRC_HPI_HSNA(1.0),02/07/26 11:00:00,A,DW_NEW,NR,FR,2018,159021,,
ESTAT:PRC_HPI_HSNA(1.0),02/07/26 11:00:00,A,DW_NEW,NR,FR,2019,162004,,
ESTAT:PRC_HPI_HSNA(1.0),02/07/26 11:00:00,A,DW_NEW,NR,FR,2020,128263,,
ESTAT:PRC_HPI_HSNA(1.0),02/07/26 11:00:00,A,DW_NEW,NR,FR,2021,147433,,
ESTAT:PRC_HPI_HSNA(1.0),02/07/26 11:00:00,A,DW_NEW,NR,FR,2022,130942,,
ESTAT:PRC_HPI_HSNA(1.0),02/07/26 11:00:00,A,DW_NEW,NR,FR,2023,82967,,
ESTAT:PRC_HPI_HSNA(1.0),02/07/26 11:00:00,A,DW_NEW,NR,FR,2024,74853,,
ESTAT:PRC_HPI_HSNA(1.0),02/07/26 11:00:00,A,DW_NEW,NR,FR,2025,71373,,
ESTAT:PRC_HPI_HSNA(1.0),02/07/26 11:00:00,A,DW_NEW,NR,HR,2008,6691,,
ESTAT:PRC_HPI_HSNA(1.0),02/07/26 11:00:00,A,DW_NEW,NR,HR,2009,6180,,
ESTAT:PRC_HPI_HSNA(1.0),02/07/26 11:00:00,A,DW_NEW,NR,HR,2010,5484,,
ESTAT:PRC_HPI_HSNA(1.0),02/07/26 11:00:00,A,DW_NEW,NR,HR,2011,5218,,
ESTAT:PRC_HPI_HSNA(1.0),02/07/26 11:00:00,A,DW_NEW,NR,HR,2012,6125,,
ESTAT:PRC_HPI_HSNA(1.0),02/07/26 11:00:00,A,DW_NEW,NR,HR,2013,5070,,
ESTAT:PRC_HPI_HSNA(1.0),02/07/26 11:00:00,A,DW_NEW,NR,HR,2014,4636,,
ESTAT:PRC_HPI_HSNA(1.0),02/07/26 11:00:00,A,DW_NEW,NR,HR,2015,2059,,
ESTAT:PRC_HPI_HSNA(1.0),02/07/26 11:00:00,A,DW_NEW,NR,HR,2016,2687,,
ESTAT:PRC_HPI_HSNA(1.0),02/07/26 11:00:00,A,DW_NEW,NR,HR,2017,3164,,
ESTAT:PRC_HPI_HSNA(1.0),02/07/26 11:00:00,A,DW_NEW,NR,HR,2018,3321,,
ESTAT:PRC_HPI_HSNA(1.0),02/07/26 11:00:00,A,DW_NEW,NR,HR,2019,3974,,
ESTAT:PRC_HPI_HSNA(1.0),02/07/26 11:00:00,A,DW_NEW,NR,HR,2020,4757,,
ESTAT:PRC_HPI_HSNA(1.0),02/07/26 11:00:00,A,DW_NEW,NR,HR,2021,6153,,
ESTAT:PRC_HPI_HSNA(1.0),02/07/26 11:00:00,A,DW_NEW,NR,HR,2022,6058,,
ESTAT:PRC_HPI_HSNA(1.0),02/07/26 11:00:00,A,DW_NEW,NR,HR,2023,5443,,
ESTAT:PRC_HPI_HSNA(1.0),02/07/26 11:00:00,A,DW_NEW,NR,HR,2024,5101,,
ESTAT:PRC_HPI_HSNA(1.0),02/07/26 11:00:00,A,DW_NEW,NR,HR,2025,5312,,
ESTAT:PRC_HPI_HSNA(1.0),02/07/26 11:00:00,A,DW_NEW,NR,HU,2007,6403,,
ESTAT:PRC_HPI_HSNA(1.0),02/07/26 11:00:00,A,DW_NEW,NR,HU,2008,14098,,
ESTAT:PRC_HPI_HSNA(1.0),02/07/26 11:00:00,A,DW_NEW,NR,HU,2009,8261,,
ESTAT:PRC_HPI_HSNA(1.0),02/07/26 11:00:00,A,DW_NEW,NR,HU,2010,4785,,
ESTAT:PRC_HPI_HSNA(1.0),02/07/26 11:00:00,A,DW_NEW,NR,HU,2011,3868,,
ESTAT:PRC_HPI_HSNA(1.0),02/07/26 11:00:00,A,DW_NEW,NR,HU,2012,2634,,
ESTAT:PRC_HPI_HSNA(1.0),02/07/26 11:00:00,A,DW_NEW,NR,HU,2013,2295,,
ESTAT:PRC_HPI_HSNA(1.0),02/07/26 11:00:00,A,DW_NEW,NR,HU,2014,3309,,
ESTAT:PRC_HPI_HSNA(1.0),02/07/26 11:00:00,A,DW_NEW,NR,HU,2015,3369,,
ESTAT:PRC_HPI_HSNA(1.0),02/07/26 11:00:00,A,DW_NEW,NR,HU,2016,4860,,
ESTAT:PRC_HPI_HSNA(1.0),02/07/26 11:00:00,A,DW_NEW,NR,HU,2017,6097,,
ESTAT:PRC_HPI_HSNA(1.0),02/07/26 11:00:00,A,DW_NEW,NR,HU,2018,9096,,
ESTAT:PRC_HPI_HSNA(1.0),02/07/26 11:00:00,A,DW_NEW,NR,HU,2019,11233,,
ESTAT:PRC_HPI_HSNA(1.0),02/07/26 11:00:00,A,DW_NEW,NR,HU,2020,9032,,
ESTAT:PRC_HPI_HSNA(1.0),02/07/26 11:00:00,A,DW_NEW,NR,HU,2021,11950,,
ESTAT:PRC_HPI_HSNA(1.0),02/07/26 11:00:00,A,DW_NEW,NR,HU,2022,10700,,
ESTAT:PRC_HPI_HSNA(1.0),02/07/26 11:00:00,A,DW_NEW,NR,HU,2023,6221,,
ESTAT:PRC_HPI_HSNA(1.0),02/07/26 11:00:00,A,DW_NEW,NR,HU,2024,7450,,
ESTAT:PRC_HPI_HSNA(1.0),02/07/26 11:00:00,A,DW_NEW,NR,HU,2025,9950,ep,
ESTAT:PRC_HPI_HSNA(1.0),02/07/26 11:00:00,A,DW_NEW,NR,IE,2010,4820,,
ESTAT:PRC_HPI_HSNA(1.0),02/07/26 11:00:00,A,DW_NEW,NR,IE,2011,2351,,
ESTAT:PRC_HPI_HSNA(1.0),02/07/26 11:00:00,A,DW_NEW,NR,IE,2012,2666,,
ESTAT:PRC_HPI_HSNA(1.0),02/07/26 11:00:00,A,DW_NEW,NR,IE,2013,2944,,
ESTAT:PRC_HPI_HSNA(1.0),02/07/26 11:00:00,A,DW_NEW,NR,IE,2014,4402,,
ESTAT:PRC_HPI_HSNA(1.0),02/07/26 11:00:00,A,DW_NEW,NR,IE,2015,4563,,
ESTAT:PRC_HPI_HSNA(1.0),02/07/26 11:00:00,A,DW_NEW,NR,IE,2016,5465,,
ESTAT:PRC_HPI_HSNA(1.0),02/07/26 11:00:00,A,DW_NEW,NR,IE,2017,7316,,
ESTAT:PRC_HPI_HSNA(1.0),02/07/26 11:00:00,A,DW_NEW,NR,IE,2018,8538,,
ESTAT:PRC_HPI_HSNA(1.0),02/07/26 11:00:00,A,DW_NEW,NR,IE,2019,8675,,
ESTAT:PRC_HPI_HSNA(1.0),02/07/26 11:00:00,A,DW_NEW,NR,IE,2020,7085,,
ESTAT:PRC_HPI_HSNA(1.0),02/07/26 11:00:00,A,DW_NEW,NR,IE,2021,7533,,
ESTAT:PRC_HPI_HSNA(1.0),02/07/26 11:00:00,A,DW_NEW,NR,IE,2022,9029,,
ESTAT:PRC_HPI_HSNA(1.0),02/07/26 11:00:00,A,DW_NEW,NR,IE,2023,9470,,
ESTAT:PRC_HPI_HSNA(1.0),02/07/26 11:00:00,A,DW_NEW,NR,IE,2024,10242,,
ESTAT:PRC_HPI_HSNA(1.0),02/07/26 11:00:00,A,DW_NEW,NR,IE,2025,12135,,
ESTAT:PRC_HPI_HSNA(1.0),02/07/26 11:00:00,A,DW_NEW,NR,LT,2023,8091,,
ESTAT:PRC_HPI_HSNA(1.0),02/07/26 11:00:00,A,DW_NEW,NR,LT,2024,6219,,
ESTAT:PRC_HPI_HSNA(1.0),02/07/26 11:00:00,A,DW_NEW,NR,LT,2025,7559,,
ESTAT:PRC_HPI_HSNA(1.0),02/07/26 11:00:00,A,DW_NEW,NR,NL,2015,26381,,
ESTAT:PRC_HPI_HSNA(1.0),02/07/26 11:00:00,A,DW_NEW,NR,NL,2016,27735,,
ESTAT:PRC_HPI_HSNA(1.0),02/07/26 11:00:00,A,DW_NEW,NR,NL,2017,31201,,
ESTAT:PRC_HPI_HSNA(1.0),02/07/26 11:00:00,A,DW_NEW,NR,NL,2018,28128,,
ESTAT:PRC_HPI_HSNA(1.0),02/07/26 11:00:00,A,DW_NEW,NR,NL,2019,24842,,
ESTAT:PRC_HPI_HSNA(1.0),02/07/26 11:00:00,A,DW_NEW,NR,NL,2020,32308,,
ESTAT:PRC_HPI_HSNA(1.0),02/07/26 11:00:00,A,DW_NEW,NR,NL,2021,34108,,
ESTAT:PRC_HPI_HSNA(1.0),02/07/26 11:00:00,A,DW_NEW,NR,NL,2022,25030,,
ESTAT:PRC_HPI_HSNA(1.0),02/07/26 11:00:00,A,DW_NEW,NR,NL,2023,16772,,
ESTAT:PRC_HPI_HSNA(1.0),02/07/26 11:00:00,A,DW_NEW,NR,NL,2024,26534,,
ESTAT:PRC_HPI_HSNA(1.0),02/07/26 11:00:00,A,DW_NEW,NR,NL,2025,26572,p,
ESTAT:PRC_HPI_HSNA(1.0),02/07/26 11:00:00,A,DW_NEW,NR,NO,2017,18249,,
ESTAT:PRC_HPI_HSNA(1.0),02/07/26 11:00:00,A,DW_NEW,NR,NO,2018,21854,,
ESTAT:PRC_HPI_HSNA(1.0),02/07/26 11:00:00,A,DW_NEW,NR,NO,2019,21004,,
ESTAT:PRC_HPI_HSNA(1.0),02/07/26 11:00:00,A,DW_NEW,NR,NO,2020,19138,,
ESTAT:PRC_HPI_HSNA(1.0),02/07/26 11:00:00,A,DW_NEW,NR,NO,2021,21302,p,
ESTAT:PRC_HPI_HSNA(1.0),02/07/26 11:00:00,A,DW_NEW,NR,NO,2022,19914,p,
ESTAT:PRC_HPI_HSNA(1.0),02/07/26 11:00:00,A,DW_NEW,NR,NO,2023,19120,p,
ESTAT:PRC_HPI_HSNA(1.0),02/07/26 11:00:00,A,DW_NEW,NR,NO,2024,15821,p,
ESTAT:PRC_HPI_HSNA(1.0),02/07/26 11:00:00,A,DW_NEW,NR,NO,2025,14279,p,
ESTAT:PRC_HPI_HSNA(1.0),02/07/26 11:00:00,A,DW_NEW,NR,PT,2009,36317,e,
ESTAT:PRC_HPI_HSNA(1.0),02/07/26 11:00:00,A,DW_NEW,NR,PT,2010,37573,e,
ESTAT:PRC_HPI_HSNA(1.0),02/07/26 11:00:00,A,DW_NEW,NR,PT,2011,23683,e,
ESTAT:PRC_HPI_HSNA(1.0),02/07/26 11:00:00,A,DW_NEW,NR,PT,2012,17083,e,
ESTAT:PRC_HPI_HSNA(1.0),02/07/26 11:00:00,A,DW_NEW,NR,PT,2013,17211,e,
ESTAT:PRC_HPI_HSNA(1.0),02/07/26 11:00:00,A,DW_NEW,NR,PT,2014,16168,e,
ESTAT:PRC_HPI_HSNA(1.0),02/07/26 11:00:00,A,DW_NEW,NR,PT,2015,17630,e,
ESTAT:PRC_HPI_HSNA(1.0),02/07/26 11:00:00,A,DW_NEW,NR,PT,2016,17798,e,
ESTAT:PRC_HPI_HSNA(1.0),02/07/26 11:00:00,A,DW_NEW,NR,PT,2017,19700,e,
ESTAT:PRC_HPI_HSNA(1.0),02/07/26 11:00:00,A,DW_NEW,NR,PT,2018,21961,e,
ESTAT:PRC_HPI_HSNA(1.0),02/07/26 11:00:00,A,DW_NEW,NR,PT,2019,21275,,
ESTAT:PRC_HPI_HSNA(1.0),02/07/26 11:00:00,A,DW_NEW,NR,PT,2020,21884,,
ESTAT:PRC_HPI_HSNA(1.0),02/07/26 11:00:00,A,DW_NEW,NR,PT,2021,24774,,
ESTAT:PRC_HPI_HSNA(1.0),02/07/26 11:00:00,A,DW_NEW,NR,PT,2022,26755,,
ESTAT:PRC_HPI_HSNA(1.0),02/07/26 11:00:00,A,DW_NEW,NR,PT,2023,24813,,
ESTAT:PRC_HPI_HSNA(1.0),02/07/26 11:00:00,A,DW_NEW,NR,PT,2024,27519,,
ESTAT:PRC_HPI_HSNA(1.0),02/07/26 11:00:00,A,DW_NEW,NR,PT,2025,29444,,
ESTAT:PRC_HPI_HSNA(1.0),02/07/26 11:00:00,A,DW_NEW,NR,SI,2014,714,,
ESTAT:PRC_HPI_HSNA(1.0),02/07/26 11:00:00,A,DW_NEW,NR,SI,2015,1054,,
ESTAT:PRC_HPI_HSNA(1.0),02/07/26 11:00:00,A,DW_NEW,NR,SI,2016,972,,
ESTAT:PRC_HPI_HSNA(1.0),02/07/26 11:00:00,A,DW_NEW,NR,SI,2017,1246,,
ESTAT:PRC_HPI_HSNA(1.0),02/07/26 11:00:00,A,DW_NEW,NR,SI,2018,1078,,
ESTAT:PRC_HPI_HSNA(1.0),02/07/26 11:00:00,A,DW_NEW,NR,SI,2019,714,,
ESTAT:PRC_HPI_HSNA(1.0),02/07/26 11:00:00,A,DW_NEW,NR,SI,2020,356,,
ESTAT:PRC_HPI_HSNA(1.0),02/07/26 11:00:00,A,DW_NEW,NR,SI,2021,820,,
ESTAT:PRC_HPI_HSNA(1.0),02/07/26 11:00:00,A,DW_NEW,NR,SI,2022,571,,
ESTAT:PRC_HPI_HSNA(1.0),02/07/26 11:00:00,A,DW_NEW,NR,SI,2023,839,,
ESTAT:PRC_HPI_HSNA(1.0),02/07/26 11:00:00,A,DW_NEW,NR,SI,2024,764,,
ESTAT:PRC_HPI_HSNA(1.0),02/07/26 11:00:00,A,DW_NEW,NR,SI,2025,675,,
ESTAT:PRC_HPI_HSNA(1.0),02/07/26 11:00:00,A,DW_NEW,RCH_A_AVG,AT,2016,3.3,,
ESTAT:PRC_HPI_HSNA(1.0),02/07/26 11:00:00,A,DW_NEW,RCH_A_AVG,AT,2017,7.7,,
ESTAT:PRC_HPI_HSNA(1.0),02/07/26 11:00:00,A,DW_NEW,RCH_A_AVG,AT,2018,3.5,,
ESTAT:PRC_HPI_HSNA(1.0),02/07/26 11:00:00,A,DW_NEW,RCH_A_AVG,AT,2019,30.5,,
ESTAT:PRC_HPI_HSNA(1.0),02/07/26 11:00:00,A,DW_NEW,RCH_A_AVG,AT,2020,14.7,,
ESTAT:PRC_HPI_HSNA(1.0),02/07/26 11:00:00,A,DW_NEW,RCH_A_AVG,AT,2021,7.6,,
ESTAT:PRC_HPI_HSNA(1.0),02/07/26 11:00:00,A,DW_NEW,RCH_A_AVG,AT,2022,-28.3,,
ESTAT:PRC_HPI_HSNA(1.0),02/07/26 11:00:00,A,DW_NEW,RCH_A_AVG,AT,2023,-52.4,,
ESTAT:PRC_HPI_HSNA(1.0),02/07/26 11:00:00,A,DW_NEW,RCH_A_AVG,AT,2024,3.3,p,
ESTAT:PRC_HPI_HSNA(1.0),02/07/26 11:00:00,A,DW_NEW,RCH_A_AVG,AT,2025,32.0,ep,
ESTAT:PRC_HPI_HSNA(1.0),02/07/26 11:00:00,A,DW_NEW,RCH_A_AVG,BG,2018,4.5,,
ESTAT:PRC_HPI_HSNA(1.0),02/07/26 11:00:00,A,DW_NEW,RCH_A_AVG,BG,2019,10.4,,
ESTAT:PRC_HPI_HSNA(1.0),02/07/26 11:00:00,A,DW_NEW,RCH_A_AVG,BG,2020,1.3,,
ESTAT:PRC_HPI_HSNA(1.0),02/07/26 11:00:00,A,DW_NEW,RCH_A_AVG,BG,2021,29.7,,
ESTAT:PRC_HPI_HSNA(1.0),02/07/26 11:00:00,A,DW_NEW,RCH_A_AVG,BG,2022,8.3,,
ESTAT:PRC_HPI_HSNA(1.0),02/07/26 11:00:00,A,DW_NEW,RCH_A_AVG,BG,2023,-13.3,,
ESTAT:PRC_HPI_HSNA(1.0),02/07/26 11:00:00,A,DW_NEW,RCH_A_AVG,BG,2024,12.8,,
ESTAT:PRC_HPI_HSNA(1.0),02/07/26 11:00:00,A,DW_NEW,RCH_A_AVG,BG,2025,4.0,,
ESTAT:PRC_HPI_HSNA(1.0),02/07/26 11:00:00,A,DW_NEW,RCH_A_AVG,ES,2009,-33.2,,
ESTAT:PRC_HPI_HSNA(1.0),02/07/26 11:00:00,A,DW_NEW,RCH_A_AVG,ES,2010,-14.5,,
ESTAT:PRC_HPI_HSNA(1.0),02/07/26 11:00:00,A,DW_NEW,RCH_A_AVG,ES,2011,-46.3,,
ESTAT:PRC_HPI_HSNA(1.0),02/07/26 11:00:00,A,DW_NEW,RCH_A_AVG,ES,2012,-15.6,,
ESTAT:PRC_HPI_HSNA(1.0),02/07/26 11:00:00,A,DW_NEW,RCH_A_AVG,ES,2013,-51.3,,
ESTAT:PRC_HPI_HSNA(1.0),02/07/26 11:00:00,A,DW_NEW,RCH_A_AVG,ES,2014,15.3,,
ESTAT:PRC_HPI_HSNA(1.0),02/07/26 11:00:00,A,DW_NEW,RCH_A_AVG,ES,2015,-8.6,,
ESTAT:PRC_HPI_HSNA(1.0),02/07/26 11:00:00,A,DW_NEW,RCH_A_AVG,ES,2016,0.4,,
ESTAT:PRC_HPI_HSNA(1.0),02/07/26 11:00:00,A,DW_NEW,RCH_A_AVG,ES,2017,12.6,,
ESTAT:PRC_HPI_HSNA(1.0),02/07/26 11:00:00,A,DW_NEW,RCH_A_AVG,ES,2018,15.6,,
ESTAT:PRC_HPI_HSNA(1.0),02/07/26 11:00:00,A,DW_NEW,RCH_A_AVG,ES,2019,1.7,,
ESTAT:PRC_HPI_HSNA(1.0),02/07/26 11:00:00,A,DW_NEW,RCH_A_AVG,ES,2020,11.6,,
ESTAT:PRC_HPI_HSNA(1.0),02/07/26 11:00:00,A,DW_NEW,RCH_A_AVG,ES,2021,18.6,,
ESTAT:PRC_HPI_HSNA(1.0),02/07/26 11:00:00,A,DW_NEW,RCH_A_AVG,ES,2022,-3.4,,
ESTAT:PRC_HPI_HSNA(1.0),02/07/26 11:00:00,A,DW_NEW,RCH_A_AVG,ES,2023,-12.5,,
ESTAT:PRC_HPI_HSNA(1.0),02/07/26 11:00:00,A,DW_NEW,RCH_A_AVG,ES,2024,6.4,,
ESTAT:PRC_HPI_HSNA(1.0),02/07/26 11:00:00,A,DW_NEW,RCH_A_AVG,ES,2025,2.1,,
ESTAT:PRC_HPI_HSNA(1.0),02/07/26 11:00:00,A,DW_NEW,RCH_A_AVG,FI,2016,19.9,,
ESTAT:PRC_HPI_HSNA(1.0),02/07/26 11:00:00,A,DW_NEW,RCH_A_AVG,FI,2017,16.4,,
ESTAT:PRC_HPI_HSNA(1.0),02/07/26 11:00:00,A,DW_NEW,RCH_A_AVG,FI,2018,6.8,,
ESTAT:PRC_HPI_HSNA(1.0),02/07/26 11:00:00,A,DW_NEW,RCH_A_AVG,FI,2019,10.5,,
ESTAT:PRC_HPI_HSNA(1.0),02/07/26 11:00:00,A,DW_NEW,RCH_A_AVG,FI,2020,6.0,,
ESTAT:PRC_HPI_HSNA(1.0),02/07/26 11:00:00,A,DW_NEW,RCH_A_AVG,FI,2021,-6.7,,
ESTAT:PRC_HPI_HSNA(1.0),02/07/26 11:00:00,A,DW_NEW,RCH_A_AVG,FI,2022,-9.6,,
ESTAT:PRC_HPI_HSNA(1.0),02/07/26 11:00:00,A,DW_NEW,RCH_A_AVG,FI,2023,-27.6,,
ESTAT:PRC_HPI_HSNA(1.0),02/07/26 11:00:00,A,DW_NEW,RCH_A_AVG,FI,2024,-50.4,,
ESTAT:PRC_HPI_HSNA(1.0),02/07/26 11:00:00,A,DW_NEW,RCH_A_AVG,FI,2025,-22.3,,
ESTAT:PRC_HPI_HSNA(1.0),02/07/26 11:00:00,A,DW_NEW,RCH_A_AVG,FR,2007,-1.0,,
ESTAT:PRC_HPI_HSNA(1.0),02/07/26 11:00:00,A,DW_NEW,RCH_A_AVG,FR,2008,-35.3,,
ESTAT:PRC_HPI_HSNA(1.0),02/07/26 11:00:00,A,DW_NEW,RCH_A_AVG,FR,2009,31.9,,
ESTAT:PRC_HPI_HSNA(1.0),02/07/26 11:00:00,A,DW_NEW,RCH_A_AVG,FR,2010,6.6,,
ESTAT:PRC_HPI_HSNA(1.0),02/07/26 11:00:00,A,DW_NEW,RCH_A_AVG,FR,2011,-10.8,,
ESTAT:PRC_HPI_HSNA(1.0),02/07/26 11:00:00,A,DW_NEW,RCH_A_AVG,FR,2012,-12.9,,
ESTAT:PRC_HPI_HSNA(1.0),02/07/26 11:00:00,A,DW_NEW,RCH_A_AVG,FR,2013,-0.6,,
ESTAT:PRC_HPI_HSNA(1.0),02/07/26 11:00:00,A,DW_NEW,RCH_A_AVG,FR,2014,-3.5,,
ESTAT:PRC_HPI_HSNA(1.0),02/07/26 11:00:00,A,DW_NEW,RCH_A_AVG,FR,2015,17.5,,
ESTAT:PRC_HPI_HSNA(1.0),02/07/26 11:00:00,A,DW_NEW,RCH_A_AVG,FR,2016,23.9,,
ESTAT:PRC_HPI_HSNA(1.0),02/07/26 11:00:00,A,DW_NEW,RCH_A_AVG,FR,2017,4.4,,
ESTAT:PRC_HPI_HSNA(1.0),02/07/26 11:00:00,A,DW_NEW,RCH_A_AVG,FR,2018,-2.1,,
ESTAT:PRC_HPI_HSNA(1.0),02/07/26 11:00:00,A,DW_NEW,RCH_A_AVG,FR,2019,1.9,,
ESTAT:PRC_HPI_HSNA(1.0),02/07/26 11:00:00,A,DW_NEW,RCH_A_AVG,FR,2020,-20.8,,
ESTAT:PRC_HPI_HSNA(1.0),02/07/26 11:00:00,A,DW_NEW,RCH_A_AVG,FR,2021,14.9,,
ESTAT:PRC_HPI_HSNA(1.0),02/07/26 11:00:00,A,DW_NEW,RCH_A_AVG,FR,2022,-11.2,,
ESTAT:PRC_HPI_HSNA(1.0),02/07/26 11:00:00,A,DW_NEW,RCH_A_AVG,FR,2023,-36.6,,
ESTAT:PRC_HPI_HSNA(1.0),02/07/26 11:00:00,A,DW_NEW,RCH_A_AVG,FR,2024,-9.8,,
ESTAT:PRC_HPI_HSNA(1.0),02/07/26 11:00:00,A,DW_NEW,RCH_A_AVG,FR,2025,-4.6,,
ESTAT:PRC_HPI_HSNA(1.0),02/07/26 11:00:00,A,DW_NEW,RCH_A_AVG,HR,2009,-7.6,,
ESTAT:PRC_HPI_HSNA(1.0),02/07/26 11:00:00,A,DW_NEW,RCH_A_AVG,HR,2010,-11.3,,
ESTAT:PRC_HPI_HSNA(1.0),02/07/26 11:00:00,A,DW_NEW,RCH_A_AVG,HR,2011,-4.9,,
ESTAT:PRC_HPI_HSNA(1.0),02/07/26 11:00:00,A,DW_NEW,RCH_A_AVG,HR,2012,17.4,,
ESTAT:PRC_HPI_HSNA(1.0),02/07/26 11:00:00,A,DW_NEW,RCH_A_AVG,HR,2013,-17.2,,
ESTAT:PRC_HPI_HSNA(1.0),02/07/26 11:00:00,A,DW_NEW,RCH_A_AVG,HR,2014,-8.6,,
ESTAT:PRC_HPI_HSNA(1.0),02/07/26 11:00:00,A,DW_NEW,RCH_A_AVG,HR,2015,-55.6,,
ESTAT:PRC_HPI_HSNA(1.0),02/07/26 11:00:00,A,DW_NEW,RCH_A_AVG,HR,2016,30.5,,
ESTAT:PRC_HPI_HSNA(1.0),02/07/26 11:00:00,A,DW_NEW,RCH_A_AVG,HR,2017,17.8,,
ESTAT:PRC_HPI_HSNA(1.0),02/07/26 11:00:00,A,DW_NEW,RCH_A_AVG,HR,2018,5.0,,
ESTAT:PRC_HPI_HSNA(1.0),02/07/26 11:00:00,A,DW_NEW,RCH_A_AVG,HR,2019,19.7,,
ESTAT:PRC_HPI_HSNA(1.0),02/07/26 11:00:00,A,DW_NEW,RCH_A_AVG,HR,2020,19.7,,
ESTAT:PRC_HPI_HSNA(1.0),02/07/26 11:00:00,A,DW_NEW,RCH_A_AVG,HR,2021,29.3,,
ESTAT:PRC_HPI_HSNA(1.0),02/07/26 11:00:00,A,DW_NEW,RCH_A_AVG,HR,2022,-1.5,,
ESTAT:PRC_HPI_HSNA(1.0),02/07/26 11:00:00,A,DW_NEW,RCH_A_AVG,HR,2023,-10.2,,
ESTAT:PRC_HPI_HSNA(1.0),02/07/26 11:00:00,A,DW_NEW,RCH_A_AVG,HR,2024,-6.3,,
ESTAT:PRC_HPI_HSNA(1.0),02/07/26 11:00:00,A,DW_NEW,RCH_A_AVG,HR,2025,4.1,,
ESTAT:PRC_HPI_HSNA(1.0),02/07/26 11:00:00,A,DW_NEW,RCH_A_AVG,HU,2008,120.2,,
ESTAT:PRC_HPI_HSNA(1.0),02/07/26 11:00:00,A,DW_NEW,RCH_A_AVG,HU,2009,-41.4,,
ESTAT:PRC_HPI_HSNA(1.0),02/07/26 11:00:00,A,DW_NEW,RCH_A_AVG,HU,2010,-42.1,,
ESTAT:PRC_HPI_HSNA(1.0),02/07/26 11:00:00,A,DW_NEW,RCH_A_AVG,HU,2011,-19.2,,
ESTAT:PRC_HPI_HSNA(1.0),02/07/26 11:00:00,A,DW_NEW,RCH_A_AVG,HU,2012,-31.9,,
ESTAT:PRC_HPI_HSNA(1.0),02/07/26 11:00:00,A,DW_NEW,RCH_A_AVG,HU,2013,-12.9,,
ESTAT:PRC_HPI_HSNA(1.0),02/07/26 11:00:00,A,DW_NEW,RCH_A_AVG,HU,2014,44.2,,
ESTAT:PRC_HPI_HSNA(1.0),02/07/26 11:00:00,A,DW_NEW,RCH_A_AVG,HU,2015,1.8,,
ESTAT:PRC_HPI_HSNA(1.0),02/07/26 11:00:00,A,DW_NEW,RCH_A_AVG,HU,2016,44.3,,
ESTAT:PRC_HPI_HSNA(1.0),02/07/26 11:00:00,A,DW_NEW,RCH_A_AVG,HU,2017,25.5,,
ESTAT:PRC_HPI_HSNA(1.0),02/07/26 11:00:00,A,DW_NEW,RCH_A_AVG,HU,2018,49.2,,
ESTAT:PRC_HPI_HSNA(1.0),02/07/26 11:00:00,A,DW_NEW,RCH_A_AVG,HU,2019,23.5,,
ESTAT:PRC_HPI_HSNA(1.0),02/07/26 11:00:00,A,DW_NEW,RCH_A_AVG,HU,2020,-19.6,,
ESTAT:PRC_HPI_HSNA(1.0),02/07/26 11:00:00,A,DW_NEW,RCH_A_AVG,HU,2021,32.3,,
ESTAT:PRC_HPI_HSNA(1.0),02/07/26 11:00:00,A,DW_NEW,RCH_A_AVG,HU,2022,-10.5,,
ESTAT:PRC_HPI_HSNA(1.0),02/07/26 11:00:00,A,DW_NEW,RCH_A_AVG,HU,2023,-41.9,,
ESTAT:PRC_HPI_HSNA(1.0),02/07/26 11:00:00,A,DW_NEW,RCH_A_AVG,HU,2024,19.8,,
ESTAT:PRC_HPI_HSNA(1.0),02/07/26 11:00:00,A,DW_NEW,RCH_A_AVG,HU,2025,33.6,ep,
ESTAT:PRC_HPI_HSNA(1.0),02/07/26 11:00:00,A,DW_NEW,RCH_A_AVG,IE,2011,-51.2,,
ESTAT:PRC_HPI_HSNA(1.0),02/07/26 11:00:00,A,DW_NEW,RCH_A_AVG,IE,2012,13.4,,
ESTAT:PRC_HPI_HSNA(1.0),02/07/26 11:00:00,A,DW_NEW,RCH_A_AVG,IE,2013,10.4,,
ESTAT:PRC_HPI_HSNA(1.0),02/07/26 11:00:00,A,DW_NEW,RCH_A_AVG,IE,2014,49.5,,
ESTAT:PRC_HPI_HSNA(1.0),02/07/26 11:00:00,A,DW_NEW,RCH_A_AVG,IE,2015,3.7,,
ESTAT:PRC_HPI_HSNA(1.0),02/07/26 11:00:00,A,DW_NEW,RCH_A_AVG,IE,2016,19.8,,
ESTAT:PRC_HPI_HSNA(1.0),02/07/26 11:00:00,A,DW_NEW,RCH_A_AVG,IE,2017,33.9,,
ESTAT:PRC_HPI_HSNA(1.0),02/07/26 11:00:00,A,DW_NEW,RCH_A_AVG,IE,2018,16.7,,
ESTAT:PRC_HPI_HSNA(1.0),02/07/26 11:00:00,A,DW_NEW,RCH_A_AVG,IE,2019,1.6,,
ESTAT:PRC_HPI_HSNA(1.0),02/07/26 11:00:00,A,DW_NEW,RCH_A_AVG,IE,2020,-18.3,,
ESTAT:PRC_HPI_HSNA(1.0),02/07/26 11:00:00,A,DW_NEW,RCH_A_AVG,IE,2021,6.3,,
ESTAT:PRC_HPI_HSNA(1.0),02/07/26 11:00:00,A,DW_NEW,RCH_A_AVG,IE,2022,19.9,,
ESTAT:PRC_HPI_HSNA(1.0),02/07/26 11:00:00,A,DW_NEW,RCH_A_AVG,IE,2023,4.9,,
ESTAT:PRC_HPI_HSNA(1.0),02/07/26 11:00:00,A,DW_NEW,RCH_A_AVG,IE,2024,8.2,,
ESTAT:PRC_HPI_HSNA(1.0),02/07/26 11:00:00,A,DW_NEW,RCH_A_AVG,IE,2025,18.5,,
ESTAT:PRC_HPI_HSNA(1.0),02/07/26 11:00:00,A,DW_NEW,RCH_A_AVG,LT,2024,-23.1,,
ESTAT:PRC_HPI_HSNA(1.0),02/07/26 11:00:00,A,DW_NEW,RCH_A_AVG,LT,2025,21.5,,
ESTAT:PRC_HPI_HSNA(1.0),02/07/26 11:00:00,A,DW_NEW,RCH_A_AVG,LU,2015,-2.0,,
ESTAT:PRC_HPI_HSNA(1.0),02/07/26 11:00:00,A,DW_NEW,RCH_A_AVG,LU,2016,-6.1,,
ESTAT:PRC_HPI_HSNA(1.0),02/07/26 11:00:00,A,DW_NEW,RCH_A_AVG,LU,2017,15.3,,
ESTAT:PRC_HPI_HSNA(1.0),02/07/26 11:00:00,A,DW_NEW,RCH_A_AVG,LU,2018,5.9,,
ESTAT:PRC_HPI_HSNA(1.0),02/07/26 11:00:00,A,DW_NEW,RCH_A_AVG,LU,2019,10.1,,
ESTAT:PRC_HPI_HSNA(1.0),02/07/26 11:00:00,A,DW_NEW,RCH_A_AVG,LU,2020,-9.4,,
ESTAT:PRC_HPI_HSNA(1.0),02/07/26 11:00:00,A,DW_NEW,RCH_A_AVG,LU,2021,-16.6,,
ESTAT:PRC_HPI_HSNA(1.0),02/07/26 11:00:00,A,DW_NEW,RCH_A_AVG,LU,2022,-26.5,,
ESTAT:PRC_HPI_HSNA(1.0),02/07/26 11:00:00,A,DW_NEW,RCH_A_AVG,LU,2023,-68.3,,
ESTAT:PRC_HPI_HSNA(1.0),02/07/26 11:00:00,A,DW_NEW,RCH_A_AVG,LU,2024,39.3,,
ESTAT:PRC_HPI_HSNA(1.0),02/07/26 11:00:00,A,DW_NEW,RCH_A_AVG,LU,2025,36.2,,
ESTAT:PRC_HPI_HSNA(1.0),02/07/26 11:00:00,A,DW_NEW,RCH_A_AVG,LV,2021,3.9,,
ESTAT:PRC_HPI_HSNA(1.0),02/07/26 11:00:00,A,DW_NEW,RCH_A_AVG,LV,2022,10.3,,
ESTAT:PRC_HPI_HSNA(1.0),02/07/26 11:00:00,A,DW_NEW,RCH_A_AVG,LV,2023,-24.6,,
ESTAT:PRC_HPI_HSNA(1.0),02/07/26 11:00:00,A,DW_NEW,RCH_A_AVG,LV,2024,-24.0,,
ESTAT:PRC_HPI_HSNA(1.0),02/07/26 11:00:00,A,DW_NEW,RCH_A_AVG,LV,2025,32.7,,
ESTAT:PRC_HPI_HSNA(1.0),02/07/26 11:00:00,A,DW_NEW,RCH_A_AVG,NL,2016,5.1,,
ESTAT:PRC_HPI_HSNA(1.0),02/07/26 11:00:00,A,DW_NEW,RCH_A_AVG,NL,2017,12.5,,
ESTAT:PRC_HPI_HSNA(1.0),02/07/26 11:00:00,A,DW_NEW,RCH_A_AVG,NL,2018,-9.8,,
ESTAT:PRC_HPI_HSNA(1.0),02/07/26 11:00:00,A,DW_NEW,RCH_A_AVG,NL,2019,-11.7,,
ESTAT:PRC_HPI_HSNA(1.0),02/07/26 11:00:00,A,DW_NEW,RCH_A_AVG,NL,2020,30.1,,
ESTAT:PRC_HPI_HSNA(1.0),02/07/26 11:00:00,A,DW_NEW,RCH_A_AVG,NL,2021,5.6,,
ESTAT:PRC_HPI_HSNA(1.0),02/07/26 11:00:00,A,DW_NEW,RCH_A_AVG,NL,2022,-26.6,,
ESTAT:PRC_HPI_HSNA(1.0),02/07/26 11:00:00,A,DW_NEW,RCH_A_AVG,NL,2023,-33.0,,
ESTAT:PRC_HPI_HSNA(1.0),02/07/26 11:00:00,A,DW_NEW,RCH_A_AVG,NL,2024,58.2,,
ESTAT:PRC_HPI_HSNA(1.0),02/07/26 11:00:00,A,DW_NEW,RCH_A_AVG,NL,2025,0.1,p,
ESTAT:PRC_HPI_HSNA(1.0),02/07/26 11:00:00,A,DW_NEW,RCH_A_AVG,NO,2018,19.8,,
ESTAT:PRC_HPI_HSNA(1.0),02/07/26 11:00:00,A,DW_NEW,RCH_A_AVG,NO,2019,-3.9,,
ESTAT:PRC_HPI_HSNA(1.0),02/07/26 11:00:00,A,DW_NEW,RCH_A_AVG,NO,2020,-8.9,,
ESTAT:PRC_HPI_HSNA(1.0),02/07/26 11:00:00,A,DW_NEW,RCH_A_AVG,NO,2021,11.3,p,
ESTAT:PRC_HPI_HSNA(1.0),02/07/26 11:00:00,A,DW_NEW,RCH_A_AVG,NO,2022,-6.5,p,
ESTAT:PRC_HPI_HSNA(1.0),02/07/26 11:00:00,A,DW_NEW,RCH_A_AVG,NO,2023,-4.0,p,
ESTAT:PRC_HPI_HSNA(1.0),02/07/26 11:00:00,A,DW_NEW,RCH_A_AVG,NO,2024,-17.3,p,
ESTAT:PRC_HPI_HSNA(1.0),02/07/26 11:00:00,A,DW_NEW,RCH_A_AVG,NO,2025,-9.7,p,
ESTAT:PRC_HPI_HSNA(1.0),02/07/26 11:00:00,A,DW_NEW,RCH_A_AVG,PL,2016,8.4,,
ESTAT:PRC_HPI_HSNA(1.0),02/07/26 11:00:00,A,DW_NEW,RCH_A_AVG,PL,2017,8.8,,
ESTAT:PRC_HPI_HSNA(1.0),02/07/26 11:00:00,A,DW_NEW,RCH_A_AVG,PL,2018,21.0,,
ESTAT:PRC_HPI_HSNA(1.0),02/07/26 11:00:00,A,DW_NEW,RCH_A_AVG,PL,2019,-1.9,,
ESTAT:PRC_HPI_HSNA(1.0),02/07/26 11:00:00,A,DW_NEW,RCH_A_AVG,PL,2020,6.3,,
ESTAT:PRC_HPI_HSNA(1.0),02/07/26 11:00:00,A,DW_NEW,RCH_A_AVG,PL,2021,18.9,,
ESTAT:PRC_HPI_HSNA(1.0),02/07/26 11:00:00,A,DW_NEW,RCH_A_AVG,PL,2022,5.7,,
ESTAT:PRC_HPI_HSNA(1.0),02/07/26 11:00:00,A,DW_NEW,RCH_A_AVG,PL,2023,2.6,,
ESTAT:PRC_HPI_HSNA(1.0),02/07/26 11:00:00,A,DW_NEW,RCH_A_AVG,PL,2024,-4.0,,
ESTAT:PRC_HPI_HSNA(1.0),02/07/26 11:00:00,A,DW_NEW,RCH_A_AVG,PL,2025,-6.1,p,
ESTAT:PRC_HPI_HSNA(1.0),02/07/26 11:00:00,A,DW_NEW,RCH_A_AVG,PT,2010,3.5,e,
ESTAT:PRC_HPI_HSNA(1.0),02/07/26 11:00:00,A,DW_NEW,RCH_A_AVG,PT,2011,-37.0,e,
ESTAT:PRC_HPI_HSNA(1.0),02/07/26 11:00:00,A,DW_NEW,RCH_A_AVG,PT,2012,-27.9,e,
ESTAT:PRC_HPI_HSNA(1.0),02/07/26 11:00:00,A,DW_NEW,RCH_A_AVG,PT,2013,0.7,e,
ESTAT:PRC_HPI_HSNA(1.0),02/07/26 11:00:00,A,DW_NEW,RCH_A_AVG,PT,2014,-6.1,e,
ESTAT:PRC_HPI_HSNA(1.0),02/07/26 11:00:00,A,DW_NEW,RCH_A_AVG,PT,2015,9.0,e,
ESTAT:PRC_HPI_HSNA(1.0),02/07/26 11:00:00,A,DW_NEW,RCH_A_AVG,PT,2016,1.0,e,
ESTAT:PRC_HPI_HSNA(1.0),02/07/26 11:00:00,A,DW_NEW,RCH_A_AVG,PT,2017,10.7,e,
ESTAT:PRC_HPI_HSNA(1.0),02/07/26 11:00:00,A,DW_NEW,RCH_A_AVG,PT,2018,11.5,e,
ESTAT:PRC_HPI_HSNA(1.0),02/07/26 11:00:00,A,DW_NEW,RCH_A_AVG,PT,2019,-3.1,e,
ESTAT:PRC_HPI_HSNA(1.0),02/07/26 11:00:00,A,DW_NEW,RCH_A_AVG,PT,2020,2.9,,
ESTAT:PRC_HPI_HSNA(1.0),02/07/26 11:00:00,A,DW_NEW,RCH_A_AVG,PT,2021,13.2,,
ESTAT:PRC_HPI_HSNA(1.0),02/07/26 11:00:00,A,DW_NEW,RCH_A_AVG,PT,2022,8.0,,
ESTAT:PRC_HPI_HSNA(1.0),02/07/26 11:00:00,A,DW_NEW,RCH_A_AVG,PT,2023,-7.3,,
ESTAT:PRC_HPI_HSNA(1.0),02/07/26 11:00:00,A,DW_NEW,RCH_A_AVG,PT,2024,10.9,,
ESTAT:PRC_HPI_HSNA(1.0),02/07/26 11:00:00,A,DW_NEW,RCH_A_AVG,PT,2025,7.0,,
ESTAT:PRC_HPI_HSNA(1.0),02/07/26 11:00:00,A,DW_NEW,RCH_A_AVG,SI,2015,47.6,,
ESTAT:PRC_HPI_HSNA(1.0),02/07/26 11:00:00,A,DW_NEW,RCH_A_AVG,SI,2016,-7.8,,
ESTAT:PRC_HPI_HSNA(1.0),02/07/26 11:00:00,A,DW_NEW,RCH_A_AVG,SI,2017,28.2,,
ESTAT:PRC_HPI_HSNA(1.0),02/07/26 11:00:00,A,DW_NEW,RCH_A_AVG,SI,2018,-13.5,,
ESTAT:PRC_HPI_HSNA(1.0),02/07/26 11:00:00,A,DW_NEW,RCH_A_AVG,SI,2019,-33.8,,
ESTAT:PRC_HPI_HSNA(1.0),02/07/26 11:00:00,A,DW_NEW,RCH_A_AVG,SI,2020,-50.1,,
ESTAT:PRC_HPI_HSNA(1.0),02/07/26 11:00:00,A,DW_NEW,RCH_A_AVG,SI,2021,130.3,,
ESTAT:PRC_HPI_HSNA(1.0),02/07/26 11:00:00,A,DW_NEW,RCH_A_AVG,SI,2022,-30.4,,
ESTAT:PRC_HPI_HSNA(1.0),02/07/26 11:00:00,A,DW_NEW,RCH_A_AVG,SI,2023,46.9,,
ESTAT:PRC_HPI_HSNA(1.0),02/07/26 11:00:00,A,DW_NEW,RCH_A_AVG,SI,2024,-8.9,,
ESTAT:PRC_HPI_HSNA(1.0),02/07/26 11:00:00,A,DW_NEW,RCH_A_AVG,SI,2025,-11.6,,
ESTAT:PRC_HPI_HSNA(1.0),02/07/26 11:00:00,A,TOTAL,I25_A_AVG,AT,2015,100.24,p,
ESTAT:PRC_HPI_HSNA(1.0),02/07/26 11:00:00,A,TOTAL,I25_A_AVG,AT,2016,94.41,p,
ESTAT:PRC_HPI_HSNA(1.0),02/07/26 11:00:00,A,TOTAL,I25_A_AVG,AT,2017,99.27,p,
ESTAT:PRC_HPI_HSNA(1.0),02/07/26 11:00:00,A,TOTAL,I25_A_AVG,AT,2018,100.63,p,
ESTAT:PRC_HPI_HSNA(1.0),02/07/26 11:00:00,A,TOTAL,I25_A_AVG,AT,2019,110.93,p,
ESTAT:PRC_HPI_HSNA(1.0),02/07/26 11:00:00,A,TOTAL,I25_A_AVG,AT,2020,116.59,p,
ESTAT:PRC_HPI_HSNA(1.0),02/07/26 11:00:00,A,TOTAL,I25_A_AVG,AT,2021,123.25,p,
ESTAT:PRC_HPI_HSNA(1.0),02/07/26 11:00:00,A,TOTAL,I25_A_AVG,AT,2022,102.49,p,
ESTAT:PRC_HPI_HSNA(1.0),02/07/26 11:00:00,A,TOTAL,I25_A_AVG,AT,2023,74.60,p,
ESTAT:PRC_HPI_HSNA(1.0),02/07/26 11:00:00,A,TOTAL,I25_A_AVG,AT,2024,82.41,p,
ESTAT:PRC_HPI_HSNA(1.0),02/07/26 11:00:00,A,TOTAL,I25_A_AVG,AT,2025,100.00,ep,
ESTAT:PRC_HPI_HSNA(1.0),02/07/26 11:00:00,A,TOTAL,I25_A_AVG,BE,2010,74.57,d,
ESTAT:PRC_HPI_HSNA(1.0),02/07/26 11:00:00,A,TOTAL,I25_A_AVG,BE,2011,82.35,d,
ESTAT:PRC_HPI_HSNA(1.0),02/07/26 11:00:00,A,TOTAL,I25_A_AVG,BE,2012,80.01,d,
ESTAT:PRC_HPI_HSNA(1.0),02/07/26 11:00:00,A,TOTAL,I25_A_AVG,BE,2013,77.89,d,
ESTAT:PRC_HPI_HSNA(1.0),02/07/26 11:00:00,A,TOTAL,I25_A_AVG,BE,2014,87.89,d,
ESTAT:PRC_HPI_HSNA(1.0),02/07/26 11:00:00,A,TOTAL,I25_A_AVG,BE,2015,65.50,d,
ESTAT:PRC_HPI_HSNA(1.0),02/07/26 11:00:00,A,TOTAL,I25_A_AVG,BE,2016,77.84,d,
ESTAT:PRC_HPI_HSNA(1.0),02/07/26 11:00:00,A,TOTAL,I25_A_AVG,BE,2017,83.55,d,
ESTAT:PRC_HPI_HSNA(1.0),02/07/26 11:00:00,A,TOTAL,I25_A_AVG,BE,2018,87.92,d,
ESTAT:PRC_HPI_HSNA(1.0),02/07/26 11:00:00,A,TOTAL,I25_A_AVG,BE,2019,100.74,d,
ESTAT:PRC_HPI_HSNA(1.0),02/07/26 11:00:00,A,TOTAL,I25_A_AVG,BE,2020,82.95,d,
ESTAT:PRC_HPI_HSNA(1.0),02/07/26 11:00:00,A,TOTAL,I25_A_AVG,BE,2021,98.40,d,
ESTAT:PRC_HPI_HSNA(1.0),02/07/26 11:00:00,A,TOTAL,I25_A_AVG,BE,2022,100.14,d,
ESTAT:PRC_HPI_HSNA(1.0),02/07/26 11:00:00,A,TOTAL,I25_A_AVG,BE,2023,82.03,d,
ESTAT:PRC_HPI_HSNA(1.0),02/07/26 11:00:00,A,TOTAL,I25_A_AVG,BE,2024,83.21,d,
ESTAT:PRC_HPI_HSNA(1.0),02/07/26 11:00:00,A,TOTAL,I25_A_AVG,BE,2025,100.00,d,
ESTAT:PRC_HPI_HSNA(1.0),02/07/26 11:00:00,A,TOTAL,I25_A_AVG,BG,2017,70.47,,
ESTAT:PRC_HPI_HSNA(1.0),02/07/26 11:00:00,A,TOTAL,I25_A_AVG,BG,2018,73.07,,
ESTAT:PRC_HPI_HSNA(1.0),02/07/26 11:00:00,A,TOTAL,I25_A_AVG,BG,2019,75.93,,
ESTAT:PRC_HPI_HSNA(1.0),02/07/26 11:00:00,A,TOTAL,I25_A_AVG,BG,2020,68.63,,
ESTAT:PRC_HPI_HSNA(1.0),02/07/26 11:00:00,A,TOTAL,I25_A_AVG,BG,2021,95.41,,
ESTAT:PRC_HPI_HSNA(1.0),02/07/26 11:00:00,A,TOTAL,I25_A_AVG,BG,2022,100.99,,
ESTAT:PRC_HPI_HSNA(1.0),02/07/26 11:00:00,A,TOTAL,I25_A_AVG,BG,2023,97.17,,
ESTAT:PRC_HPI_HSNA(1.0),02/07/26 11:00:00,A,TOTAL,I25_A_AVG,BG,2024,102.54,,
ESTAT:PRC_HPI_HSNA(1.0),02/07/26 11:00:00,A,TOTAL,I25_A_AVG,BG,2025,100.00,,
ESTAT:PRC_HPI_HSNA(1.0),02/07/26 11:00:00,A,TOTAL,I25_A_AVG,CY,2015,32.39,,
ESTAT:PRC_HPI_HSNA(1.0),02/07/26 11:00:00,A,TOTAL,I25_A_AVG,CY,2016,78.31,,
ESTAT:PRC_HPI_HSNA(1.0),02/07/26 11:00:00,A,TOTAL,I25_A_AVG,CY,2017,79.34,,
ESTAT:PRC_HPI_HSNA(1.0),02/07/26 11:00:00,A,TOTAL,I25_A_AVG,CY,2018,88.76,,
ESTAT:PRC_HPI_HSNA(1.0),02/07/26 11:00:00,A,TOTAL,I25_A_AVG,CY,2019,85.05,,
ESTAT:PRC_HPI_HSNA(1.0),02/07/26 11:00:00,A,TOTAL,I25_A_AVG,CY,2020,60.88,,
ESTAT:PRC_HPI_HSNA(1.0),02/07/26 11:00:00,A,TOTAL,I25_A_AVG,CY,2021,70.04,,
ESTAT:PRC_HPI_HSNA(1.0),02/07/26 11:00:00,A,TOTAL,I25_A_AVG,CY,2022,87.92,,
ESTAT:PRC_HPI_HSNA(1.0),02/07/26 11:00:00,A,TOTAL,I25_A_AVG,CY,2023,97.39,,
ESTAT:PRC_HPI_HSNA(1.0),02/07/26 11:00:00,A,TOTAL,I25_A_AVG,CY,2024,96.29,,
ESTAT:PRC_HPI_HSNA(1.0),02/07/26 11:00:00,A,TOTAL,I25_A_AVG,CY,2025,100.00,,
ESTAT:PRC_HPI_HSNA(1.0),02/07/26 11:00:00,A,TOTAL,I25_A_AVG,DK,2013,55.51,d,
ESTAT:PRC_HPI_HSNA(1.0),02/07/26 11:00:00,A,TOTAL,I25_A_AVG,DK,2014,63.05,d,
ESTAT:PRC_HPI_HSNA(1.0),02/07/26 11:00:00,A,TOTAL,I25_A_AVG,DK,2015,72.15,d,
ESTAT:PRC_HPI_HSNA(1.0),02/07/26 11:00:00,A,TOTAL,I25_A_AVG,DK,2016,76.56,d,
ESTAT:PRC_HPI_HSNA(1.0),02/07/26 11:00:00,A,TOTAL,I25_A_AVG,DK,2017,85.80,d,
ESTAT:PRC_HPI_HSNA(1.0),02/07/26 11:00:00,A,TOTAL,I25_A_AVG,DK,2018,84.68,d,
ESTAT:PRC_HPI_HSNA(1.0),02/07/26 11:00:00,A,TOTAL,I25_A_AVG,DK,2019,87.28,d,
ESTAT:PRC_HPI_HSNA(1.0),02/07/26 11:00:00,A,TOTAL,I25_A_AVG,DK,2020,104.85,d,
ESTAT:PRC_HPI_HSNA(1.0),02/07/26 11:00:00,A,TOTAL,I25_A_AVG,DK,2021,112.42,d,
ESTAT:PRC_HPI_HSNA(1.0),02/07/26 11:00:00,A,TOTAL,I25_A_AVG,DK,2022,84.55,,
ESTAT:PRC_HPI_HSNA(1.0),02/07/26 11:00:00,A,TOTAL,I25_A_AVG,DK,2023,84.42,,
ESTAT:PRC_HPI_HSNA(1.0),02/07/26 11:00:00,A,TOTAL,I25_A_AVG,DK,2024,88.74,d,
ESTAT:PRC_HPI_HSNA(1.0),02/07/26 11:00:00,A,TOTAL,I25_A_AVG,DK,2025,100.00,d,
ESTAT:PRC_HPI_HSNA(1.0),02/07/26 11:00:00,A,TOTAL,I25_A_AVG,ES,2008,68.37,,
ESTAT:PRC_HPI_HSNA(1.0),02/07/26 11:00:00,A,TOTAL,I25_A_AVG,ES,2009,54.26,,
ESTAT:PRC_HPI_HSNA(1.0),02/07/26 11:00:00,A,TOTAL,I25_A_AVG,ES,2010,61.76,,
ESTAT:PRC_HPI_HSNA(1.0),02/07/26 11:00:00,A,TOTAL,I25_A_AVG,ES,2011,41.25,,
ESTAT:PRC_HPI_HSNA(1.0),02/07/26 11:00:00,A,TOTAL,I25_A_AVG,ES,2012,42.35,,
ESTAT:PRC_HPI_HSNA(1.0),02/07/26 11:00:00,A,TOTAL,I25_A_AVG,ES,2013,35.76,,
ESTAT:PRC_HPI_HSNA(1.0),02/07/26 11:00:00,A,TOTAL,I25_A_AVG,ES,2014,46.77,,
ESTAT:PRC_HPI_HSNA(1.0),02/07/26 11:00:00,A,TOTAL,I25_A_AVG,ES,2015,51.42,,
ESTAT:PRC_HPI_HSNA(1.0),02/07/26 11:00:00,A,TOTAL,I25_A_AVG,ES,2016,59.03,,
ESTAT:PRC_HPI_HSNA(1.0),02/07/26 11:00:00,A,TOTAL,I25_A_AVG,ES,2017,68.45,,
ESTAT:PRC_HPI_HSNA(1.0),02/07/26 11:00:00,A,TOTAL,I25_A_AVG,ES,2018,75.37,,
ESTAT:PRC_HPI_HSNA(1.0),02/07/26 11:00:00,A,TOTAL,I25_A_AVG,ES,2019,74.19,,
ESTAT:PRC_HPI_HSNA(1.0),02/07/26 11:00:00,A,TOTAL,I25_A_AVG,ES,2020,64.95,,
ESTAT:PRC_HPI_HSNA(1.0),02/07/26 11:00:00,A,TOTAL,I25_A_AVG,ES,2021,90.46,,
ESTAT:PRC_HPI_HSNA(1.0),02/07/26 11:00:00,A,TOTAL,I25_A_AVG,ES,2022,95.90,,
ESTAT:PRC_HPI_HSNA(1.0),02/07/26 11:00:00,A,TOTAL,I25_A_AVG,ES,2023,84.38,,
ESTAT:PRC_HPI_HSNA(1.0),02/07/26 11:00:00,A,TOTAL,I25_A_AVG,ES,2024,94.88,,
ESTAT:PRC_HPI_HSNA(1.0),02/07/26 11:00:00,A,TOTAL,I25_A_AVG,ES,2025,100.00,,
ESTAT:PRC_HPI_HSNA(1.0),02/07/26 11:00:00,A,TOTAL,I25_A_AVG,FI,2015,112.87,,
ESTAT:PRC_HPI_HSNA(1.0),02/07/26 11:00:00,A,TOTAL,I25_A_AVG,FI,2016,116.90,,
ESTAT:PRC_HPI_HSNA(1.0),02/07/26 11:00:00,A,TOTAL,I25_A_AVG,FI,2017,120.52,,
ESTAT:PRC_HPI_HSNA(1.0),02/07/26 11:00:00,A,TOTAL,I25_A_AVG,FI,2018,116.02,,
ESTAT:PRC_HPI_HSNA(1.0),02/07/26 11:00:00,A,TOTAL,I25_A_AVG,FI,2019,120.37,,
ESTAT:PRC_HPI_HSNA(1.0),02/07/26 11:00:00,A,TOTAL,I25_A_AVG,FI,2020,133.20,,
ESTAT:PRC_HPI_HSNA(1.0),02/07/26 11:00:00,A,TOTAL,I25_A_AVG,FI,2021,146.17,,
ESTAT:PRC_HPI_HSNA(1.0),02/07/26 11:00:00,A,TOTAL,I25_A_AVG,FI,2022,122.66,,
ESTAT:PRC_HPI_HSNA(1.0),02/07/26 11:00:00,A,TOTAL,I25_A_AVG,FI,2023,93.65,,
ESTAT:PRC_HPI_HSNA(1.0),02/07/26 11:00:00,A,TOTAL,I25_A_AVG,FI,2024,91.74,,
ESTAT:PRC_HPI_HSNA(1.0),02/07/26 11:00:00,A,TOTAL,I25_A_AVG,FI,2025,100.00,,
ESTAT:PRC_HPI_HSNA(1.0),02/07/26 11:00:00,A,TOTAL,I25_A_AVG,FR,2006,96.19,,
ESTAT:PRC_HPI_HSNA(1.0),02/07/26 11:00:00,A,TOTAL,I25_A_AVG,FR,2007,95.10,,
ESTAT:PRC_HPI_HSNA(1.0),02/07/26 11:00:00,A,TOTAL,I25_A_AVG,FR,2008,76.30,,
ESTAT:PRC_HPI_HSNA(1.0),02/07/26 11:00:00,A,TOTAL,I25_A_AVG,FR,2009,71.61,,
ESTAT:PRC_HPI_HSNA(1.0),02/07/26 11:00:00,A,TOTAL,I25_A_AVG,FR,2010,90.26,,
ESTAT:PRC_HPI_HSNA(1.0),02/07/26 11:00:00,A,TOTAL,I25_A_AVG,FR,2011,91.30,,
ESTAT:PRC_HPI_HSNA(1.0),02/07/26 11:00:00,A,TOTAL,I25_A_AVG,FR,2012,80.60,,
ESTAT:PRC_HPI_HSNA(1.0),02/07/26 11:00:00,A,TOTAL,I25_A_AVG,FR,2013,81.30,,
ESTAT:PRC_HPI_HSNA(1.0),02/07/26 11:00:00,A,TOTAL,I25_A_AVG,FR,2014,78.28,,
ESTAT:PRC_HPI_HSNA(1.0),02/07/26 11:00:00,A,TOTAL,I25_A_AVG,FR,2015,90.54,,
ESTAT:PRC_HPI_HSNA(1.0),02/07/26 11:00:00,A,TOTAL,I25_A_AVG,FR,2016,98.21,,
ESTAT:PRC_HPI_HSNA(1.0),02/07/26 11:00:00,A,TOTAL,I25_A_AVG,FR,2017,110.75,,
ESTAT:PRC_HPI_HSNA(1.0),02/07/26 11:00:00,A,TOTAL,I25_A_AVG,FR,2018,111.46,,
ESTAT:PRC_HPI_HSNA(1.0),02/07/26 11:00:00,A,TOTAL,I25_A_AVG,FR,2019,122.00,,
ESTAT:PRC_HPI_HSNA(1.0),02/07/26 11:00:00,A,TOTAL,I25_A_AVG,FR,2020,114.19,,
ESTAT:PRC_HPI_HSNA(1.0),02/07/26 11:00:00,A,TOTAL,I25_A_AVG,FR,2021,135.16,,
ESTAT:PRC_HPI_HSNA(1.0),02/07/26 11:00:00,A,TOTAL,I25_A_AVG,FR,2022,126.74,,
ESTAT:PRC_HPI_HSNA(1.0),02/07/26 11:00:00,A,TOTAL,I25_A_AVG,FR,2023,99.20,,
ESTAT:PRC_HPI_HSNA(1.0),02/07/26 11:00:00,A,TOTAL,I25_A_AVG,FR,2024,89.92,,
ESTAT:PRC_HPI_HSNA(1.0),02/07/26 11:00:00,A,TOTAL,I25_A_AVG,FR,2025,100.00,,
ESTAT:PRC_HPI_HSNA(1.0),02/07/26 11:00:00,A,TOTAL,I25_A_AVG,HR,2008,129.35,,
ESTAT:PRC_HPI_HSNA(1.0),02/07/26 11:00:00,A,TOTAL,I25_A_AVG,HR,2009,97.28,,
ESTAT:PRC_HPI_HSNA(1.0),02/07/26 11:00:00,A,TOTAL,I25_A_AVG,HR,2010,93.36,,
ESTAT:PRC_HPI_HSNA(1.0),02/07/26 11:00:00,A,TOTAL,I25_A_AVG,HR,2011,97.41,,
ESTAT:PRC_HPI_HSNA(1.0),02/07/26 11:00:00,A,TOTAL,I25_A_AVG,HR,2012,96.28,,
ESTAT:PRC_HPI_HSNA(1.0),02/07/26 11:00:00,A,TOTAL,I25_A_AVG,HR,2013,90.22,,
ESTAT:PRC_HPI_HSNA(1.0),02/07/26 11:00:00,A,TOTAL,I25_A_AVG,HR,2014,87.87,,
ESTAT:PRC_HPI_HSNA(1.0),02/07/26 11:00:00,A,TOTAL,I25_A_AVG,HR,2015,81.08,,
ESTAT:PRC_HPI_HSNA(1.0),02/07/26 11:00:00,A,TOTAL,I25_A_AVG,HR,2016,104.47,,
ESTAT:PRC_HPI_HSNA(1.0),02/07/26 11:00:00,A,TOTAL,I25_A_AVG,HR,2017,105.92,,
ESTAT:PRC_HPI_HSNA(1.0),02/07/26 11:00:00,A,TOTAL,I25_A_AVG,HR,2018,113.15,,
ESTAT:PRC_HPI_HSNA(1.0),02/07/26 11:00:00,A,TOTAL,I25_A_AVG,HR,2019,126.26,,
ESTAT:PRC_HPI_HSNA(1.0),02/07/26 11:00:00,A,TOTAL,I25_A_AVG,HR,2020,116.44,,
ESTAT:PRC_HPI_HSNA(1.0),02/07/26 11:00:00,A,TOTAL,I25_A_AVG,HR,2021,151.98,,
ESTAT:PRC_HPI_HSNA(1.0),02/07/26 11:00:00,A,TOTAL,I25_A_AVG,HR,2022,151.88,,
ESTAT:PRC_HPI_HSNA(1.0),02/07/26 11:00:00,A,TOTAL,I25_A_AVG,HR,2023,121.07,,
ESTAT:PRC_HPI_HSNA(1.0),02/07/26 11:00:00,A,TOTAL,I25_A_AVG,HR,2024,104.29,,
ESTAT:PRC_HPI_HSNA(1.0),02/07/26 11:00:00,A,TOTAL,I25_A_AVG,HR,2025,100.00,,
ESTAT:PRC_HPI_HSNA(1.0),02/07/26 11:00:00,A,TOTAL,I25_A_AVG,HU,2007,121.80,p,
ESTAT:PRC_HPI_HSNA(1.0),02/07/26 11:00:00,A,TOTAL,I25_A_AVG,HU,2008,98.18,p,
ESTAT:PRC_HPI_HSNA(1.0),02/07/26 11:00:00,A,TOTAL,I25_A_AVG,HU,2009,58.07,p,
ESTAT:PRC_HPI_HSNA(1.0),02/07/26 11:00:00,A,TOTAL,I25_A_AVG,HU,2010,57.52,p,
ESTAT:PRC_HPI_HSNA(1.0),02/07/26 11:00:00,A,TOTAL,I25_A_AVG,HU,2011,55.90,p,
ESTAT:PRC_HPI_HSNA(1.0),02/07/26 11:00:00,A,TOTAL,I25_A_AVG,HU,2012,54.77,p,
ESTAT:PRC_HPI_HSNA(1.0),02/07/26 11:00:00,A,TOTAL,I25_A_AVG,HU,2013,56.52,p,
ESTAT:PRC_HPI_HSNA(1.0),02/07/26 11:00:00,A,TOTAL,I25_A_AVG,HU,2014,72.50,p,
ESTAT:PRC_HPI_HSNA(1.0),02/07/26 11:00:00,A,TOTAL,I25_A_AVG,HU,2015,85.44,p,
ESTAT:PRC_HPI_HSNA(1.0),02/07/26 11:00:00,A,TOTAL,I25_A_AVG,HU,2016,93.22,p,
ESTAT:PRC_HPI_HSNA(1.0),02/07/26 11:00:00,A,TOTAL,I25_A_AVG,HU,2017,97.97,p,
ESTAT:PRC_HPI_HSNA(1.0),02/07/26 11:00:00,A,TOTAL,I25_A_AVG,HU,2018,104.30,p,
ESTAT:PRC_HPI_HSNA(1.0),02/07/26 11:00:00,A,TOTAL,I25_A_AVG,HU,2019,100.04,p,
ESTAT:PRC_HPI_HSNA(1.0),02/07/26 11:00:00,A,TOTAL,I25_A_AVG,HU,2020,85.37,p,
ESTAT:PRC_HPI_HSNA(1.0),02/07/26 11:00:00,A,TOTAL,I25_A_AVG,HU,2021,102.38,p,
ESTAT:PRC_HPI_HSNA(1.0),02/07/26 11:00:00,A,TOTAL,I25_A_AVG,HU,2022,92.19,p,
ESTAT:PRC_HPI_HSNA(1.0),02/07/26 11:00:00,A,TOTAL,I25_A_AVG,HU,2023,63.24,p,
ESTAT:PRC_HPI_HSNA(1.0),02/07/26 11:00:00,A,TOTAL,I25_A_AVG,HU,2024,85.22,p,
ESTAT:PRC_HPI_HSNA(1.0),02/07/26 11:00:00,A,TOTAL,I25_A_AVG,HU,2025,100.00,ep,
ESTAT:PRC_HPI_HSNA(1.0),02/07/26 11:00:00,A,TOTAL,I25_A_AVG,IE,2010,35.51,,
ESTAT:PRC_HPI_HSNA(1.0),02/07/26 11:00:00,A,TOTAL,I25_A_AVG,IE,2011,29.75,,
ESTAT:PRC_HPI_HSNA(1.0),02/07/26 11:00:00,A,TOTAL,I25_A_AVG,IE,2012,41.09,,
ESTAT:PRC_HPI_HSNA(1.0),02/07/26 11:00:00,A,TOTAL,I25_A_AVG,IE,2013,48.66,,
ESTAT:PRC_HPI_HSNA(1.0),02/07/26 11:00:00,A,TOTAL,I25_A_AVG,IE,2014,69.81,,
ESTAT:PRC_HPI_HSNA(1.0),02/07/26 11:00:00,A,TOTAL,I25_A_AVG,IE,2015,77.98,,
ESTAT:PRC_HPI_HSNA(1.0),02/07/26 11:00:00,A,TOTAL,I25_A_AVG,IE,2016,78.75,,
ESTAT:PRC_HPI_HSNA(1.0),02/07/26 11:00:00,A,TOTAL,I25_A_AVG,IE,2017,85.52,,
ESTAT:PRC_HPI_HSNA(1.0),02/07/26 11:00:00,A,TOTAL,I25_A_AVG,IE,2018,87.90,,
ESTAT:PRC_HPI_HSNA(1.0),02/07/26 11:00:00,A,TOTAL,I25_A_AVG,IE,2019,89.60,,
ESTAT:PRC_HPI_HSNA(1.0),02/07/26 11:00:00,A,TOTAL,I25_A_AVG,IE,2020,74.98,,
ESTAT:PRC_HPI_HSNA(1.0),02/07/26 11:00:00,A,TOTAL,I25_A_AVG,IE,2021,91.60,,
ESTAT:PRC_HPI_HSNA(1.0),02/07/26 11:00:00,A,TOTAL,I25_A_AVG,IE,2022,98.70,,
ESTAT:PRC_HPI_HSNA(1.0),02/07/26 11:00:00,A,TOTAL,I25_A_AVG,IE,2023,99.30,,
ESTAT:PRC_HPI_HSNA(1.0),02/07/26 11:00:00,A,TOTAL,I25_A_AVG,IE,2024,96.55,,
ESTAT:PRC_HPI_HSNA(1.0),02/07/26 11:00:00,A,TOTAL,I25_A_AVG,IE,2025,100.00,,
ESTAT:PRC_HPI_HSNA(1.0),02/07/26 11:00:00,A,TOTAL,I25_A_AVG,LT,2023,79.74,,
ESTAT:PRC_HPI_HSNA(1.0),02/07/26 11:00:00,A,TOTAL,I25_A_AVG,LT,2024,81.44,,
ESTAT:PRC_HPI_HSNA(1.0),02/07/26 11:00:00,A,TOTAL,I25_A_AVG,LT,2025,100.00,,
ESTAT:PRC_HPI_HSNA(1.0),02/07/26 11:00:00,A,TOTAL,I25_A_AVG,LU,2014,112.33,,
ESTAT:PRC_HPI_HSNA(1.0),02/07/26 11:00:00,A,TOTAL,I25_A_AVG,LU,2015,110.36,,
ESTAT:PRC_HPI_HSNA(1.0),02/07/26 11:00:00,A,TOTAL,I25_A_AVG,LU,2016,113.32,,
ESTAT:PRC_HPI_HSNA(1.0),02/07/26 11:00:00,A,TOTAL,I25_A_AVG,LU,2017,126.53,,
ESTAT:PRC_HPI_HSNA(1.0),02/07/26 11:00:00,A,TOTAL,I25_A_AVG,LU,2018,131.63,,
ESTAT:PRC_HPI_HSNA(1.0),02/07/26 11:00:00,A,TOTAL,I25_A_AVG,LU,2019,124.96,,
ESTAT:PRC_HPI_HSNA(1.0),02/07/26 11:00:00,A,TOTAL,I25_A_AVG,LU,2020,120.00,,
ESTAT:PRC_HPI_HSNA(1.0),02/07/26 11:00:00,A,TOTAL,I25_A_AVG,LU,2021,119.02,,
ESTAT:PRC_HPI_HSNA(1.0),02/07/26 11:00:00,A,TOTAL,I25_A_AVG,LU,2022,101.08,,
ESTAT:PRC_HPI_HSNA(1.0),02/07/26 11:00:00,A,TOTAL,I25_A_AVG,LU,2023,57.32,,
ESTAT:PRC_HPI_HSNA(1.0),02/07/26 11:00:00,A,TOTAL,I25_A_AVG,LU,2024,84.35,,
ESTAT:PRC_HPI_HSNA(1.0),02/07/26 11:00:00,A,TOTAL,I25_A_AVG,LU,2025,100.00,,
ESTAT:PRC_HPI_HSNA(1.0),02/07/26 11:00:00,A,TOTAL,I25_A_AVG,LV,2020,89.18,,
ESTAT:PRC_HPI_HSNA(1.0),02/07/26 11:00:00,A,TOTAL,I25_A_AVG,LV,2021,101.74,,
ESTAT:PRC_HPI_HSNA(1.0),02/07/26 11:00:00,A,TOTAL,I25_A_AVG,LV,2022,94.64,,
ESTAT:PRC_HPI_HSNA(1.0),02/07/26 11:00:00,A,TOTAL,I25_A_AVG,LV,2023,88.03,,
ESTAT:PRC_HPI_HSNA(1.0),02/07/26 11:00:00,A,TOTAL,I25_A_AVG,LV,2024,91.57,,
ESTAT:PRC_HPI_HSNA(1.0),02/07/26 11:00:00,A,TOTAL,I25_A_AVG,LV,2025,100.00,,
ESTAT:PRC_HPI_HSNA(1.0),02/07/26 11:00:00,A,TOTAL,I25_A_AVG,MT,2015,71.41,p,
ESTAT:PRC_HPI_HSNA(1.0),02/07/26 11:00:00,A,TOTAL,I25_A_AVG,MT,2016,97.15,p,
ESTAT:PRC_HPI_HSNA(1.0),02/07/26 11:00:00,A,TOTAL,I25_A_AVG,MT,2017,100.84,p,
ESTAT:PRC_HPI_HSNA(1.0),02/07/26 11:00:00,A,TOTAL,I25_A_AVG,MT,2018,101.52,p,
ESTAT:PRC_HPI_HSNA(1.0),02/07/26 11:00:00,A,TOTAL,I25_A_AVG,MT,2019,102.09,p,
ESTAT:PRC_HPI_HSNA(1.0),02/07/26 11:00:00,A,TOTAL,I25_A_AVG,MT,2020,83.61,p,
ESTAT:PRC_HPI_HSNA(1.0),02/07/26 11:00:00,A,TOTAL,I25_A_AVG,MT,2021,112.67,p,
ESTAT:PRC_HPI_HSNA(1.0),02/07/26 11:00:00,A,TOTAL,I25_A_AVG,MT,2022,110.17,p,
ESTAT:PRC_HPI_HSNA(1.0),02/07/26 11:00:00,A,TOTAL,I25_A_AVG,MT,2023,95.43,p,
ESTAT:PRC_HPI_HSNA(1.0),02/07/26 11:00:00,A,TOTAL,I25_A_AVG,MT,2024,95.67,p,
ESTAT:PRC_HPI_HSNA(1.0),02/07/26 11:00:00,A,TOTAL,I25_A_AVG,MT,2025,100.00,p,
ESTAT:PRC_HPI_HSNA(1.0),02/07/26 11:00:00,A,TOTAL,I25_A_AVG,NL,2015,77.16,p,
ESTAT:PRC_HPI_HSNA(1.0),02/07/26 11:00:00,A,TOTAL,I25_A_AVG,NL,2016,91.43,p,
ESTAT:PRC_HPI_HSNA(1.0),02/07/26 11:00:00,A,TOTAL,I25_A_AVG,NL,2017,102.94,p,
ESTAT:PRC_HPI_HSNA(1.0),02/07/26 11:00:00,A,TOTAL,I25_A_AVG,NL,2018,92.97,p,
ESTAT:PRC_HPI_HSNA(1.0),02/07/26 11:00:00,A,TOTAL,I25_A_AVG,NL,2019,91.77,p,
ESTAT:PRC_HPI_HSNA(1.0),02/07/26 11:00:00,A,TOTAL,I25_A_AVG,NL,2020,100.96,p,
ESTAT:PRC_HPI_HSNA(1.0),02/07/26 11:00:00,A,TOTAL,I25_A_AVG,NL,2021,98.09,p,
ESTAT:PRC_HPI_HSNA(1.0),02/07/26 11:00:00,A,TOTAL,I25_A_AVG,NL,2022,82.23,p,
ESTAT:PRC_HPI_HSNA(1.0),02/07/26 11:00:00,A,TOTAL,I25_A_AVG,NL,2023,75.08,p,
ESTAT:PRC_HPI_HSNA(1.0),02/07/26 11:00:00,A,TOTAL,I25_A_AVG,NL,2024,87.83,p,
ESTAT:PRC_HPI_HSNA(1.0),02/07/26 11:00:00,A,TOTAL,I25_A_AVG,NL,2025,100.00,p,
ESTAT:PRC_HPI_HSNA(1.0),02/07/26 11:00:00,A,TOTAL,I25_A_AVG,NO,2017,87.58,p,
ESTAT:PRC_HPI_HSNA(1.0),02/07/26 11:00:00,A,TOTAL,I25_A_AVG,NO,2018,90.64,p,
ESTAT:PRC_HPI_HSNA(1.0),02/07/26 11:00:00,A,TOTAL,I25_A_AVG,NO,2019,93.56,p,
ESTAT:PRC_HPI_HSNA(1.0),02/07/26 11:00:00,A,TOTAL,I25_A_AVG,NO,2020,96.77,p,
ESTAT:PRC_HPI_HSNA(1.0),02/07/26 11:00:00,A,TOTAL,I25_A_AVG,NO,2021,101.08,p,
ESTAT:PRC_HPI_HSNA(1.0),02/07/26 11:00:00,A,TOTAL,I25_A_AVG,NO,2022,91.78,p,
ESTAT:PRC_HPI_HSNA(1.0),02/07/26 11:00:00,A,TOTAL,I25_A_AVG,NO,2023,88.77,p,
ESTAT:PRC_HPI_HSNA(1.0),02/07/26 11:00:00,A,TOTAL,I25_A_AVG,NO,2024,92.31,p,
ESTAT:PRC_HPI_HSNA(1.0),02/07/26 11:00:00,A,TOTAL,I25_A_AVG,NO,2025,100.00,p,
ESTAT:PRC_HPI_HSNA(1.0),02/07/26 11:00:00,A,TOTAL,I25_A_AVG,PL,2015,60.70,p,
ESTAT:PRC_HPI_HSNA(1.0),02/07/26 11:00:00,A,TOTAL,I25_A_AVG,PL,2016,64.69,p,
ESTAT:PRC_HPI_HSNA(1.0),02/07/26 11:00:00,A,TOTAL,I25_A_AVG,PL,2017,72.78,p,
ESTAT:PRC_HPI_HSNA(1.0),02/07/26 11:00:00,A,TOTAL,I25_A_AVG,PL,2018,82.25,p,
ESTAT:PRC_HPI_HSNA(1.0),02/07/26 11:00:00,A,TOTAL,I25_A_AVG,PL,2019,84.25,p,
ESTAT:PRC_HPI_HSNA(1.0),02/07/26 11:00:00,A,TOTAL,I25_A_AVG,PL,2020,80.38,p,
ESTAT:PRC_HPI_HSNA(1.0),02/07/26 11:00:00,A,TOTAL,I25_A_AVG,PL,2021,98.20,p,
ESTAT:PRC_HPI_HSNA(1.0),02/07/26 11:00:00,A,TOTAL,I25_A_AVG,PL,2022,90.18,p,
ESTAT:PRC_HPI_HSNA(1.0),02/07/26 11:00:00,A,TOTAL,I25_A_AVG,PL,2023,96.26,p,
ESTAT:PRC_HPI_HSNA(1.0),02/07/26 11:00:00,A,TOTAL,I25_A_AVG,PL,2024,101.07,p,
ESTAT:PRC_HPI_HSNA(1.0),02/07/26 11:00:00,A,TOTAL,I25_A_AVG,PL,2025,100.00,p,
ESTAT:PRC_HPI_HSNA(1.0),02/07/26 11:00:00,A,TOTAL,I25_A_AVG,PT,2009,57.07,e,
ESTAT:PRC_HPI_HSNA(1.0),02/07/26 11:00:00,A,TOTAL,I25_A_AVG,PT,2010,61.00,e,
ESTAT:PRC_HPI_HSNA(1.0),02/07/26 11:00:00,A,TOTAL,I25_A_AVG,PT,2011,43.86,e,
ESTAT:PRC_HPI_HSNA(1.0),02/07/26 11:00:00,A,TOTAL,I25_A_AVG,PT,2012,35.69,e,
ESTAT:PRC_HPI_HSNA(1.0),02/07/26 11:00:00,A,TOTAL,I25_A_AVG,PT,2013,37.67,e,
ESTAT:PRC_HPI_HSNA(1.0),02/07/26 11:00:00,A,TOTAL,I25_A_AVG,PT,2014,39.82,e,
ESTAT:PRC_HPI_HSNA(1.0),02/07/26 11:00:00,A,TOTAL,I25_A_AVG,PT,2015,51.61,e,
ESTAT:PRC_HPI_HSNA(1.0),02/07/26 11:00:00,A,TOTAL,I25_A_AVG,PT,2016,61.29,e,
ESTAT:PRC_HPI_HSNA(1.0),02/07/26 11:00:00,A,TOTAL,I25_A_AVG,PT,2017,74.03,e,
ESTAT:PRC_HPI_HSNA(1.0),02/07/26 11:00:00,A,TOTAL,I25_A_AVG,PT,2018,86.22,e,
ESTAT:PRC_HPI_HSNA(1.0),02/07/26 11:00:00,A,TOTAL,I25_A_AVG,PT,2019,88.58,,
ESTAT:PRC_HPI_HSNA(1.0),02/07/26 11:00:00,A,TOTAL,I25_A_AVG,PT,2020,79.90,,
ESTAT:PRC_HPI_HSNA(1.0),02/07/26 11:00:00,A,TOTAL,I25_A_AVG,PT,2021,95.37,,
ESTAT:PRC_HPI_HSNA(1.0),02/07/26 11:00:00,A,TOTAL,I25_A_AVG,PT,2022,97.90,,
ESTAT:PRC_HPI_HSNA(1.0),02/07/26 11:00:00,A,TOTAL,I25_A_AVG,PT,2023,78.55,,
ESTAT:PRC_HPI_HSNA(1.0),02/07/26 11:00:00,A,TOTAL,I25_A_AVG,PT,2024,90.52,,
ESTAT:PRC_HPI_HSNA(1.0),02/07/26 11:00:00,A,TOTAL,I25_A_AVG,PT,2025,100.00,,
ESTAT:PRC_HPI_HSNA(1.0),02/07/26 11:00:00,A,TOTAL,I25_A_AVG,SI,2014,94.14,,
ESTAT:PRC_HPI_HSNA(1.0),02/07/26 11:00:00,A,TOTAL,I25_A_AVG,SI,2015,109.27,,
ESTAT:PRC_HPI_HSNA(1.0),02/07/26 11:00:00,A,TOTAL,I25_A_AVG,SI,2016,127.33,,
ESTAT:PRC_HPI_HSNA(1.0),02/07/26 11:00:00,A,TOTAL,I25_A_AVG,SI,2017,138.49,,
ESTAT:PRC_HPI_HSNA(1.0),02/07/26 11:00:00,A,TOTAL,I25_A_AVG,SI,2018,126.28,,
ESTAT:PRC_HPI_HSNA(1.0),02/07/26 11:00:00,A,TOTAL,I25_A_AVG,SI,2019,127.81,,
ESTAT:PRC_HPI_HSNA(1.0),02/07/26 11:00:00,A,TOTAL,I25_A_AVG,SI,2020,105.48,,
ESTAT:PRC_HPI_HSNA(1.0),02/07/26 11:00:00,A,TOTAL,I25_A_AVG,SI,2021,126.51,,
ESTAT:PRC_HPI_HSNA(1.0),02/07/26 11:00:00,A,TOTAL,I25_A_AVG,SI,2022,116.90,,
ESTAT:PRC_HPI_HSNA(1.0),02/07/26 11:00:00,A,TOTAL,I25_A_AVG,SI,2023,93.56,,
ESTAT:PRC_HPI_HSNA(1.0),02/07/26 11:00:00,A,TOTAL,I25_A_AVG,SI,2024,76.98,,
ESTAT:PRC_HPI_HSNA(1.0),02/07/26 11:00:00,A,TOTAL,I25_A_AVG,SI,2025,100.00,,
ESTAT:PRC_HPI_HSNA(1.0),02/07/26 11:00:00,A,TOTAL,NR,AT,2015,54492,,
ESTAT:PRC_HPI_HSNA(1.0),02/07/26 11:00:00,A,TOTAL,NR,AT,2016,51318,,
ESTAT:PRC_HPI_HSNA(1.0),02/07/26 11:00:00,A,TOTAL,NR,AT,2017,53960,,
ESTAT:PRC_HPI_HSNA(1.0),02/07/26 11:00:00,A,TOTAL,NR,AT,2018,54700,,
ESTAT:PRC_HPI_HSNA(1.0),02/07/26 11:00:00,A,TOTAL,NR,AT,2019,60298,,
ESTAT:PRC_HPI_HSNA(1.0),02/07/26 11:00:00,A,TOTAL,NR,AT,2020,63375,,
ESTAT:PRC_HPI_HSNA(1.0),02/07/26 11:00:00,A,TOTAL,NR,AT,2021,66996,,
ESTAT:PRC_HPI_HSNA(1.0),02/07/26 11:00:00,A,TOTAL,NR,AT,2022,55712,,
ESTAT:PRC_HPI_HSNA(1.0),02/07/26 11:00:00,A,TOTAL,NR,AT,2023,40551,,
ESTAT:PRC_HPI_HSNA(1.0),02/07/26 11:00:00,A,TOTAL,NR,AT,2024,44795,p,
ESTAT:PRC_HPI_HSNA(1.0),02/07/26 11:00:00,A,TOTAL,NR,AT,2025,54359,ep,
ESTAT:PRC_HPI_HSNA(1.0),02/07/26 11:00:00,A,TOTAL,NR,BE,2010,113196,d,
ESTAT:PRC_HPI_HSNA(1.0),02/07/26 11:00:00,A,TOTAL,NR,BE,2011,124997,d,
ESTAT:PRC_HPI_HSNA(1.0),02/07/26 11:00:00,A,TOTAL,NR,BE,2012,121456,d,
ESTAT:PRC_HPI_HSNA(1.0),02/07/26 11:00:00,A,TOTAL,NR,BE,2013,118227,d,
ESTAT:PRC_HPI_HSNA(1.0),02/07/26 11:00:00,A,TOTAL,NR,BE,2014,133407,d,
ESTAT:PRC_HPI_HSNA(1.0),02/07/26 11:00:00,A,TOTAL,NR,BE,2015,99429,d,
ESTAT:PRC_HPI_HSNA(1.0),02/07/26 11:00:00,A,TOTAL,NR,BE,2016,118154,d,
ESTAT:PRC_HPI_HSNA(1.0),02/07/26 11:00:00,A,TOTAL,NR,BE,2017,126833,d,
ESTAT:PRC_HPI_HSNA(1.0),02/07/26 11:00:00,A,TOTAL,NR,BE,2018,133457,d,
ESTAT:PRC_HPI_HSNA(1.0),02/07/26 11:00:00,A,TOTAL,NR,BE,2019,152918,d,
ESTAT:PRC_HPI_HSNA(1.0),02/07/26 11:00:00,A,TOTAL,NR,BE,2020,125916,d,
ESTAT:PRC_HPI_HSNA(1.0),02/07/26 11:00:00,A,TOTAL,NR,BE,2021,149369,d,
ESTAT:PRC_HPI_HSNA(1.0),02/07/26 11:00:00,A,TOTAL,NR,BE,2022,152002,d,
ESTAT:PRC_HPI_HSNA(1.0),02/07/26 11:00:00,A,TOTAL,NR,BE,2023,124520,d,
ESTAT:PRC_HPI_HSNA(1.0),02/07/26 11:00:00,A,TOTAL,NR,BE,2024,126302,d,
ESTAT:PRC_HPI_HSNA(1.0),02/07/26 11:00:00,A,TOTAL,NR,BE,2025,151796,d,
ESTAT:PRC_HPI_HSNA(1.0),02/07/26 11:00:00,A,TOTAL,NR,BG,2017,65187,,
ESTAT:PRC_HPI_HSNA(1.0),02/07/26 11:00:00,A,TOTAL,NR,BG,2018,67588,,
ESTAT:PRC_HPI_HSNA(1.0),02/07/26 11:00:00,A,TOTAL,NR,BG,2019,70237,,
ESTAT:PRC_HPI_HSNA(1.0),02/07/26 11:00:00,A,TOTAL,NR,BG,2020,63485,,
ESTAT:PRC_HPI_HSNA(1.0),02/07/26 11:00:00,A,TOTAL,NR,BG,2021,88247,,
ESTAT:PRC_HPI_HSNA(1.0),02/07/26 11:00:00,A,TOTAL,NR,BG,2022,93416,,
ESTAT:PRC_HPI_HSNA(1.0),02/07/26 11:00:00,A,TOTAL,NR,BG,2023,89880,,
ESTAT:PRC_HPI_HSNA(1.0),02/07/26 11:00:00,A,TOTAL,NR,BG,2024,94844,,
ESTAT:PRC_HPI_HSNA(1.0),02/07/26 11:00:00,A,TOTAL,NR,BG,2025,92497,,
ESTAT:PRC_HPI_HSNA(1.0),02/07/26 11:00:00,A,TOTAL,NR,DK,2013,49216,d,
ESTAT:PRC_HPI_HSNA(1.0),02/07/26 11:00:00,A,TOTAL,NR,DK,2014,55897,d,
ESTAT:PRC_HPI_HSNA(1.0),02/07/26 11:00:00,A,TOTAL,NR,DK,2015,63962,d,
ESTAT:PRC_HPI_HSNA(1.0),02/07/26 11:00:00,A,TOTAL,NR,DK,2016,67872,d,
ESTAT:PRC_HPI_HSNA(1.0),02/07/26 11:00:00,A,TOTAL,NR,DK,2017,76065,d,
ESTAT:PRC_HPI_HSNA(1.0),02/07/26 11:00:00,A,TOTAL,NR,DK,2018,75072,d,
ESTAT:PRC_HPI_HSNA(1.0),02/07/26 11:00:00,A,TOTAL,NR,DK,2019,77374,d,
ESTAT:PRC_HPI_HSNA(1.0),02/07/26 11:00:00,A,TOTAL,NR,DK,2020,92959,d,
ESTAT:PRC_HPI_HSNA(1.0),02/07/26 11:00:00,A,TOTAL,NR,DK,2021,99666,d,
ESTAT:PRC_HPI_HSNA(1.0),02/07/26 11:00:00,A,TOTAL,NR,DK,2022,74958,,
ESTAT:PRC_HPI_HSNA(1.0),02/07/26 11:00:00,A,TOTAL,NR,DK,2023,74843,,
ESTAT:PRC_HPI_HSNA(1.0),02/07/26 11:00:00,A,TOTAL,NR,DK,2024,78676,d,
ESTAT:PRC_HPI_HSNA(1.0),02/07/26 11:00:00,A,TOTAL,NR,DK,2025,88655,d,
ESTAT:PRC_HPI_HSNA(1.0),02/07/26 11:00:00,A,TOTAL,NR,FI,2015,80916,,
ESTAT:PRC_HPI_HSNA(1.0),02/07/26 11:00:00,A,TOTAL,NR,FI,2016,83803,,
ESTAT:PRC_HPI_HSNA(1.0),02/07/26 11:00:00,A,TOTAL,NR,FI,2017,86400,,
ESTAT:PRC_HPI_HSNA(1.0),02/07/26 11:00:00,A,TOTAL,NR,FI,2018,83173,,
ESTAT:PRC_HPI_HSNA(1.0),02/07/26 11:00:00,A,TOTAL,NR,FI,2019,86294,,
ESTAT:PRC_HPI_HSNA(1.0),02/07/26 11:00:00,A,TOTAL,NR,FI,2020,95492,,
ESTAT:PRC_HPI_HSNA(1.0),02/07/26 11:00:00,A,TOTAL,NR,FI,2021,104788,,
ESTAT:PRC_HPI_HSNA(1.0),02/07/26 11:00:00,A,TOTAL,NR,FI,2022,87932,,
ESTAT:PRC_HPI_HSNA(1.0),02/07/26 11:00:00,A,TOTAL,NR,FI,2023,67134,,
ESTAT:PRC_HPI_HSNA(1.0),02/07/26 11:00:00,A,TOTAL,NR,FI,2024,65766,,
ESTAT:PRC_HPI_HSNA(1.0),02/07/26 11:00:00,A,TOTAL,NR,FI,2025,71689,,
ESTAT:PRC_HPI_HSNA(1.0),02/07/26 11:00:00,A,TOTAL,NR,FR,2006,984462,,
ESTAT:PRC_HPI_HSNA(1.0),02/07/26 11:00:00,A,TOTAL,NR,FR,2007,973280,,
ESTAT:PRC_HPI_HSNA(1.0),02/07/26 11:00:00,A,TOTAL,NR,FR,2008,780838,,
ESTAT:PRC_HPI_HSNA(1.0),02/07/26 11:00:00,A,TOTAL,NR,FR,2009,732904,,
ESTAT:PRC_HPI_HSNA(1.0),02/07/26 11:00:00,A,TOTAL,NR,FR,2010,923702,,
ESTAT:PRC_HPI_HSNA(1.0),02/07/26 11:00:00,A,TOTAL,NR,FR,2011,934345,,
ESTAT:PRC_HPI_HSNA(1.0),02/07/26 11:00:00,A,TOTAL,NR,FR,2012,824920,,
ESTAT:PRC_HPI_HSNA(1.0),02/07/26 11:00:00,A,TOTAL,NR,FR,2013,832075,,
ESTAT:PRC_HPI_HSNA(1.0),02/07/26 11:00:00,A,TOTAL,NR,FR,2014,801154,,
ESTAT:PRC_HPI_HSNA(1.0),02/07/26 11:00:00,A,TOTAL,NR,FR,2015,926576,,
ESTAT:PRC_HPI_HSNA(1.0),02/07/26 11:00:00,A,TOTAL,NR,FR,2016,1005097,,
ESTAT:PRC_HPI_HSNA(1.0),02/07/26 11:00:00,A,TOTAL,NR,FR,2017,1133391,,
ESTAT:PRC_HPI_HSNA(1.0),02/07/26 11:00:00,A,TOTAL,NR,FR,2018,1140696,,
ESTAT:PRC_HPI_HSNA(1.0),02/07/26 11:00:00,A,TOTAL,NR,FR,2019,1248525,,
ESTAT:PRC_HPI_HSNA(1.0),02/07/26 11:00:00,A,TOTAL,NR,FR,2020,1168671,,
ESTAT:PRC_HPI_HSNA(1.0),02/07/26 11:00:00,A,TOTAL,NR,FR,2021,1383237,,
ESTAT:PRC_HPI_HSNA(1.0),02/07/26 11:00:00,A,TOTAL,NR,FR,2022,1297098,,
ESTAT:PRC_HPI_HSNA(1.0),02/07/26 11:00:00,A,TOTAL,NR,FR,2023,1015188,,
ESTAT:PRC_HPI_HSNA(1.0),02/07/26 11:00:00,A,TOTAL,NR,FR,2024,920238,,
ESTAT:PRC_HPI_HSNA(1.0),02/07/26 11:00:00,A,TOTAL,NR,FR,2025,1023412,,
ESTAT:PRC_HPI_HSNA(1.0),02/07/26 11:00:00,A,TOTAL,NR,HR,2008,22955,,
ESTAT:PRC_HPI_HSNA(1.0),02/07/26 11:00:00,A,TOTAL,NR,HR,2009,17265,,
ESTAT:PRC_HPI_HSNA(1.0),02/07/26 11:00:00,A,TOTAL,NR,HR,2010,16568,,
ESTAT:PRC_HPI_HSNA(1.0),02/07/26 11:00:00,A,TOTAL,NR,HR,2011,17288,,
ESTAT:PRC_HPI_HSNA(1.0),02/07/26 11:00:00,A,TOTAL,NR,HR,2012,17087,,
ESTAT:PRC_HPI_HSNA(1.0),02/07/26 11:00:00,A,TOTAL,NR,HR,2013,16011,,
ESTAT:PRC_HPI_HSNA(1.0),02/07/26 11:00:00,A,TOTAL,NR,HR,2014,15595,,
ESTAT:PRC_HPI_HSNA(1.0),02/07/26 11:00:00,A,TOTAL,NR,HR,2015,14389,,
ESTAT:PRC_HPI_HSNA(1.0),02/07/26 11:00:00,A,TOTAL,NR,HR,2016,18541,,
ESTAT:PRC_HPI_HSNA(1.0),02/07/26 11:00:00,A,TOTAL,NR,HR,2017,18797,,
ESTAT:PRC_HPI_HSNA(1.0),02/07/26 11:00:00,A,TOTAL,NR,HR,2018,20080,,
ESTAT:PRC_HPI_HSNA(1.0),02/07/26 11:00:00,A,TOTAL,NR,HR,2019,22407,,
ESTAT:PRC_HPI_HSNA(1.0),02/07/26 11:00:00,A,TOTAL,NR,HR,2020,20664,,
ESTAT:PRC_HPI_HSNA(1.0),02/07/26 11:00:00,A,TOTAL,NR,HR,2021,26972,,
ESTAT:PRC_HPI_HSNA(1.0),02/07/26 11:00:00,A,TOTAL,NR,HR,2022,26954,,
ESTAT:PRC_HPI_HSNA(1.0),02/07/26 11:00:00,A,TOTAL,NR,HR,2023,21486,,
ESTAT:PRC_HPI_HSNA(1.0),02/07/26 11:00:00,A,TOTAL,NR,HR,2024,18508,,
ESTAT:PRC_HPI_HSNA(1.0),02/07/26 11:00:00,A,TOTAL,NR,HR,2025,17747,,
ESTAT:PRC_HPI_HSNA(1.0),02/07/26 11:00:00,A,TOTAL,NR,HU,2007,191170,,
ESTAT:PRC_HPI_HSNA(1.0),02/07/26 11:00:00,A,TOTAL,NR,HU,2008,154097,,
ESTAT:PRC_HPI_HSNA(1.0),02/07/26 11:00:00,A,TOTAL,NR,HU,2009,91137,,
ESTAT:PRC_HPI_HSNA(1.0),02/07/26 11:00:00,A,TOTAL,NR,HU,2010,90271,,
ESTAT:PRC_HPI_HSNA(1.0),02/07/26 11:00:00,A,TOTAL,NR,HU,2011,87730,,
ESTAT:PRC_HPI_HSNA(1.0),02/07/26 11:00:00,A,TOTAL,NR,HU,2012,85957,,
ESTAT:PRC_HPI_HSNA(1.0),02/07/26 11:00:00,A,TOTAL,NR,HU,2013,88713,,
ESTAT:PRC_HPI_HSNA(1.0),02/07/26 11:00:00,A,TOTAL,NR,HU,2014,113789,,
ESTAT:PRC_HPI_HSNA(1.0),02/07/26 11:00:00,A,TOTAL,NR,HU,2015,134101,,
ESTAT:PRC_HPI_HSNA(1.0),02/07/26 11:00:00,A,TOTAL,NR,HU,2016,146302,,
ESTAT:PRC_HPI_HSNA(1.0),02/07/26 11:00:00,A,TOTAL,NR,HU,2017,153770,,
ESTAT:PRC_HPI_HSNA(1.0),02/07/26 11:00:00,A,TOTAL,NR,HU,2018,163695,,
ESTAT:PRC_HPI_HSNA(1.0),02/07/26 11:00:00,A,TOTAL,NR,HU,2019,157019,,
ESTAT:PRC_HPI_HSNA(1.0),02/07/26 11:00:00,A,TOTAL,NR,HU,2020,133987,,
ESTAT:PRC_HPI_HSNA(1.0),02/07/26 11:00:00,A,TOTAL,NR,HU,2021,160678,,
ESTAT:PRC_HPI_HSNA(1.0),02/07/26 11:00:00,A,TOTAL,NR,HU,2022,144700,,
ESTAT:PRC_HPI_HSNA(1.0),02/07/26 11:00:00,A,TOTAL,NR,HU,2023,99257,,
ESTAT:PRC_HPI_HSNA(1.0),02/07/26 11:00:00,A,TOTAL,NR,HU,2024,133750,,
ESTAT:PRC_HPI_HSNA(1.0),02/07/26 11:00:00,A,TOTAL,NR,HU,2025,156950,ep,
ESTAT:PRC_HPI_HSNA(1.0),02/07/26 11:00:00,A,TOTAL,NR,IE,2010,17933,,
ESTAT:PRC_HPI_HSNA(1.0),02/07/26 11:00:00,A,TOTAL,NR,IE,2011,15026,,
ESTAT:PRC_HPI_HSNA(1.0),02/07/26 11:00:00,A,TOTAL,NR,IE,2012,20754,,
ESTAT:PRC_HPI_HSNA(1.0),02/07/26 11:00:00,A,TOTAL,NR,IE,2013,24578,,
ESTAT:PRC_HPI_HSNA(1.0),02/07/26 11:00:00,A,TOTAL,NR,IE,2014,35257,,
ESTAT:PRC_HPI_HSNA(1.0),02/07/26 11:00:00,A,TOTAL,NR,IE,2015,39385,,
ESTAT:PRC_HPI_HSNA(1.0),02/07/26 11:00:00,A,TOTAL,NR,IE,2016,39774,,
ESTAT:PRC_HPI_HSNA(1.0),02/07/26 11:00:00,A,TOTAL,NR,IE,2017,43192,,
ESTAT:PRC_HPI_HSNA(1.0),02/07/26 11:00:00,A,TOTAL,NR,IE,2018,44397,,
ESTAT:PRC_HPI_HSNA(1.0),02/07/26 11:00:00,A,TOTAL,NR,IE,2019,45253,,
ESTAT:PRC_HPI_HSNA(1.0),02/07/26 11:00:00,A,TOTAL,NR,IE,2020,37872,,
ESTAT:PRC_HPI_HSNA(1.0),02/07/26 11:00:00,A,TOTAL,NR,IE,2021,46266,,
ESTAT:PRC_HPI_HSNA(1.0),02/07/26 11:00:00,A,TOTAL,NR,IE,2022,49850,,
ESTAT:PRC_HPI_HSNA(1.0),02/07/26 11:00:00,A,TOTAL,NR,IE,2023,50151,,
ESTAT:PRC_HPI_HSNA(1.0),02/07/26 11:00:00,A,TOTAL,NR,IE,2024,48763,,
ESTAT:PRC_HPI_HSNA(1.0),02/07/26 11:00:00,A,TOTAL,NR,IE,2025,50507,,
ESTAT:PRC_HPI_HSNA(1.0),02/07/26 11:00:00,A,TOTAL,NR,LT,2023,36886,,
ESTAT:PRC_HPI_HSNA(1.0),02/07/26 11:00:00,A,TOTAL,NR,LT,2024,37672,,
ESTAT:PRC_HPI_HSNA(1.0),02/07/26 11:00:00,A,TOTAL,NR,LT,2025,46260,,
ESTAT:PRC_HPI_HSNA(1.0),02/07/26 11:00:00,A,TOTAL,NR,NL,2015,204674,,
ESTAT:PRC_HPI_HSNA(1.0),02/07/26 11:00:00,A,TOTAL,NR,NL,2016,242528,,
ESTAT:PRC_HPI_HSNA(1.0),02/07/26 11:00:00,A,TOTAL,NR,NL,2017,273061,,
ESTAT:PRC_HPI_HSNA(1.0),02/07/26 11:00:00,A,TOTAL,NR,NL,2018,246619,,
ESTAT:PRC_HPI_HSNA(1.0),02/07/26 11:00:00,A,TOTAL,NR,NL,2019,243437,,
ESTAT:PRC_HPI_HSNA(1.0),02/07/26 11:00:00,A,TOTAL,NR,NL,2020,267819,,
ESTAT:PRC_HPI_HSNA(1.0),02/07/26 11:00:00,A,TOTAL,NR,NL,2021,260195,,
ESTAT:PRC_HPI_HSNA(1.0),02/07/26 11:00:00,A,TOTAL,NR,NL,2022,218133,,
ESTAT:PRC_HPI_HSNA(1.0),02/07/26 11:00:00,A,TOTAL,NR,NL,2023,199175,,
ESTAT:PRC_HPI_HSNA(1.0),02/07/26 11:00:00,A,TOTAL,NR,NL,2024,232992,,
ESTAT:PRC_HPI_HSNA(1.0),02/07/26 11:00:00,A,TOTAL,NR,NL,2025,265267,p,
ESTAT:PRC_HPI_HSNA(1.0),02/07/26 11:00:00,A,TOTAL,NR,NO,2017,116327,,
ESTAT:PRC_HPI_HSNA(1.0),02/07/26 11:00:00,A,TOTAL,NR,NO,2018,120392,,
ESTAT:PRC_HPI_HSNA(1.0),02/07/26 11:00:00,A,TOTAL,NR,NO,2019,124275,,
ESTAT:PRC_HPI_HSNA(1.0),02/07/26 11:00:00,A,TOTAL,NR,NO,2020,128534,,
ESTAT:PRC_HPI_HSNA(1.0),02/07/26 11:00:00,A,TOTAL,NR,NO,2021,134263,p,
ESTAT:PRC_HPI_HSNA(1.0),02/07/26 11:00:00,A,TOTAL,NR,NO,2022,121904,p,
ESTAT:PRC_HPI_HSNA(1.0),02/07/26 11:00:00,A,TOTAL,NR,NO,2023,117918,p,
ESTAT:PRC_HPI_HSNA(1.0),02/07/26 11:00:00,A,TOTAL,NR,NO,2024,122616,p,
ESTAT:PRC_HPI_HSNA(1.0),02/07/26 11:00:00,A,TOTAL,NR,NO,2025,132828,p,
ESTAT:PRC_HPI_HSNA(1.0),02/07/26 11:00:00,A,TOTAL,NR,PT,2009,84827,e,
ESTAT:PRC_HPI_HSNA(1.0),02/07/26 11:00:00,A,TOTAL,NR,PT,2010,90671,e,
ESTAT:PRC_HPI_HSNA(1.0),02/07/26 11:00:00,A,TOTAL,NR,PT,2011,65196,e,
ESTAT:PRC_HPI_HSNA(1.0),02/07/26 11:00:00,A,TOTAL,NR,PT,2012,53040,e,
ESTAT:PRC_HPI_HSNA(1.0),02/07/26 11:00:00,A,TOTAL,NR,PT,2013,55983,e,
ESTAT:PRC_HPI_HSNA(1.0),02/07/26 11:00:00,A,TOTAL,NR,PT,2014,59188,e,
ESTAT:PRC_HPI_HSNA(1.0),02/07/26 11:00:00,A,TOTAL,NR,PT,2015,76705,e,
ESTAT:PRC_HPI_HSNA(1.0),02/07/26 11:00:00,A,TOTAL,NR,PT,2016,91096,e,
ESTAT:PRC_HPI_HSNA(1.0),02/07/26 11:00:00,A,TOTAL,NR,PT,2017,110032,e,
ESTAT:PRC_HPI_HSNA(1.0),02/07/26 11:00:00,A,TOTAL,NR,PT,2018,128147,e,
ESTAT:PRC_HPI_HSNA(1.0),02/07/26 11:00:00,A,TOTAL,NR,PT,2019,131662,,
ESTAT:PRC_HPI_HSNA(1.0),02/07/26 11:00:00,A,TOTAL,NR,PT,2020,118751,,
ESTAT:PRC_HPI_HSNA(1.0),02/07/26 11:00:00,A,TOTAL,NR,PT,2021,141744,,
ESTAT:PRC_HPI_HSNA(1.0),02/07/26 11:00:00,A,TOTAL,NR,PT,2022,145515,,
ESTAT:PRC_HPI_HSNA(1.0),02/07/26 11:00:00,A,TOTAL,NR,PT,2023,116752,,
ESTAT:PRC_HPI_HSNA(1.0),02/07/26 11:00:00,A,TOTAL,NR,PT,2024,134540,,
ESTAT:PRC_HPI_HSNA(1.0),02/07/26 11:00:00,A,TOTAL,NR,PT,2025,148632,,
ESTAT:PRC_HPI_HSNA(1.0),02/07/26 11:00:00,A,TOTAL,NR,SI,2014,10364,,
ESTAT:PRC_HPI_HSNA(1.0),02/07/26 11:00:00,A,TOTAL,NR,SI,2015,12030,,
ESTAT:PRC_HPI_HSNA(1.0),02/07/26 11:00:00,A,TOTAL,NR,SI,2016,14018,,
ESTAT:PRC_HPI_HSNA(1.0),02/07/26 11:00:00,A,TOTAL,NR,SI,2017,15246,,
ESTAT:PRC_HPI_HSNA(1.0),02/07/26 11:00:00,A,TOTAL,NR,SI,2018,13902,,
ESTAT:PRC_HPI_HSNA(1.0),02/07/26 11:00:00,A,TOTAL,NR,SI,2019,14071,,
ESTAT:PRC_HPI_HSNA(1.0),02/07/26 11:00:00,A,TOTAL,NR,SI,2020,11612,,
ESTAT:PRC_HPI_HSNA(1.0),02/07/26 11:00:00,A,TOTAL,NR,SI,2021,13927,,
ESTAT:PRC_HPI_HSNA(1.0),02/07/26 11:00:00,A,TOTAL,NR,SI,2022,12869,,
ESTAT:PRC_HPI_HSNA(1.0),02/07/26 11:00:00,A,TOTAL,NR,SI,2023,10300,,
ESTAT:PRC_HPI_HSNA(1.0),02/07/26 11:00:00,A,TOTAL,NR,SI,2024,8475,,
ESTAT:PRC_HPI_HSNA(1.0),02/07/26 11:00:00,A,TOTAL,NR,SI,2025,11009,,
ESTAT:PRC_HPI_HSNA(1.0),02/07/26 11:00:00,A,TOTAL,RCH_A_AVG,AT,2016,-5.8,,
ESTAT:PRC_HPI_HSNA(1.0),02/07/26 11:00:00,A,TOTAL,RCH_A_AVG,AT,2017,5.1,,
ESTAT:PRC_HPI_HSNA(1.0),02/07/26 11:00:00,A,TOTAL,RCH_A_AVG,AT,2018,1.4,,
ESTAT:PRC_HPI_HSNA(1.0),02/07/26 11:00:00,A,TOTAL,RCH_A_AVG,AT,2019,10.2,,
ESTAT:PRC_HPI_HSNA(1.0),02/07/26 11:00:00,A,TOTAL,RCH_A_AVG,AT,2020,5.1,,
ESTAT:PRC_HPI_HSNA(1.0),02/07/26 11:00:00,A,TOTAL,RCH_A_AVG,AT,2021,5.7,,
ESTAT:PRC_HPI_HSNA(1.0),02/07/26 11:00:00,A,TOTAL,RCH_A_AVG,AT,2022,-16.8,,
ESTAT:PRC_HPI_HSNA(1.0),02/07/26 11:00:00,A,TOTAL,RCH_A_AVG,AT,2023,-27.2,,
ESTAT:PRC_HPI_HSNA(1.0),02/07/26 11:00:00,A,TOTAL,RCH_A_AVG,AT,2024,10.5,p,
ESTAT:PRC_HPI_HSNA(1.0),02/07/26 11:00:00,A,TOTAL,RCH_A_AVG,AT,2025,21.4,ep,
ESTAT:PRC_HPI_HSNA(1.0),02/07/26 11:00:00,A,TOTAL,RCH_A_AVG,BE,2011,10.4,d,
ESTAT:PRC_HPI_HSNA(1.0),02/07/26 11:00:00,A,TOTAL,RCH_A_AVG,BE,2012,-2.8,d,
ESTAT:PRC_HPI_HSNA(1.0),02/07/26 11:00:00,A,TOTAL,RCH_A_AVG,BE,2013,-2.7,d,
ESTAT:PRC_HPI_HSNA(1.0),02/07/26 11:00:00,A,TOTAL,RCH_A_AVG,BE,2014,12.8,d,
ESTAT:PRC_HPI_HSNA(1.0),02/07/26 11:00:00,A,TOTAL,RCH_A_AVG,BE,2015,-25.5,d,
ESTAT:PRC_HPI_HSNA(1.0),02/07/26 11:00:00,A,TOTAL,RCH_A_AVG,BE,2016,18.8,d,
ESTAT:PRC_HPI_HSNA(1.0),02/07/26 11:00:00,A,TOTAL,RCH_A_AVG,BE,2017,7.3,d,
ESTAT:PRC_HPI_HSNA(1.0),02/07/26 11:00:00,A,TOTAL,RCH_A_AVG,BE,2018,5.2,d,
ESTAT:PRC_HPI_HSNA(1.0),02/07/26 11:00:00,A,TOTAL,RCH_A_AVG,BE,2019,14.6,d,
ESTAT:PRC_HPI_HSNA(1.0),02/07/26 11:00:00,A,TOTAL,RCH_A_AVG,BE,2020,-17.7,d,
ESTAT:PRC_HPI_HSNA(1.0),02/07/26 11:00:00,A,TOTAL,RCH_A_AVG,BE,2021,18.6,d,
ESTAT:PRC_HPI_HSNA(1.0),02/07/26 11:00:00,A,TOTAL,RCH_A_AVG,BE,2022,1.8,d,
ESTAT:PRC_HPI_HSNA(1.0),02/07/26 11:00:00,A,TOTAL,RCH_A_AVG,BE,2023,-18.1,d,
ESTAT:PRC_HPI_HSNA(1.0),02/07/26 11:00:00,A,TOTAL,RCH_A_AVG,BE,2024,1.4,d,
ESTAT:PRC_HPI_HSNA(1.0),02/07/26 11:00:00,A,TOTAL,RCH_A_AVG,BE,2025,20.2,d,
ESTAT:PRC_HPI_HSNA(1.0),02/07/26 11:00:00,A,TOTAL,RCH_A_AVG,BG,2018,3.7,,
ESTAT:PRC_HPI_HSNA(1.0),02/07/26 11:00:00,A,TOTAL,RCH_A_AVG,BG,2019,3.9,,
ESTAT:PRC_HPI_HSNA(1.0),02/07/26 11:00:00,A,TOTAL,RCH_A_AVG,BG,2020,-9.6,,
ESTAT:PRC_HPI_HSNA(1.0),02/07/26 11:00:00,A,TOTAL,RCH_A_AVG,BG,2021,39.0,,
ESTAT:PRC_HPI_HSNA(1.0),02/07/26 11:00:00,A,TOTAL,RCH_A_AVG,BG,2022,5.9,,
ESTAT:PRC_HPI_HSNA(1.0),02/07/26 11:00:00,A,TOTAL,RCH_A_AVG,BG,2023,-3.8,,
ESTAT:PRC_HPI_HSNA(1.0),02/07/26 11:00:00,A,TOTAL,RCH_A_AVG,BG,2024,5.5,,
ESTAT:PRC_HPI_HSNA(1.0),02/07/26 11:00:00,A,TOTAL,RCH_A_AVG,BG,2025,-2.5,,
ESTAT:PRC_HPI_HSNA(1.0),02/07/26 11:00:00,A,TOTAL,RCH_A_AVG,CY,2016,141.8,,
ESTAT:PRC_HPI_HSNA(1.0),02/07/26 11:00:00,A,TOTAL,RCH_A_AVG,CY,2017,1.3,,
ESTAT:PRC_HPI_HSNA(1.0),02/07/26 11:00:00,A,TOTAL,RCH_A_AVG,CY,2018,11.9,,
ESTAT:PRC_HPI_HSNA(1.0),02/07/26 11:00:00,A,TOTAL,RCH_A_AVG,CY,2019,-4.2,,
ESTAT:PRC_HPI_HSNA(1.0),02/07/26 11:00:00,A,TOTAL,RCH_A_AVG,CY,2020,-28.4,,
ESTAT:PRC_HPI_HSNA(1.0),02/07/26 11:00:00,A,TOTAL,RCH_A_AVG,CY,2021,15.0,,
ESTAT:PRC_HPI_HSNA(1.0),02/07/26 11:00:00,A,TOTAL,RCH_A_AVG,CY,2022,25.5,,
ESTAT:PRC_HPI_HSNA(1.0),02/07/26 11:00:00,A,TOTAL,RCH_A_AVG,CY,2023,10.8,,
ESTAT:PRC_HPI_HSNA(1.0),02/07/26 11:00:00,A,TOTAL,RCH_A_AVG,CY,2024,-1.1,,
ESTAT:PRC_HPI_HSNA(1.0),02/07/26 11:00:00,A,TOTAL,RCH_A_AVG,CY,2025,3.8,,
ESTAT:PRC_HPI_HSNA(1.0),02/07/26 11:00:00,A,TOTAL,RCH_A_AVG,DK,2014,13.6,d,
ESTAT:PRC_HPI_HSNA(1.0),02/07/26 11:00:00,A,TOTAL,RCH_A_AVG,DK,2015,14.4,d,
ESTAT:PRC_HPI_HSNA(1.0),02/07/26 11:00:00,A,TOTAL,RCH_A_AVG,DK,2016,6.1,d,
ESTAT:PRC_HPI_HSNA(1.0),02/07/26 11:00:00,A,TOTAL,RCH_A_AVG,DK,2017,12.1,d,
ESTAT:PRC_HPI_HSNA(1.0),02/07/26 11:00:00,A,TOTAL,RCH_A_AVG,DK,2018,-1.3,d,
ESTAT:PRC_HPI_HSNA(1.0),02/07/26 11:00:00,A,TOTAL,RCH_A_AVG,DK,2019,3.1,d,
ESTAT:PRC_HPI_HSNA(1.0),02/07/26 11:00:00,A,TOTAL,RCH_A_AVG,DK,2020,20.1,d,
ESTAT:PRC_HPI_HSNA(1.0),02/07/26 11:00:00,A,TOTAL,RCH_A_AVG,DK,2021,7.2,d,
ESTAT:PRC_HPI_HSNA(1.0),02/07/26 11:00:00,A,TOTAL,RCH_A_AVG,DK,2022,-24.8,d,
ESTAT:PRC_HPI_HSNA(1.0),02/07/26 11:00:00,A,TOTAL,RCH_A_AVG,DK,2023,-0.2,,
ESTAT:PRC_HPI_HSNA(1.0),02/07/26 11:00:00,A,TOTAL,RCH_A_AVG,DK,2024,5.1,d,
ESTAT:PRC_HPI_HSNA(1.0),02/07/26 11:00:00,A,TOTAL,RCH_A_AVG,DK,2025,12.7,d,
ESTAT:PRC_HPI_HSNA(1.0),02/07/26 11:00:00,A,TOTAL,RCH_A_AVG,ES,2009,-20.6,,
ESTAT:PRC_HPI_HSNA(1.0),02/07/26 11:00:00,A,TOTAL,RCH_A_AVG,ES,2010,13.8,,
ESTAT:PRC_HPI_HSNA(1.0),02/07/26 11:00:00,A,TOTAL,RCH_A_AVG,ES,2011,-33.2,,
ESTAT:PRC_HPI_HSNA(1.0),02/07/26 11:00:00,A,TOTAL,RCH_A_AVG,ES,2012,2.7,,
ESTAT:PRC_HPI_HSNA(1.0),02/07/26 11:00:00,A,TOTAL,RCH_A_AVG,ES,2013,-15.6,,
ESTAT:PRC_HPI_HSNA(1.0),02/07/26 11:00:00,A,TOTAL,RCH_A_AVG,ES,2014,30.8,,
ESTAT:PRC_HPI_HSNA(1.0),02/07/26 11:00:00,A,TOTAL,RCH_A_AVG,ES,2015,9.9,,
ESTAT:PRC_HPI_HSNA(1.0),02/07/26 11:00:00,A,TOTAL,RCH_A_AVG,ES,2016,14.8,,
ESTAT:PRC_HPI_HSNA(1.0),02/07/26 11:00:00,A,TOTAL,RCH_A_AVG,ES,2017,16.0,,
ESTAT:PRC_HPI_HSNA(1.0),02/07/26 11:00:00,A,TOTAL,RCH_A_AVG,ES,2018,10.1,,
ESTAT:PRC_HPI_HSNA(1.0),02/07/26 11:00:00,A,TOTAL,RCH_A_AVG,ES,2019,-1.6,,
ESTAT:PRC_HPI_HSNA(1.0),02/07/26 11:00:00,A,TOTAL,RCH_A_AVG,ES,2020,-12.5,,
ESTAT:PRC_HPI_HSNA(1.0),02/07/26 11:00:00,A,TOTAL,RCH_A_AVG,ES,2021,39.3,,
ESTAT:PRC_HPI_HSNA(1.0),02/07/26 11:00:00,A,TOTAL,RCH_A_AVG,ES,2022,6.0,,
ESTAT:PRC_HPI_HSNA(1.0),02/07/26 11:00:00,A,TOTAL,RCH_A_AVG,ES,2023,-12.0,,
ESTAT:PRC_HPI_HSNA(1.0),02/07/26 11:00:00,A,TOTAL,RCH_A_AVG,ES,2024,12.4,,
ESTAT:PRC_HPI_HSNA(1.0),02/07/26 11:00:00,A,TOTAL,RCH_A_AVG,ES,2025,5.4,,
ESTAT:PRC_HPI_HSNA(1.0),02/07/26 11:00:00,A,TOTAL,RCH_A_AVG,FI,2016,3.6,,
ESTAT:PRC_HPI_HSNA(1.0),02/07/26 11:00:00,A,TOTAL,RCH_A_AVG,FI,2017,3.1,,
ESTAT:PRC_HPI_HSNA(1.0),02/07/26 11:00:00,A,TOTAL,RCH_A_AVG,FI,2018,-3.7,,
ESTAT:PRC_HPI_HSNA(1.0),02/07/26 11:00:00,A,TOTAL,RCH_A_AVG,FI,2019,3.8,,
ESTAT:PRC_HPI_HSNA(1.0),02/07/26 11:00:00,A,TOTAL,RCH_A_AVG,FI,2020,10.7,,
ESTAT:PRC_HPI_HSNA(1.0),02/07/26 11:00:00,A,TOTAL,RCH_A_AVG,FI,2021,9.7,,
ESTAT:PRC_HPI_HSNA(1.0),02/07/26 11:00:00,A,TOTAL,RCH_A_AVG,FI,2022,-16.1,,
ESTAT:PRC_HPI_HSNA(1.0),02/07/26 11:00:00,A,TOTAL,RCH_A_AVG,FI,2023,-23.7,,
ESTAT:PRC_HPI_HSNA(1.0),02/07/26 11:00:00,A,TOTAL,RCH_A_AVG,FI,2024,-2.0,,
ESTAT:PRC_HPI_HSNA(1.0),02/07/26 11:00:00,A,TOTAL,RCH_A_AVG,FI,2025,9.0,,
ESTAT:PRC_HPI_HSNA(1.0),02/07/26 11:00:00,A,TOTAL,RCH_A_AVG,FR,2007,-1.1,,
ESTAT:PRC_HPI_HSNA(1.0),02/07/26 11:00:00,A,TOTAL,RCH_A_AVG,FR,2008,-19.8,,
ESTAT:PRC_HPI_HSNA(1.0),02/07/26 11:00:00,A,TOTAL,RCH_A_AVG,FR,2009,-6.1,,
ESTAT:PRC_HPI_HSNA(1.0),02/07/26 11:00:00,A,TOTAL,RCH_A_AVG,FR,2010,26.0,,
ESTAT:PRC_HPI_HSNA(1.0),02/07/26 11:00:00,A,TOTAL,RCH_A_AVG,FR,2011,1.2,,
ESTAT:PRC_HPI_HSNA(1.0),02/07/26 11:00:00,A,TOTAL,RCH_A_AVG,FR,2012,-11.7,,
ESTAT:PRC_HPI_HSNA(1.0),02/07/26 11:00:00,A,TOTAL,RCH_A_AVG,FR,2013,0.9,,
ESTAT:PRC_HPI_HSNA(1.0),02/07/26 11:00:00,A,TOTAL,RCH_A_AVG,FR,2014,-3.7,,
ESTAT:PRC_HPI_HSNA(1.0),02/07/26 11:00:00,A,TOTAL,RCH_A_AVG,FR,2015,15.7,,
ESTAT:PRC_HPI_HSNA(1.0),02/07/26 11:00:00,A,TOTAL,RCH_A_AVG,FR,2016,8.5,,
ESTAT:PRC_HPI_HSNA(1.0),02/07/26 11:00:00,A,TOTAL,RCH_A_AVG,FR,2017,12.8,,
ESTAT:PRC_HPI_HSNA(1.0),02/07/26 11:00:00,A,TOTAL,RCH_A_AVG,FR,2018,0.6,,
ESTAT:PRC_HPI_HSNA(1.0),02/07/26 11:00:00,A,TOTAL,RCH_A_AVG,FR,2019,9.5,,
ESTAT:PRC_HPI_HSNA(1.0),02/07/26 11:00:00,A,TOTAL,RCH_A_AVG,FR,2020,-6.4,,
ESTAT:PRC_HPI_HSNA(1.0),02/07/26 11:00:00,A,TOTAL,RCH_A_AVG,FR,2021,18.4,,
ESTAT:PRC_HPI_HSNA(1.0),02/07/26 11:00:00,A,TOTAL,RCH_A_AVG,FR,2022,-6.2,,
ESTAT:PRC_HPI_HSNA(1.0),02/07/26 11:00:00,A,TOTAL,RCH_A_AVG,FR,2023,-21.7,,
ESTAT:PRC_HPI_HSNA(1.0),02/07/26 11:00:00,A,TOTAL,RCH_A_AVG,FR,2024,-9.4,,
ESTAT:PRC_HPI_HSNA(1.0),02/07/26 11:00:00,A,TOTAL,RCH_A_AVG,FR,2025,11.2,,
ESTAT:PRC_HPI_HSNA(1.0),02/07/26 11:00:00,A,TOTAL,RCH_A_AVG,HR,2009,-24.8,,
ESTAT:PRC_HPI_HSNA(1.0),02/07/26 11:00:00,A,TOTAL,RCH_A_AVG,HR,2010,-4.0,,
ESTAT:PRC_HPI_HSNA(1.0),02/07/26 11:00:00,A,TOTAL,RCH_A_AVG,HR,2011,4.3,,
ESTAT:PRC_HPI_HSNA(1.0),02/07/26 11:00:00,A,TOTAL,RCH_A_AVG,HR,2012,-1.2,,
ESTAT:PRC_HPI_HSNA(1.0),02/07/26 11:00:00,A,TOTAL,RCH_A_AVG,HR,2013,-6.3,,
ESTAT:PRC_HPI_HSNA(1.0),02/07/26 11:00:00,A,TOTAL,RCH_A_AVG,HR,2014,-2.6,,
ESTAT:PRC_HPI_HSNA(1.0),02/07/26 11:00:00,A,TOTAL,RCH_A_AVG,HR,2015,-7.7,,
ESTAT:PRC_HPI_HSNA(1.0),02/07/26 11:00:00,A,TOTAL,RCH_A_AVG,HR,2016,28.9,,
ESTAT:PRC_HPI_HSNA(1.0),02/07/26 11:00:00,A,TOTAL,RCH_A_AVG,HR,2017,1.4,,
ESTAT:PRC_HPI_HSNA(1.0),02/07/26 11:00:00,A,TOTAL,RCH_A_AVG,HR,2018,6.8,,
ESTAT:PRC_HPI_HSNA(1.0),02/07/26 11:00:00,A,TOTAL,RCH_A_AVG,HR,2019,11.6,,
ESTAT:PRC_HPI_HSNA(1.0),02/07/26 11:00:00,A,TOTAL,RCH_A_AVG,HR,2020,-7.8,,
ESTAT:PRC_HPI_HSNA(1.0),02/07/26 11:00:00,A,TOTAL,RCH_A_AVG,HR,2021,30.5,,
ESTAT:PRC_HPI_HSNA(1.0),02/07/26 11:00:00,A,TOTAL,RCH_A_AVG,HR,2022,-0.1,,
ESTAT:PRC_HPI_HSNA(1.0),02/07/26 11:00:00,A,TOTAL,RCH_A_AVG,HR,2023,-20.3,,
ESTAT:PRC_HPI_HSNA(1.0),02/07/26 11:00:00,A,TOTAL,RCH_A_AVG,HR,2024,-13.9,,
ESTAT:PRC_HPI_HSNA(1.0),02/07/26 11:00:00,A,TOTAL,RCH_A_AVG,HR,2025,-4.1,,
ESTAT:PRC_HPI_HSNA(1.0),02/07/26 11:00:00,A,TOTAL,RCH_A_AVG,HU,2008,-19.4,,
ESTAT:PRC_HPI_HSNA(1.0),02/07/26 11:00:00,A,TOTAL,RCH_A_AVG,HU,2009,-40.9,,
ESTAT:PRC_HPI_HSNA(1.0),02/07/26 11:00:00,A,TOTAL,RCH_A_AVG,HU,2010,-1.0,,
ESTAT:PRC_HPI_HSNA(1.0),02/07/26 11:00:00,A,TOTAL,RCH_A_AVG,HU,2011,-2.8,,
ESTAT:PRC_HPI_HSNA(1.0),02/07/26 11:00:00,A,TOTAL,RCH_A_AVG,HU,2012,-2.0,,
ESTAT:PRC_HPI_HSNA(1.0),02/07/26 11:00:00,A,TOTAL,RCH_A_AVG,HU,2013,3.2,,
ESTAT:PRC_HPI_HSNA(1.0),02/07/26 11:00:00,A,TOTAL,RCH_A_AVG,HU,2014,28.3,,
ESTAT:PRC_HPI_HSNA(1.0),02/07/26 11:00:00,A,TOTAL,RCH_A_AVG,HU,2015,17.9,,
ESTAT:PRC_HPI_HSNA(1.0),02/07/26 11:00:00,A,TOTAL,RCH_A_AVG,HU,2016,9.1,,
ESTAT:PRC_HPI_HSNA(1.0),02/07/26 11:00:00,A,TOTAL,RCH_A_AVG,HU,2017,5.1,,
ESTAT:PRC_HPI_HSNA(1.0),02/07/26 11:00:00,A,TOTAL,RCH_A_AVG,HU,2018,6.5,,
ESTAT:PRC_HPI_HSNA(1.0),02/07/26 11:00:00,A,TOTAL,RCH_A_AVG,HU,2019,-4.1,,
ESTAT:PRC_HPI_HSNA(1.0),02/07/26 11:00:00,A,TOTAL,RCH_A_AVG,HU,2020,-14.7,,
ESTAT:PRC_HPI_HSNA(1.0),02/07/26 11:00:00,A,TOTAL,RCH_A_AVG,HU,2021,19.9,,
ESTAT:PRC_HPI_HSNA(1.0),02/07/26 11:00:00,A,TOTAL,RCH_A_AVG,HU,2022,-9.9,,
ESTAT:PRC_HPI_HSNA(1.0),02/07/26 11:00:00,A,TOTAL,RCH_A_AVG,HU,2023,-31.4,,
ESTAT:PRC_HPI_HSNA(1.0),02/07/26 11:00:00,A,TOTAL,RCH_A_AVG,HU,2024,34.8,,
ESTAT:PRC_HPI_HSNA(1.0),02/07/26 11:00:00,A,TOTAL,RCH_A_AVG,HU,2025,17.3,ep,
ESTAT:PRC_HPI_HSNA(1.0),02/07/26 11:00:00,A,TOTAL,RCH_A_AVG,IE,2011,-16.2,,
ESTAT:PRC_HPI_HSNA(1.0),02/07/26 11:00:00,A,TOTAL,RCH_A_AVG,IE,2012,38.1,,
ESTAT:PRC_HPI_HSNA(1.0),02/07/26 11:00:00,A,TOTAL,RCH_A_AVG,IE,2013,18.4,,
ESTAT:PRC_HPI_HSNA(1.0),02/07/26 11:00:00,A,TOTAL,RCH_A_AVG,IE,2014,43.4,,
ESTAT:PRC_HPI_HSNA(1.0),02/07/26 11:00:00,A,TOTAL,RCH_A_AVG,IE,2015,11.7,,
ESTAT:PRC_HPI_HSNA(1.0),02/07/26 11:00:00,A,TOTAL,RCH_A_AVG,IE,2016,1.0,,
ESTAT:PRC_HPI_HSNA(1.0),02/07/26 11:00:00,A,TOTAL,RCH_A_AVG,IE,2017,8.6,,
ESTAT:PRC_HPI_HSNA(1.0),02/07/26 11:00:00,A,TOTAL,RCH_A_AVG,IE,2018,2.8,,
ESTAT:PRC_HPI_HSNA(1.0),02/07/26 11:00:00,A,TOTAL,RCH_A_AVG,IE,2019,1.9,,
ESTAT:PRC_HPI_HSNA(1.0),02/07/26 11:00:00,A,TOTAL,RCH_A_AVG,IE,2020,-16.3,,
ESTAT:PRC_HPI_HSNA(1.0),02/07/26 11:00:00,A,TOTAL,RCH_A_AVG,IE,2021,22.2,,
ESTAT:PRC_HPI_HSNA(1.0),02/07/26 11:00:00,A,TOTAL,RCH_A_AVG,IE,2022,7.7,,
ESTAT:PRC_HPI_HSNA(1.0),02/07/26 11:00:00,A,TOTAL,RCH_A_AVG,IE,2023,0.6,,
ESTAT:PRC_HPI_HSNA(1.0),02/07/26 11:00:00,A,TOTAL,RCH_A_AVG,IE,2024,-2.8,,
ESTAT:PRC_HPI_HSNA(1.0),02/07/26 11:00:00,A,TOTAL,RCH_A_AVG,IE,2025,3.6,,
ESTAT:PRC_HPI_HSNA(1.0),02/07/26 11:00:00,A,TOTAL,RCH_A_AVG,LT,2024,2.1,,
ESTAT:PRC_HPI_HSNA(1.0),02/07/26 11:00:00,A,TOTAL,RCH_A_AVG,LT,2025,22.8,,
ESTAT:PRC_HPI_HSNA(1.0),02/07/26 11:00:00,A,TOTAL,RCH_A_AVG,LU,2015,-1.8,,
ESTAT:PRC_HPI_HSNA(1.0),02/07/26 11:00:00,A,TOTAL,RCH_A_AVG,LU,2016,2.7,,
ESTAT:PRC_HPI_HSNA(1.0),02/07/26 11:00:00,A,TOTAL,RCH_A_AVG,LU,2017,11.7,,
ESTAT:PRC_HPI_HSNA(1.0),02/07/26 11:00:00,A,TOTAL,RCH_A_AVG,LU,2018,4.0,,
ESTAT:PRC_HPI_HSNA(1.0),02/07/26 11:00:00,A,TOTAL,RCH_A_AVG,LU,2019,-5.1,,
ESTAT:PRC_HPI_HSNA(1.0),02/07/26 11:00:00,A,TOTAL,RCH_A_AVG,LU,2020,-4.0,,
ESTAT:PRC_HPI_HSNA(1.0),02/07/26 11:00:00,A,TOTAL,RCH_A_AVG,LU,2021,-0.8,,
ESTAT:PRC_HPI_HSNA(1.0),02/07/26 11:00:00,A,TOTAL,RCH_A_AVG,LU,2022,-15.1,,
ESTAT:PRC_HPI_HSNA(1.0),02/07/26 11:00:00,A,TOTAL,RCH_A_AVG,LU,2023,-43.3,,
ESTAT:PRC_HPI_HSNA(1.0),02/07/26 11:00:00,A,TOTAL,RCH_A_AVG,LU,2024,47.1,,
ESTAT:PRC_HPI_HSNA(1.0),02/07/26 11:00:00,A,TOTAL,RCH_A_AVG,LU,2025,18.6,,
ESTAT:PRC_HPI_HSNA(1.0),02/07/26 11:00:00,A,TOTAL,RCH_A_AVG,LV,2021,14.1,,
ESTAT:PRC_HPI_HSNA(1.0),02/07/26 11:00:00,A,TOTAL,RCH_A_AVG,LV,2022,-7.0,,
ESTAT:PRC_HPI_HSNA(1.0),02/07/26 11:00:00,A,TOTAL,RCH_A_AVG,LV,2023,-7.0,,
ESTAT:PRC_HPI_HSNA(1.0),02/07/26 11:00:00,A,TOTAL,RCH_A_AVG,LV,2024,4.0,,
ESTAT:PRC_HPI_HSNA(1.0),02/07/26 11:00:00,A,TOTAL,RCH_A_AVG,LV,2025,9.2,,
ESTAT:PRC_HPI_HSNA(1.0),02/07/26 11:00:00,A,TOTAL,RCH_A_AVG,MT,2016,36.0,,
ESTAT:PRC_HPI_HSNA(1.0),02/07/26 11:00:00,A,TOTAL,RCH_A_AVG,MT,2017,3.8,,
ESTAT:PRC_HPI_HSNA(1.0),02/07/26 11:00:00,A,TOTAL,RCH_A_AVG,MT,2018,0.7,,
ESTAT:PRC_HPI_HSNA(1.0),02/07/26 11:00:00,A,TOTAL,RCH_A_AVG,MT,2019,0.6,,
ESTAT:PRC_HPI_HSNA(1.0),02/07/26 11:00:00,A,TOTAL,RCH_A_AVG,MT,2020,-18.1,,
ESTAT:PRC_HPI_HSNA(1.0),02/07/26 11:00:00,A,TOTAL,RCH_A_AVG,MT,2021,34.8,,
ESTAT:PRC_HPI_HSNA(1.0),02/07/26 11:00:00,A,TOTAL,RCH_A_AVG,MT,2022,-2.2,,
ESTAT:PRC_HPI_HSNA(1.0),02/07/26 11:00:00,A,TOTAL,RCH_A_AVG,MT,2023,-13.4,,
ESTAT:PRC_HPI_HSNA(1.0),02/07/26 11:00:00,A,TOTAL,RCH_A_AVG,MT,2024,0.3,,
ESTAT:PRC_HPI_HSNA(1.0),02/07/26 11:00:00,A,TOTAL,RCH_A_AVG,MT,2025,4.5,p,
ESTAT:PRC_HPI_HSNA(1.0),02/07/26 11:00:00,A,TOTAL,RCH_A_AVG,NL,2016,18.5,,
ESTAT:PRC_HPI_HSNA(1.0),02/07/26 11:00:00,A,TOTAL,RCH_A_AVG,NL,2017,12.6,,
ESTAT:PRC_HPI_HSNA(1.0),02/07/26 11:00:00,A,TOTAL,RCH_A_AVG,NL,2018,-9.7,,
ESTAT:PRC_HPI_HSNA(1.0),02/07/26 11:00:00,A,TOTAL,RCH_A_AVG,NL,2019,-1.3,,
ESTAT:PRC_HPI_HSNA(1.0),02/07/26 11:00:00,A,TOTAL,RCH_A_AVG,NL,2020,10.0,,
ESTAT:PRC_HPI_HSNA(1.0),02/07/26 11:00:00,A,TOTAL,RCH_A_AVG,NL,2021,-2.8,,
ESTAT:PRC_HPI_HSNA(1.0),02/07/26 11:00:00,A,TOTAL,RCH_A_AVG,NL,2022,-16.2,,
ESTAT:PRC_HPI_HSNA(1.0),02/07/26 11:00:00,A,TOTAL,RCH_A_AVG,NL,2023,-8.7,,
ESTAT:PRC_HPI_HSNA(1.0),02/07/26 11:00:00,A,TOTAL,RCH_A_AVG,NL,2024,17.0,,
ESTAT:PRC_HPI_HSNA(1.0),02/07/26 11:00:00,A,TOTAL,RCH_A_AVG,NL,2025,13.9,p,
ESTAT:PRC_HPI_HSNA(1.0),02/07/26 11:00:00,A,TOTAL,RCH_A_AVG,NO,2018,3.5,,
ESTAT:PRC_HPI_HSNA(1.0),02/07/26 11:00:00,A,TOTAL,RCH_A_AVG,NO,2019,3.2,,
ESTAT:PRC_HPI_HSNA(1.0),02/07/26 11:00:00,A,TOTAL,RCH_A_AVG,NO,2020,3.4,,
ESTAT:PRC_HPI_HSNA(1.0),02/07/26 11:00:00,A,TOTAL,RCH_A_AVG,NO,2021,4.5,p,
ESTAT:PRC_HPI_HSNA(1.0),02/07/26 11:00:00,A,TOTAL,RCH_A_AVG,NO,2022,-9.2,p,
ESTAT:PRC_HPI_HSNA(1.0),02/07/26 11:00:00,A,TOTAL,RCH_A_AVG,NO,2023,-3.3,p,
ESTAT:PRC_HPI_HSNA(1.0),02/07/26 11:00:00,A,TOTAL,RCH_A_AVG,NO,2024,4.0,p,
ESTAT:PRC_HPI_HSNA(1.0),02/07/26 11:00:00,A,TOTAL,RCH_A_AVG,NO,2025,8.3,p,
ESTAT:PRC_HPI_HSNA(1.0),02/07/26 11:00:00,A,TOTAL,RCH_A_AVG,PL,2016,6.6,,
ESTAT:PRC_HPI_HSNA(1.0),02/07/26 11:00:00,A,TOTAL,RCH_A_AVG,PL,2017,12.5,,
ESTAT:PRC_HPI_HSNA(1.0),02/07/26 11:00:00,A,TOTAL,RCH_A_AVG,PL,2018,13.0,,
ESTAT:PRC_HPI_HSNA(1.0),02/07/26 11:00:00,A,TOTAL,RCH_A_AVG,PL,2019,2.4,,
ESTAT:PRC_HPI_HSNA(1.0),02/07/26 11:00:00,A,TOTAL,RCH_A_AVG,PL,2020,-4.6,,
ESTAT:PRC_HPI_HSNA(1.0),02/07/26 11:00:00,A,TOTAL,RCH_A_AVG,PL,2021,22.2,,
ESTAT:PRC_HPI_HSNA(1.0),02/07/26 11:00:00,A,TOTAL,RCH_A_AVG,PL,2022,-8.2,,
ESTAT:PRC_HPI_HSNA(1.0),02/07/26 11:00:00,A,TOTAL,RCH_A_AVG,PL,2023,6.7,,
ESTAT:PRC_HPI_HSNA(1.0),02/07/26 11:00:00,A,TOTAL,RCH_A_AVG,PL,2024,5.0,,
ESTAT:PRC_HPI_HSNA(1.0),02/07/26 11:00:00,A,TOTAL,RCH_A_AVG,PL,2025,-1.1,p,
ESTAT:PRC_HPI_HSNA(1.0),02/07/26 11:00:00,A,TOTAL,RCH_A_AVG,PT,2010,6.9,e,
ESTAT:PRC_HPI_HSNA(1.0),02/07/26 11:00:00,A,TOTAL,RCH_A_AVG,PT,2011,-28.1,e,
ESTAT:PRC_HPI_HSNA(1.0),02/07/26 11:00:00,A,TOTAL,RCH_A_AVG,PT,2012,-18.6,e,
ESTAT:PRC_HPI_HSNA(1.0),02/07/26 11:00:00,A,TOTAL,RCH_A_AVG,PT,2013,5.5,e,
ESTAT:PRC_HPI_HSNA(1.0),02/07/26 11:00:00,A,TOTAL,RCH_A_AVG,PT,2014,5.7,e,
ESTAT:PRC_HPI_HSNA(1.0),02/07/26 11:00:00,A,TOTAL,RCH_A_AVG,PT,2015,29.6,e,
ESTAT:PRC_HPI_HSNA(1.0),02/07/26 11:00:00,A,TOTAL,RCH_A_AVG,PT,2016,18.8,e,
ESTAT:PRC_HPI_HSNA(1.0),02/07/26 11:00:00,A,TOTAL,RCH_A_AVG,PT,2017,20.8,e,
ESTAT:PRC_HPI_HSNA(1.0),02/07/26 11:00:00,A,TOTAL,RCH_A_AVG,PT,2018,16.5,e,
ESTAT:PRC_HPI_HSNA(1.0),02/07/26 11:00:00,A,TOTAL,RCH_A_AVG,PT,2019,2.7,e,
ESTAT:PRC_HPI_HSNA(1.0),02/07/26 11:00:00,A,TOTAL,RCH_A_AVG,PT,2020,-9.8,,
ESTAT:PRC_HPI_HSNA(1.0),02/07/26 11:00:00,A,TOTAL,RCH_A_AVG,PT,2021,19.4,,
ESTAT:PRC_HPI_HSNA(1.0),02/07/26 11:00:00,A,TOTAL,RCH_A_AVG,PT,2022,2.7,,
ESTAT:PRC_HPI_HSNA(1.0),02/07/26 11:00:00,A,TOTAL,RCH_A_AVG,PT,2023,-19.8,,
ESTAT:PRC_HPI_HSNA(1.0),02/07/26 11:00:00,A,TOTAL,RCH_A_AVG,PT,2024,15.2,,
ESTAT:PRC_HPI_HSNA(1.0),02/07/26 11:00:00,A,TOTAL,RCH_A_AVG,PT,2025,10.5,,
ESTAT:PRC_HPI_HSNA(1.0),02/07/26 11:00:00,A,TOTAL,RCH_A_AVG,SI,2015,16.1,,
ESTAT:PRC_HPI_HSNA(1.0),02/07/26 11:00:00,A,TOTAL,RCH_A_AVG,SI,2016,16.5,,
ESTAT:PRC_HPI_HSNA(1.0),02/07/26 11:00:00,A,TOTAL,RCH_A_AVG,SI,2017,8.8,,
ESTAT:PRC_HPI_HSNA(1.0),02/07/26 11:00:00,A,TOTAL,RCH_A_AVG,SI,2018,-8.8,,
ESTAT:PRC_HPI_HSNA(1.0),02/07/26 11:00:00,A,TOTAL,RCH_A_AVG,SI,2019,1.2,,
ESTAT:PRC_HPI_HSNA(1.0),02/07/26 11:00:00,A,TOTAL,RCH_A_AVG,SI,2020,-17.5,,
ESTAT:PRC_HPI_HSNA(1.0),02/07/26 11:00:00,A,TOTAL,RCH_A_AVG,SI,2021,19.9,,
ESTAT:PRC_HPI_HSNA(1.0),02/07/26 11:00:00,A,TOTAL,RCH_A_AVG,SI,2022,-7.6,,
ESTAT:PRC_HPI_HSNA(1.0),02/07/26 11:00:00,A,TOTAL,RCH_A_AVG,SI,2023,-20.0,,
ESTAT:PRC_HPI_HSNA(1.0),02/07/26 11:00:00,A,TOTAL,RCH_A_AVG,SI,2024,-17.7,,
ESTAT:PRC_HPI_HSNA(1.0),02/07/26 11:00:00,A,TOTAL,RCH_A_AVG,SI,2025,29.9,,
ESTAT:PRC_HPI_HSNA(1.0),02/07/26 11:00:00,A,TOTAL,RCH_A_AVG,UK,2007,-3.4,,
ESTAT:PRC_HPI_HSNA(1.0),02/07/26 11:00:00,A,TOTAL,RCH_A_AVG,UK,2008,-44.2,,
ESTAT:PRC_HPI_HSNA(1.0),02/07/26 11:00:00,A,TOTAL,RCH_A_AVG,UK,2009,-4.6,,
ESTAT:PRC_HPI_HSNA(1.0),02/07/26 11:00:00,A,TOTAL,RCH_A_AVG,UK,2010,3.2,,
ESTAT:PRC_HPI_HSNA(1.0),02/07/26 11:00:00,A,TOTAL,RCH_A_AVG,UK,2011,-0.1,,
ESTAT:PRC_HPI_HSNA(1.0),02/07/26 11:00:00,A,TOTAL,RCH_A_AVG,UK,2012,5.4,,
ESTAT:PRC_HPI_HSNA(1.0),02/07/26 11:00:00,A,TOTAL,RCH_A_AVG,UK,2013,15.2,,
ESTAT:PRC_HPI_HSNA(1.0),02/07/26 11:00:00,A,TOTAL,RCH_A_AVG,UK,2014,13.4,,
ESTAT:PRC_HPI_HSNA(1.0),02/07/26 11:00:00,A,TOTAL,RCH_A_AVG,UK,2015,0.9,,
ESTAT:PRC_HPI_HSNA(1.0),02/07/26 11:00:00,A,TOTAL,RCH_A_AVG,UK,2016,0.4,,
ESTAT:PRC_HPI_HSNA(1.0),02/07/26 11:00:00,A,TOTAL,RCH_A_AVG,UK,2017,-1.2,,
ESTAT:PRC_HPI_HSNA(1.0),02/07/26 11:00:00,A,TOTAL,RCH_A_AVG,UK,2018,-2.3,,
ESTAT:PRC_HPI_HSNA(1.0),02/07/26 11:00:00,A,TOTAL,RCH_A_AVG,UK,2019,-1.2,,
