STRUCTURE,STRUCTURE_ID,STRUCTURE_NAME,ACTION,REF_AREA,Reference area,FREQ,Frequency of observation,MEASURE,Measure,UNIT_MEASURE,Unit of measure,TIME_PERIOD,Time period,OBS_VALUE,Observation value,OBS_STATUS,Observation status,UNIT_MULT,Unit multiplier,ADJUSTMENT,Adjustment,DECIMALS,Decimals,BASE_PER,Base period
DATAFLOW,OECD.ECO.MPD:DSD_AN_HOUSE_PRICES@DF_HOUSE_PRICES(1.0),Analytical house prices indicators,I,ITA,Italy,A,Annual,HPI,Nominal house price indices,IX,Index,1970,,3.04023857356652,,A,Normal value,0,Units,S,"Seasonally adjusted, not calendar adjusted",1,One,2015,
DATAFLOW,OECD.ECO.MPD:DSD_AN_HOUSE_PRICES@DF_HOUSE_PRICES(1.0),Analytical house prices indicators,I,ITA,Italy,A,Annual,HPI,Nominal house price indices,IX,Index,1971,,3.21003371320276,,A,Normal value,0,Units,S,"Seasonally adjusted, not calendar adjusted",1,One,2015,
DATAFLOW,OECD.ECO.MPD:DSD_AN_HOUSE_PRICES@DF_HOUSE_PRICES(1.0),Analytical house prices indicators,I,ITA,Italy,A,Annual,HPI,Nominal house price indices,IX,Index,1972,,3.37598539258205,,A,Normal value,0,Units,S,"Seasonally adjusted, not calendar adjusted",1,One,2015,
DATAFLOW,OECD.ECO.MPD:DSD_AN_HOUSE_PRICES@DF_HOUSE_PRICES(1.0),Analytical house prices indicators,I,ITA,Italy,A,Annual,HPI,Nominal house price indices,IX,Index,1973,,3.82945575300227,,A,Normal value,0,Units,S,"Seasonally adjusted, not calendar adjusted",1,One,2015,
DATAFLOW,OECD.ECO.MPD:DSD_AN_HOUSE_PRICES@DF_HOUSE_PRICES(1.0),Analytical house prices indicators,I,ITA,Italy,A,Annual,HPI,Nominal house price indices,IX,Index,1974,,6.53397016428666,,A,Normal value,0,Units,S,"Seasonally adjusted, not calendar adjusted",1,One,2015,
DATAFLOW,OECD.ECO.MPD:DSD_AN_HOUSE_PRICES@DF_HOUSE_PRICES(1.0),Analytical house prices indicators,I,ITA,Italy,A,Annual,HPI,Nominal house price indices,IX,Index,1975,,7.21617097974716,,A,Normal value,0,Units,S,"Seasonally adjusted, not calendar adjusted",1,One,2015,
DATAFLOW,OECD.ECO.MPD:DSD_AN_HOUSE_PRICES@DF_HOUSE_PRICES(1.0),Analytical house prices indicators,I,ITA,Italy,A,Annual,HPI,Nominal house price indices,IX,Index,1976,,8.97711129082762,,A,Normal value,0,Units,S,"Seasonally adjusted, not calendar adjusted",1,One,2015,
DATAFLOW,OECD.ECO.MPD:DSD_AN_HOUSE_PRICES@DF_HOUSE_PRICES(1.0),Analytical house prices indicators,I,ITA,Italy,A,Annual,HPI,Nominal house price indices,IX,Index,1977,,10.4720032840531,,A,Normal value,0,Units,S,"Seasonally adjusted, not calendar adjusted",1,One,2015,
DATAFLOW,OECD.ECO.MPD:DSD_AN_HOUSE_PRICES@DF_HOUSE_PRICES(1.0),Analytical house prices indicators,I,ITA,Italy,A,Annual,HPI,Nominal house price indices,IX,Index,1978,,12.0316006709018,,A,Normal value,0,Units,S,"Seasonally adjusted, not calendar adjusted",1,One,2015,
DATAFLOW,OECD.ECO.MPD:DSD_AN_HOUSE_PRICES@DF_HOUSE_PRICES(1.0),Analytical house prices indicators,I,ITA,Italy,A,Annual,HPI,Nominal house price indices,IX,Index,1979,,14.7143464009919,,A,Normal value,0,Units,S,"Seasonally adjusted, not calendar adjusted",1,One,2015,
DATAFLOW,OECD.ECO.MPD:DSD_AN_HOUSE_PRICES@DF_HOUSE_PRICES(1.0),Analytical house prices indicators,I,ITA,Italy,A,Annual,HPI,Nominal house price indices,IX,Index,1980,,18.3609016639568,,A,Normal value,0,Units,S,"Seasonally adjusted, not calendar adjusted",1,One,2015,
DATAFLOW,OECD.ECO.MPD:DSD_AN_HOUSE_PRICES@DF_HOUSE_PRICES(1.0),Analytical house prices indicators,I,ITA,Italy,A,Annual,HPI,Nominal house price indices,IX,Index,1981,,24.9912302624482,,A,Normal value,0,Units,S,"Seasonally adjusted, not calendar adjusted",1,One,2015,
DATAFLOW,OECD.ECO.MPD:DSD_AN_HOUSE_PRICES@DF_HOUSE_PRICES(1.0),Analytical house prices indicators,I,ITA,Italy,A,Annual,HPI,Nominal house price indices,IX,Index,1982,,28.2822037455711,,A,Normal value,0,Units,S,"Seasonally adjusted, not calendar adjusted",1,One,2015,
DATAFLOW,OECD.ECO.MPD:DSD_AN_HOUSE_PRICES@DF_HOUSE_PRICES(1.0),Analytical house prices indicators,I,ITA,Italy,A,Annual,HPI,Nominal house price indices,IX,Index,1983,,29.1902062861388,,A,Normal value,0,Units,S,"Seasonally adjusted, not calendar adjusted",1,One,2015,
DATAFLOW,OECD.ECO.MPD:DSD_AN_HOUSE_PRICES@DF_HOUSE_PRICES(1.0),Analytical house prices indicators,I,ITA,Italy,A,Annual,HPI,Nominal house price indices,IX,Index,1984,,28.8530972180391,,A,Normal value,0,Units,S,"Seasonally adjusted, not calendar adjusted",1,One,2015,
DATAFLOW,OECD.ECO.MPD:DSD_AN_HOUSE_PRICES@DF_HOUSE_PRICES(1.0),Analytical house prices indicators,I,ITA,Italy,A,Annual,HPI,Nominal house price indices,IX,Index,1985,,28.242679726483,,A,Normal value,0,Units,S,"Seasonally adjusted, not calendar adjusted",1,One,2015,
DATAFLOW,OECD.ECO.MPD:DSD_AN_HOUSE_PRICES@DF_HOUSE_PRICES(1.0),Analytical house prices indicators,I,ITA,Italy,A,Annual,HPI,Nominal house price indices,IX,Index,1986,,29.242058752076,,A,Normal value,0,Units,S,"Seasonally adjusted, not calendar adjusted",1,One,2015,
DATAFLOW,OECD.ECO.MPD:DSD_AN_HOUSE_PRICES@DF_HOUSE_PRICES(1.0),Analytical house prices indicators,I,ITA,Italy,A,Annual,HPI,Nominal house price indices,IX,Index,1987,,31.6960225454442,,A,Normal value,0,Units,S,"Seasonally adjusted, not calendar adjusted",1,One,2015,
DATAFLOW,OECD.ECO.MPD:DSD_AN_HOUSE_PRICES@DF_HOUSE_PRICES(1.0),Analytical house prices indicators,I,ITA,Italy,A,Annual,HPI,Nominal house price indices,IX,Index,1988,,35.1581143909526,,A,Normal value,0,Units,S,"Seasonally adjusted, not calendar adjusted",1,One,2015,
DATAFLOW,OECD.ECO.MPD:DSD_AN_HOUSE_PRICES@DF_HOUSE_PRICES(1.0),Analytical house prices indicators,I,ITA,Italy,A,Annual,HPI,Nominal house price indices,IX,Index,1989,,46.2466223194026,,A,Normal value,0,Units,S,"Seasonally adjusted, not calendar adjusted",1,One,2015,
DATAFLOW,OECD.ECO.MPD:DSD_AN_HOUSE_PRICES@DF_HOUSE_PRICES(1.0),Analytical house prices indicators,I,ITA,Italy,A,Annual,HPI,Nominal house price indices,IX,Index,1990,,56.1965488771521,,A,Normal value,0,Units,S,"Seasonally adjusted, not calendar adjusted",1,One,2015,
DATAFLOW,OECD.ECO.MPD:DSD_AN_HOUSE_PRICES@DF_HOUSE_PRICES(1.0),Analytical house prices indicators,I,ITA,Italy,A,Annual,HPI,Nominal house price indices,IX,Index,1991,,62.4152691903821,,A,Normal value,0,Units,S,"Seasonally adjusted, not calendar adjusted",1,One,2015,
DATAFLOW,OECD.ECO.MPD:DSD_AN_HOUSE_PRICES@DF_HOUSE_PRICES(1.0),Analytical house prices indicators,I,ITA,Italy,A,Annual,HPI,Nominal house price indices,IX,Index,1992,,66.2810163459062,,A,Normal value,0,Units,S,"Seasonally adjusted, not calendar adjusted",1,One,2015,
DATAFLOW,OECD.ECO.MPD:DSD_AN_HOUSE_PRICES@DF_HOUSE_PRICES(1.0),Analytical house prices indicators,I,ITA,Italy,A,Annual,HPI,Nominal house price indices,IX,Index,1993,,66.4306468141257,,A,Normal value,0,Units,S,"Seasonally adjusted, not calendar adjusted",1,One,2015,
DATAFLOW,OECD.ECO.MPD:DSD_AN_HOUSE_PRICES@DF_HOUSE_PRICES(1.0),Analytical house prices indicators,I,ITA,Italy,A,Annual,HPI,Nominal house price indices,IX,Index,1994,,64.5369412119237,,A,Normal value,0,Units,S,"Seasonally adjusted, not calendar adjusted",1,One,2015,
DATAFLOW,OECD.ECO.MPD:DSD_AN_HOUSE_PRICES@DF_HOUSE_PRICES(1.0),Analytical house prices indicators,I,ITA,Italy,A,Annual,HPI,Nominal house price indices,IX,Index,1995,,65.0318953293479,,A,Normal value,0,Units,S,"Seasonally adjusted, not calendar adjusted",1,One,2015,
DATAFLOW,OECD.ECO.MPD:DSD_AN_HOUSE_PRICES@DF_HOUSE_PRICES(1.0),Analytical house prices indicators,I,ITA,Italy,A,Annual,HPI,Nominal house price indices,IX,Index,1996,,62.8874853446095,,A,Normal value,0,Units,S,"Seasonally adjusted, not calendar adjusted",1,One,2015,
DATAFLOW,OECD.ECO.MPD:DSD_AN_HOUSE_PRICES@DF_HOUSE_PRICES(1.0),Analytical house prices indicators,I,ITA,Italy,A,Annual,HPI,Nominal house price indices,IX,Index,1997,,59.9826005096259,,A,Normal value,0,Units,S,"Seasonally adjusted, not calendar adjusted",1,One,2015,
DATAFLOW,OECD.ECO.MPD:DSD_AN_HOUSE_PRICES@DF_HOUSE_PRICES(1.0),Analytical house prices indicators,I,ITA,Italy,A,Annual,HPI,Nominal house price indices,IX,Index,1998,,61.2339219742461,,A,Normal value,0,Units,S,"Seasonally adjusted, not calendar adjusted",1,One,2015,
DATAFLOW,OECD.ECO.MPD:DSD_AN_HOUSE_PRICES@DF_HOUSE_PRICES(1.0),Analytical house prices indicators,I,ITA,Italy,A,Annual,HPI,Nominal house price indices,IX,Index,1999,,64.645936739264,,A,Normal value,0,Units,S,"Seasonally adjusted, not calendar adjusted",1,One,2015,
DATAFLOW,OECD.ECO.MPD:DSD_AN_HOUSE_PRICES@DF_HOUSE_PRICES(1.0),Analytical house prices indicators,I,ITA,Italy,A,Annual,HPI,Nominal house price indices,IX,Index,2000,,69.9884779373888,,A,Normal value,0,Units,S,"Seasonally adjusted, not calendar adjusted",1,One,2015,
DATAFLOW,OECD.ECO.MPD:DSD_AN_HOUSE_PRICES@DF_HOUSE_PRICES(1.0),Analytical house prices indicators,I,ITA,Italy,A,Annual,HPI,Nominal house price indices,IX,Index,2001,,75.7281266624453,,A,Normal value,0,Units,S,"Seasonally adjusted, not calendar adjusted",1,One,2015,
DATAFLOW,OECD.ECO.MPD:DSD_AN_HOUSE_PRICES@DF_HOUSE_PRICES(1.0),Analytical house prices indicators,I,ITA,Italy,A,Annual,HPI,Nominal house price indices,IX,Index,2002,,82.9824171368809,,A,Normal value,0,Units,S,"Seasonally adjusted, not calendar adjusted",1,One,2015,
DATAFLOW,OECD.ECO.MPD:DSD_AN_HOUSE_PRICES@DF_HOUSE_PRICES(1.0),Analytical house prices indicators,I,ITA,Italy,A,Annual,HPI,Nominal house price indices,IX,Index,2003,,91.5122340046194,,A,Normal value,0,Units,S,"Seasonally adjusted, not calendar adjusted",1,One,2015,
DATAFLOW,OECD.ECO.MPD:DSD_AN_HOUSE_PRICES@DF_HOUSE_PRICES(1.0),Analytical house prices indicators,I,ITA,Italy,A,Annual,HPI,Nominal house price indices,IX,Index,2004,,100.601111376656,,A,Normal value,0,Units,S,"Seasonally adjusted, not calendar adjusted",1,One,2015,
DATAFLOW,OECD.ECO.MPD:DSD_AN_HOUSE_PRICES@DF_HOUSE_PRICES(1.0),Analytical house prices indicators,I,ITA,Italy,A,Annual,HPI,Nominal house price indices,IX,Index,2005,,108.187522811924,,A,Normal value,0,Units,S,"Seasonally adjusted, not calendar adjusted",1,One,2015,
DATAFLOW,OECD.ECO.MPD:DSD_AN_HOUSE_PRICES@DF_HOUSE_PRICES(1.0),Analytical house prices indicators,I,ITA,Italy,A,Annual,HPI,Nominal house price indices,IX,Index,2006,,115.150473962944,,A,Normal value,0,Units,S,"Seasonally adjusted, not calendar adjusted",1,One,2015,
DATAFLOW,OECD.ECO.MPD:DSD_AN_HOUSE_PRICES@DF_HOUSE_PRICES(1.0),Analytical house prices indicators,I,ITA,Italy,A,Annual,HPI,Nominal house price indices,IX,Index,2007,,121.087429530898,,A,Normal value,0,Units,S,"Seasonally adjusted, not calendar adjusted",1,One,2015,
DATAFLOW,OECD.ECO.MPD:DSD_AN_HOUSE_PRICES@DF_HOUSE_PRICES(1.0),Analytical house prices indicators,I,ITA,Italy,A,Annual,HPI,Nominal house price indices,IX,Index,2008,,123.133552835532,,A,Normal value,0,Units,S,"Seasonally adjusted, not calendar adjusted",1,One,2015,
DATAFLOW,OECD.ECO.MPD:DSD_AN_HOUSE_PRICES@DF_HOUSE_PRICES(1.0),Analytical house prices indicators,I,ITA,Italy,A,Annual,HPI,Nominal house price indices,IX,Index,2009,,118.604590634216,,A,Normal value,0,Units,S,"Seasonally adjusted, not calendar adjusted",1,One,2015,
DATAFLOW,OECD.ECO.MPD:DSD_AN_HOUSE_PRICES@DF_HOUSE_PRICES(1.0),Analytical house prices indicators,I,ITA,Italy,A,Annual,HPI,Nominal house price indices,IX,Index,2010,,118.123454691363,,A,Normal value,0,Units,S,"Seasonally adjusted, not calendar adjusted",1,One,2015,
DATAFLOW,OECD.ECO.MPD:DSD_AN_HOUSE_PRICES@DF_HOUSE_PRICES(1.0),Analytical house prices indicators,I,ITA,Italy,A,Annual,HPI,Nominal house price indices,IX,Index,2011,,119.691950770123,,A,Normal value,0,Units,S,"Seasonally adjusted, not calendar adjusted",1,One,2015,
DATAFLOW,OECD.ECO.MPD:DSD_AN_HOUSE_PRICES@DF_HOUSE_PRICES(1.0),Analytical house prices indicators,I,ITA,Italy,A,Annual,HPI,Nominal house price indices,IX,Index,2012,,116.642208394479,,A,Normal value,0,Units,S,"Seasonally adjusted, not calendar adjusted",1,One,2015,
DATAFLOW,OECD.ECO.MPD:DSD_AN_HOUSE_PRICES@DF_HOUSE_PRICES(1.0),Analytical house prices indicators,I,ITA,Italy,A,Annual,HPI,Nominal house price indices,IX,Index,2013,,109.032727418181,,A,Normal value,0,Units,S,"Seasonally adjusted, not calendar adjusted",1,One,2015,
DATAFLOW,OECD.ECO.MPD:DSD_AN_HOUSE_PRICES@DF_HOUSE_PRICES(1.0),Analytical house prices indicators,I,ITA,Italy,A,Annual,HPI,Nominal house price indices,IX,Index,2014,,103.94974012565,,A,Normal value,0,Units,S,"Seasonally adjusted, not calendar adjusted",1,One,2015,
DATAFLOW,OECD.ECO.MPD:DSD_AN_HOUSE_PRICES@DF_HOUSE_PRICES(1.0),Analytical house prices indicators,I,ITA,Italy,A,Annual,HPI,Nominal house price indices,IX,Index,2016,,100.261249346876,,A,Normal value,0,Units,S,"Seasonally adjusted, not calendar adjusted",1,One,2015,
DATAFLOW,OECD.ECO.MPD:DSD_AN_HOUSE_PRICES@DF_HOUSE_PRICES(1.0),Analytical house prices indicators,I,ITA,Italy,A,Annual,HPI,Nominal house price indices,IX,Index,2017,,99.1575021062446,,A,Normal value,0,Units,S,"Seasonally adjusted, not calendar adjusted",1,One,2015,
DATAFLOW,OECD.ECO.MPD:DSD_AN_HOUSE_PRICES@DF_HOUSE_PRICES(1.0),Analytical house prices indicators,I,ITA,Italy,A,Annual,HPI,Nominal house price indices,IX,Index,2018,,98.6057534856161,,A,Normal value,0,Units,S,"Seasonally adjusted, not calendar adjusted",1,One,2015,
DATAFLOW,OECD.ECO.MPD:DSD_AN_HOUSE_PRICES@DF_HOUSE_PRICES(1.0),Analytical house prices indicators,I,ITA,Italy,A,Annual,HPI,Nominal house price indices,IX,Index,2019,,98.5185037037406,,A,Normal value,0,Units,S,"Seasonally adjusted, not calendar adjusted",1,One,2015,
DATAFLOW,OECD.ECO.MPD:DSD_AN_HOUSE_PRICES@DF_HOUSE_PRICES(1.0),Analytical house prices indicators,I,ITA,Italy,A,Annual,HPI,Nominal house price indices,IX,Index,2020,,100.406498983752,,A,Normal value,0,Units,S,"Seasonally adjusted, not calendar adjusted",1,One,2015,
DATAFLOW,OECD.ECO.MPD:DSD_AN_HOUSE_PRICES@DF_HOUSE_PRICES(1.0),Analytical house prices indicators,I,ITA,Italy,A,Annual,HPI,Nominal house price indices,IX,Index,2021,,102.904242739393,,A,Normal value,0,Units,S,"Seasonally adjusted, not calendar adjusted",1,One,2015,
DATAFLOW,OECD.ECO.MPD:DSD_AN_HOUSE_PRICES@DF_HOUSE_PRICES(1.0),Analytical house prices indicators,I,ITA,Italy,A,Annual,HPI,Nominal house price indices,IX,Index,2022,,106.854232864418,,A,Normal value,0,Units,S,"Seasonally adjusted, not calendar adjusted",1,One,2015,
DATAFLOW,OECD.ECO.MPD:DSD_AN_HOUSE_PRICES@DF_HOUSE_PRICES(1.0),Analytical house prices indicators,I,ITA,Italy,A,Annual,HPI,Nominal house price indices,IX,Index,2023,,108.248229379426,,A,Normal value,0,Units,S,"Seasonally adjusted, not calendar adjusted",1,One,2015,
DATAFLOW,OECD.ECO.MPD:DSD_AN_HOUSE_PRICES@DF_HOUSE_PRICES(1.0),Analytical house prices indicators,I,ITA,Italy,A,Annual,HPI,Nominal house price indices,IX,Index,2024,,111.704720738198,,A,Normal value,0,Units,S,"Seasonally adjusted, not calendar adjusted",1,One,2015,
DATAFLOW,OECD.ECO.MPD:DSD_AN_HOUSE_PRICES@DF_HOUSE_PRICES(1.0),Analytical house prices indicators,I,ITA,Italy,A,Annual,HPI,Nominal house price indices,IX,Index,2025,,116.177459554375,,A,Normal value,0,Units,S,"Seasonally adjusted, not calendar adjusted",1,One,2015,
DATAFLOW,OECD.ECO.MPD:DSD_AN_HOUSE_PRICES@DF_HOUSE_PRICES(1.0),Analytical house prices indicators,I,DEU,Germany,A,Annual,HPI,Nominal house price indices,IX,Index,1970,,32.7736043179423,,A,Normal value,0,Units,S,"Seasonally adjusted, not calendar adjusted",1,One,2015,
DATAFLOW,OECD.ECO.MPD:DSD_AN_HOUSE_PRICES@DF_HOUSE_PRICES(1.0),Analytical house prices indicators,I,DEU,Germany,A,Annual,HPI,Nominal house price indices,IX,Index,1971,,35.9817936988196,,A,Normal value,0,Units,S,"Seasonally adjusted, not calendar adjusted",1,One,2015,
DATAFLOW,OECD.ECO.MPD:DSD_AN_HOUSE_PRICES@DF_HOUSE_PRICES(1.0),Analytical house prices indicators,I,DEU,Germany,A,Annual,HPI,Nominal house price indices,IX,Index,1972,,38.3014358144635,,A,Normal value,0,Units,S,"Seasonally adjusted, not calendar adjusted",1,One,2015,
DATAFLOW,OECD.ECO.MPD:DSD_AN_HOUSE_PRICES@DF_HOUSE_PRICES(1.0),Analytical house prices indicators,I,DEU,Germany,A,Annual,HPI,Nominal house price indices,IX,Index,1973,,40.9699729324934,,A,Normal value,0,Units,S,"Seasonally adjusted, not calendar adjusted",1,One,2015,
DATAFLOW,OECD.ECO.MPD:DSD_AN_HOUSE_PRICES@DF_HOUSE_PRICES(1.0),Analytical house prices indicators,I,DEU,Germany,A,Annual,HPI,Nominal house price indices,IX,Index,1974,,43.9117819385747,,A,Normal value,0,Units,S,"Seasonally adjusted, not calendar adjusted",1,One,2015,
DATAFLOW,OECD.ECO.MPD:DSD_AN_HOUSE_PRICES@DF_HOUSE_PRICES(1.0),Analytical house prices indicators,I,DEU,Germany,A,Annual,HPI,Nominal house price indices,IX,Index,1975,,44.7472243202417,,A,Normal value,0,Units,S,"Seasonally adjusted, not calendar adjusted",1,One,2015,
DATAFLOW,OECD.ECO.MPD:DSD_AN_HOUSE_PRICES@DF_HOUSE_PRICES(1.0),Analytical house prices indicators,I,DEU,Germany,A,Annual,HPI,Nominal house price indices,IX,Index,1976,,45.7444360523666,,A,Normal value,0,Units,S,"Seasonally adjusted, not calendar adjusted",1,One,2015,
DATAFLOW,OECD.ECO.MPD:DSD_AN_HOUSE_PRICES@DF_HOUSE_PRICES(1.0),Analytical house prices indicators,I,DEU,Germany,A,Annual,HPI,Nominal house price indices,IX,Index,1977,,48.2905085599194,,A,Normal value,0,Units,S,"Seasonally adjusted, not calendar adjusted",1,One,2015,
DATAFLOW,OECD.ECO.MPD:DSD_AN_HOUSE_PRICES@DF_HOUSE_PRICES(1.0),Analytical house prices indicators,I,DEU,Germany,A,Annual,HPI,Nominal house price indices,IX,Index,1978,,51.7913582578046,,A,Normal value,0,Units,S,"Seasonally adjusted, not calendar adjusted",1,One,2015,
DATAFLOW,OECD.ECO.MPD:DSD_AN_HOUSE_PRICES@DF_HOUSE_PRICES(1.0),Analytical house prices indicators,I,DEU,Germany,A,Annual,HPI,Nominal house price indices,IX,Index,1979,,56.3530715005035,,A,Normal value,0,Units,S,"Seasonally adjusted, not calendar adjusted",1,One,2015,
DATAFLOW,OECD.ECO.MPD:DSD_AN_HOUSE_PRICES@DF_HOUSE_PRICES(1.0),Analytical house prices indicators,I,DEU,Germany,A,Annual,HPI,Nominal house price indices,IX,Index,1980,,60.6177429506546,,A,Normal value,0,Units,S,"Seasonally adjusted, not calendar adjusted",1,One,2015,
DATAFLOW,OECD.ECO.MPD:DSD_AN_HOUSE_PRICES@DF_HOUSE_PRICES(1.0),Analytical house prices indicators,I,DEU,Germany,A,Annual,HPI,Nominal house price indices,IX,Index,1981,,64.8187625881168,,A,Normal value,0,Units,S,"Seasonally adjusted, not calendar adjusted",1,One,2015,
DATAFLOW,OECD.ECO.MPD:DSD_AN_HOUSE_PRICES@DF_HOUSE_PRICES(1.0),Analytical house prices indicators,I,DEU,Germany,A,Annual,HPI,Nominal house price indices,IX,Index,1982,,65.4764979859013,,A,Normal value,0,Units,S,"Seasonally adjusted, not calendar adjusted",1,One,2015,
DATAFLOW,OECD.ECO.MPD:DSD_AN_HOUSE_PRICES@DF_HOUSE_PRICES(1.0),Analytical house prices indicators,I,DEU,Germany,A,Annual,HPI,Nominal house price indices,IX,Index,1983,,65.6462361530715,,A,Normal value,0,Units,S,"Seasonally adjusted, not calendar adjusted",1,One,2015,
DATAFLOW,OECD.ECO.MPD:DSD_AN_HOUSE_PRICES@DF_HOUSE_PRICES(1.0),Analytical house prices indicators,I,DEU,Germany,A,Annual,HPI,Nominal house price indices,IX,Index,1984,,64.2246790030211,,A,Normal value,0,Units,S,"Seasonally adjusted, not calendar adjusted",1,One,2015,
DATAFLOW,OECD.ECO.MPD:DSD_AN_HOUSE_PRICES@DF_HOUSE_PRICES(1.0),Analytical house prices indicators,I,DEU,Germany,A,Annual,HPI,Nominal house price indices,IX,Index,1985,,63.5245090634441,,A,Normal value,0,Units,S,"Seasonally adjusted, not calendar adjusted",1,One,2015,
DATAFLOW,OECD.ECO.MPD:DSD_AN_HOUSE_PRICES@DF_HOUSE_PRICES(1.0),Analytical house prices indicators,I,DEU,Germany,A,Annual,HPI,Nominal house price indices,IX,Index,1986,,63.6942472306143,,A,Normal value,0,Units,S,"Seasonally adjusted, not calendar adjusted",1,One,2015,
DATAFLOW,OECD.ECO.MPD:DSD_AN_HOUSE_PRICES@DF_HOUSE_PRICES(1.0),Analytical house prices indicators,I,DEU,Germany,A,Annual,HPI,Nominal house price indices,IX,Index,1987,,63.1638154582074,,A,Normal value,0,Units,S,"Seasonally adjusted, not calendar adjusted",1,One,2015,
DATAFLOW,OECD.ECO.MPD:DSD_AN_HOUSE_PRICES@DF_HOUSE_PRICES(1.0),Analytical house prices indicators,I,DEU,Germany,A,Annual,HPI,Nominal house price indices,IX,Index,1988,,64.2458962739174,,A,Normal value,0,Units,S,"Seasonally adjusted, not calendar adjusted",1,One,2015,
DATAFLOW,OECD.ECO.MPD:DSD_AN_HOUSE_PRICES@DF_HOUSE_PRICES(1.0),Analytical house prices indicators,I,DEU,Germany,A,Annual,HPI,Nominal house price indices,IX,Index,1989,,66.3251888217522,,A,Normal value,0,Units,S,"Seasonally adjusted, not calendar adjusted",1,One,2015,
DATAFLOW,OECD.ECO.MPD:DSD_AN_HOUSE_PRICES@DF_HOUSE_PRICES(1.0),Analytical house prices indicators,I,DEU,Germany,A,Annual,HPI,Nominal house price indices,IX,Index,1990,,71.5446374622356,,A,Normal value,0,Units,S,"Seasonally adjusted, not calendar adjusted",1,One,2015,
DATAFLOW,OECD.ECO.MPD:DSD_AN_HOUSE_PRICES@DF_HOUSE_PRICES(1.0),Analytical house prices indicators,I,DEU,Germany,A,Annual,HPI,Nominal house price indices,IX,Index,1991,,74.7696626384692,,A,Normal value,0,Units,S,"Seasonally adjusted, not calendar adjusted",1,One,2015,
DATAFLOW,OECD.ECO.MPD:DSD_AN_HOUSE_PRICES@DF_HOUSE_PRICES(1.0),Analytical house prices indicators,I,DEU,Germany,A,Annual,HPI,Nominal house price indices,IX,Index,1992,,78.8221613796575,,A,Normal value,0,Units,S,"Seasonally adjusted, not calendar adjusted",1,One,2015,
DATAFLOW,OECD.ECO.MPD:DSD_AN_HOUSE_PRICES@DF_HOUSE_PRICES(1.0),Analytical house prices indicators,I,DEU,Germany,A,Annual,HPI,Nominal house price indices,IX,Index,1993,,82.6200528700906,,A,Normal value,0,Units,S,"Seasonally adjusted, not calendar adjusted",1,One,2015,
DATAFLOW,OECD.ECO.MPD:DSD_AN_HOUSE_PRICES@DF_HOUSE_PRICES(1.0),Analytical house prices indicators,I,DEU,Germany,A,Annual,HPI,Nominal house price indices,IX,Index,1994,,86.0360334843907,,A,Normal value,0,Units,S,"Seasonally adjusted, not calendar adjusted",1,One,2015,
DATAFLOW,OECD.ECO.MPD:DSD_AN_HOUSE_PRICES@DF_HOUSE_PRICES(1.0),Analytical house prices indicators,I,DEU,Germany,A,Annual,HPI,Nominal house price indices,IX,Index,1995,,87.3090697381671,,A,Normal value,0,Units,S,"Seasonally adjusted, not calendar adjusted",1,One,2015,
DATAFLOW,OECD.ECO.MPD:DSD_AN_HOUSE_PRICES@DF_HOUSE_PRICES(1.0),Analytical house prices indicators,I,DEU,Germany,A,Annual,HPI,Nominal house price indices,IX,Index,1996,,86.1421198388721,,A,Normal value,0,Units,S,"Seasonally adjusted, not calendar adjusted",1,One,2015,
DATAFLOW,OECD.ECO.MPD:DSD_AN_HOUSE_PRICES@DF_HOUSE_PRICES(1.0),Analytical house prices indicators,I,DEU,Germany,A,Annual,HPI,Nominal house price indices,IX,Index,1997,,84.6144763343403,,A,Normal value,0,Units,S,"Seasonally adjusted, not calendar adjusted",1,One,2015,
DATAFLOW,OECD.ECO.MPD:DSD_AN_HOUSE_PRICES@DF_HOUSE_PRICES(1.0),Analytical house prices indicators,I,DEU,Germany,A,Annual,HPI,Nominal house price indices,IX,Index,1998,,83.8506545820745,,A,Normal value,0,Units,S,"Seasonally adjusted, not calendar adjusted",1,One,2015,
DATAFLOW,OECD.ECO.MPD:DSD_AN_HOUSE_PRICES@DF_HOUSE_PRICES(1.0),Analytical house prices indicators,I,DEU,Germany,A,Annual,HPI,Nominal house price indices,IX,Index,1999,,83.9355236656596,,A,Normal value,0,Units,S,"Seasonally adjusted, not calendar adjusted",1,One,2015,
DATAFLOW,OECD.ECO.MPD:DSD_AN_HOUSE_PRICES@DF_HOUSE_PRICES(1.0),Analytical house prices indicators,I,DEU,Germany,A,Annual,HPI,Nominal house price indices,IX,Index,2000,,84.3512499999999,,A,Normal value,0,Units,S,"Seasonally adjusted, not calendar adjusted",1,One,2015,
DATAFLOW,OECD.ECO.MPD:DSD_AN_HOUSE_PRICES@DF_HOUSE_PRICES(1.0),Analytical house prices indicators,I,DEU,Germany,A,Annual,HPI,Nominal house price indices,IX,Index,2001,,84.3889999999999,,A,Normal value,0,Units,S,"Seasonally adjusted, not calendar adjusted",1,One,2015,
DATAFLOW,OECD.ECO.MPD:DSD_AN_HOUSE_PRICES@DF_HOUSE_PRICES(1.0),Analytical house prices indicators,I,DEU,Germany,A,Annual,HPI,Nominal house price indices,IX,Index,2002,,83.2822499999999,,A,Normal value,0,Units,S,"Seasonally adjusted, not calendar adjusted",1,One,2015,
DATAFLOW,OECD.ECO.MPD:DSD_AN_HOUSE_PRICES@DF_HOUSE_PRICES(1.0),Analytical house prices indicators,I,DEU,Germany,A,Annual,HPI,Nominal house price indices,IX,Index,2003,,83.5877499999999,,A,Normal value,0,Units,S,"Seasonally adjusted, not calendar adjusted",1,One,2015,
DATAFLOW,OECD.ECO.MPD:DSD_AN_HOUSE_PRICES@DF_HOUSE_PRICES(1.0),Analytical house prices indicators,I,DEU,Germany,A,Annual,HPI,Nominal house price indices,IX,Index,2004,,82.3664999999999,,A,Normal value,0,Units,S,"Seasonally adjusted, not calendar adjusted",1,One,2015,
DATAFLOW,OECD.ECO.MPD:DSD_AN_HOUSE_PRICES@DF_HOUSE_PRICES(1.0),Analytical house prices indicators,I,DEU,Germany,A,Annual,HPI,Nominal house price indices,IX,Index,2005,,83.28225,,A,Normal value,0,Units,S,"Seasonally adjusted, not calendar adjusted",1,One,2015,
DATAFLOW,OECD.ECO.MPD:DSD_AN_HOUSE_PRICES@DF_HOUSE_PRICES(1.0),Analytical house prices indicators,I,DEU,Germany,A,Annual,HPI,Nominal house price indices,IX,Index,2006,,83.0149999999999,,A,Normal value,0,Units,S,"Seasonally adjusted, not calendar adjusted",1,One,2015,
DATAFLOW,OECD.ECO.MPD:DSD_AN_HOUSE_PRICES@DF_HOUSE_PRICES(1.0),Analytical house prices indicators,I,DEU,Germany,A,Annual,HPI,Nominal house price indices,IX,Index,2007,,81.1832499999999,,A,Normal value,0,Units,S,"Seasonally adjusted, not calendar adjusted",1,One,2015,
DATAFLOW,OECD.ECO.MPD:DSD_AN_HOUSE_PRICES@DF_HOUSE_PRICES(1.0),Analytical house prices indicators,I,DEU,Germany,A,Annual,HPI,Nominal house price indices,IX,Index,2008,,82.3282499999999,,A,Normal value,0,Units,S,"Seasonally adjusted, not calendar adjusted",1,One,2015,
DATAFLOW,OECD.ECO.MPD:DSD_AN_HOUSE_PRICES@DF_HOUSE_PRICES(1.0),Analytical house prices indicators,I,DEU,Germany,A,Annual,HPI,Nominal house price indices,IX,Index,2009,,82.9769999999999,,A,Normal value,0,Units,S,"Seasonally adjusted, not calendar adjusted",1,One,2015,
DATAFLOW,OECD.ECO.MPD:DSD_AN_HOUSE_PRICES@DF_HOUSE_PRICES(1.0),Analytical house prices indicators,I,DEU,Germany,A,Annual,HPI,Nominal house price indices,IX,Index,2010,,83.8547499999999,,A,Normal value,0,Units,S,"Seasonally adjusted, not calendar adjusted",1,One,2015,
DATAFLOW,OECD.ECO.MPD:DSD_AN_HOUSE_PRICES@DF_HOUSE_PRICES(1.0),Analytical house prices indicators,I,DEU,Germany,A,Annual,HPI,Nominal house price indices,IX,Index,2011,,86.8322499999999,,A,Normal value,0,Units,S,"Seasonally adjusted, not calendar adjusted",1,One,2015,
DATAFLOW,OECD.ECO.MPD:DSD_AN_HOUSE_PRICES@DF_HOUSE_PRICES(1.0),Analytical house prices indicators,I,DEU,Germany,A,Annual,HPI,Nominal house price indices,IX,Index,2012,,89.7709999999999,,A,Normal value,0,Units,S,"Seasonally adjusted, not calendar adjusted",1,One,2015,
DATAFLOW,OECD.ECO.MPD:DSD_AN_HOUSE_PRICES@DF_HOUSE_PRICES(1.0),Analytical house prices indicators,I,DEU,Germany,A,Annual,HPI,Nominal house price indices,IX,Index,2013,,92.5572499999999,,A,Normal value,0,Units,S,"Seasonally adjusted, not calendar adjusted",1,One,2015,
DATAFLOW,OECD.ECO.MPD:DSD_AN_HOUSE_PRICES@DF_HOUSE_PRICES(1.0),Analytical house prices indicators,I,DEU,Germany,A,Annual,HPI,Nominal house price indices,IX,Index,2014,,95.4577499999999,,A,Normal value,0,Units,S,"Seasonally adjusted, not calendar adjusted",1,One,2015,
DATAFLOW,OECD.ECO.MPD:DSD_AN_HOUSE_PRICES@DF_HOUSE_PRICES(1.0),Analytical house prices indicators,I,DEU,Germany,A,Annual,HPI,Nominal house price indices,IX,Index,2016,,107.44275,,A,Normal value,0,Units,S,"Seasonally adjusted, not calendar adjusted",1,One,2015,
DATAFLOW,OECD.ECO.MPD:DSD_AN_HOUSE_PRICES@DF_HOUSE_PRICES(1.0),Analytical house prices indicators,I,DEU,Germany,A,Annual,HPI,Nominal house price indices,IX,Index,2017,,114.084,,A,Normal value,0,Units,S,"Seasonally adjusted, not calendar adjusted",1,One,2015,
DATAFLOW,OECD.ECO.MPD:DSD_AN_HOUSE_PRICES@DF_HOUSE_PRICES(1.0),Analytical house prices indicators,I,DEU,Germany,A,Annual,HPI,Nominal house price indices,IX,Index,2018,,121.64125,,A,Normal value,0,Units,S,"Seasonally adjusted, not calendar adjusted",1,One,2015,
DATAFLOW,OECD.ECO.MPD:DSD_AN_HOUSE_PRICES@DF_HOUSE_PRICES(1.0),Analytical house prices indicators,I,DEU,Germany,A,Annual,HPI,Nominal house price indices,IX,Index,2019,,128.664,,A,Normal value,0,Units,S,"Seasonally adjusted, not calendar adjusted",1,One,2015,
DATAFLOW,OECD.ECO.MPD:DSD_AN_HOUSE_PRICES@DF_HOUSE_PRICES(1.0),Analytical house prices indicators,I,DEU,Germany,A,Annual,HPI,Nominal house price indices,IX,Index,2020,,138.62575,,A,Normal value,0,Units,S,"Seasonally adjusted, not calendar adjusted",1,One,2015,
DATAFLOW,OECD.ECO.MPD:DSD_AN_HOUSE_PRICES@DF_HOUSE_PRICES(1.0),Analytical house prices indicators,I,DEU,Germany,A,Annual,HPI,Nominal house price indices,IX,Index,2021,,154.73275,,A,Normal value,0,Units,S,"Seasonally adjusted, not calendar adjusted",1,One,2015,
DATAFLOW,OECD.ECO.MPD:DSD_AN_HOUSE_PRICES@DF_HOUSE_PRICES(1.0),Analytical house prices indicators,I,DEU,Germany,A,Annual,HPI,Nominal house price indices,IX,Index,2022,,164.04575,,A,Normal value,0,Units,S,"Seasonally adjusted, not calendar adjusted",1,One,2015,
DATAFLOW,OECD.ECO.MPD:DSD_AN_HOUSE_PRICES@DF_HOUSE_PRICES(1.0),Analytical house prices indicators,I,DEU,Germany,A,Annual,HPI,Nominal house price indices,IX,Index,2023,,150.267,,A,Normal value,0,Units,S,"Seasonally adjusted, not calendar adjusted",1,One,2015,
DATAFLOW,OECD.ECO.MPD:DSD_AN_HOUSE_PRICES@DF_HOUSE_PRICES(1.0),Analytical house prices indicators,I,DEU,Germany,A,Annual,HPI,Nominal house price indices,IX,Index,2024,,147.939,,A,Normal value,0,Units,S,"Seasonally adjusted, not calendar adjusted",1,One,2015,
DATAFLOW,OECD.ECO.MPD:DSD_AN_HOUSE_PRICES@DF_HOUSE_PRICES(1.0),Analytical house prices indicators,I,DEU,Germany,A,Annual,HPI,Nominal house price indices,IX,Index,2025,,152.671749998617,,A,Normal value,0,Units,S,"Seasonally adjusted, not calendar adjusted",1,One,2015,
DATAFLOW,OECD.ECO.MPD:DSD_AN_HOUSE_PRICES@DF_HOUSE_PRICES(1.0),Analytical house prices indicators,I,DNK,Denmark,A,Annual,HPI,Nominal house price indices,IX,Index,1970,,6.86934393884963,,A,Normal value,0,Units,S,"Seasonally adjusted, not calendar adjusted",1,One,2015,
DATAFLOW,OECD.ECO.MPD:DSD_AN_HOUSE_PRICES@DF_HOUSE_PRICES(1.0),Analytical house prices indicators,I,DNK,Denmark,A,Annual,HPI,Nominal house price indices,IX,Index,1971,,7.74891229803518,,A,Normal value,0,Units,S,"Seasonally adjusted, not calendar adjusted",1,One,2015,
DATAFLOW,OECD.ECO.MPD:DSD_AN_HOUSE_PRICES@DF_HOUSE_PRICES(1.0),Analytical house prices indicators,I,DNK,Denmark,A,Annual,HPI,Nominal house price indices,IX,Index,1972,,9.07960560839399,,A,Normal value,0,Units,S,"Seasonally adjusted, not calendar adjusted",1,One,2015,
DATAFLOW,OECD.ECO.MPD:DSD_AN_HOUSE_PRICES@DF_HOUSE_PRICES(1.0),Analytical house prices indicators,I,DNK,Denmark,A,Annual,HPI,Nominal house price indices,IX,Index,1973,,10.4839622989359,,A,Normal value,0,Units,S,"Seasonally adjusted, not calendar adjusted",1,One,2015,
DATAFLOW,OECD.ECO.MPD:DSD_AN_HOUSE_PRICES@DF_HOUSE_PRICES(1.0),Analytical house prices indicators,I,DNK,Denmark,A,Annual,HPI,Nominal house price indices,IX,Index,1974,,10.9948534807744,,A,Normal value,0,Units,S,"Seasonally adjusted, not calendar adjusted",1,One,2015,
DATAFLOW,OECD.ECO.MPD:DSD_AN_HOUSE_PRICES@DF_HOUSE_PRICES(1.0),Analytical house prices indicators,I,DNK,Denmark,A,Annual,HPI,Nominal house price indices,IX,Index,1975,,12.9600023523111,,A,Normal value,0,Units,S,"Seasonally adjusted, not calendar adjusted",1,One,2015,
DATAFLOW,OECD.ECO.MPD:DSD_AN_HOUSE_PRICES@DF_HOUSE_PRICES(1.0),Analytical house prices indicators,I,DNK,Denmark,A,Annual,HPI,Nominal house price indices,IX,Index,1976,,14.2003986170538,,A,Normal value,0,Units,S,"Seasonally adjusted, not calendar adjusted",1,One,2015,
DATAFLOW,OECD.ECO.MPD:DSD_AN_HOUSE_PRICES@DF_HOUSE_PRICES(1.0),Analytical house prices indicators,I,DNK,Denmark,A,Annual,HPI,Nominal house price indices,IX,Index,1977,,16.0966365849937,,A,Normal value,0,Units,S,"Seasonally adjusted, not calendar adjusted",1,One,2015,
DATAFLOW,OECD.ECO.MPD:DSD_AN_HOUSE_PRICES@DF_HOUSE_PRICES(1.0),Analytical house prices indicators,I,DNK,Denmark,A,Annual,HPI,Nominal house price indices,IX,Index,1978,,18.6724786366815,,A,Normal value,0,Units,S,"Seasonally adjusted, not calendar adjusted",1,One,2015,
DATAFLOW,OECD.ECO.MPD:DSD_AN_HOUSE_PRICES@DF_HOUSE_PRICES(1.0),Analytical house prices indicators,I,DNK,Denmark,A,Annual,HPI,Nominal house price indices,IX,Index,1979,,20.5211918435201,,A,Normal value,0,Units,S,"Seasonally adjusted, not calendar adjusted",1,One,2015,
DATAFLOW,OECD.ECO.MPD:DSD_AN_HOUSE_PRICES@DF_HOUSE_PRICES(1.0),Analytical house prices indicators,I,DNK,Denmark,A,Annual,HPI,Nominal house price indices,IX,Index,1980,,20.2146571344171,,A,Normal value,0,Units,S,"Seasonally adjusted, not calendar adjusted",1,One,2015,
DATAFLOW,OECD.ECO.MPD:DSD_AN_HOUSE_PRICES@DF_HOUSE_PRICES(1.0),Analytical house prices indicators,I,DNK,Denmark,A,Annual,HPI,Nominal house price indices,IX,Index,1981,,19.261785674337,,A,Normal value,0,Units,S,"Seasonally adjusted, not calendar adjusted",1,One,2015,
DATAFLOW,OECD.ECO.MPD:DSD_AN_HOUSE_PRICES@DF_HOUSE_PRICES(1.0),Analytical house prices indicators,I,DNK,Denmark,A,Annual,HPI,Nominal house price indices,IX,Index,1982,,18.8245578722055,,A,Normal value,0,Units,S,"Seasonally adjusted, not calendar adjusted",1,One,2015,
DATAFLOW,OECD.ECO.MPD:DSD_AN_HOUSE_PRICES@DF_HOUSE_PRICES(1.0),Analytical house prices indicators,I,DNK,Denmark,A,Annual,HPI,Nominal house price indices,IX,Index,1983,,22.8689150419219,,A,Normal value,0,Units,S,"Seasonally adjusted, not calendar adjusted",1,One,2015,
DATAFLOW,OECD.ECO.MPD:DSD_AN_HOUSE_PRICES@DF_HOUSE_PRICES(1.0),Analytical house prices indicators,I,DNK,Denmark,A,Annual,HPI,Nominal house price indices,IX,Index,1984,,26.3928760775797,,A,Normal value,0,Units,S,"Seasonally adjusted, not calendar adjusted",1,One,2015,
DATAFLOW,OECD.ECO.MPD:DSD_AN_HOUSE_PRICES@DF_HOUSE_PRICES(1.0),Analytical house prices indicators,I,DNK,Denmark,A,Annual,HPI,Nominal house price indices,IX,Index,1985,,30.886342239703,,A,Normal value,0,Units,S,"Seasonally adjusted, not calendar adjusted",1,One,2015,
DATAFLOW,OECD.ECO.MPD:DSD_AN_HOUSE_PRICES@DF_HOUSE_PRICES(1.0),Analytical house prices indicators,I,DNK,Denmark,A,Annual,HPI,Nominal house price indices,IX,Index,1986,,34.498224083398,,A,Normal value,0,Units,S,"Seasonally adjusted, not calendar adjusted",1,One,2015,
DATAFLOW,OECD.ECO.MPD:DSD_AN_HOUSE_PRICES@DF_HOUSE_PRICES(1.0),Analytical house prices indicators,I,DNK,Denmark,A,Annual,HPI,Nominal house price indices,IX,Index,1987,,31.9437681742058,,A,Normal value,0,Units,S,"Seasonally adjusted, not calendar adjusted",1,One,2015,
DATAFLOW,OECD.ECO.MPD:DSD_AN_HOUSE_PRICES@DF_HOUSE_PRICES(1.0),Analytical house prices indicators,I,DNK,Denmark,A,Annual,HPI,Nominal house price indices,IX,Index,1988,,32.3073325966303,,A,Normal value,0,Units,S,"Seasonally adjusted, not calendar adjusted",1,One,2015,
DATAFLOW,OECD.ECO.MPD:DSD_AN_HOUSE_PRICES@DF_HOUSE_PRICES(1.0),Analytical house prices indicators,I,DNK,Denmark,A,Annual,HPI,Nominal house price indices,IX,Index,1989,,32.0744612672342,,A,Normal value,0,Units,S,"Seasonally adjusted, not calendar adjusted",1,One,2015,
DATAFLOW,OECD.ECO.MPD:DSD_AN_HOUSE_PRICES@DF_HOUSE_PRICES(1.0),Analytical house prices indicators,I,DNK,Denmark,A,Annual,HPI,Nominal house price indices,IX,Index,1990,,29.6625796413458,,A,Normal value,0,Units,S,"Seasonally adjusted, not calendar adjusted",1,One,2015,
DATAFLOW,OECD.ECO.MPD:DSD_AN_HOUSE_PRICES@DF_HOUSE_PRICES(1.0),Analytical house prices indicators,I,DNK,Denmark,A,Annual,HPI,Nominal house price indices,IX,Index,1991,,30.0475302062659,,A,Normal value,0,Units,S,"Seasonally adjusted, not calendar adjusted",1,One,2015,
DATAFLOW,OECD.ECO.MPD:DSD_AN_HOUSE_PRICES@DF_HOUSE_PRICES(1.0),Analytical house prices indicators,I,DNK,Denmark,A,Annual,HPI,Nominal house price indices,IX,Index,1992,,29.5604014049781,,A,Normal value,0,Units,S,"Seasonally adjusted, not calendar adjusted",1,One,2015,
DATAFLOW,OECD.ECO.MPD:DSD_AN_HOUSE_PRICES@DF_HOUSE_PRICES(1.0),Analytical house prices indicators,I,DNK,Denmark,A,Annual,HPI,Nominal house price indices,IX,Index,1993,,29.2752528383705,,A,Normal value,0,Units,S,"Seasonally adjusted, not calendar adjusted",1,One,2015,
DATAFLOW,OECD.ECO.MPD:DSD_AN_HOUSE_PRICES@DF_HOUSE_PRICES(1.0),Analytical house prices indicators,I,DNK,Denmark,A,Annual,HPI,Nominal house price indices,IX,Index,1994,,32.863372301515,,A,Normal value,0,Units,S,"Seasonally adjusted, not calendar adjusted",1,One,2015,
DATAFLOW,OECD.ECO.MPD:DSD_AN_HOUSE_PRICES@DF_HOUSE_PRICES(1.0),Analytical house prices indicators,I,DNK,Denmark,A,Annual,HPI,Nominal house price indices,IX,Index,1995,,35.3584222593307,,A,Normal value,0,Units,S,"Seasonally adjusted, not calendar adjusted",1,One,2015,
DATAFLOW,OECD.ECO.MPD:DSD_AN_HOUSE_PRICES@DF_HOUSE_PRICES(1.0),Analytical house prices indicators,I,DNK,Denmark,A,Annual,HPI,Nominal house price indices,IX,Index,1996,,39.1366407668801,,A,Normal value,0,Units,S,"Seasonally adjusted, not calendar adjusted",1,One,2015,
DATAFLOW,OECD.ECO.MPD:DSD_AN_HOUSE_PRICES@DF_HOUSE_PRICES(1.0),Analytical house prices indicators,I,DNK,Denmark,A,Annual,HPI,Nominal house price indices,IX,Index,1997,,43.651493071499,,A,Normal value,0,Units,S,"Seasonally adjusted, not calendar adjusted",1,One,2015,
DATAFLOW,OECD.ECO.MPD:DSD_AN_HOUSE_PRICES@DF_HOUSE_PRICES(1.0),Analytical house prices indicators,I,DNK,Denmark,A,Annual,HPI,Nominal house price indices,IX,Index,1998,,47.5722858623522,,A,Normal value,0,Units,S,"Seasonally adjusted, not calendar adjusted",1,One,2015,
DATAFLOW,OECD.ECO.MPD:DSD_AN_HOUSE_PRICES@DF_HOUSE_PRICES(1.0),Analytical house prices indicators,I,DNK,Denmark,A,Annual,HPI,Nominal house price indices,IX,Index,1999,,50.7802072366866,,A,Normal value,0,Units,S,"Seasonally adjusted, not calendar adjusted",1,One,2015,
DATAFLOW,OECD.ECO.MPD:DSD_AN_HOUSE_PRICES@DF_HOUSE_PRICES(1.0),Analytical house prices indicators,I,DNK,Denmark,A,Annual,HPI,Nominal house price indices,IX,Index,2000,,54.0831781332236,,A,Normal value,0,Units,S,"Seasonally adjusted, not calendar adjusted",1,One,2015,
DATAFLOW,OECD.ECO.MPD:DSD_AN_HOUSE_PRICES@DF_HOUSE_PRICES(1.0),Analytical house prices indicators,I,DNK,Denmark,A,Annual,HPI,Nominal house price indices,IX,Index,2001,,57.2435747464567,,A,Normal value,0,Units,S,"Seasonally adjusted, not calendar adjusted",1,One,2015,
DATAFLOW,OECD.ECO.MPD:DSD_AN_HOUSE_PRICES@DF_HOUSE_PRICES(1.0),Analytical house prices indicators,I,DNK,Denmark,A,Annual,HPI,Nominal house price indices,IX,Index,2002,,59.3109018543612,,A,Normal value,0,Units,S,"Seasonally adjusted, not calendar adjusted",1,One,2015,
DATAFLOW,OECD.ECO.MPD:DSD_AN_HOUSE_PRICES@DF_HOUSE_PRICES(1.0),Analytical house prices indicators,I,DNK,Denmark,A,Annual,HPI,Nominal house price indices,IX,Index,2003,,62.2709056772642,,A,Normal value,0,Units,S,"Seasonally adjusted, not calendar adjusted",1,One,2015,
DATAFLOW,OECD.ECO.MPD:DSD_AN_HOUSE_PRICES@DF_HOUSE_PRICES(1.0),Analytical house prices indicators,I,DNK,Denmark,A,Annual,HPI,Nominal house price indices,IX,Index,2004,,69.113172782932,,A,Normal value,0,Units,S,"Seasonally adjusted, not calendar adjusted",1,One,2015,
DATAFLOW,OECD.ECO.MPD:DSD_AN_HOUSE_PRICES@DF_HOUSE_PRICES(1.0),Analytical house prices indicators,I,DNK,Denmark,A,Annual,HPI,Nominal house price indices,IX,Index,2005,,82.9512073780184,,A,Normal value,0,Units,S,"Seasonally adjusted, not calendar adjusted",1,One,2015,
DATAFLOW,OECD.ECO.MPD:DSD_AN_HOUSE_PRICES@DF_HOUSE_PRICES(1.0),Analytical house prices indicators,I,DNK,Denmark,A,Annual,HPI,Nominal house price indices,IX,Index,2006,,102.905257263143,,A,Normal value,0,Units,S,"Seasonally adjusted, not calendar adjusted",1,One,2015,
DATAFLOW,OECD.ECO.MPD:DSD_AN_HOUSE_PRICES@DF_HOUSE_PRICES(1.0),Analytical house prices indicators,I,DNK,Denmark,A,Annual,HPI,Nominal house price indices,IX,Index,2007,,105.65776414441,,A,Normal value,0,Units,S,"Seasonally adjusted, not calendar adjusted",1,One,2015,
DATAFLOW,OECD.ECO.MPD:DSD_AN_HOUSE_PRICES@DF_HOUSE_PRICES(1.0),Analytical house prices indicators,I,DNK,Denmark,A,Annual,HPI,Nominal house price indices,IX,Index,2008,,100.191250478126,,A,Normal value,0,Units,S,"Seasonally adjusted, not calendar adjusted",1,One,2015,
DATAFLOW,OECD.ECO.MPD:DSD_AN_HOUSE_PRICES@DF_HOUSE_PRICES(1.0),Analytical house prices indicators,I,DNK,Denmark,A,Annual,HPI,Nominal house price indices,IX,Index,2009,,88.1882204705512,,A,Normal value,0,Units,S,"Seasonally adjusted, not calendar adjusted",1,One,2015,
DATAFLOW,OECD.ECO.MPD:DSD_AN_HOUSE_PRICES@DF_HOUSE_PRICES(1.0),Analytical house prices indicators,I,DNK,Denmark,A,Annual,HPI,Nominal house price indices,IX,Index,2010,,90.6732266830667,,A,Normal value,0,Units,S,"Seasonally adjusted, not calendar adjusted",1,One,2015,
DATAFLOW,OECD.ECO.MPD:DSD_AN_HOUSE_PRICES@DF_HOUSE_PRICES(1.0),Analytical house prices indicators,I,DNK,Denmark,A,Annual,HPI,Nominal house price indices,IX,Index,2011,,89.1057227643069,,A,Normal value,0,Units,S,"Seasonally adjusted, not calendar adjusted",1,One,2015,
DATAFLOW,OECD.ECO.MPD:DSD_AN_HOUSE_PRICES@DF_HOUSE_PRICES(1.0),Analytical house prices indicators,I,DNK,Denmark,A,Annual,HPI,Nominal house price indices,IX,Index,2012,,86.7357168392921,,A,Normal value,0,Units,S,"Seasonally adjusted, not calendar adjusted",1,One,2015,
DATAFLOW,OECD.ECO.MPD:DSD_AN_HOUSE_PRICES@DF_HOUSE_PRICES(1.0),Analytical house prices indicators,I,DNK,Denmark,A,Annual,HPI,Nominal house price indices,IX,Index,2013,,90.1757254393136,,A,Normal value,0,Units,S,"Seasonally adjusted, not calendar adjusted",1,One,2015,
DATAFLOW,OECD.ECO.MPD:DSD_AN_HOUSE_PRICES@DF_HOUSE_PRICES(1.0),Analytical house prices indicators,I,DNK,Denmark,A,Annual,HPI,Nominal house price indices,IX,Index,2014,,93.5399838499596,,A,Normal value,0,Units,S,"Seasonally adjusted, not calendar adjusted",1,One,2015,
DATAFLOW,OECD.ECO.MPD:DSD_AN_HOUSE_PRICES@DF_HOUSE_PRICES(1.0),Analytical house prices indicators,I,DNK,Denmark,A,Annual,HPI,Nominal house price indices,IX,Index,2016,,104.625511563779,,A,Normal value,0,Units,S,"Seasonally adjusted, not calendar adjusted",1,One,2015,
DATAFLOW,OECD.ECO.MPD:DSD_AN_HOUSE_PRICES@DF_HOUSE_PRICES(1.0),Analytical house prices indicators,I,DNK,Denmark,A,Annual,HPI,Nominal house price indices,IX,Index,2017,,109.786274465686,,A,Normal value,0,Units,S,"Seasonally adjusted, not calendar adjusted",1,One,2015,
DATAFLOW,OECD.ECO.MPD:DSD_AN_HOUSE_PRICES@DF_HOUSE_PRICES(1.0),Analytical house prices indicators,I,DNK,Denmark,A,Annual,HPI,Nominal house price indices,IX,Index,2018,,114.641036602591,,A,Normal value,0,Units,S,"Seasonally adjusted, not calendar adjusted",1,One,2015,
DATAFLOW,OECD.ECO.MPD:DSD_AN_HOUSE_PRICES@DF_HOUSE_PRICES(1.0),Analytical house prices indicators,I,DNK,Denmark,A,Annual,HPI,Nominal house price indices,IX,Index,2019,,117.202043005107,,A,Normal value,0,Units,S,"Seasonally adjusted, not calendar adjusted",1,One,2015,
DATAFLOW,OECD.ECO.MPD:DSD_AN_HOUSE_PRICES@DF_HOUSE_PRICES(1.0),Analytical house prices indicators,I,DNK,Denmark,A,Annual,HPI,Nominal house price indices,IX,Index,2020,,122.209805524514,,A,Normal value,0,Units,S,"Seasonally adjusted, not calendar adjusted",1,One,2015,
DATAFLOW,OECD.ECO.MPD:DSD_AN_HOUSE_PRICES@DF_HOUSE_PRICES(1.0),Analytical house prices indicators,I,DNK,Denmark,A,Annual,HPI,Nominal house price indices,IX,Index,2021,,136.315340788352,,A,Normal value,0,Units,S,"Seasonally adjusted, not calendar adjusted",1,One,2015,
DATAFLOW,OECD.ECO.MPD:DSD_AN_HOUSE_PRICES@DF_HOUSE_PRICES(1.0),Analytical house prices indicators,I,DNK,Denmark,A,Annual,HPI,Nominal house price indices,IX,Index,2022,,142.813607034018,,A,Normal value,0,Units,S,"Seasonally adjusted, not calendar adjusted",1,One,2015,
DATAFLOW,OECD.ECO.MPD:DSD_AN_HOUSE_PRICES@DF_HOUSE_PRICES(1.0),Analytical house prices indicators,I,DNK,Denmark,A,Annual,HPI,Nominal house price indices,IX,Index,2023,,137.423843559609,,A,Normal value,0,Units,S,"Seasonally adjusted, not calendar adjusted",1,One,2015,
DATAFLOW,OECD.ECO.MPD:DSD_AN_HOUSE_PRICES@DF_HOUSE_PRICES(1.0),Analytical house prices indicators,I,DNK,Denmark,A,Annual,HPI,Nominal house price indices,IX,Index,2024,,142.278605696514,,A,Normal value,0,Units,S,"Seasonally adjusted, not calendar adjusted",1,One,2015,
DATAFLOW,OECD.ECO.MPD:DSD_AN_HOUSE_PRICES@DF_HOUSE_PRICES(1.0),Analytical house prices indicators,I,DNK,Denmark,A,Annual,HPI,Nominal house price indices,IX,Index,2025,,152.867382162219,,A,Normal value,0,Units,S,"Seasonally adjusted, not calendar adjusted",1,One,2015,
DATAFLOW,OECD.ECO.MPD:DSD_AN_HOUSE_PRICES@DF_HOUSE_PRICES(1.0),Analytical house prices indicators,I,PRT,Portugal,A,Annual,HPI,Nominal house price indices,IX,Index,1988,,40.468614355372,,A,Normal value,0,Units,S,"Seasonally adjusted, not calendar adjusted",1,One,2015,
DATAFLOW,OECD.ECO.MPD:DSD_AN_HOUSE_PRICES@DF_HOUSE_PRICES(1.0),Analytical house prices indicators,I,PRT,Portugal,A,Annual,HPI,Nominal house price indices,IX,Index,1989,,47.7925060131,,A,Normal value,0,Units,S,"Seasonally adjusted, not calendar adjusted",1,One,2015,
DATAFLOW,OECD.ECO.MPD:DSD_AN_HOUSE_PRICES@DF_HOUSE_PRICES(1.0),Analytical house prices indicators,I,PRT,Portugal,A,Annual,HPI,Nominal house price indices,IX,Index,1990,,54.9745717276925,,A,Normal value,0,Units,S,"Seasonally adjusted, not calendar adjusted",1,One,2015,
DATAFLOW,OECD.ECO.MPD:DSD_AN_HOUSE_PRICES@DF_HOUSE_PRICES(1.0),Analytical house prices indicators,I,PRT,Portugal,A,Annual,HPI,Nominal house price indices,IX,Index,1991,,65.6256999892623,,A,Normal value,0,Units,S,"Seasonally adjusted, not calendar adjusted",1,One,2015,
DATAFLOW,OECD.ECO.MPD:DSD_AN_HOUSE_PRICES@DF_HOUSE_PRICES(1.0),Analytical house prices indicators,I,PRT,Portugal,A,Annual,HPI,Nominal house price indices,IX,Index,1992,,73.7863647052507,,A,Normal value,0,Units,S,"Seasonally adjusted, not calendar adjusted",1,One,2015,
DATAFLOW,OECD.ECO.MPD:DSD_AN_HOUSE_PRICES@DF_HOUSE_PRICES(1.0),Analytical house prices indicators,I,PRT,Portugal,A,Annual,HPI,Nominal house price indices,IX,Index,1993,,74.7195794051326,,A,Normal value,0,Units,S,"Seasonally adjusted, not calendar adjusted",1,One,2015,
DATAFLOW,OECD.ECO.MPD:DSD_AN_HOUSE_PRICES@DF_HOUSE_PRICES(1.0),Analytical house prices indicators,I,PRT,Portugal,A,Annual,HPI,Nominal house price indices,IX,Index,1994,,76.4243272307528,,A,Normal value,0,Units,S,"Seasonally adjusted, not calendar adjusted",1,One,2015,
DATAFLOW,OECD.ECO.MPD:DSD_AN_HOUSE_PRICES@DF_HOUSE_PRICES(1.0),Analytical house prices indicators,I,PRT,Portugal,A,Annual,HPI,Nominal house price indices,IX,Index,1995,,77.5958095135832,,A,Normal value,0,Units,S,"Seasonally adjusted, not calendar adjusted",1,One,2015,
DATAFLOW,OECD.ECO.MPD:DSD_AN_HOUSE_PRICES@DF_HOUSE_PRICES(1.0),Analytical house prices indicators,I,PRT,Portugal,A,Annual,HPI,Nominal house price indices,IX,Index,1996,,78.8608969182863,,A,Normal value,0,Units,S,"Seasonally adjusted, not calendar adjusted",1,One,2015,
DATAFLOW,OECD.ECO.MPD:DSD_AN_HOUSE_PRICES@DF_HOUSE_PRICES(1.0),Analytical house prices indicators,I,PRT,Portugal,A,Annual,HPI,Nominal house price indices,IX,Index,1997,,81.7229444325137,,A,Normal value,0,Units,S,"Seasonally adjusted, not calendar adjusted",1,One,2015,
DATAFLOW,OECD.ECO.MPD:DSD_AN_HOUSE_PRICES@DF_HOUSE_PRICES(1.0),Analytical house prices indicators,I,PRT,Portugal,A,Annual,HPI,Nominal house price indices,IX,Index,1998,,85.3650346290132,,A,Normal value,0,Units,S,"Seasonally adjusted, not calendar adjusted",1,One,2015,
DATAFLOW,OECD.ECO.MPD:DSD_AN_HOUSE_PRICES@DF_HOUSE_PRICES(1.0),Analytical house prices indicators,I,PRT,Portugal,A,Annual,HPI,Nominal house price indices,IX,Index,1999,,93.0293085471921,,A,Normal value,0,Units,S,"Seasonally adjusted, not calendar adjusted",1,One,2015,
DATAFLOW,OECD.ECO.MPD:DSD_AN_HOUSE_PRICES@DF_HOUSE_PRICES(1.0),Analytical house prices indicators,I,PRT,Portugal,A,Annual,HPI,Nominal house price indices,IX,Index,2000,,100.236902931386,,A,Normal value,0,Units,S,"Seasonally adjusted, not calendar adjusted",1,One,2015,
DATAFLOW,OECD.ECO.MPD:DSD_AN_HOUSE_PRICES@DF_HOUSE_PRICES(1.0),Analytical house prices indicators,I,PRT,Portugal,A,Annual,HPI,Nominal house price indices,IX,Index,2001,,105.668836518845,,A,Normal value,0,Units,S,"Seasonally adjusted, not calendar adjusted",1,One,2015,
DATAFLOW,OECD.ECO.MPD:DSD_AN_HOUSE_PRICES@DF_HOUSE_PRICES(1.0),Analytical house prices indicators,I,PRT,Portugal,A,Annual,HPI,Nominal house price indices,IX,Index,2002,,106.326908890798,,A,Normal value,0,Units,S,"Seasonally adjusted, not calendar adjusted",1,One,2015,
DATAFLOW,OECD.ECO.MPD:DSD_AN_HOUSE_PRICES@DF_HOUSE_PRICES(1.0),Analytical house prices indicators,I,PRT,Portugal,A,Annual,HPI,Nominal house price indices,IX,Index,2003,,107.475699022871,,A,Normal value,0,Units,S,"Seasonally adjusted, not calendar adjusted",1,One,2015,
DATAFLOW,OECD.ECO.MPD:DSD_AN_HOUSE_PRICES@DF_HOUSE_PRICES(1.0),Analytical house prices indicators,I,PRT,Portugal,A,Annual,HPI,Nominal house price indices,IX,Index,2004,,108.162136583271,,A,Normal value,0,Units,S,"Seasonally adjusted, not calendar adjusted",1,One,2015,
DATAFLOW,OECD.ECO.MPD:DSD_AN_HOUSE_PRICES@DF_HOUSE_PRICES(1.0),Analytical house prices indicators,I,PRT,Portugal,A,Annual,HPI,Nominal house price indices,IX,Index,2005,,110.618561902717,,A,Normal value,0,Units,S,"Seasonally adjusted, not calendar adjusted",1,One,2015,
DATAFLOW,OECD.ECO.MPD:DSD_AN_HOUSE_PRICES@DF_HOUSE_PRICES(1.0),Analytical house prices indicators,I,PRT,Portugal,A,Annual,HPI,Nominal house price indices,IX,Index,2006,,112.950180392999,,A,Normal value,0,Units,S,"Seasonally adjusted, not calendar adjusted",1,One,2015,
DATAFLOW,OECD.ECO.MPD:DSD_AN_HOUSE_PRICES@DF_HOUSE_PRICES(1.0),Analytical house prices indicators,I,PRT,Portugal,A,Annual,HPI,Nominal house price indices,IX,Index,2007,,113.463590303877,,A,Normal value,0,Units,S,"Seasonally adjusted, not calendar adjusted",1,One,2015,
DATAFLOW,OECD.ECO.MPD:DSD_AN_HOUSE_PRICES@DF_HOUSE_PRICES(1.0),Analytical house prices indicators,I,PRT,Portugal,A,Annual,HPI,Nominal house price indices,IX,Index,2008,,106.304216740041,,A,Normal value,0,Units,S,"Seasonally adjusted, not calendar adjusted",1,One,2015,
DATAFLOW,OECD.ECO.MPD:DSD_AN_HOUSE_PRICES@DF_HOUSE_PRICES(1.0),Analytical house prices indicators,I,PRT,Portugal,A,Annual,HPI,Nominal house price indices,IX,Index,2009,,106.53,,A,Normal value,0,Units,S,"Seasonally adjusted, not calendar adjusted",1,One,2015,
DATAFLOW,OECD.ECO.MPD:DSD_AN_HOUSE_PRICES@DF_HOUSE_PRICES(1.0),Analytical house prices indicators,I,PRT,Portugal,A,Annual,HPI,Nominal house price indices,IX,Index,2010,,107.348,,A,Normal value,0,Units,S,"Seasonally adjusted, not calendar adjusted",1,One,2015,
DATAFLOW,OECD.ECO.MPD:DSD_AN_HOUSE_PRICES@DF_HOUSE_PRICES(1.0),Analytical house prices indicators,I,PRT,Portugal,A,Annual,HPI,Nominal house price indices,IX,Index,2011,,102.091,,A,Normal value,0,Units,S,"Seasonally adjusted, not calendar adjusted",1,One,2015,
DATAFLOW,OECD.ECO.MPD:DSD_AN_HOUSE_PRICES@DF_HOUSE_PRICES(1.0),Analytical house prices indicators,I,PRT,Portugal,A,Annual,HPI,Nominal house price indices,IX,Index,2012,,94.862,,A,Normal value,0,Units,S,"Seasonally adjusted, not calendar adjusted",1,One,2015,
DATAFLOW,OECD.ECO.MPD:DSD_AN_HOUSE_PRICES@DF_HOUSE_PRICES(1.0),Analytical house prices indicators,I,PRT,Portugal,A,Annual,HPI,Nominal house price indices,IX,Index,2013,,93.081,,A,Normal value,0,Units,S,"Seasonally adjusted, not calendar adjusted",1,One,2015,
DATAFLOW,OECD.ECO.MPD:DSD_AN_HOUSE_PRICES@DF_HOUSE_PRICES(1.0),Analytical house prices indicators,I,PRT,Portugal,A,Annual,HPI,Nominal house price indices,IX,Index,2014,,97.0385,,A,Normal value,0,Units,S,"Seasonally adjusted, not calendar adjusted",1,One,2015,
DATAFLOW,OECD.ECO.MPD:DSD_AN_HOUSE_PRICES@DF_HOUSE_PRICES(1.0),Analytical house prices indicators,I,PRT,Portugal,A,Annual,HPI,Nominal house price indices,IX,Index,2016,,107.1105,,A,Normal value,0,Units,S,"Seasonally adjusted, not calendar adjusted",1,One,2015,
DATAFLOW,OECD.ECO.MPD:DSD_AN_HOUSE_PRICES@DF_HOUSE_PRICES(1.0),Analytical house prices indicators,I,PRT,Portugal,A,Annual,HPI,Nominal house price indices,IX,Index,2017,,117.0105,,A,Normal value,0,Units,S,"Seasonally adjusted, not calendar adjusted",1,One,2015,
DATAFLOW,OECD.ECO.MPD:DSD_AN_HOUSE_PRICES@DF_HOUSE_PRICES(1.0),Analytical house prices indicators,I,PRT,Portugal,A,Annual,HPI,Nominal house price indices,IX,Index,2018,,129.02875,,A,Normal value,0,Units,S,"Seasonally adjusted, not calendar adjusted",1,One,2015,
DATAFLOW,OECD.ECO.MPD:DSD_AN_HOUSE_PRICES@DF_HOUSE_PRICES(1.0),Analytical house prices indicators,I,PRT,Portugal,A,Annual,HPI,Nominal house price indices,IX,Index,2019,,141.877,,A,Normal value,0,Units,S,"Seasonally adjusted, not calendar adjusted",1,One,2015,
DATAFLOW,OECD.ECO.MPD:DSD_AN_HOUSE_PRICES@DF_HOUSE_PRICES(1.0),Analytical house prices indicators,I,PRT,Portugal,A,Annual,HPI,Nominal house price indices,IX,Index,2020,,154.3105,,A,Normal value,0,Units,S,"Seasonally adjusted, not calendar adjusted",1,One,2015,
DATAFLOW,OECD.ECO.MPD:DSD_AN_HOUSE_PRICES@DF_HOUSE_PRICES(1.0),Analytical house prices indicators,I,PRT,Portugal,A,Annual,HPI,Nominal house price indices,IX,Index,2021,,168.828,,A,Normal value,0,Units,S,"Seasonally adjusted, not calendar adjusted",1,One,2015,
DATAFLOW,OECD.ECO.MPD:DSD_AN_HOUSE_PRICES@DF_HOUSE_PRICES(1.0),Analytical house prices indicators,I,PRT,Portugal,A,Annual,HPI,Nominal house price indices,IX,Index,2022,,190.15875,,A,Normal value,0,Units,S,"Seasonally adjusted, not calendar adjusted",1,One,2015,
DATAFLOW,OECD.ECO.MPD:DSD_AN_HOUSE_PRICES@DF_HOUSE_PRICES(1.0),Analytical house prices indicators,I,PRT,Portugal,A,Annual,HPI,Nominal house price indices,IX,Index,2023,,205.75175,,A,Normal value,0,Units,S,"Seasonally adjusted, not calendar adjusted",1,One,2015,
DATAFLOW,OECD.ECO.MPD:DSD_AN_HOUSE_PRICES@DF_HOUSE_PRICES(1.0),Analytical house prices indicators,I,PRT,Portugal,A,Annual,HPI,Nominal house price indices,IX,Index,2024,,224.43125,,A,Normal value,0,Units,S,"Seasonally adjusted, not calendar adjusted",1,One,2015,
DATAFLOW,OECD.ECO.MPD:DSD_AN_HOUSE_PRICES@DF_HOUSE_PRICES(1.0),Analytical house prices indicators,I,PRT,Portugal,A,Annual,HPI,Nominal house price indices,IX,Index,2025,,263.834999997846,,A,Normal value,0,Units,S,"Seasonally adjusted, not calendar adjusted",1,One,2015,
DATAFLOW,OECD.ECO.MPD:DSD_AN_HOUSE_PRICES@DF_HOUSE_PRICES(1.0),Analytical house prices indicators,I,IRL,Ireland,A,Annual,HPI,Nominal house price indices,IX,Index,2002,,95.5530972548496,,A,Normal value,0,Units,S,"Seasonally adjusted, not calendar adjusted",1,One,2015,
DATAFLOW,OECD.ECO.MPD:DSD_AN_HOUSE_PRICES@DF_HOUSE_PRICES(1.0),Analytical house prices indicators,I,IRL,Ireland,A,Annual,HPI,Nominal house price indices,IX,Index,2011,,87.8814999999999,,A,Normal value,0,Units,S,"Seasonally adjusted, not calendar adjusted",1,One,2015,
DATAFLOW,OECD.ECO.MPD:DSD_AN_HOUSE_PRICES@DF_HOUSE_PRICES(1.0),Analytical house prices indicators,I,IRL,Ireland,A,Annual,HPI,Nominal house price indices,IX,Index,2025,,197.224499995812,,A,Normal value,0,Units,S,"Seasonally adjusted, not calendar adjusted",1,One,2015,
DATAFLOW,OECD.ECO.MPD:DSD_AN_HOUSE_PRICES@DF_HOUSE_PRICES(1.0),Analytical house prices indicators,I,EST,Estonia,A,Annual,HPI,Nominal house price indices,IX,Index,2006,,88.2215294461761,,A,Normal value,0,Units,S,"Seasonally adjusted, not calendar adjusted",1,One,2015,
DATAFLOW,OECD.ECO.MPD:DSD_AN_HOUSE_PRICES@DF_HOUSE_PRICES(1.0),Analytical house prices indicators,I,EST,Estonia,A,Annual,HPI,Nominal house price indices,IX,Index,2008,,96.2920092699768,,A,Normal value,0,Units,S,"Seasonally adjusted, not calendar adjusted",1,One,2015,
DATAFLOW,OECD.ECO.MPD:DSD_AN_HOUSE_PRICES@DF_HOUSE_PRICES(1.0),Analytical house prices indicators,I,EST,Estonia,A,Annual,HPI,Nominal house price indices,IX,Index,2009,,60.4665988335028,,A,Normal value,0,Units,S,"Seasonally adjusted, not calendar adjusted",1,One,2015,
DATAFLOW,OECD.ECO.MPD:DSD_AN_HOUSE_PRICES@DF_HOUSE_PRICES(1.0),Analytical house prices indicators,I,EST,Estonia,A,Annual,HPI,Nominal house price indices,IX,Index,2010,,63.9010902472743,,A,Normal value,0,Units,S,"Seasonally adjusted, not calendar adjusted",1,One,2015,
DATAFLOW,OECD.ECO.MPD:DSD_AN_HOUSE_PRICES@DF_HOUSE_PRICES(1.0),Analytical house prices indicators,I,EST,Estonia,A,Annual,HPI,Nominal house price indices,IX,Index,2011,,69.3230766923082,,A,Normal value,0,Units,S,"Seasonally adjusted, not calendar adjusted",1,One,2015,
DATAFLOW,OECD.ECO.MPD:DSD_AN_HOUSE_PRICES@DF_HOUSE_PRICES(1.0),Analytical house prices indicators,I,EST,Estonia,A,Annual,HPI,Nominal house price indices,IX,Index,2012,,74.3710640723397,,A,Normal value,0,Units,S,"Seasonally adjusted, not calendar adjusted",1,One,2015,
DATAFLOW,OECD.ECO.MPD:DSD_AN_HOUSE_PRICES@DF_HOUSE_PRICES(1.0),Analytical house prices indicators,I,EST,Estonia,A,Annual,HPI,Nominal house price indices,IX,Index,2013,,82.2932942667642,,A,Normal value,0,Units,S,"Seasonally adjusted, not calendar adjusted",1,One,2015,
DATAFLOW,OECD.ECO.MPD:DSD_AN_HOUSE_PRICES@DF_HOUSE_PRICES(1.0),Analytical house prices indicators,I,EST,Estonia,A,Annual,HPI,Nominal house price indices,IX,Index,2014,,93.5795160512097,,A,Normal value,0,Units,S,"Seasonally adjusted, not calendar adjusted",1,One,2015,
DATAFLOW,OECD.ECO.MPD:DSD_AN_HOUSE_PRICES@DF_HOUSE_PRICES(1.0),Analytical house prices indicators,I,EST,Estonia,A,Annual,HPI,Nominal house price indices,IX,Index,2016,,104.744488138779,,A,Normal value,0,Units,S,"Seasonally adjusted, not calendar adjusted",1,One,2015,
DATAFLOW,OECD.ECO.MPD:DSD_AN_HOUSE_PRICES@DF_HOUSE_PRICES(1.0),Analytical house prices indicators,I,EST,Estonia,A,Annual,HPI,Nominal house price indices,IX,Index,2017,,110.511223721941,,A,Normal value,0,Units,S,"Seasonally adjusted, not calendar adjusted",1,One,2015,
DATAFLOW,OECD.ECO.MPD:DSD_AN_HOUSE_PRICES@DF_HOUSE_PRICES(1.0),Analytical house prices indicators,I,EST,Estonia,A,Annual,HPI,Nominal house price indices,IX,Index,2021,,152.777618055954,,A,Normal value,0,Units,S,"Seasonally adjusted, not calendar adjusted",1,One,2015,
DATAFLOW,OECD.ECO.MPD:DSD_AN_HOUSE_PRICES@DF_HOUSE_PRICES(1.0),Analytical house prices indicators,I,EST,Estonia,A,Annual,HPI,Nominal house price indices,IX,Index,2022,,186.759533101167,,A,Normal value,0,Units,S,"Seasonally adjusted, not calendar adjusted",1,One,2015,
DATAFLOW,OECD.ECO.MPD:DSD_AN_HOUSE_PRICES@DF_HOUSE_PRICES(1.0),Analytical house prices indicators,I,EST,Estonia,A,Annual,HPI,Nominal house price indices,IX,Index,2023,,197.721505696235,,A,Normal value,0,Units,S,"Seasonally adjusted, not calendar adjusted",1,One,2015,
DATAFLOW,OECD.ECO.MPD:DSD_AN_HOUSE_PRICES@DF_HOUSE_PRICES(1.0),Analytical house prices indicators,I,EST,Estonia,A,Annual,HPI,Nominal house price indices,IX,Index,2025,,220.726948190986,,A,Normal value,0,Units,S,"Seasonally adjusted, not calendar adjusted",1,One,2015,
DATAFLOW,OECD.ECO.MPD:DSD_AN_HOUSE_PRICES@DF_HOUSE_PRICES(1.0),Analytical house prices indicators,I,LVA,Latvia,A,Annual,HPI,Nominal house price indices,IX,Index,2013,,97.6225000000002,,A,Normal value,0,Units,S,"Seasonally adjusted, not calendar adjusted",1,One,2015,
DATAFLOW,OECD.ECO.MPD:DSD_AN_HOUSE_PRICES@DF_HOUSE_PRICES(1.0),Analytical house prices indicators,I,LVA,Latvia,A,Annual,HPI,Nominal house price indices,IX,Index,2025,,214.052499996971,,A,Normal value,0,Units,S,"Seasonally adjusted, not calendar adjusted",1,One,2015,
DATAFLOW,OECD.ECO.MPD:DSD_AN_HOUSE_PRICES@DF_HOUSE_PRICES(1.0),Analytical house prices indicators,I,ISR,Israel,A,Annual,HPI,Nominal house price indices,IX,Index,1996,,46.848,,A,Normal value,0,Units,S,"Seasonally adjusted, not calendar adjusted",1,One,2015,
DATAFLOW,OECD.ECO.MPD:DSD_AN_HOUSE_PRICES@DF_HOUSE_PRICES(1.0),Analytical house prices indicators,I,ISR,Israel,A,Annual,HPI,Nominal house price indices,IX,Index,1998,,53.07025,,A,Normal value,0,Units,S,"Seasonally adjusted, not calendar adjusted",1,One,2015,
DATAFLOW,OECD.ECO.MPD:DSD_AN_HOUSE_PRICES@DF_HOUSE_PRICES(1.0),Analytical house prices indicators,I,ISR,Israel,A,Annual,HPI,Nominal house price indices,IX,Index,2000,,52.63275,,A,Normal value,0,Units,S,"Seasonally adjusted, not calendar adjusted",1,One,2015,
DATAFLOW,OECD.ECO.MPD:DSD_AN_HOUSE_PRICES@DF_HOUSE_PRICES(1.0),Analytical house prices indicators,I,ISR,Israel,A,Annual,HPI,Nominal house price indices,IX,Index,2001,,50.79825,,A,Normal value,0,Units,S,"Seasonally adjusted, not calendar adjusted",1,One,2015,
DATAFLOW,OECD.ECO.MPD:DSD_AN_HOUSE_PRICES@DF_HOUSE_PRICES(1.0),Analytical house prices indicators,I,ISR,Israel,A,Annual,HPI,Nominal house price indices,IX,Index,2002,,53.474,,A,Normal value,0,Units,S,"Seasonally adjusted, not calendar adjusted",1,One,2015,
DATAFLOW,OECD.ECO.MPD:DSD_AN_HOUSE_PRICES@DF_HOUSE_PRICES(1.0),Analytical house prices indicators,I,ISR,Israel,A,Annual,HPI,Nominal house price indices,IX,Index,2003,,50.44425,,A,Normal value,0,Units,S,"Seasonally adjusted, not calendar adjusted",1,One,2015,
DATAFLOW,OECD.ECO.MPD:DSD_AN_HOUSE_PRICES@DF_HOUSE_PRICES(1.0),Analytical house prices indicators,I,ISR,Israel,A,Annual,HPI,Nominal house price indices,IX,Index,2004,,50.06825,,A,Normal value,0,Units,S,"Seasonally adjusted, not calendar adjusted",1,One,2015,
DATAFLOW,OECD.ECO.MPD:DSD_AN_HOUSE_PRICES@DF_HOUSE_PRICES(1.0),Analytical house prices indicators,I,ISR,Israel,A,Annual,HPI,Nominal house price indices,IX,Index,2006,,50.406,,A,Normal value,0,Units,S,"Seasonally adjusted, not calendar adjusted",1,One,2015,
DATAFLOW,OECD.ECO.MPD:DSD_AN_HOUSE_PRICES@DF_HOUSE_PRICES(1.0),Analytical house prices indicators,I,ISR,Israel,A,Annual,HPI,Nominal house price indices,IX,Index,2009,,60.69,,A,Normal value,0,Units,S,"Seasonally adjusted, not calendar adjusted",1,One,2015,
DATAFLOW,OECD.ECO.MPD:DSD_AN_HOUSE_PRICES@DF_HOUSE_PRICES(1.0),Analytical house prices indicators,I,ISR,Israel,A,Annual,HPI,Nominal house price indices,IX,Index,2010,,71.3705,,A,Normal value,0,Units,S,"Seasonally adjusted, not calendar adjusted",1,One,2015,
DATAFLOW,OECD.ECO.MPD:DSD_AN_HOUSE_PRICES@DF_HOUSE_PRICES(1.0),Analytical house prices indicators,I,ISR,Israel,A,Annual,HPI,Nominal house price indices,IX,Index,2011,,78.8795,,A,Normal value,0,Units,S,"Seasonally adjusted, not calendar adjusted",1,One,2015,
DATAFLOW,OECD.ECO.MPD:DSD_AN_HOUSE_PRICES@DF_HOUSE_PRICES(1.0),Analytical house prices indicators,I,ISR,Israel,A,Annual,HPI,Nominal house price indices,IX,Index,2012,,81.43225,,A,Normal value,0,Units,S,"Seasonally adjusted, not calendar adjusted",1,One,2015,
DATAFLOW,OECD.ECO.MPD:DSD_AN_HOUSE_PRICES@DF_HOUSE_PRICES(1.0),Analytical house prices indicators,I,ISR,Israel,A,Annual,HPI,Nominal house price indices,IX,Index,2013,,88.82275,,A,Normal value,0,Units,S,"Seasonally adjusted, not calendar adjusted",1,One,2015,
DATAFLOW,OECD.ECO.MPD:DSD_AN_HOUSE_PRICES@DF_HOUSE_PRICES(1.0),Analytical house prices indicators,I,ISR,Israel,A,Annual,HPI,Nominal house price indices,IX,Index,2014,,94.46675,,A,Normal value,0,Units,S,"Seasonally adjusted, not calendar adjusted",1,One,2015,
DATAFLOW,OECD.ECO.MPD:DSD_AN_HOUSE_PRICES@DF_HOUSE_PRICES(1.0),Analytical house prices indicators,I,ISR,Israel,A,Annual,HPI,Nominal house price indices,IX,Index,2025,,163.803250002518,,A,Normal value,0,Units,S,"Seasonally adjusted, not calendar adjusted",1,One,2015,
DATAFLOW,OECD.ECO.MPD:DSD_AN_HOUSE_PRICES@DF_HOUSE_PRICES(1.0),Analytical house prices indicators,I,MEX,Mexico,A,Annual,HPI,Nominal house price indices,IX,Index,2005,,58.0488548780874,,A,Normal value,0,Units,S,"Seasonally adjusted, not calendar adjusted",1,One,2015,
DATAFLOW,OECD.ECO.MPD:DSD_AN_HOUSE_PRICES@DF_HOUSE_PRICES(1.0),Analytical house prices indicators,I,MEX,Mexico,A,Annual,HPI,Nominal house price indices,IX,Index,2006,,61.9935950160125,,A,Normal value,0,Units,S,"Seasonally adjusted, not calendar adjusted",1,One,2015,
DATAFLOW,OECD.ECO.MPD:DSD_AN_HOUSE_PRICES@DF_HOUSE_PRICES(1.0),Analytical house prices indicators,I,MEX,Mexico,A,Annual,HPI,Nominal house price indices,IX,Index,2007,,66.7570831072922,,A,Normal value,0,Units,S,"Seasonally adjusted, not calendar adjusted",1,One,2015,
DATAFLOW,OECD.ECO.MPD:DSD_AN_HOUSE_PRICES@DF_HOUSE_PRICES(1.0),Analytical house prices indicators,I,MEX,Mexico,A,Annual,HPI,Nominal house price indices,IX,Index,2008,,71.3500716248209,,A,Normal value,0,Units,S,"Seasonally adjusted, not calendar adjusted",1,One,2015,
DATAFLOW,OECD.ECO.MPD:DSD_AN_HOUSE_PRICES@DF_HOUSE_PRICES(1.0),Analytical house prices indicators,I,MEX,Mexico,A,Annual,HPI,Nominal house price indices,IX,Index,2009,,75.0805622985942,,A,Normal value,0,Units,S,"Seasonally adjusted, not calendar adjusted",1,One,2015,
DATAFLOW,OECD.ECO.MPD:DSD_AN_HOUSE_PRICES@DF_HOUSE_PRICES(1.0),Analytical house prices indicators,I,MEX,Mexico,A,Annual,HPI,Nominal house price indices,IX,Index,2011,,81.764545588636,,A,Normal value,0,Units,S,"Seasonally adjusted, not calendar adjusted",1,One,2015,
DATAFLOW,OECD.ECO.MPD:DSD_AN_HOUSE_PRICES@DF_HOUSE_PRICES(1.0),Analytical house prices indicators,I,MEX,Mexico,A,Annual,HPI,Nominal house price indices,IX,Index,2014,,92.4627688430779,,A,Normal value,0,Units,S,"Seasonally adjusted, not calendar adjusted",1,One,2015,
DATAFLOW,OECD.ECO.MPD:DSD_AN_HOUSE_PRICES@DF_HOUSE_PRICES(1.0),Analytical house prices indicators,I,MEX,Mexico,A,Annual,HPI,Nominal house price indices,IX,Index,2016,,107.284981787546,,A,Normal value,0,Units,S,"Seasonally adjusted, not calendar adjusted",1,One,2015,
DATAFLOW,OECD.ECO.MPD:DSD_AN_HOUSE_PRICES@DF_HOUSE_PRICES(1.0),Analytical house prices indicators,I,MEX,Mexico,A,Annual,HPI,Nominal house price indices,IX,Index,2017,,115.686960782598,,A,Normal value,0,Units,S,"Seasonally adjusted, not calendar adjusted",1,One,2015,
DATAFLOW,OECD.ECO.MPD:DSD_AN_HOUSE_PRICES@DF_HOUSE_PRICES(1.0),Analytical house prices indicators,I,MEX,Mexico,A,Annual,HPI,Nominal house price indices,IX,Index,2018,,125.959685100787,,A,Normal value,0,Units,S,"Seasonally adjusted, not calendar adjusted",1,One,2015,
DATAFLOW,OECD.ECO.MPD:DSD_AN_HOUSE_PRICES@DF_HOUSE_PRICES(1.0),Analytical house prices indicators,I,MEX,Mexico,A,Annual,HPI,Nominal house price indices,IX,Index,2019,,136.81140797148,,A,Normal value,0,Units,S,"Seasonally adjusted, not calendar adjusted",1,One,2015,
DATAFLOW,OECD.ECO.MPD:DSD_AN_HOUSE_PRICES@DF_HOUSE_PRICES(1.0),Analytical house prices indicators,I,MEX,Mexico,A,Annual,HPI,Nominal house price indices,IX,Index,2020,,144.770638073405,,A,Normal value,0,Units,S,"Seasonally adjusted, not calendar adjusted",1,One,2015,
DATAFLOW,OECD.ECO.MPD:DSD_AN_HOUSE_PRICES@DF_HOUSE_PRICES(1.0),Analytical house prices indicators,I,MEX,Mexico,A,Annual,HPI,Nominal house price indices,IX,Index,2021,,156.284359289102,,A,Normal value,0,Units,S,"Seasonally adjusted, not calendar adjusted",1,One,2015,
DATAFLOW,OECD.ECO.MPD:DSD_AN_HOUSE_PRICES@DF_HOUSE_PRICES(1.0),Analytical house prices indicators,I,MEX,Mexico,A,Annual,HPI,Nominal house price indices,IX,Index,2022,,170.198574503564,,A,Normal value,0,Units,S,"Seasonally adjusted, not calendar adjusted",1,One,2015,
DATAFLOW,OECD.ECO.MPD:DSD_AN_HOUSE_PRICES@DF_HOUSE_PRICES(1.0),Analytical house prices indicators,I,MEX,Mexico,A,Annual,HPI,Nominal house price indices,IX,Index,2023,,188.407528981178,,A,Normal value,0,Units,S,"Seasonally adjusted, not calendar adjusted",1,One,2015,
DATAFLOW,OECD.ECO.MPD:DSD_AN_HOUSE_PRICES@DF_HOUSE_PRICES(1.0),Analytical house prices indicators,I,MEX,Mexico,A,Annual,HPI,Nominal house price indices,IX,Index,2024,,205.702735743161,,A,Normal value,0,Units,S,"Seasonally adjusted, not calendar adjusted",1,One,2015,
DATAFLOW,OECD.ECO.MPD:DSD_AN_HOUSE_PRICES@DF_HOUSE_PRICES(1.0),Analytical house prices indicators,I,MEX,Mexico,A,Annual,HPI,Nominal house price indices,IX,Index,2025,,223.732690667482,,A,Normal value,0,Units,S,"Seasonally adjusted, not calendar adjusted",1,One,2015,
DATAFLOW,OECD.ECO.MPD:DSD_AN_HOUSE_PRICES@DF_HOUSE_PRICES(1.0),Analytical house prices indicators,I,CZE,Czechia,A,Annual,HPI,Nominal house price indices,IX,Index,2008,,100.765750001351,,A,Normal value,0,Units,S,"Seasonally adjusted, not calendar adjusted",1,One,2015,
DATAFLOW,OECD.ECO.MPD:DSD_AN_HOUSE_PRICES@DF_HOUSE_PRICES(1.0),Analytical house prices indicators,I,CZE,Czechia,A,Annual,HPI,Nominal house price indices,IX,Index,2009,,96.9325000000001,,A,Normal value,0,Units,S,"Seasonally adjusted, not calendar adjusted",1,One,2015,
DATAFLOW,OECD.ECO.MPD:DSD_AN_HOUSE_PRICES@DF_HOUSE_PRICES(1.0),Analytical house prices indicators,I,CZE,Czechia,A,Annual,HPI,Nominal house price indices,IX,Index,2010,,95.2147500000001,,A,Normal value,0,Units,S,"Seasonally adjusted, not calendar adjusted",1,One,2015,
DATAFLOW,OECD.ECO.MPD:DSD_AN_HOUSE_PRICES@DF_HOUSE_PRICES(1.0),Analytical house prices indicators,I,CZE,Czechia,A,Annual,HPI,Nominal house price indices,IX,Index,2011,,95.21475,,A,Normal value,0,Units,S,"Seasonally adjusted, not calendar adjusted",1,One,2015,
DATAFLOW,OECD.ECO.MPD:DSD_AN_HOUSE_PRICES@DF_HOUSE_PRICES(1.0),Analytical house prices indicators,I,CZE,Czechia,A,Annual,HPI,Nominal house price indices,IX,Index,2012,,93.8650000000001,,A,Normal value,0,Units,S,"Seasonally adjusted, not calendar adjusted",1,One,2015,
DATAFLOW,OECD.ECO.MPD:DSD_AN_HOUSE_PRICES@DF_HOUSE_PRICES(1.0),Analytical house prices indicators,I,CZE,Czechia,A,Annual,HPI,Nominal house price indices,IX,Index,2013,,93.8037500000001,,A,Normal value,0,Units,S,"Seasonally adjusted, not calendar adjusted",1,One,2015,
DATAFLOW,OECD.ECO.MPD:DSD_AN_HOUSE_PRICES@DF_HOUSE_PRICES(1.0),Analytical house prices indicators,I,CZE,Czechia,A,Annual,HPI,Nominal house price indices,IX,Index,2014,,96.0737500000001,,A,Normal value,0,Units,S,"Seasonally adjusted, not calendar adjusted",1,One,2015,
DATAFLOW,OECD.ECO.MPD:DSD_AN_HOUSE_PRICES@DF_HOUSE_PRICES(1.0),Analytical house prices indicators,I,CZE,Czechia,A,Annual,HPI,Nominal house price indices,IX,Index,2016,,107.17775,,A,Normal value,0,Units,S,"Seasonally adjusted, not calendar adjusted",1,One,2015,
DATAFLOW,OECD.ECO.MPD:DSD_AN_HOUSE_PRICES@DF_HOUSE_PRICES(1.0),Analytical house prices indicators,I,CZE,Czechia,A,Annual,HPI,Nominal house price indices,IX,Index,2017,,119.7545,,A,Normal value,0,Units,S,"Seasonally adjusted, not calendar adjusted",1,One,2015,
DATAFLOW,OECD.ECO.MPD:DSD_AN_HOUSE_PRICES@DF_HOUSE_PRICES(1.0),Analytical house prices indicators,I,CZE,Czechia,A,Annual,HPI,Nominal house price indices,IX,Index,2019,,141.8405,,A,Normal value,0,Units,S,"Seasonally adjusted, not calendar adjusted",1,One,2015,
DATAFLOW,OECD.ECO.MPD:DSD_AN_HOUSE_PRICES@DF_HOUSE_PRICES(1.0),Analytical house prices indicators,I,CZE,Czechia,A,Annual,HPI,Nominal house price indices,IX,Index,2020,,153.8035,,A,Normal value,0,Units,S,"Seasonally adjusted, not calendar adjusted",1,One,2015,
DATAFLOW,OECD.ECO.MPD:DSD_AN_HOUSE_PRICES@DF_HOUSE_PRICES(1.0),Analytical house prices indicators,I,CZE,Czechia,A,Annual,HPI,Nominal house price indices,IX,Index,2021,,184.17175,,A,Normal value,0,Units,S,"Seasonally adjusted, not calendar adjusted",1,One,2015,
DATAFLOW,OECD.ECO.MPD:DSD_AN_HOUSE_PRICES@DF_HOUSE_PRICES(1.0),Analytical house prices indicators,I,CZE,Czechia,A,Annual,HPI,Nominal house price indices,IX,Index,2022,,215.27625,,A,Normal value,0,Units,S,"Seasonally adjusted, not calendar adjusted",1,One,2015,
DATAFLOW,OECD.ECO.MPD:DSD_AN_HOUSE_PRICES@DF_HOUSE_PRICES(1.0),Analytical house prices indicators,I,CZE,Czechia,A,Annual,HPI,Nominal house price indices,IX,Index,2023,,211.71775,,A,Normal value,0,Units,S,"Seasonally adjusted, not calendar adjusted",1,One,2015,
DATAFLOW,OECD.ECO.MPD:DSD_AN_HOUSE_PRICES@DF_HOUSE_PRICES(1.0),Analytical house prices indicators,I,CZE,Czechia,A,Annual,HPI,Nominal house price indices,IX,Index,2024,,222.2085,,A,Normal value,0,Units,S,"Seasonally adjusted, not calendar adjusted",1,One,2015,
DATAFLOW,OECD.ECO.MPD:DSD_AN_HOUSE_PRICES@DF_HOUSE_PRICES(1.0),Analytical house prices indicators,I,CZE,Czechia,A,Annual,HPI,Nominal house price indices,IX,Index,2025,,245.337499999684,,A,Normal value,0,Units,S,"Seasonally adjusted, not calendar adjusted",1,One,2015,
DATAFLOW,OECD.ECO.MPD:DSD_AN_HOUSE_PRICES@DF_HOUSE_PRICES(1.0),Analytical house prices indicators,I,AUT,Austria,A,Annual,HPI,Nominal house price indices,IX,Index,2000,,59.3749999977081,,A,Normal value,0,Units,S,"Seasonally adjusted, not calendar adjusted",1,One,2015,
DATAFLOW,OECD.ECO.MPD:DSD_AN_HOUSE_PRICES@DF_HOUSE_PRICES(1.0),Analytical house prices indicators,I,AUT,Austria,A,Annual,HPI,Nominal house price indices,IX,Index,2002,,60.2210937499999,,A,Normal value,0,Units,S,"Seasonally adjusted, not calendar adjusted",1,One,2015,
DATAFLOW,OECD.ECO.MPD:DSD_AN_HOUSE_PRICES@DF_HOUSE_PRICES(1.0),Analytical house prices indicators,I,AUT,Austria,A,Annual,HPI,Nominal house price indices,IX,Index,2003,,60.3843749999999,,A,Normal value,0,Units,S,"Seasonally adjusted, not calendar adjusted",1,One,2015,
DATAFLOW,OECD.ECO.MPD:DSD_AN_HOUSE_PRICES@DF_HOUSE_PRICES(1.0),Analytical house prices indicators,I,AUT,Austria,A,Annual,HPI,Nominal house price indices,IX,Index,2004,,59.2265625,,A,Normal value,0,Units,S,"Seasonally adjusted, not calendar adjusted",1,One,2015,
DATAFLOW,OECD.ECO.MPD:DSD_AN_HOUSE_PRICES@DF_HOUSE_PRICES(1.0),Analytical house prices indicators,I,AUT,Austria,A,Annual,HPI,Nominal house price indices,IX,Index,2010,,77.3225,,A,Normal value,0,Units,S,"Seasonally adjusted, not calendar adjusted",1,One,2015,
DATAFLOW,OECD.ECO.MPD:DSD_AN_HOUSE_PRICES@DF_HOUSE_PRICES(1.0),Analytical house prices indicators,I,AUT,Austria,A,Annual,HPI,Nominal house price indices,IX,Index,2011,,81.4725,,A,Normal value,0,Units,S,"Seasonally adjusted, not calendar adjusted",1,One,2015,
DATAFLOW,OECD.ECO.MPD:DSD_AN_HOUSE_PRICES@DF_HOUSE_PRICES(1.0),Analytical house prices indicators,I,AUT,Austria,A,Annual,HPI,Nominal house price indices,IX,Index,2012,,86.8625,,A,Normal value,0,Units,S,"Seasonally adjusted, not calendar adjusted",1,One,2015,
DATAFLOW,OECD.ECO.MPD:DSD_AN_HOUSE_PRICES@DF_HOUSE_PRICES(1.0),Analytical house prices indicators,I,AUT,Austria,A,Annual,HPI,Nominal house price indices,IX,Index,2013,,91.1949999999999,,A,Normal value,0,Units,S,"Seasonally adjusted, not calendar adjusted",1,One,2015,
DATAFLOW,OECD.ECO.MPD:DSD_AN_HOUSE_PRICES@DF_HOUSE_PRICES(1.0),Analytical house prices indicators,I,AUT,Austria,A,Annual,HPI,Nominal house price indices,IX,Index,2014,,94.675,,A,Normal value,0,Units,S,"Seasonally adjusted, not calendar adjusted",1,One,2015,
DATAFLOW,OECD.ECO.MPD:DSD_AN_HOUSE_PRICES@DF_HOUSE_PRICES(1.0),Analytical house prices indicators,I,AUT,Austria,A,Annual,HPI,Nominal house price indices,IX,Index,2025,,167.057500002649,,A,Normal value,0,Units,S,"Seasonally adjusted, not calendar adjusted",1,One,2015,
DATAFLOW,OECD.ECO.MPD:DSD_AN_HOUSE_PRICES@DF_HOUSE_PRICES(1.0),Analytical house prices indicators,I,BEL,Belgium,A,Annual,HPI,Nominal house price indices,IX,Index,1983,,19.6080632220122,,A,Normal value,0,Units,S,"Seasonally adjusted, not calendar adjusted",1,One,2015,
DATAFLOW,OECD.ECO.MPD:DSD_AN_HOUSE_PRICES@DF_HOUSE_PRICES(1.0),Analytical house prices indicators,I,BEL,Belgium,A,Annual,HPI,Nominal house price indices,IX,Index,1984,,20.0052257929007,,A,Normal value,0,Units,S,"Seasonally adjusted, not calendar adjusted",1,One,2015,
DATAFLOW,OECD.ECO.MPD:DSD_AN_HOUSE_PRICES@DF_HOUSE_PRICES(1.0),Analytical house prices indicators,I,BEL,Belgium,A,Annual,HPI,Nominal house price indices,IX,Index,1985,,20.2994202898551,,A,Normal value,0,Units,S,"Seasonally adjusted, not calendar adjusted",1,One,2015,
DATAFLOW,OECD.ECO.MPD:DSD_AN_HOUSE_PRICES@DF_HOUSE_PRICES(1.0),Analytical house prices indicators,I,BEL,Belgium,A,Annual,HPI,Nominal house price indices,IX,Index,2003,,60.0211935255199,,A,Normal value,0,Units,S,"Seasonally adjusted, not calendar adjusted",1,One,2015,
DATAFLOW,OECD.ECO.MPD:DSD_AN_HOUSE_PRICES@DF_HOUSE_PRICES(1.0),Analytical house prices indicators,I,BEL,Belgium,A,Annual,HPI,Nominal house price indices,IX,Index,2025,,144.855000000387,,A,Normal value,0,Units,S,"Seasonally adjusted, not calendar adjusted",1,One,2015,
DATAFLOW,OECD.ECO.MPD:DSD_AN_HOUSE_PRICES@DF_HOUSE_PRICES(1.0),Analytical house prices indicators,I,FIN,Finland,A,Annual,HPI,Nominal house price indices,IX,Index,1970,,6.72243983002653,,A,Normal value,0,Units,S,"Seasonally adjusted, not calendar adjusted",1,One,2015,
DATAFLOW,OECD.ECO.MPD:DSD_AN_HOUSE_PRICES@DF_HOUSE_PRICES(1.0),Analytical house prices indicators,I,FIN,Finland,A,Annual,HPI,Nominal house price indices,IX,Index,1971,,6.99657744295813,,A,Normal value,0,Units,S,"Seasonally adjusted, not calendar adjusted",1,One,2015,
DATAFLOW,OECD.ECO.MPD:DSD_AN_HOUSE_PRICES@DF_HOUSE_PRICES(1.0),Analytical house prices indicators,I,FIN,Finland,A,Annual,HPI,Nominal house price indices,IX,Index,1972,,7.65004719099027,,A,Normal value,0,Units,S,"Seasonally adjusted, not calendar adjusted",1,One,2015,
DATAFLOW,OECD.ECO.MPD:DSD_AN_HOUSE_PRICES@DF_HOUSE_PRICES(1.0),Analytical house prices indicators,I,FIN,Finland,A,Annual,HPI,Nominal house price indices,IX,Index,1973,,9.65928446039321,,A,Normal value,0,Units,S,"Seasonally adjusted, not calendar adjusted",1,One,2015,
DATAFLOW,OECD.ECO.MPD:DSD_AN_HOUSE_PRICES@DF_HOUSE_PRICES(1.0),Analytical house prices indicators,I,FIN,Finland,A,Annual,HPI,Nominal house price indices,IX,Index,1975,,12.1792297177393,,A,Normal value,0,Units,S,"Seasonally adjusted, not calendar adjusted",1,One,2015,
DATAFLOW,OECD.ECO.MPD:DSD_AN_HOUSE_PRICES@DF_HOUSE_PRICES(1.0),Analytical house prices indicators,I,FIN,Finland,A,Annual,HPI,Nominal house price indices,IX,Index,1977,,13.302149179929,,A,Normal value,0,Units,S,"Seasonally adjusted, not calendar adjusted",1,One,2015,
DATAFLOW,OECD.ECO.MPD:DSD_AN_HOUSE_PRICES@DF_HOUSE_PRICES(1.0),Analytical house prices indicators,I,FIN,Finland,A,Annual,HPI,Nominal house price indices,IX,Index,1981,,18.9193660693441,,A,Normal value,0,Units,S,"Seasonally adjusted, not calendar adjusted",1,One,2015,
DATAFLOW,OECD.ECO.MPD:DSD_AN_HOUSE_PRICES@DF_HOUSE_PRICES(1.0),Analytical house prices indicators,I,FIN,Finland,A,Annual,HPI,Nominal house price indices,IX,Index,1985,,31.2261421925993,,A,Normal value,0,Units,S,"Seasonally adjusted, not calendar adjusted",1,One,2015,
DATAFLOW,OECD.ECO.MPD:DSD_AN_HOUSE_PRICES@DF_HOUSE_PRICES(1.0),Analytical house prices indicators,I,FIN,Finland,A,Annual,HPI,Nominal house price indices,IX,Index,1988,,47.5601072895277,,A,Normal value,0,Units,S,"Seasonally adjusted, not calendar adjusted",1,One,2015,
DATAFLOW,OECD.ECO.MPD:DSD_AN_HOUSE_PRICES@DF_HOUSE_PRICES(1.0),Analytical house prices indicators,I,FIN,Finland,A,Annual,HPI,Nominal house price indices,IX,Index,1989,,59.2682571868582,,A,Normal value,0,Units,S,"Seasonally adjusted, not calendar adjusted",1,One,2015,
DATAFLOW,OECD.ECO.MPD:DSD_AN_HOUSE_PRICES@DF_HOUSE_PRICES(1.0),Analytical house prices indicators,I,FIN,Finland,A,Annual,HPI,Nominal house price indices,IX,Index,1990,,57.2728074948664,,A,Normal value,0,Units,S,"Seasonally adjusted, not calendar adjusted",1,One,2015,
DATAFLOW,OECD.ECO.MPD:DSD_AN_HOUSE_PRICES@DF_HOUSE_PRICES(1.0),Analytical house prices indicators,I,FIN,Finland,A,Annual,HPI,Nominal house price indices,IX,Index,1991,,50.4474625256673,,A,Normal value,0,Units,S,"Seasonally adjusted, not calendar adjusted",1,One,2015,
DATAFLOW,OECD.ECO.MPD:DSD_AN_HOUSE_PRICES@DF_HOUSE_PRICES(1.0),Analytical house prices indicators,I,FIN,Finland,A,Annual,HPI,Nominal house price indices,IX,Index,1992,,43.1327032854209,,A,Normal value,0,Units,S,"Seasonally adjusted, not calendar adjusted",1,One,2015,
DATAFLOW,OECD.ECO.MPD:DSD_AN_HOUSE_PRICES@DF_HOUSE_PRICES(1.0),Analytical house prices indicators,I,FIN,Finland,A,Annual,HPI,Nominal house price indices,IX,Index,1993,,38.7525400410677,,A,Normal value,0,Units,S,"Seasonally adjusted, not calendar adjusted",1,One,2015,
DATAFLOW,OECD.ECO.MPD:DSD_AN_HOUSE_PRICES@DF_HOUSE_PRICES(1.0),Analytical house prices indicators,I,FIN,Finland,A,Annual,HPI,Nominal house price indices,IX,Index,1994,,40.3247125256673,,A,Normal value,0,Units,S,"Seasonally adjusted, not calendar adjusted",1,One,2015,
DATAFLOW,OECD.ECO.MPD:DSD_AN_HOUSE_PRICES@DF_HOUSE_PRICES(1.0),Analytical house prices indicators,I,FIN,Finland,A,Annual,HPI,Nominal house price indices,IX,Index,1995,,39.5915359342915,,A,Normal value,0,Units,S,"Seasonally adjusted, not calendar adjusted",1,One,2015,
DATAFLOW,OECD.ECO.MPD:DSD_AN_HOUSE_PRICES@DF_HOUSE_PRICES(1.0),Analytical house prices indicators,I,FIN,Finland,A,Annual,HPI,Nominal house price indices,IX,Index,1996,,41.9422361396303,,A,Normal value,0,Units,S,"Seasonally adjusted, not calendar adjusted",1,One,2015,
DATAFLOW,OECD.ECO.MPD:DSD_AN_HOUSE_PRICES@DF_HOUSE_PRICES(1.0),Analytical house prices indicators,I,FIN,Finland,A,Annual,HPI,Nominal house price indices,IX,Index,1997,,48.5597217659137,,A,Normal value,0,Units,S,"Seasonally adjusted, not calendar adjusted",1,One,2015,
DATAFLOW,OECD.ECO.MPD:DSD_AN_HOUSE_PRICES@DF_HOUSE_PRICES(1.0),Analytical house prices indicators,I,FIN,Finland,A,Annual,HPI,Nominal house price indices,IX,Index,1998,,52.8510723819301,,A,Normal value,0,Units,S,"Seasonally adjusted, not calendar adjusted",1,One,2015,
DATAFLOW,OECD.ECO.MPD:DSD_AN_HOUSE_PRICES@DF_HOUSE_PRICES(1.0),Analytical house prices indicators,I,FIN,Finland,A,Annual,HPI,Nominal house price indices,IX,Index,1999,,56.5793131416837,,A,Normal value,0,Units,S,"Seasonally adjusted, not calendar adjusted",1,One,2015,
DATAFLOW,OECD.ECO.MPD:DSD_AN_HOUSE_PRICES@DF_HOUSE_PRICES(1.0),Analytical house prices indicators,I,FIN,Finland,A,Annual,HPI,Nominal house price indices,IX,Index,2000,,58.7826221765913,,A,Normal value,0,Units,S,"Seasonally adjusted, not calendar adjusted",1,One,2015,
DATAFLOW,OECD.ECO.MPD:DSD_AN_HOUSE_PRICES@DF_HOUSE_PRICES(1.0),Analytical house prices indicators,I,FIN,Finland,A,Annual,HPI,Nominal house price indices,IX,Index,2001,,57.9455159137576,,A,Normal value,0,Units,S,"Seasonally adjusted, not calendar adjusted",1,One,2015,
DATAFLOW,OECD.ECO.MPD:DSD_AN_HOUSE_PRICES@DF_HOUSE_PRICES(1.0),Analytical house prices indicators,I,FIN,Finland,A,Annual,HPI,Nominal house price indices,IX,Index,2002,,61.4262150924024,,A,Normal value,0,Units,S,"Seasonally adjusted, not calendar adjusted",1,One,2015,
DATAFLOW,OECD.ECO.MPD:DSD_AN_HOUSE_PRICES@DF_HOUSE_PRICES(1.0),Analytical house prices indicators,I,FIN,Finland,A,Annual,HPI,Nominal house price indices,IX,Index,2003,,65.3207433264886,,A,Normal value,0,Units,S,"Seasonally adjusted, not calendar adjusted",1,One,2015,
DATAFLOW,OECD.ECO.MPD:DSD_AN_HOUSE_PRICES@DF_HOUSE_PRICES(1.0),Analytical house prices indicators,I,FIN,Finland,A,Annual,HPI,Nominal house price indices,IX,Index,2004,,70.6513906570841,,A,Normal value,0,Units,S,"Seasonally adjusted, not calendar adjusted",1,One,2015,
DATAFLOW,OECD.ECO.MPD:DSD_AN_HOUSE_PRICES@DF_HOUSE_PRICES(1.0),Analytical house prices indicators,I,FIN,Finland,A,Annual,HPI,Nominal house price indices,IX,Index,2005,,76.2499999999999,,A,Normal value,0,Units,S,"Seasonally adjusted, not calendar adjusted",1,One,2015,
DATAFLOW,OECD.ECO.MPD:DSD_AN_HOUSE_PRICES@DF_HOUSE_PRICES(1.0),Analytical house prices indicators,I,FIN,Finland,A,Annual,HPI,Nominal house price indices,IX,Index,2006,,81.5549999999999,,A,Normal value,0,Units,S,"Seasonally adjusted, not calendar adjusted",1,One,2015,
DATAFLOW,OECD.ECO.MPD:DSD_AN_HOUSE_PRICES@DF_HOUSE_PRICES(1.0),Analytical house prices indicators,I,FIN,Finland,A,Annual,HPI,Nominal house price indices,IX,Index,2007,,86.3649999999999,,A,Normal value,0,Units,S,"Seasonally adjusted, not calendar adjusted",1,One,2015,
DATAFLOW,OECD.ECO.MPD:DSD_AN_HOUSE_PRICES@DF_HOUSE_PRICES(1.0),Analytical house prices indicators,I,FIN,Finland,A,Annual,HPI,Nominal house price indices,IX,Index,2008,,87.0599999999999,,A,Normal value,0,Units,S,"Seasonally adjusted, not calendar adjusted",1,One,2015,
DATAFLOW,OECD.ECO.MPD:DSD_AN_HOUSE_PRICES@DF_HOUSE_PRICES(1.0),Analytical house prices indicators,I,FIN,Finland,A,Annual,HPI,Nominal house price indices,IX,Index,2009,,88.3124999999999,,A,Normal value,0,Units,S,"Seasonally adjusted, not calendar adjusted",1,One,2015,
DATAFLOW,OECD.ECO.MPD:DSD_AN_HOUSE_PRICES@DF_HOUSE_PRICES(1.0),Analytical house prices indicators,I,FIN,Finland,A,Annual,HPI,Nominal house price indices,IX,Index,2010,,93.8824999999999,,A,Normal value,0,Units,S,"Seasonally adjusted, not calendar adjusted",1,One,2015,
DATAFLOW,OECD.ECO.MPD:DSD_AN_HOUSE_PRICES@DF_HOUSE_PRICES(1.0),Analytical house prices indicators,I,FIN,Finland,A,Annual,HPI,Nominal house price indices,IX,Index,2011,,96.8649999999999,,A,Normal value,0,Units,S,"Seasonally adjusted, not calendar adjusted",1,One,2015,
DATAFLOW,OECD.ECO.MPD:DSD_AN_HOUSE_PRICES@DF_HOUSE_PRICES(1.0),Analytical house prices indicators,I,FIN,Finland,A,Annual,HPI,Nominal house price indices,IX,Index,2014,,99.9949999999999,,A,Normal value,0,Units,S,"Seasonally adjusted, not calendar adjusted",1,One,2015,
DATAFLOW,OECD.ECO.MPD:DSD_AN_HOUSE_PRICES@DF_HOUSE_PRICES(1.0),Analytical house prices indicators,I,FIN,Finland,A,Annual,HPI,Nominal house price indices,IX,Index,2025,,99.0274999993875,,A,Normal value,0,Units,S,"Seasonally adjusted, not calendar adjusted",1,One,2015,
DATAFLOW,OECD.ECO.MPD:DSD_AN_HOUSE_PRICES@DF_HOUSE_PRICES(1.0),Analytical house prices indicators,I,HUN,Hungary,A,Annual,HPI,Nominal house price indices,IX,Index,2009,,95.9525000000001,,A,Normal value,0,Units,S,"Seasonally adjusted, not calendar adjusted",1,One,2015,
DATAFLOW,OECD.ECO.MPD:DSD_AN_HOUSE_PRICES@DF_HOUSE_PRICES(1.0),Analytical house prices indicators,I,HUN,Hungary,A,Annual,HPI,Nominal house price indices,IX,Index,2010,,93.6600000000001,,A,Normal value,0,Units,S,"Seasonally adjusted, not calendar adjusted",1,One,2015,
DATAFLOW,OECD.ECO.MPD:DSD_AN_HOUSE_PRICES@DF_HOUSE_PRICES(1.0),Analytical house prices indicators,I,HUN,Hungary,A,Annual,HPI,Nominal house price indices,IX,Index,2011,,90.4475000000001,,A,Normal value,0,Units,S,"Seasonally adjusted, not calendar adjusted",1,One,2015,
DATAFLOW,OECD.ECO.MPD:DSD_AN_HOUSE_PRICES@DF_HOUSE_PRICES(1.0),Analytical house prices indicators,I,HUN,Hungary,A,Annual,HPI,Nominal house price indices,IX,Index,2012,,87.0975000000001,,A,Normal value,0,Units,S,"Seasonally adjusted, not calendar adjusted",1,One,2015,
DATAFLOW,OECD.ECO.MPD:DSD_AN_HOUSE_PRICES@DF_HOUSE_PRICES(1.0),Analytical house prices indicators,I,HUN,Hungary,A,Annual,HPI,Nominal house price indices,IX,Index,2013,,84.8700000000001,,A,Normal value,0,Units,S,"Seasonally adjusted, not calendar adjusted",1,One,2015,
DATAFLOW,OECD.ECO.MPD:DSD_AN_HOUSE_PRICES@DF_HOUSE_PRICES(1.0),Analytical house prices indicators,I,HUN,Hungary,A,Annual,HPI,Nominal house price indices,IX,Index,2014,,88.4275000000001,,A,Normal value,0,Units,S,"Seasonally adjusted, not calendar adjusted",1,One,2015,
DATAFLOW,OECD.ECO.MPD:DSD_AN_HOUSE_PRICES@DF_HOUSE_PRICES(1.0),Analytical house prices indicators,I,HUN,Hungary,A,Annual,HPI,Nominal house price indices,IX,Index,2025,,366.615000044066,,A,Normal value,0,Units,S,"Seasonally adjusted, not calendar adjusted",1,One,2015,
DATAFLOW,OECD.ECO.MPD:DSD_AN_HOUSE_PRICES@DF_HOUSE_PRICES(1.0),Analytical house prices indicators,I,POL,Poland,A,Annual,HPI,Nominal house price indices,IX,Index,2005,,56.0049999974347,,A,Normal value,0,Units,S,"Seasonally adjusted, not calendar adjusted",1,One,2015,
DATAFLOW,OECD.ECO.MPD:DSD_AN_HOUSE_PRICES@DF_HOUSE_PRICES(1.0),Analytical house prices indicators,I,POL,Poland,A,Annual,HPI,Nominal house price indices,IX,Index,2006,,76.515,,A,Normal value,0,Units,S,"Seasonally adjusted, not calendar adjusted",1,One,2015,
DATAFLOW,OECD.ECO.MPD:DSD_AN_HOUSE_PRICES@DF_HOUSE_PRICES(1.0),Analytical house prices indicators,I,POL,Poland,A,Annual,HPI,Nominal house price indices,IX,Index,2013,,97.535,,A,Normal value,0,Units,S,"Seasonally adjusted, not calendar adjusted",1,One,2015,
DATAFLOW,OECD.ECO.MPD:DSD_AN_HOUSE_PRICES@DF_HOUSE_PRICES(1.0),Analytical house prices indicators,I,POL,Poland,A,Annual,HPI,Nominal house price indices,IX,Index,2014,,98.5,,A,Normal value,0,Units,S,"Seasonally adjusted, not calendar adjusted",1,One,2015,
DATAFLOW,OECD.ECO.MPD:DSD_AN_HOUSE_PRICES@DF_HOUSE_PRICES(1.0),Analytical house prices indicators,I,POL,Poland,A,Annual,HPI,Nominal house price indices,IX,Index,2025,,216.80250000036,,A,Normal value,0,Units,S,"Seasonally adjusted, not calendar adjusted",1,One,2015,
DATAFLOW,OECD.ECO.MPD:DSD_AN_HOUSE_PRICES@DF_HOUSE_PRICES(1.0),Analytical house prices indicators,I,SVK,Slovak Republic,A,Annual,HPI,Nominal house price indices,IX,Index,2006,,75.9868100329749,,A,Normal value,0,Units,S,"Seasonally adjusted, not calendar adjusted",1,One,2015,
DATAFLOW,OECD.ECO.MPD:DSD_AN_HOUSE_PRICES@DF_HOUSE_PRICES(1.0),Analytical house prices indicators,I,SVK,Slovak Republic,A,Annual,HPI,Nominal house price indices,IX,Index,2007,,98.0047549881124,,A,Normal value,0,Units,S,"Seasonally adjusted, not calendar adjusted",1,One,2015,
DATAFLOW,OECD.ECO.MPD:DSD_AN_HOUSE_PRICES@DF_HOUSE_PRICES(1.0),Analytical house prices indicators,I,SVK,Slovak Republic,A,Annual,HPI,Nominal house price indices,IX,Index,2010,,97.0567573581066,,A,Normal value,0,Units,S,"Seasonally adjusted, not calendar adjusted",1,One,2015,
DATAFLOW,OECD.ECO.MPD:DSD_AN_HOUSE_PRICES@DF_HOUSE_PRICES(1.0),Analytical house prices indicators,I,SVK,Slovak Republic,A,Annual,HPI,Nominal house price indices,IX,Index,2011,,95.5992610018475,,A,Normal value,0,Units,S,"Seasonally adjusted, not calendar adjusted",1,One,2015,
DATAFLOW,OECD.ECO.MPD:DSD_AN_HOUSE_PRICES@DF_HOUSE_PRICES(1.0),Analytical house prices indicators,I,SVK,Slovak Republic,A,Annual,HPI,Nominal house price indices,IX,Index,2012,,92.9442676393309,,A,Normal value,0,Units,S,"Seasonally adjusted, not calendar adjusted",1,One,2015,
DATAFLOW,OECD.ECO.MPD:DSD_AN_HOUSE_PRICES@DF_HOUSE_PRICES(1.0),Analytical house prices indicators,I,SVK,Slovak Republic,A,Annual,HPI,Nominal house price indices,IX,Index,2013,,93.6892657768356,,A,Normal value,0,Units,S,"Seasonally adjusted, not calendar adjusted",1,One,2015,
DATAFLOW,OECD.ECO.MPD:DSD_AN_HOUSE_PRICES@DF_HOUSE_PRICES(1.0),Analytical house prices indicators,I,SVK,Slovak Republic,A,Annual,HPI,Nominal house price indices,IX,Index,2014,,94.9567626080935,,A,Normal value,0,Units,S,"Seasonally adjusted, not calendar adjusted",1,One,2015,
DATAFLOW,OECD.ECO.MPD:DSD_AN_HOUSE_PRICES@DF_HOUSE_PRICES(1.0),Analytical house prices indicators,I,SVK,Slovak Republic,A,Annual,HPI,Nominal house price indices,IX,Index,2019,,132.402668993328,,A,Normal value,0,Units,S,"Seasonally adjusted, not calendar adjusted",1,One,2015,
DATAFLOW,OECD.ECO.MPD:DSD_AN_HOUSE_PRICES@DF_HOUSE_PRICES(1.0),Analytical house prices indicators,I,SVK,Slovak Republic,A,Annual,HPI,Nominal house price indices,IX,Index,2020,,145.026137434656,,A,Normal value,0,Units,S,"Seasonally adjusted, not calendar adjusted",1,One,2015,
DATAFLOW,OECD.ECO.MPD:DSD_AN_HOUSE_PRICES@DF_HOUSE_PRICES(1.0),Analytical house prices indicators,I,SVK,Slovak Republic,A,Annual,HPI,Nominal house price indices,IX,Index,2021,,154.271114322214,,A,Normal value,0,Units,S,"Seasonally adjusted, not calendar adjusted",1,One,2015,
DATAFLOW,OECD.ECO.MPD:DSD_AN_HOUSE_PRICES@DF_HOUSE_PRICES(1.0),Analytical house prices indicators,I,SVK,Slovak Republic,A,Annual,HPI,Nominal house price indices,IX,Index,2024,,181.671545821135,,A,Normal value,0,Units,S,"Seasonally adjusted, not calendar adjusted",1,One,2015,
DATAFLOW,OECD.ECO.MPD:DSD_AN_HOUSE_PRICES@DF_HOUSE_PRICES(1.0),Analytical house prices indicators,I,SVK,Slovak Republic,A,Annual,HPI,Nominal house price indices,IX,Index,2025,,204.226989424455,,A,Normal value,0,Units,S,"Seasonally adjusted, not calendar adjusted",1,One,2015,
DATAFLOW,OECD.ECO.MPD:DSD_AN_HOUSE_PRICES@DF_HOUSE_PRICES(1.0),Analytical house prices indicators,I,ESP,Spain,A,Annual,HPI,Nominal house price indices,IX,Index,1974,,3.26128781745792,,A,Normal value,0,Units,S,"Seasonally adjusted, not calendar adjusted",1,One,2015,
DATAFLOW,OECD.ECO.MPD:DSD_AN_HOUSE_PRICES@DF_HOUSE_PRICES(1.0),Analytical house prices indicators,I,ESP,Spain,A,Annual,HPI,Nominal house price indices,IX,Index,1978,,7.45018490748227,,A,Normal value,0,Units,S,"Seasonally adjusted, not calendar adjusted",1,One,2015,
DATAFLOW,OECD.ECO.MPD:DSD_AN_HOUSE_PRICES@DF_HOUSE_PRICES(1.0),Analytical house prices indicators,I,ESP,Spain,A,Annual,HPI,Nominal house price indices,IX,Index,1979,,7.84162052573832,,A,Normal value,0,Units,S,"Seasonally adjusted, not calendar adjusted",1,One,2015,
DATAFLOW,OECD.ECO.MPD:DSD_AN_HOUSE_PRICES@DF_HOUSE_PRICES(1.0),Analytical house prices indicators,I,ESP,Spain,A,Annual,HPI,Nominal house price indices,IX,Index,1980,,8.23305614399437,,A,Normal value,0,Units,S,"Seasonally adjusted, not calendar adjusted",1,One,2015,
DATAFLOW,OECD.ECO.MPD:DSD_AN_HOUSE_PRICES@DF_HOUSE_PRICES(1.0),Analytical house prices indicators,I,ESP,Spain,A,Annual,HPI,Nominal house price indices,IX,Index,1982,,9.02643206910994,,A,Normal value,0,Units,S,"Seasonally adjusted, not calendar adjusted",1,One,2015,
DATAFLOW,OECD.ECO.MPD:DSD_AN_HOUSE_PRICES@DF_HOUSE_PRICES(1.0),Analytical house prices indicators,I,ESP,Spain,A,Annual,HPI,Nominal house price indices,IX,Index,1990,,37.4619253432643,,A,Normal value,0,Units,S,"Seasonally adjusted, not calendar adjusted",1,One,2015,
DATAFLOW,OECD.ECO.MPD:DSD_AN_HOUSE_PRICES@DF_HOUSE_PRICES(1.0),Analytical house prices indicators,I,ESP,Spain,A,Annual,HPI,Nominal house price indices,IX,Index,1993,,42.2600733614643,,A,Normal value,0,Units,S,"Seasonally adjusted, not calendar adjusted",1,One,2015,
DATAFLOW,OECD.ECO.MPD:DSD_AN_HOUSE_PRICES@DF_HOUSE_PRICES(1.0),Analytical house prices indicators,I,ESP,Spain,A,Annual,HPI,Nominal house price indices,IX,Index,1997,,47.4638957019028,,A,Normal value,0,Units,S,"Seasonally adjusted, not calendar adjusted",1,One,2015,
DATAFLOW,OECD.ECO.MPD:DSD_AN_HOUSE_PRICES@DF_HOUSE_PRICES(1.0),Analytical house prices indicators,I,ESP,Spain,A,Annual,HPI,Nominal house price indices,IX,Index,1999,,53.2447547938012,,A,Normal value,0,Units,S,"Seasonally adjusted, not calendar adjusted",1,One,2015,
DATAFLOW,OECD.ECO.MPD:DSD_AN_HOUSE_PRICES@DF_HOUSE_PRICES(1.0),Analytical house prices indicators,I,ESP,Spain,A,Annual,HPI,Nominal house price indices,IX,Index,2000,,57.2385485523904,,A,Normal value,0,Units,S,"Seasonally adjusted, not calendar adjusted",1,One,2015,
DATAFLOW,OECD.ECO.MPD:DSD_AN_HOUSE_PRICES@DF_HOUSE_PRICES(1.0),Analytical house prices indicators,I,ESP,Spain,A,Annual,HPI,Nominal house price indices,IX,Index,2003,,87.9508924997902,,A,Normal value,0,Units,S,"Seasonally adjusted, not calendar adjusted",1,One,2015,
DATAFLOW,OECD.ECO.MPD:DSD_AN_HOUSE_PRICES@DF_HOUSE_PRICES(1.0),Analytical house prices indicators,I,ESP,Spain,A,Annual,HPI,Nominal house price indices,IX,Index,2013,,96.2392594018516,,A,Normal value,0,Units,S,"Seasonally adjusted, not calendar adjusted",1,One,2015,
DATAFLOW,OECD.ECO.MPD:DSD_AN_HOUSE_PRICES@DF_HOUSE_PRICES(1.0),Analytical house prices indicators,I,ESP,Spain,A,Annual,HPI,Nominal house price indices,IX,Index,2014,,96.5392586518535,,A,Normal value,0,Units,S,"Seasonally adjusted, not calendar adjusted",1,One,2015,
DATAFLOW,OECD.ECO.MPD:DSD_AN_HOUSE_PRICES@DF_HOUSE_PRICES(1.0),Analytical house prices indicators,I,ESP,Spain,A,Annual,HPI,Nominal house price indices,IX,Index,2017,,111.105222236945,,A,Normal value,0,Units,S,"Seasonally adjusted, not calendar adjusted",1,One,2015,
DATAFLOW,OECD.ECO.MPD:DSD_AN_HOUSE_PRICES@DF_HOUSE_PRICES(1.0),Analytical house prices indicators,I,ESP,Spain,A,Annual,HPI,Nominal house price indices,IX,Index,2019,,124.715188212029,,A,Normal value,0,Units,S,"Seasonally adjusted, not calendar adjusted",1,One,2015,
DATAFLOW,OECD.ECO.MPD:DSD_AN_HOUSE_PRICES@DF_HOUSE_PRICES(1.0),Analytical house prices indicators,I,ESP,Spain,A,Annual,HPI,Nominal house price indices,IX,Index,2022,,141.978395054013,,A,Normal value,0,Units,S,"Seasonally adjusted, not calendar adjusted",1,One,2015,
DATAFLOW,OECD.ECO.MPD:DSD_AN_HOUSE_PRICES@DF_HOUSE_PRICES(1.0),Analytical house prices indicators,I,ESP,Spain,A,Annual,HPI,Nominal house price indices,IX,Index,2025,,180.604048493083,,A,Normal value,0,Units,S,"Seasonally adjusted, not calendar adjusted",1,One,2015,
DATAFLOW,OECD.ECO.MPD:DSD_AN_HOUSE_PRICES@DF_HOUSE_PRICES(1.0),Analytical house prices indicators,I,SWE,Sweden,A,Annual,HPI,Nominal house price indices,IX,Index,1972,,5.49702969255845,,A,Normal value,0,Units,S,"Seasonally adjusted, not calendar adjusted",1,One,2015,
DATAFLOW,OECD.ECO.MPD:DSD_AN_HOUSE_PRICES@DF_HOUSE_PRICES(1.0),Analytical house prices indicators,I,SWE,Sweden,A,Annual,HPI,Nominal house price indices,IX,Index,1974,,6.4286176572829,,A,Normal value,0,Units,S,"Seasonally adjusted, not calendar adjusted",1,One,2015,
DATAFLOW,OECD.ECO.MPD:DSD_AN_HOUSE_PRICES@DF_HOUSE_PRICES(1.0),Analytical house prices indicators,I,SWE,Sweden,A,Annual,HPI,Nominal house price indices,IX,Index,1975,,7.58154035121494,,A,Normal value,0,Units,S,"Seasonally adjusted, not calendar adjusted",1,One,2015,
DATAFLOW,OECD.ECO.MPD:DSD_AN_HOUSE_PRICES@DF_HOUSE_PRICES(1.0),Analytical house prices indicators,I,SWE,Sweden,A,Annual,HPI,Nominal house price indices,IX,Index,1976,,8.78296359894944,,A,Normal value,0,Units,S,"Seasonally adjusted, not calendar adjusted",1,One,2015,
DATAFLOW,OECD.ECO.MPD:DSD_AN_HOUSE_PRICES@DF_HOUSE_PRICES(1.0),Analytical house prices indicators,I,SWE,Sweden,A,Annual,HPI,Nominal house price indices,IX,Index,1977,,10.1760061813187,,A,Normal value,0,Units,S,"Seasonally adjusted, not calendar adjusted",1,One,2015,
DATAFLOW,OECD.ECO.MPD:DSD_AN_HOUSE_PRICES@DF_HOUSE_PRICES(1.0),Analytical house prices indicators,I,SWE,Sweden,A,Annual,HPI,Nominal house price indices,IX,Index,1995,,24.9388598901099,,A,Normal value,0,Units,S,"Seasonally adjusted, not calendar adjusted",1,One,2015,
DATAFLOW,OECD.ECO.MPD:DSD_AN_HOUSE_PRICES@DF_HOUSE_PRICES(1.0),Analytical house prices indicators,I,SWE,Sweden,A,Annual,HPI,Nominal house price indices,IX,Index,2002,,40.9758379120879,,A,Normal value,0,Units,S,"Seasonally adjusted, not calendar adjusted",1,One,2015,
DATAFLOW,OECD.ECO.MPD:DSD_AN_HOUSE_PRICES@DF_HOUSE_PRICES(1.0),Analytical house prices indicators,I,SWE,Sweden,A,Annual,HPI,Nominal house price indices,IX,Index,2003,,43.6939697802198,,A,Normal value,0,Units,S,"Seasonally adjusted, not calendar adjusted",1,One,2015,
DATAFLOW,OECD.ECO.MPD:DSD_AN_HOUSE_PRICES@DF_HOUSE_PRICES(1.0),Analytical house prices indicators,I,SWE,Sweden,A,Annual,HPI,Nominal house price indices,IX,Index,2005,,52.04,,A,Normal value,0,Units,S,"Seasonally adjusted, not calendar adjusted",1,One,2015,
DATAFLOW,OECD.ECO.MPD:DSD_AN_HOUSE_PRICES@DF_HOUSE_PRICES(1.0),Analytical house prices indicators,I,SWE,Sweden,A,Annual,HPI,Nominal house price indices,IX,Index,2006,,58.4575,,A,Normal value,0,Units,S,"Seasonally adjusted, not calendar adjusted",1,One,2015,
DATAFLOW,OECD.ECO.MPD:DSD_AN_HOUSE_PRICES@DF_HOUSE_PRICES(1.0),Analytical house prices indicators,I,SWE,Sweden,A,Annual,HPI,Nominal house price indices,IX,Index,2007,,65.735,,A,Normal value,0,Units,S,"Seasonally adjusted, not calendar adjusted",1,One,2015,
DATAFLOW,OECD.ECO.MPD:DSD_AN_HOUSE_PRICES@DF_HOUSE_PRICES(1.0),Analytical house prices indicators,I,SWE,Sweden,A,Annual,HPI,Nominal house price indices,IX,Index,2008,,66.4725,,A,Normal value,0,Units,S,"Seasonally adjusted, not calendar adjusted",1,One,2015,
DATAFLOW,OECD.ECO.MPD:DSD_AN_HOUSE_PRICES@DF_HOUSE_PRICES(1.0),Analytical house prices indicators,I,SWE,Sweden,A,Annual,HPI,Nominal house price indices,IX,Index,2009,,68.565,,A,Normal value,0,Units,S,"Seasonally adjusted, not calendar adjusted",1,One,2015,
DATAFLOW,OECD.ECO.MPD:DSD_AN_HOUSE_PRICES@DF_HOUSE_PRICES(1.0),Analytical house prices indicators,I,SWE,Sweden,A,Annual,HPI,Nominal house price indices,IX,Index,2010,,73.9649999999999,,A,Normal value,0,Units,S,"Seasonally adjusted, not calendar adjusted",1,One,2015,
DATAFLOW,OECD.ECO.MPD:DSD_AN_HOUSE_PRICES@DF_HOUSE_PRICES(1.0),Analytical house prices indicators,I,SWE,Sweden,A,Annual,HPI,Nominal house price indices,IX,Index,2011,,75.8724999999999,,A,Normal value,0,Units,S,"Seasonally adjusted, not calendar adjusted",1,One,2015,
DATAFLOW,OECD.ECO.MPD:DSD_AN_HOUSE_PRICES@DF_HOUSE_PRICES(1.0),Analytical house prices indicators,I,SWE,Sweden,A,Annual,HPI,Nominal house price indices,IX,Index,2013,,80.785,,A,Normal value,0,Units,S,"Seasonally adjusted, not calendar adjusted",1,One,2015,
DATAFLOW,OECD.ECO.MPD:DSD_AN_HOUSE_PRICES@DF_HOUSE_PRICES(1.0),Analytical house prices indicators,I,SWE,Sweden,A,Annual,HPI,Nominal house price indices,IX,Index,2014,,88.4024999999999,,A,Normal value,0,Units,S,"Seasonally adjusted, not calendar adjusted",1,One,2015,
DATAFLOW,OECD.ECO.MPD:DSD_AN_HOUSE_PRICES@DF_HOUSE_PRICES(1.0),Analytical house prices indicators,I,SWE,Sweden,A,Annual,HPI,Nominal house price indices,IX,Index,2025,,133.410000005506,,A,Normal value,0,Units,S,"Seasonally adjusted, not calendar adjusted",1,One,2015,
DATAFLOW,OECD.ECO.MPD:DSD_AN_HOUSE_PRICES@DF_HOUSE_PRICES(1.0),Analytical house prices indicators,I,CHN,China (People’s Republic of),A,Annual,HPI,Nominal house price indices,IX,Index,2010,,85.1258843347542,,A,Normal value,0,Units,S,"Seasonally adjusted, not calendar adjusted",1,One,2015,
DATAFLOW,OECD.ECO.MPD:DSD_AN_HOUSE_PRICES@DF_HOUSE_PRICES(1.0),Analytical house prices indicators,I,CHN,China (People’s Republic of),A,Annual,HPI,Nominal house price indices,IX,Index,2011,,90.7675168655417,,A,Normal value,0,Units,S,"Seasonally adjusted, not calendar adjusted",1,One,2015,
DATAFLOW,OECD.ECO.MPD:DSD_AN_HOUSE_PRICES@DF_HOUSE_PRICES(1.0),Analytical house prices indicators,I,CHN,China (People’s Republic of),A,Annual,HPI,Nominal house price indices,IX,Index,2012,,90.006388183419,,A,Normal value,0,Units,S,"Seasonally adjusted, not calendar adjusted",1,One,2015,
DATAFLOW,OECD.ECO.MPD:DSD_AN_HOUSE_PRICES@DF_HOUSE_PRICES(1.0),Analytical house prices indicators,I,CHN,China (People’s Republic of),A,Annual,HPI,Nominal house price indices,IX,Index,2013,,96.4911734002281,,A,Normal value,0,Units,S,"Seasonally adjusted, not calendar adjusted",1,One,2015,
DATAFLOW,OECD.ECO.MPD:DSD_AN_HOUSE_PRICES@DF_HOUSE_PRICES(1.0),Analytical house prices indicators,I,CHN,China (People’s Republic of),A,Annual,HPI,Nominal house price indices,IX,Index,2014,,101.131954939936,,A,Normal value,0,Units,S,"Seasonally adjusted, not calendar adjusted",1,One,2015,
DATAFLOW,OECD.ECO.MPD:DSD_AN_HOUSE_PRICES@DF_HOUSE_PRICES(1.0),Analytical house prices indicators,I,CHN,China (People’s Republic of),A,Annual,HPI,Nominal house price indices,IX,Index,2018,,134.267929761145,,A,Normal value,0,Units,S,"Seasonally adjusted, not calendar adjusted",1,One,2015,
DATAFLOW,OECD.ECO.MPD:DSD_AN_HOUSE_PRICES@DF_HOUSE_PRICES(1.0),Analytical house prices indicators,I,CHN,China (People’s Republic of),A,Annual,HPI,Nominal house price indices,IX,Index,2020,,144.577055514873,,A,Normal value,0,Units,S,"Seasonally adjusted, not calendar adjusted",1,One,2015,
DATAFLOW,OECD.ECO.MPD:DSD_AN_HOUSE_PRICES@DF_HOUSE_PRICES(1.0),Analytical house prices indicators,I,CHN,China (People’s Republic of),A,Annual,HPI,Nominal house price indices,IX,Index,2021,,150.101276078591,,A,Normal value,0,Units,S,"Seasonally adjusted, not calendar adjusted",1,One,2015,
DATAFLOW,OECD.ECO.MPD:DSD_AN_HOUSE_PRICES@DF_HOUSE_PRICES(1.0),Analytical house prices indicators,I,CHN,China (People’s Republic of),A,Annual,HPI,Nominal house price indices,IX,Index,2023,,151.307240460573,,A,Normal value,0,Units,S,"Seasonally adjusted, not calendar adjusted",1,One,2015,
DATAFLOW,OECD.ECO.MPD:DSD_AN_HOUSE_PRICES@DF_HOUSE_PRICES(1.0),Analytical house prices indicators,I,CHN,China (People’s Republic of),A,Annual,HPI,Nominal house price indices,IX,Index,2024,,153.596858883471,,A,Normal value,0,Units,S,"Seasonally adjusted, not calendar adjusted",1,One,2015,
DATAFLOW,OECD.ECO.MPD:DSD_AN_HOUSE_PRICES@DF_HOUSE_PRICES(1.0),Analytical house prices indicators,I,CHN,China (People’s Republic of),A,Annual,HPI,Nominal house price indices,IX,Index,2025,,157.660366776091,,A,Normal value,0,Units,S,"Seasonally adjusted, not calendar adjusted",1,One,2015,
DATAFLOW,OECD.ECO.MPD:DSD_AN_HOUSE_PRICES@DF_HOUSE_PRICES(1.0),Analytical house prices indicators,I,FIN,Finland,A,Annual,HPI,Nominal house price indices,IX,Index,2012,,99.205,,A,Normal value,0,Units,S,"Seasonally adjusted, not calendar adjusted",1,One,2015,
DATAFLOW,OECD.ECO.MPD:DSD_AN_HOUSE_PRICES@DF_HOUSE_PRICES(1.0),Analytical house prices indicators,I,FIN,Finland,A,Annual,HPI,Nominal house price indices,IX,Index,2024,,101.3475,,A,Normal value,0,Units,S,"Seasonally adjusted, not calendar adjusted",1,One,2015,
DATAFLOW,OECD.ECO.MPD:DSD_AN_HOUSE_PRICES@DF_HOUSE_PRICES(1.0),Analytical house prices indicators,I,HUN,Hungary,A,Annual,HPI,Nominal house price indices,IX,Index,2007,,98.9099999996718,,A,Normal value,0,Units,S,"Seasonally adjusted, not calendar adjusted",1,One,2015,
DATAFLOW,OECD.ECO.MPD:DSD_AN_HOUSE_PRICES@DF_HOUSE_PRICES(1.0),Analytical house prices indicators,I,HUN,Hungary,A,Annual,HPI,Nominal house price indices,IX,Index,2018,,145.495,,A,Normal value,0,Units,S,"Seasonally adjusted, not calendar adjusted",1,One,2015,
DATAFLOW,OECD.ECO.MPD:DSD_AN_HOUSE_PRICES@DF_HOUSE_PRICES(1.0),Analytical house prices indicators,I,HUN,Hungary,A,Annual,HPI,Nominal house price indices,IX,Index,2019,,170.1675,,A,Normal value,0,Units,S,"Seasonally adjusted, not calendar adjusted",1,One,2015,
DATAFLOW,OECD.ECO.MPD:DSD_AN_HOUSE_PRICES@DF_HOUSE_PRICES(1.0),Analytical house prices indicators,I,HUN,Hungary,A,Annual,HPI,Nominal house price indices,IX,Index,2021,,208.0375,,A,Normal value,0,Units,S,"Seasonally adjusted, not calendar adjusted",1,One,2015,
DATAFLOW,OECD.ECO.MPD:DSD_AN_HOUSE_PRICES@DF_HOUSE_PRICES(1.0),Analytical house prices indicators,I,HUN,Hungary,A,Annual,HPI,Nominal house price indices,IX,Index,2024,,309.86,,A,Normal value,0,Units,S,"Seasonally adjusted, not calendar adjusted",1,One,2015,
DATAFLOW,OECD.ECO.MPD:DSD_AN_HOUSE_PRICES@DF_HOUSE_PRICES(1.0),Analytical house prices indicators,I,ISR,Israel,A,Annual,HPI,Nominal house price indices,IX,Index,2024,,160.2545,,A,Normal value,0,Units,S,"Seasonally adjusted, not calendar adjusted",1,One,2015,
DATAFLOW,OECD.ECO.MPD:DSD_AN_HOUSE_PRICES@DF_HOUSE_PRICES(1.0),Analytical house prices indicators,I,NZL,New Zealand,A,Annual,HPI,Nominal house price indices,IX,Index,1972,,2.39114992793403,,A,Normal value,0,Units,S,"Seasonally adjusted, not calendar adjusted",1,One,2015,
DATAFLOW,OECD.ECO.MPD:DSD_AN_HOUSE_PRICES@DF_HOUSE_PRICES(1.0),Analytical house prices indicators,I,NZL,New Zealand,A,Annual,HPI,Nominal house price indices,IX,Index,1975,,4.59658085284764,,A,Normal value,0,Units,S,"Seasonally adjusted, not calendar adjusted",1,One,2015,
DATAFLOW,OECD.ECO.MPD:DSD_AN_HOUSE_PRICES@DF_HOUSE_PRICES(1.0),Analytical house prices indicators,I,NZL,New Zealand,A,Annual,HPI,Nominal house price indices,IX,Index,1977,,5.24660282927946,,A,Normal value,0,Units,S,"Seasonally adjusted, not calendar adjusted",1,One,2015,
DATAFLOW,OECD.ECO.MPD:DSD_AN_HOUSE_PRICES@DF_HOUSE_PRICES(1.0),Analytical house prices indicators,I,NZL,New Zealand,A,Annual,HPI,Nominal house price indices,IX,Index,1994,,27.0014324964187,,A,Normal value,0,Units,S,"Seasonally adjusted, not calendar adjusted",1,One,2015,
DATAFLOW,OECD.ECO.MPD:DSD_AN_HOUSE_PRICES@DF_HOUSE_PRICES(1.0),Analytical house prices indicators,I,NZL,New Zealand,A,Annual,HPI,Nominal house price indices,IX,Index,1996,,32.4389189027028,,A,Normal value,0,Units,S,"Seasonally adjusted, not calendar adjusted",1,One,2015,
DATAFLOW,OECD.ECO.MPD:DSD_AN_HOUSE_PRICES@DF_HOUSE_PRICES(1.0),Analytical house prices indicators,I,NZL,New Zealand,A,Annual,HPI,Nominal house price indices,IX,Index,2008,,72.6610683473291,,A,Normal value,0,Units,S,"Seasonally adjusted, not calendar adjusted",1,One,2015,
DATAFLOW,OECD.ECO.MPD:DSD_AN_HOUSE_PRICES@DF_HOUSE_PRICES(1.0),Analytical house prices indicators,I,NZL,New Zealand,A,Annual,HPI,Nominal house price indices,IX,Index,2010,,72.8988177529556,,A,Normal value,0,Units,S,"Seasonally adjusted, not calendar adjusted",1,One,2015,
DATAFLOW,OECD.ECO.MPD:DSD_AN_HOUSE_PRICES@DF_HOUSE_PRICES(1.0),Analytical house prices indicators,I,NZL,New Zealand,A,Annual,HPI,Nominal house price indices,IX,Index,2013,,83.5337911655221,,A,Normal value,0,Units,S,"Seasonally adjusted, not calendar adjusted",1,One,2015,
DATAFLOW,OECD.ECO.MPD:DSD_AN_HOUSE_PRICES@DF_HOUSE_PRICES(1.0),Analytical house prices indicators,I,NZL,New Zealand,A,Annual,HPI,Nominal house price indices,IX,Index,2014,,88.958777603056,,A,Normal value,0,Units,S,"Seasonally adjusted, not calendar adjusted",1,One,2015,
DATAFLOW,OECD.ECO.MPD:DSD_AN_HOUSE_PRICES@DF_HOUSE_PRICES(1.0),Analytical house prices indicators,I,NZL,New Zealand,A,Annual,HPI,Nominal house price indices,IX,Index,2024,,170.522323694191,,A,Normal value,0,Units,S,"Seasonally adjusted, not calendar adjusted",1,One,2015,
DATAFLOW,OECD.ECO.MPD:DSD_AN_HOUSE_PRICES@DF_HOUSE_PRICES(1.0),Analytical house prices indicators,I,NZL,New Zealand,A,Annual,HPI,Nominal house price indices,IX,Index,2025,,168.467328829817,,A,Normal value,0,Units,S,"Seasonally adjusted, not calendar adjusted",1,One,2015,
DATAFLOW,OECD.ECO.MPD:DSD_AN_HOUSE_PRICES@DF_HOUSE_PRICES(1.0),Analytical house prices indicators,I,POL,Poland,A,Annual,HPI,Nominal house price indices,IX,Index,2024,,206.7025,,A,Normal value,0,Units,S,"Seasonally adjusted, not calendar adjusted",1,One,2015,
DATAFLOW,OECD.ECO.MPD:DSD_AN_HOUSE_PRICES@DF_HOUSE_PRICES(1.0),Analytical house prices indicators,I,SVK,Slovak Republic,A,Annual,HPI,Nominal house price indices,IX,Index,2005,,65.096536247873,,A,Normal value,0,Units,S,"Seasonally adjusted, not calendar adjusted",1,One,2015,
DATAFLOW,OECD.ECO.MPD:DSD_AN_HOUSE_PRICES@DF_HOUSE_PRICES(1.0),Analytical house prices indicators,I,SVK,Slovak Republic,A,Annual,HPI,Nominal house price indices,IX,Index,2023,,175.086062284845,,A,Normal value,0,Units,S,"Seasonally adjusted, not calendar adjusted",1,One,2015,
DATAFLOW,OECD.ECO.MPD:DSD_AN_HOUSE_PRICES@DF_HOUSE_PRICES(1.0),Analytical house prices indicators,I,ESP,Spain,A,Annual,HPI,Nominal house price indices,IX,Index,1971,,1.85555430653621,,A,Normal value,0,Units,S,"Seasonally adjusted, not calendar adjusted",1,One,2015,
DATAFLOW,OECD.ECO.MPD:DSD_AN_HOUSE_PRICES@DF_HOUSE_PRICES(1.0),Analytical house prices indicators,I,ESP,Spain,A,Annual,HPI,Nominal house price indices,IX,Index,1973,,2.38973826364162,,A,Normal value,0,Units,S,"Seasonally adjusted, not calendar adjusted",1,One,2015,
DATAFLOW,OECD.ECO.MPD:DSD_AN_HOUSE_PRICES@DF_HOUSE_PRICES(1.0),Analytical house prices indicators,I,ESP,Spain,A,Annual,HPI,Nominal house price indices,IX,Index,1975,,3.51431512389296,,A,Normal value,0,Units,S,"Seasonally adjusted, not calendar adjusted",1,One,2015,
DATAFLOW,OECD.ECO.MPD:DSD_AN_HOUSE_PRICES@DF_HOUSE_PRICES(1.0),Analytical house prices indicators,I,ESP,Spain,A,Annual,HPI,Nominal house price indices,IX,Index,1976,,4.10792884938944,,A,Normal value,0,Units,S,"Seasonally adjusted, not calendar adjusted",1,One,2015,
DATAFLOW,OECD.ECO.MPD:DSD_AN_HOUSE_PRICES@DF_HOUSE_PRICES(1.0),Analytical house prices indicators,I,ESP,Spain,A,Annual,HPI,Nominal house price indices,IX,Index,1977,,5.61344567514059,,A,Normal value,0,Units,S,"Seasonally adjusted, not calendar adjusted",1,One,2015,
DATAFLOW,OECD.ECO.MPD:DSD_AN_HOUSE_PRICES@DF_HOUSE_PRICES(1.0),Analytical house prices indicators,I,ESP,Spain,A,Annual,HPI,Nominal house price indices,IX,Index,1981,,8.73525684162288,,A,Normal value,0,Units,S,"Seasonally adjusted, not calendar adjusted",1,One,2015,
DATAFLOW,OECD.ECO.MPD:DSD_AN_HOUSE_PRICES@DF_HOUSE_PRICES(1.0),Analytical house prices indicators,I,ESP,Spain,A,Annual,HPI,Nominal house price indices,IX,Index,1987,,20.7068763944254,,A,Normal value,0,Units,S,"Seasonally adjusted, not calendar adjusted",1,One,2015,
DATAFLOW,OECD.ECO.MPD:DSD_AN_HOUSE_PRICES@DF_HOUSE_PRICES(1.0),Analytical house prices indicators,I,ESP,Spain,A,Annual,HPI,Nominal house price indices,IX,Index,1988,,26.2219488633117,,A,Normal value,0,Units,S,"Seasonally adjusted, not calendar adjusted",1,One,2015,
DATAFLOW,OECD.ECO.MPD:DSD_AN_HOUSE_PRICES@DF_HOUSE_PRICES(1.0),Analytical house prices indicators,I,ESP,Spain,A,Annual,HPI,Nominal house price indices,IX,Index,1989,,32.4084822774486,,A,Normal value,0,Units,S,"Seasonally adjusted, not calendar adjusted",1,One,2015,
DATAFLOW,OECD.ECO.MPD:DSD_AN_HOUSE_PRICES@DF_HOUSE_PRICES(1.0),Analytical house prices indicators,I,ESP,Spain,A,Annual,HPI,Nominal house price indices,IX,Index,1991,,42.6727420685689,,A,Normal value,0,Units,S,"Seasonally adjusted, not calendar adjusted",1,One,2015,
DATAFLOW,OECD.ECO.MPD:DSD_AN_HOUSE_PRICES@DF_HOUSE_PRICES(1.0),Analytical house prices indicators,I,ESP,Spain,A,Annual,HPI,Nominal house price indices,IX,Index,1992,,42.3859722890555,,A,Normal value,0,Units,S,"Seasonally adjusted, not calendar adjusted",1,One,2015,
DATAFLOW,OECD.ECO.MPD:DSD_AN_HOUSE_PRICES@DF_HOUSE_PRICES(1.0),Analytical house prices indicators,I,ESP,Spain,A,Annual,HPI,Nominal house price indices,IX,Index,1994,,42.8930651918536,,A,Normal value,0,Units,S,"Seasonally adjusted, not calendar adjusted",1,One,2015,
DATAFLOW,OECD.ECO.MPD:DSD_AN_HOUSE_PRICES@DF_HOUSE_PRICES(1.0),Analytical house prices indicators,I,ESP,Spain,A,Annual,HPI,Nominal house price indices,IX,Index,1995,,44.3933607456494,,A,Normal value,0,Units,S,"Seasonally adjusted, not calendar adjusted",1,One,2015,
DATAFLOW,OECD.ECO.MPD:DSD_AN_HOUSE_PRICES@DF_HOUSE_PRICES(1.0),Analytical house prices indicators,I,ESP,Spain,A,Annual,HPI,Nominal house price indices,IX,Index,1996,,45.5229539015376,,A,Normal value,0,Units,S,"Seasonally adjusted, not calendar adjusted",1,One,2015,
DATAFLOW,OECD.ECO.MPD:DSD_AN_HOUSE_PRICES@DF_HOUSE_PRICES(1.0),Analytical house prices indicators,I,ESP,Spain,A,Annual,HPI,Nominal house price indices,IX,Index,1998,,49.7720427077424,,A,Normal value,0,Units,S,"Seasonally adjusted, not calendar adjusted",1,One,2015,
DATAFLOW,OECD.ECO.MPD:DSD_AN_HOUSE_PRICES@DF_HOUSE_PRICES(1.0),Analytical house prices indicators,I,ESP,Spain,A,Annual,HPI,Nominal house price indices,IX,Index,2001,,62.6766827858459,,A,Normal value,0,Units,S,"Seasonally adjusted, not calendar adjusted",1,One,2015,
DATAFLOW,OECD.ECO.MPD:DSD_AN_HOUSE_PRICES@DF_HOUSE_PRICES(1.0),Analytical house prices indicators,I,ESP,Spain,A,Annual,HPI,Nominal house price indices,IX,Index,2002,,73.3081477824407,,A,Normal value,0,Units,S,"Seasonally adjusted, not calendar adjusted",1,One,2015,
DATAFLOW,OECD.ECO.MPD:DSD_AN_HOUSE_PRICES@DF_HOUSE_PRICES(1.0),Analytical house prices indicators,I,ESP,Spain,A,Annual,HPI,Nominal house price indices,IX,Index,2010,,134.555163612091,,A,Normal value,0,Units,S,"Seasonally adjusted, not calendar adjusted",1,One,2015,
DATAFLOW,OECD.ECO.MPD:DSD_AN_HOUSE_PRICES@DF_HOUSE_PRICES(1.0),Analytical house prices indicators,I,ESP,Spain,A,Annual,HPI,Nominal house price indices,IX,Index,2021,,132.195169512076,,A,Normal value,0,Units,S,"Seasonally adjusted, not calendar adjusted",1,One,2015,
DATAFLOW,OECD.ECO.MPD:DSD_AN_HOUSE_PRICES@DF_HOUSE_PRICES(1.0),Analytical house prices indicators,I,ESP,Spain,A,Annual,HPI,Nominal house price indices,IX,Index,2024,,160.253599366002,,A,Normal value,0,Units,S,"Seasonally adjusted, not calendar adjusted",1,One,2015,
DATAFLOW,OECD.ECO.MPD:DSD_AN_HOUSE_PRICES@DF_HOUSE_PRICES(1.0),Analytical house prices indicators,I,SWE,Sweden,A,Annual,HPI,Nominal house price indices,IX,Index,1999,,32.1079326923076,,A,Normal value,0,Units,S,"Seasonally adjusted, not calendar adjusted",1,One,2015,
DATAFLOW,OECD.ECO.MPD:DSD_AN_HOUSE_PRICES@DF_HOUSE_PRICES(1.0),Analytical house prices indicators,I,SWE,Sweden,A,Annual,HPI,Nominal house price indices,IX,Index,2004,,47.7711675824175,,A,Normal value,0,Units,S,"Seasonally adjusted, not calendar adjusted",1,One,2015,
DATAFLOW,OECD.ECO.MPD:DSD_AN_HOUSE_PRICES@DF_HOUSE_PRICES(1.0),Analytical house prices indicators,I,SWE,Sweden,A,Annual,HPI,Nominal house price indices,IX,Index,2012,,76.8249999999999,,A,Normal value,0,Units,S,"Seasonally adjusted, not calendar adjusted",1,One,2015,
DATAFLOW,OECD.ECO.MPD:DSD_AN_HOUSE_PRICES@DF_HOUSE_PRICES(1.0),Analytical house prices indicators,I,SWE,Sweden,A,Annual,HPI,Nominal house price indices,IX,Index,2023,,132.0525,,A,Normal value,0,Units,S,"Seasonally adjusted, not calendar adjusted",1,One,2015,
DATAFLOW,OECD.ECO.MPD:DSD_AN_HOUSE_PRICES@DF_HOUSE_PRICES(1.0),Analytical house prices indicators,I,SWE,Sweden,A,Annual,HPI,Nominal house price indices,IX,Index,2024,,132.0325,,A,Normal value,0,Units,S,"Seasonally adjusted, not calendar adjusted",1,One,2015,
DATAFLOW,OECD.ECO.MPD:DSD_AN_HOUSE_PRICES@DF_HOUSE_PRICES(1.0),Analytical house prices indicators,I,EA,Euro area,A,Annual,HPI,Nominal house price indices,IX,Index,1980,,23.5289467727734,,A,Normal value,0,Units,S,"Seasonally adjusted, not calendar adjusted",1,One,2015,
DATAFLOW,OECD.ECO.MPD:DSD_AN_HOUSE_PRICES@DF_HOUSE_PRICES(1.0),Analytical house prices indicators,I,EA,Euro area,A,Annual,HPI,Nominal house price indices,IX,Index,1981,,26.8247793403592,,A,Normal value,0,Units,S,"Seasonally adjusted, not calendar adjusted",1,One,2015,
DATAFLOW,OECD.ECO.MPD:DSD_AN_HOUSE_PRICES@DF_HOUSE_PRICES(1.0),Analytical house prices indicators,I,EA,Euro area,A,Annual,HPI,Nominal house price indices,IX,Index,1982,,27.734525913897,,A,Normal value,0,Units,S,"Seasonally adjusted, not calendar adjusted",1,One,2015,
DATAFLOW,OECD.ECO.MPD:DSD_AN_HOUSE_PRICES@DF_HOUSE_PRICES(1.0),Analytical house prices indicators,I,EA,Euro area,A,Annual,HPI,Nominal house price indices,IX,Index,1983,,29.392772430922,,A,Normal value,0,Units,S,"Seasonally adjusted, not calendar adjusted",1,One,2015,
DATAFLOW,OECD.ECO.MPD:DSD_AN_HOUSE_PRICES@DF_HOUSE_PRICES(1.0),Analytical house prices indicators,I,EA,Euro area,A,Annual,HPI,Nominal house price indices,IX,Index,1984,,30.0162013506093,,A,Normal value,0,Units,S,"Seasonally adjusted, not calendar adjusted",1,One,2015,
DATAFLOW,OECD.ECO.MPD:DSD_AN_HOUSE_PRICES@DF_HOUSE_PRICES(1.0),Analytical house prices indicators,I,EA,Euro area,A,Annual,HPI,Nominal house price indices,IX,Index,1985,,30.7076541309202,,A,Normal value,0,Units,S,"Seasonally adjusted, not calendar adjusted",1,One,2015,
DATAFLOW,OECD.ECO.MPD:DSD_AN_HOUSE_PRICES@DF_HOUSE_PRICES(1.0),Analytical house prices indicators,I,EA,Euro area,A,Annual,HPI,Nominal house price indices,IX,Index,1986,,32.043249070092,,A,Normal value,0,Units,S,"Seasonally adjusted, not calendar adjusted",1,One,2015,
DATAFLOW,OECD.ECO.MPD:DSD_AN_HOUSE_PRICES@DF_HOUSE_PRICES(1.0),Analytical house prices indicators,I,EA,Euro area,A,Annual,HPI,Nominal house price indices,IX,Index,1987,,34.9074546739832,,A,Normal value,0,Units,S,"Seasonally adjusted, not calendar adjusted",1,One,2015,
DATAFLOW,OECD.ECO.MPD:DSD_AN_HOUSE_PRICES@DF_HOUSE_PRICES(1.0),Analytical house prices indicators,I,EA,Euro area,A,Annual,HPI,Nominal house price indices,IX,Index,1988,,38.4439566102361,,A,Normal value,0,Units,S,"Seasonally adjusted, not calendar adjusted",1,One,2015,
DATAFLOW,OECD.ECO.MPD:DSD_AN_HOUSE_PRICES@DF_HOUSE_PRICES(1.0),Analytical house prices indicators,I,EA,Euro area,A,Annual,HPI,Nominal house price indices,IX,Index,1989,,43.1668917773191,,A,Normal value,0,Units,S,"Seasonally adjusted, not calendar adjusted",1,One,2015,
DATAFLOW,OECD.ECO.MPD:DSD_AN_HOUSE_PRICES@DF_HOUSE_PRICES(1.0),Analytical house prices indicators,I,EA,Euro area,A,Annual,HPI,Nominal house price indices,IX,Index,1990,,48.0332364411008,,A,Normal value,0,Units,S,"Seasonally adjusted, not calendar adjusted",1,One,2015,
DATAFLOW,OECD.ECO.MPD:DSD_AN_HOUSE_PRICES@DF_HOUSE_PRICES(1.0),Analytical house prices indicators,I,EA,Euro area,A,Annual,HPI,Nominal house price indices,IX,Index,1991,,51.9514424765707,,A,Normal value,0,Units,S,"Seasonally adjusted, not calendar adjusted",1,One,2015,
DATAFLOW,OECD.ECO.MPD:DSD_AN_HOUSE_PRICES@DF_HOUSE_PRICES(1.0),Analytical house prices indicators,I,EA,Euro area,A,Annual,HPI,Nominal house price indices,IX,Index,1992,,54.3763427059381,,A,Normal value,0,Units,S,"Seasonally adjusted, not calendar adjusted",1,One,2015,
DATAFLOW,OECD.ECO.MPD:DSD_AN_HOUSE_PRICES@DF_HOUSE_PRICES(1.0),Analytical house prices indicators,I,EA,Euro area,A,Annual,HPI,Nominal house price indices,IX,Index,1993,,55.6393753422724,,A,Normal value,0,Units,S,"Seasonally adjusted, not calendar adjusted",1,One,2015,
DATAFLOW,OECD.ECO.MPD:DSD_AN_HOUSE_PRICES@DF_HOUSE_PRICES(1.0),Analytical house prices indicators,I,EA,Euro area,A,Annual,HPI,Nominal house price indices,IX,Index,1994,,56.8713776992843,,A,Normal value,0,Units,S,"Seasonally adjusted, not calendar adjusted",1,One,2015,
DATAFLOW,OECD.ECO.MPD:DSD_AN_HOUSE_PRICES@DF_HOUSE_PRICES(1.0),Analytical house prices indicators,I,EA,Euro area,A,Annual,HPI,Nominal house price indices,IX,Index,1995,,57.6559477038546,,A,Normal value,0,Units,S,"Seasonally adjusted, not calendar adjusted",1,One,2015,
DATAFLOW,OECD.ECO.MPD:DSD_AN_HOUSE_PRICES@DF_HOUSE_PRICES(1.0),Analytical house prices indicators,I,EA,Euro area,A,Annual,HPI,Nominal house price indices,IX,Index,1996,,58.9032841686838,,A,Normal value,0,Units,S,"Seasonally adjusted, not calendar adjusted",1,One,2015,
DATAFLOW,OECD.ECO.MPD:DSD_AN_HOUSE_PRICES@DF_HOUSE_PRICES(1.0),Analytical house prices indicators,I,EA,Euro area,A,Annual,HPI,Nominal house price indices,IX,Index,1997,,59.8613614409734,,A,Normal value,0,Units,S,"Seasonally adjusted, not calendar adjusted",1,One,2015,
DATAFLOW,OECD.ECO.MPD:DSD_AN_HOUSE_PRICES@DF_HOUSE_PRICES(1.0),Analytical house prices indicators,I,EA,Euro area,A,Annual,HPI,Nominal house price indices,IX,Index,1998,,61.1347248664431,,A,Normal value,0,Units,S,"Seasonally adjusted, not calendar adjusted",1,One,2015,
DATAFLOW,OECD.ECO.MPD:DSD_AN_HOUSE_PRICES@DF_HOUSE_PRICES(1.0),Analytical house prices indicators,I,EA,Euro area,A,Annual,HPI,Nominal house price indices,IX,Index,1999,,63.7414072529676,,A,Normal value,0,Units,S,"Seasonally adjusted, not calendar adjusted",1,One,2015,
DATAFLOW,OECD.ECO.MPD:DSD_AN_HOUSE_PRICES@DF_HOUSE_PRICES(1.0),Analytical house prices indicators,I,EA,Euro area,A,Annual,HPI,Nominal house price indices,IX,Index,2000,,67.1518683761226,,A,Normal value,0,Units,S,"Seasonally adjusted, not calendar adjusted",1,One,2015,
DATAFLOW,OECD.ECO.MPD:DSD_AN_HOUSE_PRICES@DF_HOUSE_PRICES(1.0),Analytical house prices indicators,I,EA,Euro area,A,Annual,HPI,Nominal house price indices,IX,Index,2001,,70.5064921833338,,A,Normal value,0,Units,S,"Seasonally adjusted, not calendar adjusted",1,One,2015,
DATAFLOW,OECD.ECO.MPD:DSD_AN_HOUSE_PRICES@DF_HOUSE_PRICES(1.0),Analytical house prices indicators,I,EA,Euro area,A,Annual,HPI,Nominal house price indices,IX,Index,2002,,75.0872766133898,,A,Normal value,0,Units,S,"Seasonally adjusted, not calendar adjusted",1,One,2015,
DATAFLOW,OECD.ECO.MPD:DSD_AN_HOUSE_PRICES@DF_HOUSE_PRICES(1.0),Analytical house prices indicators,I,EA,Euro area,A,Annual,HPI,Nominal house price indices,IX,Index,2003,,79.4772768415685,,A,Normal value,0,Units,S,"Seasonally adjusted, not calendar adjusted",1,One,2015,
DATAFLOW,OECD.ECO.MPD:DSD_AN_HOUSE_PRICES@DF_HOUSE_PRICES(1.0),Analytical house prices indicators,I,EA,Euro area,A,Annual,HPI,Nominal house price indices,IX,Index,2004,,84.7077765528276,,A,Normal value,0,Units,S,"Seasonally adjusted, not calendar adjusted",1,One,2015,
DATAFLOW,OECD.ECO.MPD:DSD_AN_HOUSE_PRICES@DF_HOUSE_PRICES(1.0),Analytical house prices indicators,I,EA,Euro area,A,Annual,HPI,Nominal house price indices,IX,Index,2005,,90.6770000000001,,A,Normal value,0,Units,S,"Seasonally adjusted, not calendar adjusted",1,One,2015,
DATAFLOW,OECD.ECO.MPD:DSD_AN_HOUSE_PRICES@DF_HOUSE_PRICES(1.0),Analytical house prices indicators,I,EA,Euro area,A,Annual,HPI,Nominal house price indices,IX,Index,2006,,97.3070000000001,,A,Normal value,0,Units,S,"Seasonally adjusted, not calendar adjusted",1,One,2015,
DATAFLOW,OECD.ECO.MPD:DSD_AN_HOUSE_PRICES@DF_HOUSE_PRICES(1.0),Analytical house prices indicators,I,EA,Euro area,A,Annual,HPI,Nominal house price indices,IX,Index,2007,,101.92275,,A,Normal value,0,Units,S,"Seasonally adjusted, not calendar adjusted",1,One,2015,
DATAFLOW,OECD.ECO.MPD:DSD_AN_HOUSE_PRICES@DF_HOUSE_PRICES(1.0),Analytical house prices indicators,I,EA,Euro area,A,Annual,HPI,Nominal house price indices,IX,Index,2013,,98.0920000000001,,A,Normal value,0,Units,S,"Seasonally adjusted, not calendar adjusted",1,One,2015,
DATAFLOW,OECD.ECO.MPD:DSD_AN_HOUSE_PRICES@DF_HOUSE_PRICES(1.0),Analytical house prices indicators,I,EA,Euro area,A,Annual,HPI,Nominal house price indices,IX,Index,2014,,98.3970000000001,,A,Normal value,0,Units,S,"Seasonally adjusted, not calendar adjusted",1,One,2015,
DATAFLOW,OECD.ECO.MPD:DSD_AN_HOUSE_PRICES@DF_HOUSE_PRICES(1.0),Analytical house prices indicators,I,EA,Euro area,A,Annual,HPI,Nominal house price indices,IX,Index,2023,,143.229,,A,Normal value,0,Units,S,"Seasonally adjusted, not calendar adjusted",1,One,2015,
DATAFLOW,OECD.ECO.MPD:DSD_AN_HOUSE_PRICES@DF_HOUSE_PRICES(1.0),Analytical house prices indicators,I,EA,Euro area,A,Annual,HPI,Nominal house price indices,IX,Index,2024,,146.124,,A,Normal value,0,Units,S,"Seasonally adjusted, not calendar adjusted",1,One,2015,
DATAFLOW,OECD.ECO.MPD:DSD_AN_HOUSE_PRICES@DF_HOUSE_PRICES(1.0),Analytical house prices indicators,I,EA,Euro area,A,Annual,HPI,Nominal house price indices,IX,Index,2025,,153.668999999332,,A,Normal value,0,Units,S,"Seasonally adjusted, not calendar adjusted",1,One,2015,
DATAFLOW,OECD.ECO.MPD:DSD_AN_HOUSE_PRICES@DF_HOUSE_PRICES(1.0),Analytical house prices indicators,I,IDN,Indonesia,A,Annual,HPI,Nominal house price indices,IX,Index,2003,,57.755105612236,,A,Normal value,0,Units,S,"Seasonally adjusted, not calendar adjusted",1,One,2015,
DATAFLOW,OECD.ECO.MPD:DSD_AN_HOUSE_PRICES@DF_HOUSE_PRICES(1.0),Analytical house prices indicators,I,IDN,Indonesia,A,Annual,HPI,Nominal house price indices,IX,Index,2004,,60.0225999435001,,A,Normal value,0,Units,S,"Seasonally adjusted, not calendar adjusted",1,One,2015,
DATAFLOW,OECD.ECO.MPD:DSD_AN_HOUSE_PRICES@DF_HOUSE_PRICES(1.0),Analytical house prices indicators,I,IDN,Indonesia,A,Annual,HPI,Nominal house price indices,IX,Index,2005,,62.557093607266,,A,Normal value,0,Units,S,"Seasonally adjusted, not calendar adjusted",1,One,2015,
DATAFLOW,OECD.ECO.MPD:DSD_AN_HOUSE_PRICES@DF_HOUSE_PRICES(1.0),Analytical house prices indicators,I,IDN,Indonesia,A,Annual,HPI,Nominal house price indices,IX,Index,2006,,65.7578356054109,,A,Normal value,0,Units,S,"Seasonally adjusted, not calendar adjusted",1,One,2015,
DATAFLOW,OECD.ECO.MPD:DSD_AN_HOUSE_PRICES@DF_HOUSE_PRICES(1.0),Analytical house prices indicators,I,IDN,Indonesia,A,Annual,HPI,Nominal house price indices,IX,Index,2007,,67.2250819372951,,A,Normal value,0,Units,S,"Seasonally adjusted, not calendar adjusted",1,One,2015,
DATAFLOW,OECD.ECO.MPD:DSD_AN_HOUSE_PRICES@DF_HOUSE_PRICES(1.0),Analytical house prices indicators,I,IDN,Indonesia,A,Annual,HPI,Nominal house price indices,IX,Index,2008,,68.8260779348051,,A,Normal value,0,Units,S,"Seasonally adjusted, not calendar adjusted",1,One,2015,
DATAFLOW,OECD.ECO.MPD:DSD_AN_HOUSE_PRICES@DF_HOUSE_PRICES(1.0),Analytical house prices indicators,I,IDN,Indonesia,A,Annual,HPI,Nominal house price indices,IX,Index,2009,,70.1598246004385,,A,Normal value,0,Units,S,"Seasonally adjusted, not calendar adjusted",1,One,2015,
DATAFLOW,OECD.ECO.MPD:DSD_AN_HOUSE_PRICES@DF_HOUSE_PRICES(1.0),Analytical house prices indicators,I,IDN,Indonesia,A,Annual,HPI,Nominal house price indices,IX,Index,2010,,72.2938192654518,,A,Normal value,0,Units,S,"Seasonally adjusted, not calendar adjusted",1,One,2015,
DATAFLOW,OECD.ECO.MPD:DSD_AN_HOUSE_PRICES@DF_HOUSE_PRICES(1.0),Analytical house prices indicators,I,IDN,Indonesia,A,Annual,HPI,Nominal house price indices,IX,Index,2011,,75.6283109292226,,A,Normal value,0,Units,S,"Seasonally adjusted, not calendar adjusted",1,One,2015,
DATAFLOW,OECD.ECO.MPD:DSD_AN_HOUSE_PRICES@DF_HOUSE_PRICES(1.0),Analytical house prices indicators,I,IDN,Indonesia,A,Annual,HPI,Nominal house price indices,IX,Index,2012,,79.0100524748688,,A,Normal value,0,Units,S,"Seasonally adjusted, not calendar adjusted",1,One,2015,
DATAFLOW,OECD.ECO.MPD:DSD_AN_HOUSE_PRICES@DF_HOUSE_PRICES(1.0),Analytical house prices indicators,I,IDN,Indonesia,A,Annual,HPI,Nominal house price indices,IX,Index,2013,,88.5177787055532,,A,Normal value,0,Units,S,"Seasonally adjusted, not calendar adjusted",1,One,2015,
DATAFLOW,OECD.ECO.MPD:DSD_AN_HOUSE_PRICES@DF_HOUSE_PRICES(1.0),Analytical house prices indicators,I,IDN,Indonesia,A,Annual,HPI,Nominal house price indices,IX,Index,2014,,94.730013174967,,A,Normal value,0,Units,S,"Seasonally adjusted, not calendar adjusted",1,One,2015,
DATAFLOW,OECD.ECO.MPD:DSD_AN_HOUSE_PRICES@DF_HOUSE_PRICES(1.0),Analytical house prices indicators,I,IDN,Indonesia,A,Annual,HPI,Nominal house price indices,IX,Index,2016,,103.15949210127,,A,Normal value,0,Units,S,"Seasonally adjusted, not calendar adjusted",1,One,2015,
DATAFLOW,OECD.ECO.MPD:DSD_AN_HOUSE_PRICES@DF_HOUSE_PRICES(1.0),Analytical house prices indicators,I,IDN,Indonesia,A,Annual,HPI,Nominal house price indices,IX,Index,2023,,119.624700938247,,A,Normal value,0,Units,S,"Seasonally adjusted, not calendar adjusted",1,One,2015,
DATAFLOW,OECD.ECO.MPD:DSD_AN_HOUSE_PRICES@DF_HOUSE_PRICES(1.0),Analytical house prices indicators,I,IDN,Indonesia,A,Annual,HPI,Nominal house price indices,IX,Index,2024,,121.564946087634,,A,Normal value,0,Units,S,"Seasonally adjusted, not calendar adjusted",1,One,2015,
DATAFLOW,OECD.ECO.MPD:DSD_AN_HOUSE_PRICES@DF_HOUSE_PRICES(1.0),Analytical house prices indicators,I,IDN,Indonesia,A,Annual,HPI,Nominal house price indices,IX,Index,2025,,122.669693325561,,A,Normal value,0,Units,S,"Seasonally adjusted, not calendar adjusted",1,One,2015,
DATAFLOW,OECD.ECO.MPD:DSD_AN_HOUSE_PRICES@DF_HOUSE_PRICES(1.0),Analytical house prices indicators,I,RUS,Russia,A,Annual,HPI,Nominal house price indices,IX,Index,2008,,98.6997499999999,,A,Normal value,0,Units,S,"Seasonally adjusted, not calendar adjusted",1,One,2015,
DATAFLOW,OECD.ECO.MPD:DSD_AN_HOUSE_PRICES@DF_HOUSE_PRICES(1.0),Analytical house prices indicators,I,RUS,Russia,A,Annual,HPI,Nominal house price indices,IX,Index,2012,,89.8689999999999,,A,Normal value,0,Units,S,"Seasonally adjusted, not calendar adjusted",1,One,2015,
DATAFLOW,OECD.ECO.MPD:DSD_AN_HOUSE_PRICES@DF_HOUSE_PRICES(1.0),Analytical house prices indicators,I,RUS,Russia,A,Annual,HPI,Nominal house price indices,IX,Index,2013,,95.5739999999999,,A,Normal value,0,Units,S,"Seasonally adjusted, not calendar adjusted",1,One,2015,
DATAFLOW,OECD.ECO.MPD:DSD_AN_HOUSE_PRICES@DF_HOUSE_PRICES(1.0),Analytical house prices indicators,I,RUS,Russia,A,Annual,HPI,Nominal house price indices,IX,Index,2014,,97.9095000000001,,A,Normal value,0,Units,S,"Seasonally adjusted, not calendar adjusted",1,One,2015,
DATAFLOW,OECD.ECO.MPD:DSD_AN_HOUSE_PRICES@DF_HOUSE_PRICES(1.0),Analytical house prices indicators,I,RUS,Russia,A,Annual,HPI,Nominal house price indices,IX,Index,2024,,332.49325,,A,Normal value,0,Units,S,"Seasonally adjusted, not calendar adjusted",1,One,2015,
DATAFLOW,OECD.ECO.MPD:DSD_AN_HOUSE_PRICES@DF_HOUSE_PRICES(1.0),Analytical house prices indicators,I,RUS,Russia,A,Annual,HPI,Nominal house price indices,IX,Index,2025,,399.257000056465,,A,Normal value,0,Units,S,"Seasonally adjusted, not calendar adjusted",1,One,2015,
DATAFLOW,OECD.ECO.MPD:DSD_AN_HOUSE_PRICES@DF_HOUSE_PRICES(1.0),Analytical house prices indicators,I,ZAF,South Africa,A,Annual,HPI,Nominal house price indices,IX,Index,2025,,140.31675,,A,Normal value,0,Units,S,"Seasonally adjusted, not calendar adjusted",1,One,2015,
DATAFLOW,OECD.ECO.MPD:DSD_AN_HOUSE_PRICES@DF_HOUSE_PRICES(1.0),Analytical house prices indicators,I,EA17,Euro area (17 countries),A,Annual,HPI,Nominal house price indices,IX,Index,1970,,7.78240518006715,,A,Normal value,0,Units,S,"Seasonally adjusted, not calendar adjusted",1,One,2015,
DATAFLOW,OECD.ECO.MPD:DSD_AN_HOUSE_PRICES@DF_HOUSE_PRICES(1.0),Analytical house prices indicators,I,EA17,Euro area (17 countries),A,Annual,HPI,Nominal house price indices,IX,Index,1971,,8.25406863074488,,A,Normal value,0,Units,S,"Seasonally adjusted, not calendar adjusted",1,One,2015,
DATAFLOW,OECD.ECO.MPD:DSD_AN_HOUSE_PRICES@DF_HOUSE_PRICES(1.0),Analytical house prices indicators,I,EA17,Euro area (17 countries),A,Annual,HPI,Nominal house price indices,IX,Index,1972,,8.90146435373876,,A,Normal value,0,Units,S,"Seasonally adjusted, not calendar adjusted",1,One,2015,
DATAFLOW,OECD.ECO.MPD:DSD_AN_HOUSE_PRICES@DF_HOUSE_PRICES(1.0),Analytical house prices indicators,I,EA17,Euro area (17 countries),A,Annual,HPI,Nominal house price indices,IX,Index,1973,,9.94786380596649,,A,Normal value,0,Units,S,"Seasonally adjusted, not calendar adjusted",1,One,2015,
DATAFLOW,OECD.ECO.MPD:DSD_AN_HOUSE_PRICES@DF_HOUSE_PRICES(1.0),Analytical house prices indicators,I,EA17,Euro area (17 countries),A,Annual,HPI,Nominal house price indices,IX,Index,1974,,12.5279347900579,,A,Normal value,0,Units,S,"Seasonally adjusted, not calendar adjusted",1,One,2015,
DATAFLOW,OECD.ECO.MPD:DSD_AN_HOUSE_PRICES@DF_HOUSE_PRICES(1.0),Analytical house prices indicators,I,EA17,Euro area (17 countries),A,Annual,HPI,Nominal house price indices,IX,Index,1975,,13.5076955579386,,A,Normal value,0,Units,S,"Seasonally adjusted, not calendar adjusted",1,One,2015,
DATAFLOW,OECD.ECO.MPD:DSD_AN_HOUSE_PRICES@DF_HOUSE_PRICES(1.0),Analytical house prices indicators,I,EA17,Euro area (17 countries),A,Annual,HPI,Nominal house price indices,IX,Index,1976,,15.375442527206,,A,Normal value,0,Units,S,"Seasonally adjusted, not calendar adjusted",1,One,2015,
DATAFLOW,OECD.ECO.MPD:DSD_AN_HOUSE_PRICES@DF_HOUSE_PRICES(1.0),Analytical house prices indicators,I,EA17,Euro area (17 countries),A,Annual,HPI,Nominal house price indices,IX,Index,1977,,17.7765345660956,,A,Normal value,0,Units,S,"Seasonally adjusted, not calendar adjusted",1,One,2015,
DATAFLOW,OECD.ECO.MPD:DSD_AN_HOUSE_PRICES@DF_HOUSE_PRICES(1.0),Analytical house prices indicators,I,EA17,Euro area (17 countries),A,Annual,HPI,Nominal house price indices,IX,Index,1978,,20.0408523913727,,A,Normal value,0,Units,S,"Seasonally adjusted, not calendar adjusted",1,One,2015,
DATAFLOW,OECD.ECO.MPD:DSD_AN_HOUSE_PRICES@DF_HOUSE_PRICES(1.0),Analytical house prices indicators,I,EA17,Euro area (17 countries),A,Annual,HPI,Nominal house price indices,IX,Index,1979,,22.360352918263,,A,Normal value,0,Units,S,"Seasonally adjusted, not calendar adjusted",1,One,2015,
DATAFLOW,OECD.ECO.MPD:DSD_AN_HOUSE_PRICES@DF_HOUSE_PRICES(1.0),Analytical house prices indicators,I,EA17,Euro area (17 countries),A,Annual,HPI,Nominal house price indices,IX,Index,1980,,25.1527049523219,,A,Normal value,0,Units,S,"Seasonally adjusted, not calendar adjusted",1,One,2015,
DATAFLOW,OECD.ECO.MPD:DSD_AN_HOUSE_PRICES@DF_HOUSE_PRICES(1.0),Analytical house prices indicators,I,EA17,Euro area (17 countries),A,Annual,HPI,Nominal house price indices,IX,Index,1981,,28.4679957406573,,A,Normal value,0,Units,S,"Seasonally adjusted, not calendar adjusted",1,One,2015,
DATAFLOW,OECD.ECO.MPD:DSD_AN_HOUSE_PRICES@DF_HOUSE_PRICES(1.0),Analytical house prices indicators,I,EA17,Euro area (17 countries),A,Annual,HPI,Nominal house price indices,IX,Index,1982,,29.6728114182373,,A,Normal value,0,Units,S,"Seasonally adjusted, not calendar adjusted",1,One,2015,
DATAFLOW,OECD.ECO.MPD:DSD_AN_HOUSE_PRICES@DF_HOUSE_PRICES(1.0),Analytical house prices indicators,I,EA17,Euro area (17 countries),A,Annual,HPI,Nominal house price indices,IX,Index,1983,,30.8481395185104,,A,Normal value,0,Units,S,"Seasonally adjusted, not calendar adjusted",1,One,2015,
DATAFLOW,OECD.ECO.MPD:DSD_AN_HOUSE_PRICES@DF_HOUSE_PRICES(1.0),Analytical house prices indicators,I,EA17,Euro area (17 countries),A,Annual,HPI,Nominal house price indices,IX,Index,1984,,31.0087144116759,,A,Normal value,0,Units,S,"Seasonally adjusted, not calendar adjusted",1,One,2015,
DATAFLOW,OECD.ECO.MPD:DSD_AN_HOUSE_PRICES@DF_HOUSE_PRICES(1.0),Analytical house prices indicators,I,EA17,Euro area (17 countries),A,Annual,HPI,Nominal house price indices,IX,Index,1985,,31.5237930269215,,A,Normal value,0,Units,S,"Seasonally adjusted, not calendar adjusted",1,One,2015,
DATAFLOW,OECD.ECO.MPD:DSD_AN_HOUSE_PRICES@DF_HOUSE_PRICES(1.0),Analytical house prices indicators,I,EA17,Euro area (17 countries),A,Annual,HPI,Nominal house price indices,IX,Index,1986,,32.9906863374006,,A,Normal value,0,Units,S,"Seasonally adjusted, not calendar adjusted",1,One,2015,
DATAFLOW,OECD.ECO.MPD:DSD_AN_HOUSE_PRICES@DF_HOUSE_PRICES(1.0),Analytical house prices indicators,I,EA17,Euro area (17 countries),A,Annual,HPI,Nominal house price indices,IX,Index,1987,,35.7638550506356,,A,Normal value,0,Units,S,"Seasonally adjusted, not calendar adjusted",1,One,2015,
DATAFLOW,OECD.ECO.MPD:DSD_AN_HOUSE_PRICES@DF_HOUSE_PRICES(1.0),Analytical house prices indicators,I,EA17,Euro area (17 countries),A,Annual,HPI,Nominal house price indices,IX,Index,1988,,39.0758357303422,,A,Normal value,0,Units,S,"Seasonally adjusted, not calendar adjusted",1,One,2015,
DATAFLOW,OECD.ECO.MPD:DSD_AN_HOUSE_PRICES@DF_HOUSE_PRICES(1.0),Analytical house prices indicators,I,EA17,Euro area (17 countries),A,Annual,HPI,Nominal house price indices,IX,Index,1989,,44.5199590139291,,A,Normal value,0,Units,S,"Seasonally adjusted, not calendar adjusted",1,One,2015,
DATAFLOW,OECD.ECO.MPD:DSD_AN_HOUSE_PRICES@DF_HOUSE_PRICES(1.0),Analytical house prices indicators,I,EA17,Euro area (17 countries),A,Annual,HPI,Nominal house price indices,IX,Index,1990,,49.5441952326163,,A,Normal value,0,Units,S,"Seasonally adjusted, not calendar adjusted",1,One,2015,
DATAFLOW,OECD.ECO.MPD:DSD_AN_HOUSE_PRICES@DF_HOUSE_PRICES(1.0),Analytical house prices indicators,I,EA17,Euro area (17 countries),A,Annual,HPI,Nominal house price indices,IX,Index,1991,,52.7947026104317,,A,Normal value,0,Units,S,"Seasonally adjusted, not calendar adjusted",1,One,2015,
DATAFLOW,OECD.ECO.MPD:DSD_AN_HOUSE_PRICES@DF_HOUSE_PRICES(1.0),Analytical house prices indicators,I,EA17,Euro area (17 countries),A,Annual,HPI,Nominal house price indices,IX,Index,1992,,54.5812535395573,,A,Normal value,0,Units,S,"Seasonally adjusted, not calendar adjusted",1,One,2015,
DATAFLOW,OECD.ECO.MPD:DSD_AN_HOUSE_PRICES@DF_HOUSE_PRICES(1.0),Analytical house prices indicators,I,EA17,Euro area (17 countries),A,Annual,HPI,Nominal house price indices,IX,Index,1993,,55.6530348176419,,A,Normal value,0,Units,S,"Seasonally adjusted, not calendar adjusted",1,One,2015,
DATAFLOW,OECD.ECO.MPD:DSD_AN_HOUSE_PRICES@DF_HOUSE_PRICES(1.0),Analytical house prices indicators,I,EA17,Euro area (17 countries),A,Annual,HPI,Nominal house price indices,IX,Index,1994,,56.7367076707906,,A,Normal value,0,Units,S,"Seasonally adjusted, not calendar adjusted",1,One,2015,
DATAFLOW,OECD.ECO.MPD:DSD_AN_HOUSE_PRICES@DF_HOUSE_PRICES(1.0),Analytical house prices indicators,I,EA17,Euro area (17 countries),A,Annual,HPI,Nominal house price indices,IX,Index,1995,,57.2264531189851,,A,Normal value,0,Units,S,"Seasonally adjusted, not calendar adjusted",1,One,2015,
DATAFLOW,OECD.ECO.MPD:DSD_AN_HOUSE_PRICES@DF_HOUSE_PRICES(1.0),Analytical house prices indicators,I,EA17,Euro area (17 countries),A,Annual,HPI,Nominal house price indices,IX,Index,1996,,57.1540325811809,,A,Normal value,0,Units,S,"Seasonally adjusted, not calendar adjusted",1,One,2015,
DATAFLOW,OECD.ECO.MPD:DSD_AN_HOUSE_PRICES@DF_HOUSE_PRICES(1.0),Analytical house prices indicators,I,EA17,Euro area (17 countries),A,Annual,HPI,Nominal house price indices,IX,Index,1997,,57.3001357180539,,A,Normal value,0,Units,S,"Seasonally adjusted, not calendar adjusted",1,One,2015,
DATAFLOW,OECD.ECO.MPD:DSD_AN_HOUSE_PRICES@DF_HOUSE_PRICES(1.0),Analytical house prices indicators,I,EA17,Euro area (17 countries),A,Annual,HPI,Nominal house price indices,IX,Index,1998,,58.9749448027148,,A,Normal value,0,Units,S,"Seasonally adjusted, not calendar adjusted",1,One,2015,
DATAFLOW,OECD.ECO.MPD:DSD_AN_HOUSE_PRICES@DF_HOUSE_PRICES(1.0),Analytical house prices indicators,I,EA17,Euro area (17 countries),A,Annual,HPI,Nominal house price indices,IX,Index,1999,,62.1857433836033,,A,Normal value,0,Units,S,"Seasonally adjusted, not calendar adjusted",1,One,2015,
DATAFLOW,OECD.ECO.MPD:DSD_AN_HOUSE_PRICES@DF_HOUSE_PRICES(1.0),Analytical house prices indicators,I,EA17,Euro area (17 countries),A,Annual,HPI,Nominal house price indices,IX,Index,2000,,66.2192293129019,,A,Normal value,0,Units,S,"Seasonally adjusted, not calendar adjusted",1,One,2015,
DATAFLOW,OECD.ECO.MPD:DSD_AN_HOUSE_PRICES@DF_HOUSE_PRICES(1.0),Analytical house prices indicators,I,EA17,Euro area (17 countries),A,Annual,HPI,Nominal house price indices,IX,Index,2001,,70.02790617212,,A,Normal value,0,Units,S,"Seasonally adjusted, not calendar adjusted",1,One,2015,
DATAFLOW,OECD.ECO.MPD:DSD_AN_HOUSE_PRICES@DF_HOUSE_PRICES(1.0),Analytical house prices indicators,I,EA17,Euro area (17 countries),A,Annual,HPI,Nominal house price indices,IX,Index,2002,,74.4162424666547,,A,Normal value,0,Units,S,"Seasonally adjusted, not calendar adjusted",1,One,2015,
DATAFLOW,OECD.ECO.MPD:DSD_AN_HOUSE_PRICES@DF_HOUSE_PRICES(1.0),Analytical house prices indicators,I,EA17,Euro area (17 countries),A,Annual,HPI,Nominal house price indices,IX,Index,2003,,80.0823605366721,,A,Normal value,0,Units,S,"Seasonally adjusted, not calendar adjusted",1,One,2015,
DATAFLOW,OECD.ECO.MPD:DSD_AN_HOUSE_PRICES@DF_HOUSE_PRICES(1.0),Analytical house prices indicators,I,EA17,Euro area (17 countries),A,Annual,HPI,Nominal house price indices,IX,Index,2004,,85.9599171157216,,A,Normal value,0,Units,S,"Seasonally adjusted, not calendar adjusted",1,One,2015,
DATAFLOW,OECD.ECO.MPD:DSD_AN_HOUSE_PRICES@DF_HOUSE_PRICES(1.0),Analytical house prices indicators,I,EA17,Euro area (17 countries),A,Annual,HPI,Nominal house price indices,IX,Index,2005,,92.7986780301738,,A,Normal value,0,Units,S,"Seasonally adjusted, not calendar adjusted",1,One,2015,
DATAFLOW,OECD.ECO.MPD:DSD_AN_HOUSE_PRICES@DF_HOUSE_PRICES(1.0),Analytical house prices indicators,I,EA17,Euro area (17 countries),A,Annual,HPI,Nominal house price indices,IX,Index,2006,,99.2335940209258,,A,Normal value,0,Units,S,"Seasonally adjusted, not calendar adjusted",1,One,2015,
DATAFLOW,OECD.ECO.MPD:DSD_AN_HOUSE_PRICES@DF_HOUSE_PRICES(1.0),Analytical house prices indicators,I,EA17,Euro area (17 countries),A,Annual,HPI,Nominal house price indices,IX,Index,2007,,103.675253668072,,A,Normal value,0,Units,S,"Seasonally adjusted, not calendar adjusted",1,One,2015,
DATAFLOW,OECD.ECO.MPD:DSD_AN_HOUSE_PRICES@DF_HOUSE_PRICES(1.0),Analytical house prices indicators,I,EA17,Euro area (17 countries),A,Annual,HPI,Nominal house price indices,IX,Index,2008,,104.719983686612,,A,Normal value,0,Units,S,"Seasonally adjusted, not calendar adjusted",1,One,2015,
DATAFLOW,OECD.ECO.MPD:DSD_AN_HOUSE_PRICES@DF_HOUSE_PRICES(1.0),Analytical house prices indicators,I,EA17,Euro area (17 countries),A,Annual,HPI,Nominal house price indices,IX,Index,2009,,100.690004466203,,A,Normal value,0,Units,S,"Seasonally adjusted, not calendar adjusted",1,One,2015,
DATAFLOW,OECD.ECO.MPD:DSD_AN_HOUSE_PRICES@DF_HOUSE_PRICES(1.0),Analytical house prices indicators,I,EA17,Euro area (17 countries),A,Annual,HPI,Nominal house price indices,IX,Index,2010,,101.566354062342,,A,Normal value,0,Units,S,"Seasonally adjusted, not calendar adjusted",1,One,2015,
DATAFLOW,OECD.ECO.MPD:DSD_AN_HOUSE_PRICES@DF_HOUSE_PRICES(1.0),Analytical house prices indicators,I,EA17,Euro area (17 countries),A,Annual,HPI,Nominal house price indices,IX,Index,2011,,102.709074731887,,A,Normal value,0,Units,S,"Seasonally adjusted, not calendar adjusted",1,One,2015,
DATAFLOW,OECD.ECO.MPD:DSD_AN_HOUSE_PRICES@DF_HOUSE_PRICES(1.0),Analytical house prices indicators,I,EA17,Euro area (17 countries),A,Annual,HPI,Nominal house price indices,IX,Index,2012,,100.415172762655,,A,Normal value,0,Units,S,"Seasonally adjusted, not calendar adjusted",1,One,2015,
DATAFLOW,OECD.ECO.MPD:DSD_AN_HOUSE_PRICES@DF_HOUSE_PRICES(1.0),Analytical house prices indicators,I,EA17,Euro area (17 countries),A,Annual,HPI,Nominal house price indices,IX,Index,2013,,98.3032505408624,,A,Normal value,0,Units,S,"Seasonally adjusted, not calendar adjusted",1,One,2015,
DATAFLOW,OECD.ECO.MPD:DSD_AN_HOUSE_PRICES@DF_HOUSE_PRICES(1.0),Analytical house prices indicators,I,EA17,Euro area (17 countries),A,Annual,HPI,Nominal house price indices,IX,Index,2014,,98.5124371771383,,A,Normal value,0,Units,S,"Seasonally adjusted, not calendar adjusted",1,One,2015,
DATAFLOW,OECD.ECO.MPD:DSD_AN_HOUSE_PRICES@DF_HOUSE_PRICES(1.0),Analytical house prices indicators,I,EA17,Euro area (17 countries),A,Annual,HPI,Nominal house price indices,IX,Index,2016,,103.956174096668,,A,Normal value,0,Units,S,"Seasonally adjusted, not calendar adjusted",1,One,2015,
DATAFLOW,OECD.ECO.MPD:DSD_AN_HOUSE_PRICES@DF_HOUSE_PRICES(1.0),Analytical house prices indicators,I,EA17,Euro area (17 countries),A,Annual,HPI,Nominal house price indices,IX,Index,2017,,108.446701972943,,A,Normal value,0,Units,S,"Seasonally adjusted, not calendar adjusted",1,One,2015,
DATAFLOW,OECD.ECO.MPD:DSD_AN_HOUSE_PRICES@DF_HOUSE_PRICES(1.0),Analytical house prices indicators,I,EA17,Euro area (17 countries),A,Annual,HPI,Nominal house price indices,IX,Index,2018,,113.64875574566,,A,Normal value,0,Units,S,"Seasonally adjusted, not calendar adjusted",1,One,2015,
DATAFLOW,OECD.ECO.MPD:DSD_AN_HOUSE_PRICES@DF_HOUSE_PRICES(1.0),Analytical house prices indicators,I,EA17,Euro area (17 countries),A,Annual,HPI,Nominal house price indices,IX,Index,2019,,118.556046155743,,A,Normal value,0,Units,S,"Seasonally adjusted, not calendar adjusted",1,One,2015,
DATAFLOW,OECD.ECO.MPD:DSD_AN_HOUSE_PRICES@DF_HOUSE_PRICES(1.0),Analytical house prices indicators,I,EA17,Euro area (17 countries),A,Annual,HPI,Nominal house price indices,IX,Index,2020,,124.857338649038,,A,Normal value,0,Units,S,"Seasonally adjusted, not calendar adjusted",1,One,2015,
DATAFLOW,OECD.ECO.MPD:DSD_AN_HOUSE_PRICES@DF_HOUSE_PRICES(1.0),Analytical house prices indicators,I,EA17,Euro area (17 countries),A,Annual,HPI,Nominal house price indices,IX,Index,2021,,134.800373243803,,A,Normal value,0,Units,S,"Seasonally adjusted, not calendar adjusted",1,One,2015,
DATAFLOW,OECD.ECO.MPD:DSD_AN_HOUSE_PRICES@DF_HOUSE_PRICES(1.0),Analytical house prices indicators,I,EA17,Euro area (17 countries),A,Annual,HPI,Nominal house price indices,IX,Index,2022,,144.493357957805,,A,Normal value,0,Units,S,"Seasonally adjusted, not calendar adjusted",1,One,2015,
DATAFLOW,OECD.ECO.MPD:DSD_AN_HOUSE_PRICES@DF_HOUSE_PRICES(1.0),Analytical house prices indicators,I,EA17,Euro area (17 countries),A,Annual,HPI,Nominal house price indices,IX,Index,2023,,142.45256711717,,A,Normal value,0,Units,S,"Seasonally adjusted, not calendar adjusted",1,One,2015,
DATAFLOW,OECD.ECO.MPD:DSD_AN_HOUSE_PRICES@DF_HOUSE_PRICES(1.0),Analytical house prices indicators,I,EA17,Euro area (17 countries),A,Annual,HPI,Nominal house price indices,IX,Index,2024,,144.880940310939,,A,Normal value,0,Units,S,"Seasonally adjusted, not calendar adjusted",1,One,2015,
DATAFLOW,OECD.ECO.MPD:DSD_AN_HOUSE_PRICES@DF_HOUSE_PRICES(1.0),Analytical house prices indicators,I,EA17,Euro area (17 countries),A,Annual,HPI,Nominal house price indices,IX,Index,2025,,152.074348102803,,A,Normal value,0,Units,S,"Seasonally adjusted, not calendar adjusted",1,One,2015,
DATAFLOW,OECD.ECO.MPD:DSD_AN_HOUSE_PRICES@DF_HOUSE_PRICES(1.0),Analytical house prices indicators,I,OECD,OECD,A,Annual,HPI,Nominal house price indices,IX,Index,1970,,8.73130122428243,,A,Normal value,0,Units,S,"Seasonally adjusted, not calendar adjusted",1,One,2015,
DATAFLOW,OECD.ECO.MPD:DSD_AN_HOUSE_PRICES@DF_HOUSE_PRICES(1.0),Analytical house prices indicators,I,OECD,OECD,A,Annual,HPI,Nominal house price indices,IX,Index,1971,,9.50061223110507,,A,Normal value,0,Units,S,"Seasonally adjusted, not calendar adjusted",1,One,2015,
DATAFLOW,OECD.ECO.MPD:DSD_AN_HOUSE_PRICES@DF_HOUSE_PRICES(1.0),Analytical house prices indicators,I,OECD,OECD,A,Annual,HPI,Nominal house price indices,IX,Index,1972,,10.534169113252,,A,Normal value,0,Units,S,"Seasonally adjusted, not calendar adjusted",1,One,2015,
DATAFLOW,OECD.ECO.MPD:DSD_AN_HOUSE_PRICES@DF_HOUSE_PRICES(1.0),Analytical house prices indicators,I,OECD,OECD,A,Annual,HPI,Nominal house price indices,IX,Index,1973,,12.3084248495976,,A,Normal value,0,Units,S,"Seasonally adjusted, not calendar adjusted",1,One,2015,
DATAFLOW,OECD.ECO.MPD:DSD_AN_HOUSE_PRICES@DF_HOUSE_PRICES(1.0),Analytical house prices indicators,I,OECD,OECD,A,Annual,HPI,Nominal house price indices,IX,Index,1974,,14.2544323724594,,A,Normal value,0,Units,S,"Seasonally adjusted, not calendar adjusted",1,One,2015,
DATAFLOW,OECD.ECO.MPD:DSD_AN_HOUSE_PRICES@DF_HOUSE_PRICES(1.0),Analytical house prices indicators,I,OECD,OECD,A,Annual,HPI,Nominal house price indices,IX,Index,1975,,15.0696852688906,,A,Normal value,0,Units,S,"Seasonally adjusted, not calendar adjusted",1,One,2015,
DATAFLOW,OECD.ECO.MPD:DSD_AN_HOUSE_PRICES@DF_HOUSE_PRICES(1.0),Analytical house prices indicators,I,OECD,OECD,A,Annual,HPI,Nominal house price indices,IX,Index,1976,,16.3699134405183,,A,Normal value,0,Units,S,"Seasonally adjusted, not calendar adjusted",1,One,2015,
DATAFLOW,OECD.ECO.MPD:DSD_AN_HOUSE_PRICES@DF_HOUSE_PRICES(1.0),Analytical house prices indicators,I,OECD,OECD,A,Annual,HPI,Nominal house price indices,IX,Index,1977,,18.1554056088935,,A,Normal value,0,Units,S,"Seasonally adjusted, not calendar adjusted",1,One,2015,
DATAFLOW,OECD.ECO.MPD:DSD_AN_HOUSE_PRICES@DF_HOUSE_PRICES(1.0),Analytical house prices indicators,I,OECD,OECD,A,Annual,HPI,Nominal house price indices,IX,Index,1978,,20.270679762528,,A,Normal value,0,Units,S,"Seasonally adjusted, not calendar adjusted",1,One,2015,
DATAFLOW,OECD.ECO.MPD:DSD_AN_HOUSE_PRICES@DF_HOUSE_PRICES(1.0),Analytical house prices indicators,I,OECD,OECD,A,Annual,HPI,Nominal house price indices,IX,Index,1979,,22.9000606102342,,A,Normal value,0,Units,S,"Seasonally adjusted, not calendar adjusted",1,One,2015,
DATAFLOW,OECD.ECO.MPD:DSD_AN_HOUSE_PRICES@DF_HOUSE_PRICES(1.0),Analytical house prices indicators,I,OECD,OECD,A,Annual,HPI,Nominal house price indices,IX,Index,1980,,25.4727537961003,,A,Normal value,0,Units,S,"Seasonally adjusted, not calendar adjusted",1,One,2015,
DATAFLOW,OECD.ECO.MPD:DSD_AN_HOUSE_PRICES@DF_HOUSE_PRICES(1.0),Analytical house prices indicators,I,OECD,OECD,A,Annual,HPI,Nominal house price indices,IX,Index,1981,,27.830574609345,,A,Normal value,0,Units,S,"Seasonally adjusted, not calendar adjusted",1,One,2015,
DATAFLOW,OECD.ECO.MPD:DSD_AN_HOUSE_PRICES@DF_HOUSE_PRICES(1.0),Analytical house prices indicators,I,OECD,OECD,A,Annual,HPI,Nominal house price indices,IX,Index,1982,,28.9001584143931,,A,Normal value,0,Units,S,"Seasonally adjusted, not calendar adjusted",1,One,2015,
DATAFLOW,OECD.ECO.MPD:DSD_AN_HOUSE_PRICES@DF_HOUSE_PRICES(1.0),Analytical house prices indicators,I,OECD,OECD,A,Annual,HPI,Nominal house price indices,IX,Index,1983,,30.2694935638137,,A,Normal value,0,Units,S,"Seasonally adjusted, not calendar adjusted",1,One,2015,
DATAFLOW,OECD.ECO.MPD:DSD_AN_HOUSE_PRICES@DF_HOUSE_PRICES(1.0),Analytical house prices indicators,I,OECD,OECD,A,Annual,HPI,Nominal house price indices,IX,Index,1984,,31.334458453876,,A,Normal value,0,Units,S,"Seasonally adjusted, not calendar adjusted",1,One,2015,
DATAFLOW,OECD.ECO.MPD:DSD_AN_HOUSE_PRICES@DF_HOUSE_PRICES(1.0),Analytical house prices indicators,I,OECD,OECD,A,Annual,HPI,Nominal house price indices,IX,Index,1985,,32.7349342220745,,A,Normal value,0,Units,S,"Seasonally adjusted, not calendar adjusted",1,One,2015,
DATAFLOW,OECD.ECO.MPD:DSD_AN_HOUSE_PRICES@DF_HOUSE_PRICES(1.0),Analytical house prices indicators,I,OECD,OECD,A,Annual,HPI,Nominal house price indices,IX,Index,1986,,34.94836710036,,A,Normal value,0,Units,S,"Seasonally adjusted, not calendar adjusted",1,One,2015,
DATAFLOW,OECD.ECO.MPD:DSD_AN_HOUSE_PRICES@DF_HOUSE_PRICES(1.0),Analytical house prices indicators,I,OECD,OECD,A,Annual,HPI,Nominal house price indices,IX,Index,1987,,37.9782413816384,,A,Normal value,0,Units,S,"Seasonally adjusted, not calendar adjusted",1,One,2015,
DATAFLOW,OECD.ECO.MPD:DSD_AN_HOUSE_PRICES@DF_HOUSE_PRICES(1.0),Analytical house prices indicators,I,OECD,OECD,A,Annual,HPI,Nominal house price indices,IX,Index,1988,,41.6256420587002,,A,Normal value,0,Units,S,"Seasonally adjusted, not calendar adjusted",1,One,2015,
DATAFLOW,OECD.ECO.MPD:DSD_AN_HOUSE_PRICES@DF_HOUSE_PRICES(1.0),Analytical house prices indicators,I,OECD,OECD,A,Annual,HPI,Nominal house price indices,IX,Index,1989,,45.9760758994968,,A,Normal value,0,Units,S,"Seasonally adjusted, not calendar adjusted",1,One,2015,
DATAFLOW,OECD.ECO.MPD:DSD_AN_HOUSE_PRICES@DF_HOUSE_PRICES(1.0),Analytical house prices indicators,I,OECD,OECD,A,Annual,HPI,Nominal house price indices,IX,Index,1990,,49.0858944114489,,A,Normal value,0,Units,S,"Seasonally adjusted, not calendar adjusted",1,One,2015,
DATAFLOW,OECD.ECO.MPD:DSD_AN_HOUSE_PRICES@DF_HOUSE_PRICES(1.0),Analytical house prices indicators,I,OECD,OECD,A,Annual,HPI,Nominal house price indices,IX,Index,1991,,50.82014592489,,A,Normal value,0,Units,S,"Seasonally adjusted, not calendar adjusted",1,One,2015,
DATAFLOW,OECD.ECO.MPD:DSD_AN_HOUSE_PRICES@DF_HOUSE_PRICES(1.0),Analytical house prices indicators,I,OECD,OECD,A,Annual,HPI,Nominal house price indices,IX,Index,1992,,51.3047525912049,,A,Normal value,0,Units,S,"Seasonally adjusted, not calendar adjusted",1,One,2015,
DATAFLOW,OECD.ECO.MPD:DSD_AN_HOUSE_PRICES@DF_HOUSE_PRICES(1.0),Analytical house prices indicators,I,OECD,OECD,A,Annual,HPI,Nominal house price indices,IX,Index,1993,,51.7043367450526,,A,Normal value,0,Units,S,"Seasonally adjusted, not calendar adjusted",1,One,2015,
DATAFLOW,OECD.ECO.MPD:DSD_AN_HOUSE_PRICES@DF_HOUSE_PRICES(1.0),Analytical house prices indicators,I,OECD,OECD,A,Annual,HPI,Nominal house price indices,IX,Index,1994,,52.876157929001,,A,Normal value,0,Units,S,"Seasonally adjusted, not calendar adjusted",1,One,2015,
DATAFLOW,OECD.ECO.MPD:DSD_AN_HOUSE_PRICES@DF_HOUSE_PRICES(1.0),Analytical house prices indicators,I,OECD,OECD,A,Annual,HPI,Nominal house price indices,IX,Index,1995,,53.547068932016,,A,Normal value,0,Units,S,"Seasonally adjusted, not calendar adjusted",1,One,2015,
DATAFLOW,OECD.ECO.MPD:DSD_AN_HOUSE_PRICES@DF_HOUSE_PRICES(1.0),Analytical house prices indicators,I,OECD,OECD,A,Annual,HPI,Nominal house price indices,IX,Index,1996,,54.2824268080723,,A,Normal value,0,Units,S,"Seasonally adjusted, not calendar adjusted",1,One,2015,
DATAFLOW,OECD.ECO.MPD:DSD_AN_HOUSE_PRICES@DF_HOUSE_PRICES(1.0),Analytical house prices indicators,I,OECD,OECD,A,Annual,HPI,Nominal house price indices,IX,Index,1997,,55.3775192281616,,A,Normal value,0,Units,S,"Seasonally adjusted, not calendar adjusted",1,One,2015,
DATAFLOW,OECD.ECO.MPD:DSD_AN_HOUSE_PRICES@DF_HOUSE_PRICES(1.0),Analytical house prices indicators,I,OECD,OECD,A,Annual,HPI,Nominal house price indices,IX,Index,1998,,57.1422787089709,,A,Normal value,0,Units,S,"Seasonally adjusted, not calendar adjusted",1,One,2015,
DATAFLOW,OECD.ECO.MPD:DSD_AN_HOUSE_PRICES@DF_HOUSE_PRICES(1.0),Analytical house prices indicators,I,OECD,OECD,A,Annual,HPI,Nominal house price indices,IX,Index,1999,,59.7033101353634,,A,Normal value,0,Units,S,"Seasonally adjusted, not calendar adjusted",1,One,2015,
DATAFLOW,OECD.ECO.MPD:DSD_AN_HOUSE_PRICES@DF_HOUSE_PRICES(1.0),Analytical house prices indicators,I,OECD,OECD,A,Annual,HPI,Nominal house price indices,IX,Index,2000,,62.8827854540564,,A,Normal value,0,Units,S,"Seasonally adjusted, not calendar adjusted",1,One,2015,
DATAFLOW,OECD.ECO.MPD:DSD_AN_HOUSE_PRICES@DF_HOUSE_PRICES(1.0),Analytical house prices indicators,I,OECD,OECD,A,Annual,HPI,Nominal house price indices,IX,Index,2001,,65.9474551656655,,A,Normal value,0,Units,S,"Seasonally adjusted, not calendar adjusted",1,One,2015,
DATAFLOW,OECD.ECO.MPD:DSD_AN_HOUSE_PRICES@DF_HOUSE_PRICES(1.0),Analytical house prices indicators,I,OECD,OECD,A,Annual,HPI,Nominal house price indices,IX,Index,2002,,69.9526603385781,,A,Normal value,0,Units,S,"Seasonally adjusted, not calendar adjusted",1,One,2015,
DATAFLOW,OECD.ECO.MPD:DSD_AN_HOUSE_PRICES@DF_HOUSE_PRICES(1.0),Analytical house prices indicators,I,OECD,OECD,A,Annual,HPI,Nominal house price indices,IX,Index,2003,,74.371321404475,,A,Normal value,0,Units,S,"Seasonally adjusted, not calendar adjusted",1,One,2015,
DATAFLOW,OECD.ECO.MPD:DSD_AN_HOUSE_PRICES@DF_HOUSE_PRICES(1.0),Analytical house prices indicators,I,OECD,OECD,A,Annual,HPI,Nominal house price indices,IX,Index,2004,,79.1400600155869,,A,Normal value,0,Units,S,"Seasonally adjusted, not calendar adjusted",1,One,2015,
DATAFLOW,OECD.ECO.MPD:DSD_AN_HOUSE_PRICES@DF_HOUSE_PRICES(1.0),Analytical house prices indicators,I,OECD,OECD,A,Annual,HPI,Nominal house price indices,IX,Index,2005,,84.5416940262267,,A,Normal value,0,Units,S,"Seasonally adjusted, not calendar adjusted",1,One,2015,
DATAFLOW,OECD.ECO.MPD:DSD_AN_HOUSE_PRICES@DF_HOUSE_PRICES(1.0),Analytical house prices indicators,I,OECD,OECD,A,Annual,HPI,Nominal house price indices,IX,Index,2006,,89.723814400387,,A,Normal value,0,Units,S,"Seasonally adjusted, not calendar adjusted",1,One,2015,
DATAFLOW,OECD.ECO.MPD:DSD_AN_HOUSE_PRICES@DF_HOUSE_PRICES(1.0),Analytical house prices indicators,I,OECD,OECD,A,Annual,HPI,Nominal house price indices,IX,Index,2007,,93.3455246073267,,A,Normal value,0,Units,S,"Seasonally adjusted, not calendar adjusted",1,One,2015,
DATAFLOW,OECD.ECO.MPD:DSD_AN_HOUSE_PRICES@DF_HOUSE_PRICES(1.0),Analytical house prices indicators,I,OECD,OECD,A,Annual,HPI,Nominal house price indices,IX,Index,2008,,91.6454959280243,,A,Normal value,0,Units,S,"Seasonally adjusted, not calendar adjusted",1,One,2015,
DATAFLOW,OECD.ECO.MPD:DSD_AN_HOUSE_PRICES@DF_HOUSE_PRICES(1.0),Analytical house prices indicators,I,OECD,OECD,A,Annual,HPI,Nominal house price indices,IX,Index,2009,,88.0314886973234,,A,Normal value,0,Units,S,"Seasonally adjusted, not calendar adjusted",1,One,2015,
DATAFLOW,OECD.ECO.MPD:DSD_AN_HOUSE_PRICES@DF_HOUSE_PRICES(1.0),Analytical house prices indicators,I,OECD,OECD,A,Annual,HPI,Nominal house price indices,IX,Index,2010,,88.6661441468444,,A,Normal value,0,Units,S,"Seasonally adjusted, not calendar adjusted",1,One,2015,
DATAFLOW,OECD.ECO.MPD:DSD_AN_HOUSE_PRICES@DF_HOUSE_PRICES(1.0),Analytical house prices indicators,I,OECD,OECD,A,Annual,HPI,Nominal house price indices,IX,Index,2011,,88.5164629506696,,A,Normal value,0,Units,S,"Seasonally adjusted, not calendar adjusted",1,One,2015,
DATAFLOW,OECD.ECO.MPD:DSD_AN_HOUSE_PRICES@DF_HOUSE_PRICES(1.0),Analytical house prices indicators,I,OECD,OECD,A,Annual,HPI,Nominal house price indices,IX,Index,2012,,89.4578480370418,,A,Normal value,0,Units,S,"Seasonally adjusted, not calendar adjusted",1,One,2015,
DATAFLOW,OECD.ECO.MPD:DSD_AN_HOUSE_PRICES@DF_HOUSE_PRICES(1.0),Analytical house prices indicators,I,OECD,OECD,A,Annual,HPI,Nominal house price indices,IX,Index,2013,,92.2036246764015,,A,Normal value,0,Units,S,"Seasonally adjusted, not calendar adjusted",1,One,2015,
DATAFLOW,OECD.ECO.MPD:DSD_AN_HOUSE_PRICES@DF_HOUSE_PRICES(1.0),Analytical house prices indicators,I,OECD,OECD,A,Annual,HPI,Nominal house price indices,IX,Index,2014,,95.5968999655757,,A,Normal value,0,Units,S,"Seasonally adjusted, not calendar adjusted",1,One,2015,
DATAFLOW,OECD.ECO.MPD:DSD_AN_HOUSE_PRICES@DF_HOUSE_PRICES(1.0),Analytical house prices indicators,I,OECD,OECD,A,Annual,HPI,Nominal house price indices,IX,Index,2016,,105.254980491987,,A,Normal value,0,Units,S,"Seasonally adjusted, not calendar adjusted",1,One,2015,
DATAFLOW,OECD.ECO.MPD:DSD_AN_HOUSE_PRICES@DF_HOUSE_PRICES(1.0),Analytical house prices indicators,I,OECD,OECD,A,Annual,HPI,Nominal house price indices,IX,Index,2017,,111.011613101772,,A,Normal value,0,Units,S,"Seasonally adjusted, not calendar adjusted",1,One,2015,
DATAFLOW,OECD.ECO.MPD:DSD_AN_HOUSE_PRICES@DF_HOUSE_PRICES(1.0),Analytical house prices indicators,I,OECD,OECD,A,Annual,HPI,Nominal house price indices,IX,Index,2018,,116.440182691345,,A,Normal value,0,Units,S,"Seasonally adjusted, not calendar adjusted",1,One,2015,
DATAFLOW,OECD.ECO.MPD:DSD_AN_HOUSE_PRICES@DF_HOUSE_PRICES(1.0),Analytical house prices indicators,I,OECD,OECD,A,Annual,HPI,Nominal house price indices,IX,Index,2019,,121.157524611268,,A,Normal value,0,Units,S,"Seasonally adjusted, not calendar adjusted",1,One,2015,
DATAFLOW,OECD.ECO.MPD:DSD_AN_HOUSE_PRICES@DF_HOUSE_PRICES(1.0),Analytical house prices indicators,I,OECD,OECD,A,Annual,HPI,Nominal house price indices,IX,Index,2020,,128.746916490944,,A,Normal value,0,Units,S,"Seasonally adjusted, not calendar adjusted",1,One,2015,
DATAFLOW,OECD.ECO.MPD:DSD_AN_HOUSE_PRICES@DF_HOUSE_PRICES(1.0),Analytical house prices indicators,I,OECD,OECD,A,Annual,HPI,Nominal house price indices,IX,Index,2021,,144.700152424035,,A,Normal value,0,Units,S,"Seasonally adjusted, not calendar adjusted",1,One,2015,
DATAFLOW,OECD.ECO.MPD:DSD_AN_HOUSE_PRICES@DF_HOUSE_PRICES(1.0),Analytical house prices indicators,I,OECD,OECD,A,Annual,HPI,Nominal house price indices,IX,Index,2022,,164.638532447509,,A,Normal value,0,Units,S,"Seasonally adjusted, not calendar adjusted",1,One,2015,
DATAFLOW,OECD.ECO.MPD:DSD_AN_HOUSE_PRICES@DF_HOUSE_PRICES(1.0),Analytical house prices indicators,I,OECD,OECD,A,Annual,HPI,Nominal house price indices,IX,Index,2023,,173.332710233783,,A,Normal value,0,Units,S,"Seasonally adjusted, not calendar adjusted",1,One,2015,
DATAFLOW,OECD.ECO.MPD:DSD_AN_HOUSE_PRICES@DF_HOUSE_PRICES(1.0),Analytical house prices indicators,I,OECD,OECD,A,Annual,HPI,Nominal house price indices,IX,Index,2024,,182.88523057054,,A,Normal value,0,Units,S,"Seasonally adjusted, not calendar adjusted",1,One,2015,
DATAFLOW,OECD.ECO.MPD:DSD_AN_HOUSE_PRICES@DF_HOUSE_PRICES(1.0),Analytical house prices indicators,I,OECD,OECD,A,Annual,HPI,Nominal house price indices,IX,Index,2025,,192.357182004163,,A,Normal value,0,Units,S,"Seasonally adjusted, not calendar adjusted",1,One,2015,
DATAFLOW,OECD.ECO.MPD:DSD_AN_HOUSE_PRICES@DF_HOUSE_PRICES(1.0),Analytical house prices indicators,I,AUS,Australia,A,Annual,HPI,Nominal house price indices,IX,Index,1970,,2.55237970789247,,A,Normal value,0,Units,S,"Seasonally adjusted, not calendar adjusted",1,One,2015,
DATAFLOW,OECD.ECO.MPD:DSD_AN_HOUSE_PRICES@DF_HOUSE_PRICES(1.0),Analytical house prices indicators,I,AUS,Australia,A,Annual,HPI,Nominal house price indices,IX,Index,1971,,2.85135211850852,,A,Normal value,0,Units,S,"Seasonally adjusted, not calendar adjusted",1,One,2015,
DATAFLOW,OECD.ECO.MPD:DSD_AN_HOUSE_PRICES@DF_HOUSE_PRICES(1.0),Analytical house prices indicators,I,AUS,Australia,A,Annual,HPI,Nominal house price indices,IX,Index,1972,,3.18366717734073,,A,Normal value,0,Units,S,"Seasonally adjusted, not calendar adjusted",1,One,2015,
DATAFLOW,OECD.ECO.MPD:DSD_AN_HOUSE_PRICES@DF_HOUSE_PRICES(1.0),Analytical house prices indicators,I,AUS,Australia,A,Annual,HPI,Nominal house price indices,IX,Index,1973,,3.83718307899071,,A,Normal value,0,Units,S,"Seasonally adjusted, not calendar adjusted",1,One,2015,
DATAFLOW,OECD.ECO.MPD:DSD_AN_HOUSE_PRICES@DF_HOUSE_PRICES(1.0),Analytical house prices indicators,I,AUS,Australia,A,Annual,HPI,Nominal house price indices,IX,Index,1974,,4.69019915810016,,A,Normal value,0,Units,S,"Seasonally adjusted, not calendar adjusted",1,One,2015,
DATAFLOW,OECD.ECO.MPD:DSD_AN_HOUSE_PRICES@DF_HOUSE_PRICES(1.0),Analytical house prices indicators,I,AUS,Australia,A,Annual,HPI,Nominal house price indices,IX,Index,1975,,5.20200880556583,,A,Normal value,0,Units,S,"Seasonally adjusted, not calendar adjusted",1,One,2015,
DATAFLOW,OECD.ECO.MPD:DSD_AN_HOUSE_PRICES@DF_HOUSE_PRICES(1.0),Analytical house prices indicators,I,AUS,Australia,A,Annual,HPI,Nominal house price indices,IX,Index,1976,,5.79384080833558,,A,Normal value,0,Units,S,"Seasonally adjusted, not calendar adjusted",1,One,2015,
DATAFLOW,OECD.ECO.MPD:DSD_AN_HOUSE_PRICES@DF_HOUSE_PRICES(1.0),Analytical house prices indicators,I,AUS,Australia,A,Annual,HPI,Nominal house price indices,IX,Index,1977,,6.26786212135209,,A,Normal value,0,Units,S,"Seasonally adjusted, not calendar adjusted",1,One,2015,
DATAFLOW,OECD.ECO.MPD:DSD_AN_HOUSE_PRICES@DF_HOUSE_PRICES(1.0),Analytical house prices indicators,I,AUS,Australia,A,Annual,HPI,Nominal house price indices,IX,Index,1978,,6.5901743857713,,A,Normal value,0,Units,S,"Seasonally adjusted, not calendar adjusted",1,One,2015,
DATAFLOW,OECD.ECO.MPD:DSD_AN_HOUSE_PRICES@DF_HOUSE_PRICES(1.0),Analytical house prices indicators,I,AUS,Australia,A,Annual,HPI,Nominal house price indices,IX,Index,1979,,7.46041749970316,,A,Normal value,0,Units,S,"Seasonally adjusted, not calendar adjusted",1,One,2015,
DATAFLOW,OECD.ECO.MPD:DSD_AN_HOUSE_PRICES@DF_HOUSE_PRICES(1.0),Analytical house prices indicators,I,AUS,Australia,A,Annual,HPI,Nominal house price indices,IX,Index,1980,,8.43457853337017,,A,Normal value,0,Units,S,"Seasonally adjusted, not calendar adjusted",1,One,2015,
DATAFLOW,OECD.ECO.MPD:DSD_AN_HOUSE_PRICES@DF_HOUSE_PRICES(1.0),Analytical house prices indicators,I,AUS,Australia,A,Annual,HPI,Nominal house price indices,IX,Index,1981,,9.70771197782603,,A,Normal value,0,Units,S,"Seasonally adjusted, not calendar adjusted",1,One,2015,
DATAFLOW,OECD.ECO.MPD:DSD_AN_HOUSE_PRICES@DF_HOUSE_PRICES(1.0),Analytical house prices indicators,I,AUS,Australia,A,Annual,HPI,Nominal house price indices,IX,Index,1982,,10.0550312282778,,A,Normal value,0,Units,S,"Seasonally adjusted, not calendar adjusted",1,One,2015,
DATAFLOW,OECD.ECO.MPD:DSD_AN_HOUSE_PRICES@DF_HOUSE_PRICES(1.0),Analytical house prices indicators,I,AUS,Australia,A,Annual,HPI,Nominal house price indices,IX,Index,1984,,11.8538670902174,,A,Normal value,0,Units,S,"Seasonally adjusted, not calendar adjusted",1,One,2015,
DATAFLOW,OECD.ECO.MPD:DSD_AN_HOUSE_PRICES@DF_HOUSE_PRICES(1.0),Analytical house prices indicators,I,AUS,Australia,A,Annual,HPI,Nominal house price indices,IX,Index,1985,,13.0619823709887,,A,Normal value,0,Units,S,"Seasonally adjusted, not calendar adjusted",1,One,2015,
DATAFLOW,OECD.ECO.MPD:DSD_AN_HOUSE_PRICES@DF_HOUSE_PRICES(1.0),Analytical house prices indicators,I,AUS,Australia,A,Annual,HPI,Nominal house price indices,IX,Index,1987,,14.7789322108204,,A,Normal value,0,Units,S,"Seasonally adjusted, not calendar adjusted",1,One,2015,
DATAFLOW,OECD.ECO.MPD:DSD_AN_HOUSE_PRICES@DF_HOUSE_PRICES(1.0),Analytical house prices indicators,I,AUS,Australia,A,Annual,HPI,Nominal house price indices,IX,Index,1988,,18.1088387994143,,A,Normal value,0,Units,S,"Seasonally adjusted, not calendar adjusted",1,One,2015,
DATAFLOW,OECD.ECO.MPD:DSD_AN_HOUSE_PRICES@DF_HOUSE_PRICES(1.0),Analytical house prices indicators,I,AUS,Australia,A,Annual,HPI,Nominal house price indices,IX,Index,1989,,22.5876027086384,,A,Normal value,0,Units,S,"Seasonally adjusted, not calendar adjusted",1,One,2015,
DATAFLOW,OECD.ECO.MPD:DSD_AN_HOUSE_PRICES@DF_HOUSE_PRICES(1.0),Analytical house prices indicators,I,AUS,Australia,A,Annual,HPI,Nominal house price indices,IX,Index,1993,,24.5115926793558,,A,Normal value,0,Units,S,"Seasonally adjusted, not calendar adjusted",1,One,2015,
DATAFLOW,OECD.ECO.MPD:DSD_AN_HOUSE_PRICES@DF_HOUSE_PRICES(1.0),Analytical house prices indicators,I,AUS,Australia,A,Annual,HPI,Nominal house price indices,IX,Index,1994,,25.3895490483162,,A,Normal value,0,Units,S,"Seasonally adjusted, not calendar adjusted",1,One,2015,
DATAFLOW,OECD.ECO.MPD:DSD_AN_HOUSE_PRICES@DF_HOUSE_PRICES(1.0),Analytical house prices indicators,I,AUS,Australia,A,Annual,HPI,Nominal house price indices,IX,Index,1995,,25.6960428257687,,A,Normal value,0,Units,S,"Seasonally adjusted, not calendar adjusted",1,One,2015,
DATAFLOW,OECD.ECO.MPD:DSD_AN_HOUSE_PRICES@DF_HOUSE_PRICES(1.0),Analytical house prices indicators,I,AUS,Australia,A,Annual,HPI,Nominal house price indices,IX,Index,1996,,25.9036676427526,,A,Normal value,0,Units,S,"Seasonally adjusted, not calendar adjusted",1,One,2015,
DATAFLOW,OECD.ECO.MPD:DSD_AN_HOUSE_PRICES@DF_HOUSE_PRICES(1.0),Analytical house prices indicators,I,AUS,Australia,A,Annual,HPI,Nominal house price indices,IX,Index,1997,,26.941791727672,,A,Normal value,0,Units,S,"Seasonally adjusted, not calendar adjusted",1,One,2015,
DATAFLOW,OECD.ECO.MPD:DSD_AN_HOUSE_PRICES@DF_HOUSE_PRICES(1.0),Analytical house prices indicators,I,AUS,Australia,A,Annual,HPI,Nominal house price indices,IX,Index,1998,,28.9211483162518,,A,Normal value,0,Units,S,"Seasonally adjusted, not calendar adjusted",1,One,2015,
DATAFLOW,OECD.ECO.MPD:DSD_AN_HOUSE_PRICES@DF_HOUSE_PRICES(1.0),Analytical house prices indicators,I,AUS,Australia,A,Annual,HPI,Nominal house price indices,IX,Index,1999,,31.0191476573938,,A,Normal value,0,Units,S,"Seasonally adjusted, not calendar adjusted",1,One,2015,
DATAFLOW,OECD.ECO.MPD:DSD_AN_HOUSE_PRICES@DF_HOUSE_PRICES(1.0),Analytical house prices indicators,I,AUS,Australia,A,Annual,HPI,Nominal house price indices,IX,Index,2000,,33.5956727672035,,A,Normal value,0,Units,S,"Seasonally adjusted, not calendar adjusted",1,One,2015,
DATAFLOW,OECD.ECO.MPD:DSD_AN_HOUSE_PRICES@DF_HOUSE_PRICES(1.0),Analytical house prices indicators,I,AUS,Australia,A,Annual,HPI,Nominal house price indices,IX,Index,2001,,37.3685122986823,,A,Normal value,0,Units,S,"Seasonally adjusted, not calendar adjusted",1,One,2015,
DATAFLOW,OECD.ECO.MPD:DSD_AN_HOUSE_PRICES@DF_HOUSE_PRICES(1.0),Analytical house prices indicators,I,AUS,Australia,A,Annual,HPI,Nominal house price indices,IX,Index,2002,,44.3723894582723,,A,Normal value,0,Units,S,"Seasonally adjusted, not calendar adjusted",1,One,2015,
DATAFLOW,OECD.ECO.MPD:DSD_AN_HOUSE_PRICES@DF_HOUSE_PRICES(1.0),Analytical house prices indicators,I,AUS,Australia,A,Annual,HPI,Nominal house price indices,IX,Index,2003,,52.3756566617862,,A,Normal value,0,Units,S,"Seasonally adjusted, not calendar adjusted",1,One,2015,
DATAFLOW,OECD.ECO.MPD:DSD_AN_HOUSE_PRICES@DF_HOUSE_PRICES(1.0),Analytical house prices indicators,I,AUS,Australia,A,Annual,HPI,Nominal house price indices,IX,Index,2004,,55.647,,A,Normal value,0,Units,S,"Seasonally adjusted, not calendar adjusted",1,One,2015,
DATAFLOW,OECD.ECO.MPD:DSD_AN_HOUSE_PRICES@DF_HOUSE_PRICES(1.0),Analytical house prices indicators,I,AUS,Australia,A,Annual,HPI,Nominal house price indices,IX,Index,2005,,56.66475,,A,Normal value,0,Units,S,"Seasonally adjusted, not calendar adjusted",1,One,2015,
DATAFLOW,OECD.ECO.MPD:DSD_AN_HOUSE_PRICES@DF_HOUSE_PRICES(1.0),Analytical house prices indicators,I,AUS,Australia,A,Annual,HPI,Nominal house price indices,IX,Index,2006,,60.5795,,A,Normal value,0,Units,S,"Seasonally adjusted, not calendar adjusted",1,One,2015,
DATAFLOW,OECD.ECO.MPD:DSD_AN_HOUSE_PRICES@DF_HOUSE_PRICES(1.0),Analytical house prices indicators,I,AUS,Australia,A,Annual,HPI,Nominal house price indices,IX,Index,2007,,66.96025,,A,Normal value,0,Units,S,"Seasonally adjusted, not calendar adjusted",1,One,2015,
DATAFLOW,OECD.ECO.MPD:DSD_AN_HOUSE_PRICES@DF_HOUSE_PRICES(1.0),Analytical house prices indicators,I,AUS,Australia,A,Annual,HPI,Nominal house price indices,IX,Index,2008,,69.60275,,A,Normal value,0,Units,S,"Seasonally adjusted, not calendar adjusted",1,One,2015,
DATAFLOW,OECD.ECO.MPD:DSD_AN_HOUSE_PRICES@DF_HOUSE_PRICES(1.0),Analytical house prices indicators,I,AUS,Australia,A,Annual,HPI,Nominal house price indices,IX,Index,2009,,72.42125,,A,Normal value,0,Units,S,"Seasonally adjusted, not calendar adjusted",1,One,2015,
DATAFLOW,OECD.ECO.MPD:DSD_AN_HOUSE_PRICES@DF_HOUSE_PRICES(1.0),Analytical house prices indicators,I,AUS,Australia,A,Annual,HPI,Nominal house price indices,IX,Index,2010,,80.877,,A,Normal value,0,Units,S,"Seasonally adjusted, not calendar adjusted",1,One,2015,
DATAFLOW,OECD.ECO.MPD:DSD_AN_HOUSE_PRICES@DF_HOUSE_PRICES(1.0),Analytical house prices indicators,I,AUS,Australia,A,Annual,HPI,Nominal house price indices,IX,Index,2011,,79.13475,,A,Normal value,0,Units,S,"Seasonally adjusted, not calendar adjusted",1,One,2015,
DATAFLOW,OECD.ECO.MPD:DSD_AN_HOUSE_PRICES@DF_HOUSE_PRICES(1.0),Analytical house prices indicators,I,AUS,Australia,A,Annual,HPI,Nominal house price indices,IX,Index,2012,,78.88025,,A,Normal value,0,Units,S,"Seasonally adjusted, not calendar adjusted",1,One,2015,
DATAFLOW,OECD.ECO.MPD:DSD_AN_HOUSE_PRICES@DF_HOUSE_PRICES(1.0),Analytical house prices indicators,I,AUS,Australia,A,Annual,HPI,Nominal house price indices,IX,Index,2013,,84.1065,,A,Normal value,0,Units,S,"Seasonally adjusted, not calendar adjusted",1,One,2015,
DATAFLOW,OECD.ECO.MPD:DSD_AN_HOUSE_PRICES@DF_HOUSE_PRICES(1.0),Analytical house prices indicators,I,AUS,Australia,A,Annual,HPI,Nominal house price indices,IX,Index,2014,,91.72025,,A,Normal value,0,Units,S,"Seasonally adjusted, not calendar adjusted",1,One,2015,
DATAFLOW,OECD.ECO.MPD:DSD_AN_HOUSE_PRICES@DF_HOUSE_PRICES(1.0),Analytical house prices indicators,I,AUS,Australia,A,Annual,HPI,Nominal house price indices,IX,Index,2022,,142.650023805628,,A,Normal value,0,Units,S,"Seasonally adjusted, not calendar adjusted",1,One,2015,
DATAFLOW,OECD.ECO.MPD:DSD_AN_HOUSE_PRICES@DF_HOUSE_PRICES(1.0),Analytical house prices indicators,I,AUS,Australia,A,Annual,HPI,Nominal house price indices,IX,Index,2023,,144.499256217277,,A,Normal value,0,Units,S,"Seasonally adjusted, not calendar adjusted",1,One,2015,
DATAFLOW,OECD.ECO.MPD:DSD_AN_HOUSE_PRICES@DF_HOUSE_PRICES(1.0),Analytical house prices indicators,I,AUS,Australia,A,Annual,HPI,Nominal house price indices,IX,Index,2024,,154.3186410613,,A,Normal value,0,Units,S,"Seasonally adjusted, not calendar adjusted",1,One,2015,
DATAFLOW,OECD.ECO.MPD:DSD_AN_HOUSE_PRICES@DF_HOUSE_PRICES(1.0),Analytical house prices indicators,I,AUS,Australia,A,Annual,HPI,Nominal house price indices,IX,Index,2025,,164.012388034089,,A,Normal value,0,Units,S,"Seasonally adjusted, not calendar adjusted",1,One,2015,
DATAFLOW,OECD.ECO.MPD:DSD_AN_HOUSE_PRICES@DF_HOUSE_PRICES(1.0),Analytical house prices indicators,I,AUT,Austria,A,Annual,HPI,Nominal house price indices,IX,Index,2001,,59.8796875,,A,Normal value,0,Units,S,"Seasonally adjusted, not calendar adjusted",1,One,2015,
DATAFLOW,OECD.ECO.MPD:DSD_AN_HOUSE_PRICES@DF_HOUSE_PRICES(1.0),Analytical house prices indicators,I,AUT,Austria,A,Annual,HPI,Nominal house price indices,IX,Index,2005,,62.18046875,,A,Normal value,0,Units,S,"Seasonally adjusted, not calendar adjusted",1,One,2015,
DATAFLOW,OECD.ECO.MPD:DSD_AN_HOUSE_PRICES@DF_HOUSE_PRICES(1.0),Analytical house prices indicators,I,AUT,Austria,A,Annual,HPI,Nominal house price indices,IX,Index,2006,,64.73359375,,A,Normal value,0,Units,S,"Seasonally adjusted, not calendar adjusted",1,One,2015,
DATAFLOW,OECD.ECO.MPD:DSD_AN_HOUSE_PRICES@DF_HOUSE_PRICES(1.0),Analytical house prices indicators,I,AUT,Austria,A,Annual,HPI,Nominal house price indices,IX,Index,2007,,67.76171875,,A,Normal value,0,Units,S,"Seasonally adjusted, not calendar adjusted",1,One,2015,
DATAFLOW,OECD.ECO.MPD:DSD_AN_HOUSE_PRICES@DF_HOUSE_PRICES(1.0),Analytical house prices indicators,I,AUT,Austria,A,Annual,HPI,Nominal house price indices,IX,Index,2008,,68.4890625,,A,Normal value,0,Units,S,"Seasonally adjusted, not calendar adjusted",1,One,2015,
DATAFLOW,OECD.ECO.MPD:DSD_AN_HOUSE_PRICES@DF_HOUSE_PRICES(1.0),Analytical house prices indicators,I,AUT,Austria,A,Annual,HPI,Nominal house price indices,IX,Index,2009,,71.1609375,,A,Normal value,0,Units,S,"Seasonally adjusted, not calendar adjusted",1,One,2015,
DATAFLOW,OECD.ECO.MPD:DSD_AN_HOUSE_PRICES@DF_HOUSE_PRICES(1.0),Analytical house prices indicators,I,AUT,Austria,A,Annual,HPI,Nominal house price indices,IX,Index,2016,,106.705,,A,Normal value,0,Units,S,"Seasonally adjusted, not calendar adjusted",1,One,2015,
DATAFLOW,OECD.ECO.MPD:DSD_AN_HOUSE_PRICES@DF_HOUSE_PRICES(1.0),Analytical house prices indicators,I,AUT,Austria,A,Annual,HPI,Nominal house price indices,IX,Index,2017,,112.135,,A,Normal value,0,Units,S,"Seasonally adjusted, not calendar adjusted",1,One,2015,
DATAFLOW,OECD.ECO.MPD:DSD_AN_HOUSE_PRICES@DF_HOUSE_PRICES(1.0),Analytical house prices indicators,I,AUT,Austria,A,Annual,HPI,Nominal house price indices,IX,Index,2018,,118.83,,A,Normal value,0,Units,S,"Seasonally adjusted, not calendar adjusted",1,One,2015,
DATAFLOW,OECD.ECO.MPD:DSD_AN_HOUSE_PRICES@DF_HOUSE_PRICES(1.0),Analytical house prices indicators,I,AUT,Austria,A,Annual,HPI,Nominal house price indices,IX,Index,2019,,125.9675,,A,Normal value,0,Units,S,"Seasonally adjusted, not calendar adjusted",1,One,2015,
DATAFLOW,OECD.ECO.MPD:DSD_AN_HOUSE_PRICES@DF_HOUSE_PRICES(1.0),Analytical house prices indicators,I,AUT,Austria,A,Annual,HPI,Nominal house price indices,IX,Index,2020,,135.515,,A,Normal value,0,Units,S,"Seasonally adjusted, not calendar adjusted",1,One,2015,
DATAFLOW,OECD.ECO.MPD:DSD_AN_HOUSE_PRICES@DF_HOUSE_PRICES(1.0),Analytical house prices indicators,I,AUT,Austria,A,Annual,HPI,Nominal house price indices,IX,Index,2021,,151.015,,A,Normal value,0,Units,S,"Seasonally adjusted, not calendar adjusted",1,One,2015,
DATAFLOW,OECD.ECO.MPD:DSD_AN_HOUSE_PRICES@DF_HOUSE_PRICES(1.0),Analytical house prices indicators,I,AUT,Austria,A,Annual,HPI,Nominal house price indices,IX,Index,2022,,168.4925,,A,Normal value,0,Units,S,"Seasonally adjusted, not calendar adjusted",1,One,2015,
DATAFLOW,OECD.ECO.MPD:DSD_AN_HOUSE_PRICES@DF_HOUSE_PRICES(1.0),Analytical house prices indicators,I,AUT,Austria,A,Annual,HPI,Nominal house price indices,IX,Index,2023,,163.68,,A,Normal value,0,Units,S,"Seasonally adjusted, not calendar adjusted",1,One,2015,
DATAFLOW,OECD.ECO.MPD:DSD_AN_HOUSE_PRICES@DF_HOUSE_PRICES(1.0),Analytical house prices indicators,I,AUT,Austria,A,Annual,HPI,Nominal house price indices,IX,Index,2024,,163.06,,A,Normal value,0,Units,S,"Seasonally adjusted, not calendar adjusted",1,One,2015,
DATAFLOW,OECD.ECO.MPD:DSD_AN_HOUSE_PRICES@DF_HOUSE_PRICES(1.0),Analytical house prices indicators,I,BEL,Belgium,A,Annual,HPI,Nominal house price indices,IX,Index,1970,,7.76928928998596,,A,Normal value,0,Units,S,"Seasonally adjusted, not calendar adjusted",1,One,2015,
DATAFLOW,OECD.ECO.MPD:DSD_AN_HOUSE_PRICES@DF_HOUSE_PRICES(1.0),Analytical house prices indicators,I,BEL,Belgium,A,Annual,HPI,Nominal house price indices,IX,Index,1971,,7.71043534179609,,A,Normal value,0,Units,S,"Seasonally adjusted, not calendar adjusted",1,One,2015,
DATAFLOW,OECD.ECO.MPD:DSD_AN_HOUSE_PRICES@DF_HOUSE_PRICES(1.0),Analytical house prices indicators,I,BEL,Belgium,A,Annual,HPI,Nominal house price indices,IX,Index,1972,,8.38728730869751,,A,Normal value,0,Units,S,"Seasonally adjusted, not calendar adjusted",1,One,2015,
DATAFLOW,OECD.ECO.MPD:DSD_AN_HOUSE_PRICES@DF_HOUSE_PRICES(1.0),Analytical house prices indicators,I,BEL,Belgium,A,Annual,HPI,Nominal house price indices,IX,Index,1973,,9.56499858127116,,A,Normal value,0,Units,S,"Seasonally adjusted, not calendar adjusted",1,One,2015,
DATAFLOW,OECD.ECO.MPD:DSD_AN_HOUSE_PRICES@DF_HOUSE_PRICES(1.0),Analytical house prices indicators,I,BEL,Belgium,A,Annual,HPI,Nominal house price indices,IX,Index,1974,,11.0028741860954,,A,Normal value,0,Units,S,"Seasonally adjusted, not calendar adjusted",1,One,2015,
DATAFLOW,OECD.ECO.MPD:DSD_AN_HOUSE_PRICES@DF_HOUSE_PRICES(1.0),Analytical house prices indicators,I,BEL,Belgium,A,Annual,HPI,Nominal house price indices,IX,Index,1975,,12.7036861216131,,A,Normal value,0,Units,S,"Seasonally adjusted, not calendar adjusted",1,One,2015,
DATAFLOW,OECD.ECO.MPD:DSD_AN_HOUSE_PRICES@DF_HOUSE_PRICES(1.0),Analytical house prices indicators,I,BEL,Belgium,A,Annual,HPI,Nominal house price indices,IX,Index,1976,,15.3937270531401,,A,Normal value,0,Units,S,"Seasonally adjusted, not calendar adjusted",1,One,2015,
DATAFLOW,OECD.ECO.MPD:DSD_AN_HOUSE_PRICES@DF_HOUSE_PRICES(1.0),Analytical house prices indicators,I,BEL,Belgium,A,Annual,HPI,Nominal house price indices,IX,Index,1977,,17.9237997269481,,A,Normal value,0,Units,S,"Seasonally adjusted, not calendar adjusted",1,One,2015,
DATAFLOW,OECD.ECO.MPD:DSD_AN_HOUSE_PRICES@DF_HOUSE_PRICES(1.0),Analytical house prices indicators,I,BEL,Belgium,A,Annual,HPI,Nominal house price indices,IX,Index,1978,,20.0180968021424,,A,Normal value,0,Units,S,"Seasonally adjusted, not calendar adjusted",1,One,2015,
DATAFLOW,OECD.ECO.MPD:DSD_AN_HOUSE_PRICES@DF_HOUSE_PRICES(1.0),Analytical house prices indicators,I,BEL,Belgium,A,Annual,HPI,Nominal house price indices,IX,Index,1979,,21.7041990128124,,A,Normal value,0,Units,S,"Seasonally adjusted, not calendar adjusted",1,One,2015,
DATAFLOW,OECD.ECO.MPD:DSD_AN_HOUSE_PRICES@DF_HOUSE_PRICES(1.0),Analytical house prices indicators,I,BEL,Belgium,A,Annual,HPI,Nominal house price indices,IX,Index,1980,,21.8733608485612,,A,Normal value,0,Units,S,"Seasonally adjusted, not calendar adjusted",1,One,2015,
DATAFLOW,OECD.ECO.MPD:DSD_AN_HOUSE_PRICES@DF_HOUSE_PRICES(1.0),Analytical house prices indicators,I,BEL,Belgium,A,Annual,HPI,Nominal house price indices,IX,Index,1981,,20.6873892827137,,A,Normal value,0,Units,S,"Seasonally adjusted, not calendar adjusted",1,One,2015,
DATAFLOW,OECD.ECO.MPD:DSD_AN_HOUSE_PRICES@DF_HOUSE_PRICES(1.0),Analytical house prices indicators,I,BEL,Belgium,A,Annual,HPI,Nominal house price indices,IX,Index,1982,,19.9316771686621,,A,Normal value,0,Units,S,"Seasonally adjusted, not calendar adjusted",1,One,2015,
DATAFLOW,OECD.ECO.MPD:DSD_AN_HOUSE_PRICES@DF_HOUSE_PRICES(1.0),Analytical house prices indicators,I,BEL,Belgium,A,Annual,HPI,Nominal house price indices,IX,Index,1986,,21.2481975425331,,A,Normal value,0,Units,S,"Seasonally adjusted, not calendar adjusted",1,One,2015,
DATAFLOW,OECD.ECO.MPD:DSD_AN_HOUSE_PRICES@DF_HOUSE_PRICES(1.0),Analytical house prices indicators,I,BEL,Belgium,A,Annual,HPI,Nominal house price indices,IX,Index,1987,,22.6070083753413,,A,Normal value,0,Units,S,"Seasonally adjusted, not calendar adjusted",1,One,2015,
DATAFLOW,OECD.ECO.MPD:DSD_AN_HOUSE_PRICES@DF_HOUSE_PRICES(1.0),Analytical house prices indicators,I,BEL,Belgium,A,Annual,HPI,Nominal house price indices,IX,Index,1988,,24.4273368252468,,A,Normal value,0,Units,S,"Seasonally adjusted, not calendar adjusted",1,One,2015,
DATAFLOW,OECD.ECO.MPD:DSD_AN_HOUSE_PRICES@DF_HOUSE_PRICES(1.0),Analytical house prices indicators,I,BEL,Belgium,A,Annual,HPI,Nominal house price indices,IX,Index,1989,,27.8142509714346,,A,Normal value,0,Units,S,"Seasonally adjusted, not calendar adjusted",1,One,2015,
DATAFLOW,OECD.ECO.MPD:DSD_AN_HOUSE_PRICES@DF_HOUSE_PRICES(1.0),Analytical house prices indicators,I,BEL,Belgium,A,Annual,HPI,Nominal house price indices,IX,Index,1990,,30.7598733721907,,A,Normal value,0,Units,S,"Seasonally adjusted, not calendar adjusted",1,One,2015,
DATAFLOW,OECD.ECO.MPD:DSD_AN_HOUSE_PRICES@DF_HOUSE_PRICES(1.0),Analytical house prices indicators,I,BEL,Belgium,A,Annual,HPI,Nominal house price indices,IX,Index,1991,,32.0690388836379,,A,Normal value,0,Units,S,"Seasonally adjusted, not calendar adjusted",1,One,2015,
DATAFLOW,OECD.ECO.MPD:DSD_AN_HOUSE_PRICES@DF_HOUSE_PRICES(1.0),Analytical house prices indicators,I,BEL,Belgium,A,Annual,HPI,Nominal house price indices,IX,Index,1992,,34.2056264177694,,A,Normal value,0,Units,S,"Seasonally adjusted, not calendar adjusted",1,One,2015,
DATAFLOW,OECD.ECO.MPD:DSD_AN_HOUSE_PRICES@DF_HOUSE_PRICES(1.0),Analytical house prices indicators,I,BEL,Belgium,A,Annual,HPI,Nominal house price indices,IX,Index,1993,,36.0241161520689,,A,Normal value,0,Units,S,"Seasonally adjusted, not calendar adjusted",1,One,2015,
DATAFLOW,OECD.ECO.MPD:DSD_AN_HOUSE_PRICES@DF_HOUSE_PRICES(1.0),Analytical house prices indicators,I,BEL,Belgium,A,Annual,HPI,Nominal house price indices,IX,Index,1994,,38.3317042375551,,A,Normal value,0,Units,S,"Seasonally adjusted, not calendar adjusted",1,One,2015,
DATAFLOW,OECD.ECO.MPD:DSD_AN_HOUSE_PRICES@DF_HOUSE_PRICES(1.0),Analytical house prices indicators,I,BEL,Belgium,A,Annual,HPI,Nominal house price indices,IX,Index,1995,,40.0637743383743,,A,Normal value,0,Units,S,"Seasonally adjusted, not calendar adjusted",1,One,2015,
DATAFLOW,OECD.ECO.MPD:DSD_AN_HOUSE_PRICES@DF_HOUSE_PRICES(1.0),Analytical house prices indicators,I,BEL,Belgium,A,Annual,HPI,Nominal house price indices,IX,Index,1996,,40.9334868199958,,A,Normal value,0,Units,S,"Seasonally adjusted, not calendar adjusted",1,One,2015,
DATAFLOW,OECD.ECO.MPD:DSD_AN_HOUSE_PRICES@DF_HOUSE_PRICES(1.0),Analytical house prices indicators,I,BEL,Belgium,A,Annual,HPI,Nominal house price indices,IX,Index,1997,,41.9190383847931,,A,Normal value,0,Units,S,"Seasonally adjusted, not calendar adjusted",1,One,2015,
DATAFLOW,OECD.ECO.MPD:DSD_AN_HOUSE_PRICES@DF_HOUSE_PRICES(1.0),Analytical house prices indicators,I,BEL,Belgium,A,Annual,HPI,Nominal house price indices,IX,Index,1998,,44.5796598666247,,A,Normal value,0,Units,S,"Seasonally adjusted, not calendar adjusted",1,One,2015,
DATAFLOW,OECD.ECO.MPD:DSD_AN_HOUSE_PRICES@DF_HOUSE_PRICES(1.0),Analytical house prices indicators,I,BEL,Belgium,A,Annual,HPI,Nominal house price indices,IX,Index,1999,,47.7477668557026,,A,Normal value,0,Units,S,"Seasonally adjusted, not calendar adjusted",1,One,2015,
DATAFLOW,OECD.ECO.MPD:DSD_AN_HOUSE_PRICES@DF_HOUSE_PRICES(1.0),Analytical house prices indicators,I,BEL,Belgium,A,Annual,HPI,Nominal house price indices,IX,Index,2000,,50.3330009976896,,A,Normal value,0,Units,S,"Seasonally adjusted, not calendar adjusted",1,One,2015,
DATAFLOW,OECD.ECO.MPD:DSD_AN_HOUSE_PRICES@DF_HOUSE_PRICES(1.0),Analytical house prices indicators,I,BEL,Belgium,A,Annual,HPI,Nominal house price indices,IX,Index,2001,,52.7711378911993,,A,Normal value,0,Units,S,"Seasonally adjusted, not calendar adjusted",1,One,2015,
DATAFLOW,OECD.ECO.MPD:DSD_AN_HOUSE_PRICES@DF_HOUSE_PRICES(1.0),Analytical house prices indicators,I,BEL,Belgium,A,Annual,HPI,Nominal house price indices,IX,Index,2002,,56.1488584593573,,A,Normal value,0,Units,S,"Seasonally adjusted, not calendar adjusted",1,One,2015,
DATAFLOW,OECD.ECO.MPD:DSD_AN_HOUSE_PRICES@DF_HOUSE_PRICES(1.0),Analytical house prices indicators,I,BEL,Belgium,A,Annual,HPI,Nominal house price indices,IX,Index,2004,,65.235790984037,,A,Normal value,0,Units,S,"Seasonally adjusted, not calendar adjusted",1,One,2015,
DATAFLOW,OECD.ECO.MPD:DSD_AN_HOUSE_PRICES@DF_HOUSE_PRICES(1.0),Analytical house prices indicators,I,BEL,Belgium,A,Annual,HPI,Nominal house price indices,IX,Index,2005,,72.84625,,A,Normal value,0,Units,S,"Seasonally adjusted, not calendar adjusted",1,One,2015,
DATAFLOW,OECD.ECO.MPD:DSD_AN_HOUSE_PRICES@DF_HOUSE_PRICES(1.0),Analytical house prices indicators,I,BEL,Belgium,A,Annual,HPI,Nominal house price indices,IX,Index,2006,,79.99425,,A,Normal value,0,Units,S,"Seasonally adjusted, not calendar adjusted",1,One,2015,
DATAFLOW,OECD.ECO.MPD:DSD_AN_HOUSE_PRICES@DF_HOUSE_PRICES(1.0),Analytical house prices indicators,I,BEL,Belgium,A,Annual,HPI,Nominal house price indices,IX,Index,2007,,86.199,,A,Normal value,0,Units,S,"Seasonally adjusted, not calendar adjusted",1,One,2015,
DATAFLOW,OECD.ECO.MPD:DSD_AN_HOUSE_PRICES@DF_HOUSE_PRICES(1.0),Analytical house prices indicators,I,BEL,Belgium,A,Annual,HPI,Nominal house price indices,IX,Index,2008,,89.947,,A,Normal value,0,Units,S,"Seasonally adjusted, not calendar adjusted",1,One,2015,
DATAFLOW,OECD.ECO.MPD:DSD_AN_HOUSE_PRICES@DF_HOUSE_PRICES(1.0),Analytical house prices indicators,I,BEL,Belgium,A,Annual,HPI,Nominal house price indices,IX,Index,2009,,89.5805,,A,Normal value,0,Units,S,"Seasonally adjusted, not calendar adjusted",1,One,2015,
DATAFLOW,OECD.ECO.MPD:DSD_AN_HOUSE_PRICES@DF_HOUSE_PRICES(1.0),Analytical house prices indicators,I,BEL,Belgium,A,Annual,HPI,Nominal house price indices,IX,Index,2010,,91.5985,,A,Normal value,0,Units,S,"Seasonally adjusted, not calendar adjusted",1,One,2015,
DATAFLOW,OECD.ECO.MPD:DSD_AN_HOUSE_PRICES@DF_HOUSE_PRICES(1.0),Analytical house prices indicators,I,BEL,Belgium,A,Annual,HPI,Nominal house price indices,IX,Index,2011,,94.87725,,A,Normal value,0,Units,S,"Seasonally adjusted, not calendar adjusted",1,One,2015,
DATAFLOW,OECD.ECO.MPD:DSD_AN_HOUSE_PRICES@DF_HOUSE_PRICES(1.0),Analytical house prices indicators,I,BEL,Belgium,A,Annual,HPI,Nominal house price indices,IX,Index,2012,,97.111,,A,Normal value,0,Units,S,"Seasonally adjusted, not calendar adjusted",1,One,2015,
DATAFLOW,OECD.ECO.MPD:DSD_AN_HOUSE_PRICES@DF_HOUSE_PRICES(1.0),Analytical house prices indicators,I,BEL,Belgium,A,Annual,HPI,Nominal house price indices,IX,Index,2013,,98.5505,,A,Normal value,0,Units,S,"Seasonally adjusted, not calendar adjusted",1,One,2015,
DATAFLOW,OECD.ECO.MPD:DSD_AN_HOUSE_PRICES@DF_HOUSE_PRICES(1.0),Analytical house prices indicators,I,BEL,Belgium,A,Annual,HPI,Nominal house price indices,IX,Index,2014,,98.21675,,A,Normal value,0,Units,S,"Seasonally adjusted, not calendar adjusted",1,One,2015,
DATAFLOW,OECD.ECO.MPD:DSD_AN_HOUSE_PRICES@DF_HOUSE_PRICES(1.0),Analytical house prices indicators,I,BEL,Belgium,A,Annual,HPI,Nominal house price indices,IX,Index,2016,,102.33025,,A,Normal value,0,Units,S,"Seasonally adjusted, not calendar adjusted",1,One,2015,
DATAFLOW,OECD.ECO.MPD:DSD_AN_HOUSE_PRICES@DF_HOUSE_PRICES(1.0),Analytical house prices indicators,I,BEL,Belgium,A,Annual,HPI,Nominal house price indices,IX,Index,2017,,105.94825,,A,Normal value,0,Units,S,"Seasonally adjusted, not calendar adjusted",1,One,2015,
DATAFLOW,OECD.ECO.MPD:DSD_AN_HOUSE_PRICES@DF_HOUSE_PRICES(1.0),Analytical house prices indicators,I,BEL,Belgium,A,Annual,HPI,Nominal house price indices,IX,Index,2018,,109.14475,,A,Normal value,0,Units,S,"Seasonally adjusted, not calendar adjusted",1,One,2015,
DATAFLOW,OECD.ECO.MPD:DSD_AN_HOUSE_PRICES@DF_HOUSE_PRICES(1.0),Analytical house prices indicators,I,BEL,Belgium,A,Annual,HPI,Nominal house price indices,IX,Index,2019,,113.23325,,A,Normal value,0,Units,S,"Seasonally adjusted, not calendar adjusted",1,One,2015,
DATAFLOW,OECD.ECO.MPD:DSD_AN_HOUSE_PRICES@DF_HOUSE_PRICES(1.0),Analytical house prices indicators,I,BEL,Belgium,A,Annual,HPI,Nominal house price indices,IX,Index,2020,,118.08675,,A,Normal value,0,Units,S,"Seasonally adjusted, not calendar adjusted",1,One,2015,
DATAFLOW,OECD.ECO.MPD:DSD_AN_HOUSE_PRICES@DF_HOUSE_PRICES(1.0),Analytical house prices indicators,I,BEL,Belgium,A,Annual,HPI,Nominal house price indices,IX,Index,2021,,125.96225,,A,Normal value,0,Units,S,"Seasonally adjusted, not calendar adjusted",1,One,2015,
DATAFLOW,OECD.ECO.MPD:DSD_AN_HOUSE_PRICES@DF_HOUSE_PRICES(1.0),Analytical house prices indicators,I,BEL,Belgium,A,Annual,HPI,Nominal house price indices,IX,Index,2022,,132.92875,,A,Normal value,0,Units,S,"Seasonally adjusted, not calendar adjusted",1,One,2015,
DATAFLOW,OECD.ECO.MPD:DSD_AN_HOUSE_PRICES@DF_HOUSE_PRICES(1.0),Analytical house prices indicators,I,BEL,Belgium,A,Annual,HPI,Nominal house price indices,IX,Index,2023,,136.043,,A,Normal value,0,Units,S,"Seasonally adjusted, not calendar adjusted",1,One,2015,
DATAFLOW,OECD.ECO.MPD:DSD_AN_HOUSE_PRICES@DF_HOUSE_PRICES(1.0),Analytical house prices indicators,I,BEL,Belgium,A,Annual,HPI,Nominal house price indices,IX,Index,2024,,140.416,,A,Normal value,0,Units,S,"Seasonally adjusted, not calendar adjusted",1,One,2015,
DATAFLOW,OECD.ECO.MPD:DSD_AN_HOUSE_PRICES@DF_HOUSE_PRICES(1.0),Analytical house prices indicators,I,CAN,Canada,A,Annual,HPI,Nominal house price indices,IX,Index,1970,,5.3983102890341,,A,Normal value,0,Units,S,"Seasonally adjusted, not calendar adjusted",1,One,2015,
DATAFLOW,OECD.ECO.MPD:DSD_AN_HOUSE_PRICES@DF_HOUSE_PRICES(1.0),Analytical house prices indicators,I,CAN,Canada,A,Annual,HPI,Nominal house price indices,IX,Index,1971,,5.68936872790975,,A,Normal value,0,Units,S,"Seasonally adjusted, not calendar adjusted",1,One,2015,
DATAFLOW,OECD.ECO.MPD:DSD_AN_HOUSE_PRICES@DF_HOUSE_PRICES(1.0),Analytical house prices indicators,I,CAN,Canada,A,Annual,HPI,Nominal house price indices,IX,Index,1972,,6.15616056405657,,A,Normal value,0,Units,S,"Seasonally adjusted, not calendar adjusted",1,One,2015,
DATAFLOW,OECD.ECO.MPD:DSD_AN_HOUSE_PRICES@DF_HOUSE_PRICES(1.0),Analytical house prices indicators,I,CAN,Canada,A,Annual,HPI,Nominal house price indices,IX,Index,1973,,7.45219436667249,,A,Normal value,0,Units,S,"Seasonally adjusted, not calendar adjusted",1,One,2015,
DATAFLOW,OECD.ECO.MPD:DSD_AN_HOUSE_PRICES@DF_HOUSE_PRICES(1.0),Analytical house prices indicators,I,CAN,Canada,A,Annual,HPI,Nominal house price indices,IX,Index,1974,,9.50058677576852,,A,Normal value,0,Units,S,"Seasonally adjusted, not calendar adjusted",1,One,2015,
DATAFLOW,OECD.ECO.MPD:DSD_AN_HOUSE_PRICES@DF_HOUSE_PRICES(1.0),Analytical house prices indicators,I,CAN,Canada,A,Annual,HPI,Nominal house price indices,IX,Index,1975,,10.6044121758024,,A,Normal value,0,Units,S,"Seasonally adjusted, not calendar adjusted",1,One,2015,
DATAFLOW,OECD.ECO.MPD:DSD_AN_HOUSE_PRICES@DF_HOUSE_PRICES(1.0),Analytical house prices indicators,I,CAN,Canada,A,Annual,HPI,Nominal house price indices,IX,Index,1976,,11.8839709728307,,A,Normal value,0,Units,S,"Seasonally adjusted, not calendar adjusted",1,One,2015,
DATAFLOW,OECD.ECO.MPD:DSD_AN_HOUSE_PRICES@DF_HOUSE_PRICES(1.0),Analytical house prices indicators,I,CAN,Canada,A,Annual,HPI,Nominal house price indices,IX,Index,1977,,12.4660878511356,,A,Normal value,0,Units,S,"Seasonally adjusted, not calendar adjusted",1,One,2015,
DATAFLOW,OECD.ECO.MPD:DSD_AN_HOUSE_PRICES@DF_HOUSE_PRICES(1.0),Analytical house prices indicators,I,CAN,Canada,A,Annual,HPI,Nominal house price indices,IX,Index,1978,,13.0976297457686,,A,Normal value,0,Units,S,"Seasonally adjusted, not calendar adjusted",1,One,2015,
DATAFLOW,OECD.ECO.MPD:DSD_AN_HOUSE_PRICES@DF_HOUSE_PRICES(1.0),Analytical house prices indicators,I,CAN,Canada,A,Annual,HPI,Nominal house price indices,IX,Index,1979,,14.4595635729098,,A,Normal value,0,Units,S,"Seasonally adjusted, not calendar adjusted",1,One,2015,
DATAFLOW,OECD.ECO.MPD:DSD_AN_HOUSE_PRICES@DF_HOUSE_PRICES(1.0),Analytical house prices indicators,I,CAN,Canada,A,Annual,HPI,Nominal house price indices,IX,Index,1980,,16.2616272626176,,A,Normal value,0,Units,S,"Seasonally adjusted, not calendar adjusted",1,One,2015,
DATAFLOW,OECD.ECO.MPD:DSD_AN_HOUSE_PRICES@DF_HOUSE_PRICES(1.0),Analytical house prices indicators,I,CAN,Canada,A,Annual,HPI,Nominal house price indices,IX,Index,1981,,18.5729047851581,,A,Normal value,0,Units,S,"Seasonally adjusted, not calendar adjusted",1,One,2015,
DATAFLOW,OECD.ECO.MPD:DSD_AN_HOUSE_PRICES@DF_HOUSE_PRICES(1.0),Analytical house prices indicators,I,CAN,Canada,A,Annual,HPI,Nominal house price indices,IX,Index,1982,,17.6356506207785,,A,Normal value,0,Units,S,"Seasonally adjusted, not calendar adjusted",1,One,2015,
DATAFLOW,OECD.ECO.MPD:DSD_AN_HOUSE_PRICES@DF_HOUSE_PRICES(1.0),Analytical house prices indicators,I,CAN,Canada,A,Annual,HPI,Nominal house price indices,IX,Index,1983,,18.6679312679634,,A,Normal value,0,Units,S,"Seasonally adjusted, not calendar adjusted",1,One,2015,
DATAFLOW,OECD.ECO.MPD:DSD_AN_HOUSE_PRICES@DF_HOUSE_PRICES(1.0),Analytical house prices indicators,I,CAN,Canada,A,Annual,HPI,Nominal house price indices,IX,Index,1984,,18.558860564091,,A,Normal value,0,Units,S,"Seasonally adjusted, not calendar adjusted",1,One,2015,
DATAFLOW,OECD.ECO.MPD:DSD_AN_HOUSE_PRICES@DF_HOUSE_PRICES(1.0),Analytical house prices indicators,I,CAN,Canada,A,Annual,HPI,Nominal house price indices,IX,Index,1985,,19.5248111455429,,A,Normal value,0,Units,S,"Seasonally adjusted, not calendar adjusted",1,One,2015,
DATAFLOW,OECD.ECO.MPD:DSD_AN_HOUSE_PRICES@DF_HOUSE_PRICES(1.0),Analytical house prices indicators,I,CAN,Canada,A,Annual,HPI,Nominal house price indices,IX,Index,1986,,22.8802248282175,,A,Normal value,0,Units,S,"Seasonally adjusted, not calendar adjusted",1,One,2015,
DATAFLOW,OECD.ECO.MPD:DSD_AN_HOUSE_PRICES@DF_HOUSE_PRICES(1.0),Analytical house prices indicators,I,CAN,Canada,A,Annual,HPI,Nominal house price indices,IX,Index,1987,,26.8069525601055,,A,Normal value,0,Units,S,"Seasonally adjusted, not calendar adjusted",1,One,2015,
DATAFLOW,OECD.ECO.MPD:DSD_AN_HOUSE_PRICES@DF_HOUSE_PRICES(1.0),Analytical house prices indicators,I,CAN,Canada,A,Annual,HPI,Nominal house price indices,IX,Index,1988,,31.6336047951815,,A,Normal value,0,Units,S,"Seasonally adjusted, not calendar adjusted",1,One,2015,
DATAFLOW,OECD.ECO.MPD:DSD_AN_HOUSE_PRICES@DF_HOUSE_PRICES(1.0),Analytical house prices indicators,I,CAN,Canada,A,Annual,HPI,Nominal house price indices,IX,Index,1989,,35.7140893888831,,A,Normal value,0,Units,S,"Seasonally adjusted, not calendar adjusted",1,One,2015,
DATAFLOW,OECD.ECO.MPD:DSD_AN_HOUSE_PRICES@DF_HOUSE_PRICES(1.0),Analytical house prices indicators,I,CAN,Canada,A,Annual,HPI,Nominal house price indices,IX,Index,1990,,34.4350317143749,,A,Normal value,0,Units,S,"Seasonally adjusted, not calendar adjusted",1,One,2015,
DATAFLOW,OECD.ECO.MPD:DSD_AN_HOUSE_PRICES@DF_HOUSE_PRICES(1.0),Analytical house prices indicators,I,CAN,Canada,A,Annual,HPI,Nominal house price indices,IX,Index,1991,,35.9874957184896,,A,Normal value,0,Units,S,"Seasonally adjusted, not calendar adjusted",1,One,2015,
DATAFLOW,OECD.ECO.MPD:DSD_AN_HOUSE_PRICES@DF_HOUSE_PRICES(1.0),Analytical house prices indicators,I,CAN,Canada,A,Annual,HPI,Nominal house price indices,IX,Index,1992,,36.4774019235085,,A,Normal value,0,Units,S,"Seasonally adjusted, not calendar adjusted",1,One,2015,
DATAFLOW,OECD.ECO.MPD:DSD_AN_HOUSE_PRICES@DF_HOUSE_PRICES(1.0),Analytical house prices indicators,I,CAN,Canada,A,Annual,HPI,Nominal house price indices,IX,Index,1993,,37.1766946971653,,A,Normal value,0,Units,S,"Seasonally adjusted, not calendar adjusted",1,One,2015,
DATAFLOW,OECD.ECO.MPD:DSD_AN_HOUSE_PRICES@DF_HOUSE_PRICES(1.0),Analytical house prices indicators,I,CAN,Canada,A,Annual,HPI,Nominal house price indices,IX,Index,1994,,38.3632793836077,,A,Normal value,0,Units,S,"Seasonally adjusted, not calendar adjusted",1,One,2015,
DATAFLOW,OECD.ECO.MPD:DSD_AN_HOUSE_PRICES@DF_HOUSE_PRICES(1.0),Analytical house prices indicators,I,CAN,Canada,A,Annual,HPI,Nominal house price indices,IX,Index,1995,,36.6935978114518,,A,Normal value,0,Units,S,"Seasonally adjusted, not calendar adjusted",1,One,2015,
DATAFLOW,OECD.ECO.MPD:DSD_AN_HOUSE_PRICES@DF_HOUSE_PRICES(1.0),Analytical house prices indicators,I,CAN,Canada,A,Annual,HPI,Nominal house price indices,IX,Index,1996,,36.6715891186971,,A,Normal value,0,Units,S,"Seasonally adjusted, not calendar adjusted",1,One,2015,
DATAFLOW,OECD.ECO.MPD:DSD_AN_HOUSE_PRICES@DF_HOUSE_PRICES(1.0),Analytical house prices indicators,I,CAN,Canada,A,Annual,HPI,Nominal house price indices,IX,Index,1997,,37.5639747326544,,A,Normal value,0,Units,S,"Seasonally adjusted, not calendar adjusted",1,One,2015,
DATAFLOW,OECD.ECO.MPD:DSD_AN_HOUSE_PRICES@DF_HOUSE_PRICES(1.0),Analytical house prices indicators,I,CAN,Canada,A,Annual,HPI,Nominal house price indices,IX,Index,1998,,37.0408122985283,,A,Normal value,0,Units,S,"Seasonally adjusted, not calendar adjusted",1,One,2015,
DATAFLOW,OECD.ECO.MPD:DSD_AN_HOUSE_PRICES@DF_HOUSE_PRICES(1.0),Analytical house prices indicators,I,CAN,Canada,A,Annual,HPI,Nominal house price indices,IX,Index,1999,,38.2039541455209,,A,Normal value,0,Units,S,"Seasonally adjusted, not calendar adjusted",1,One,2015,
DATAFLOW,OECD.ECO.MPD:DSD_AN_HOUSE_PRICES@DF_HOUSE_PRICES(1.0),Analytical house prices indicators,I,CAN,Canada,A,Annual,HPI,Nominal house price indices,IX,Index,2000,,39.8778978008373,,A,Normal value,0,Units,S,"Seasonally adjusted, not calendar adjusted",1,One,2015,
DATAFLOW,OECD.ECO.MPD:DSD_AN_HOUSE_PRICES@DF_HOUSE_PRICES(1.0),Analytical house prices indicators,I,CAN,Canada,A,Annual,HPI,Nominal house price indices,IX,Index,2001,,41.760464215172,,A,Normal value,0,Units,S,"Seasonally adjusted, not calendar adjusted",1,One,2015,
DATAFLOW,OECD.ECO.MPD:DSD_AN_HOUSE_PRICES@DF_HOUSE_PRICES(1.0),Analytical house prices indicators,I,CAN,Canada,A,Annual,HPI,Nominal house price indices,IX,Index,2002,,45.0951206373508,,A,Normal value,0,Units,S,"Seasonally adjusted, not calendar adjusted",1,One,2015,
DATAFLOW,OECD.ECO.MPD:DSD_AN_HOUSE_PRICES@DF_HOUSE_PRICES(1.0),Analytical house prices indicators,I,CAN,Canada,A,Annual,HPI,Nominal house price indices,IX,Index,2003,,48.8555281487152,,A,Normal value,0,Units,S,"Seasonally adjusted, not calendar adjusted",1,One,2015,
DATAFLOW,OECD.ECO.MPD:DSD_AN_HOUSE_PRICES@DF_HOUSE_PRICES(1.0),Analytical house prices indicators,I,CAN,Canada,A,Annual,HPI,Nominal house price indices,IX,Index,2004,,52.7765964484515,,A,Normal value,0,Units,S,"Seasonally adjusted, not calendar adjusted",1,One,2015,
DATAFLOW,OECD.ECO.MPD:DSD_AN_HOUSE_PRICES@DF_HOUSE_PRICES(1.0),Analytical house prices indicators,I,CAN,Canada,A,Annual,HPI,Nominal house price indices,IX,Index,2005,,56.9485790970864,,A,Normal value,0,Units,S,"Seasonally adjusted, not calendar adjusted",1,One,2015,
DATAFLOW,OECD.ECO.MPD:DSD_AN_HOUSE_PRICES@DF_HOUSE_PRICES(1.0),Analytical house prices indicators,I,CAN,Canada,A,Annual,HPI,Nominal house price indices,IX,Index,2006,,63.3112188483455,,A,Normal value,0,Units,S,"Seasonally adjusted, not calendar adjusted",1,One,2015,
DATAFLOW,OECD.ECO.MPD:DSD_AN_HOUSE_PRICES@DF_HOUSE_PRICES(1.0),Analytical house prices indicators,I,CAN,Canada,A,Annual,HPI,Nominal house price indices,IX,Index,2007,,70.5206354606712,,A,Normal value,0,Units,S,"Seasonally adjusted, not calendar adjusted",1,One,2015,
DATAFLOW,OECD.ECO.MPD:DSD_AN_HOUSE_PRICES@DF_HOUSE_PRICES(1.0),Analytical house prices indicators,I,CAN,Canada,A,Annual,HPI,Nominal house price indices,IX,Index,2008,,74.0547002731234,,A,Normal value,0,Units,S,"Seasonally adjusted, not calendar adjusted",1,One,2015,
DATAFLOW,OECD.ECO.MPD:DSD_AN_HOUSE_PRICES@DF_HOUSE_PRICES(1.0),Analytical house prices indicators,I,CAN,Canada,A,Annual,HPI,Nominal house price indices,IX,Index,2009,,72.8431289161068,,A,Normal value,0,Units,S,"Seasonally adjusted, not calendar adjusted",1,One,2015,
DATAFLOW,OECD.ECO.MPD:DSD_AN_HOUSE_PRICES@DF_HOUSE_PRICES(1.0),Analytical house prices indicators,I,CAN,Canada,A,Annual,HPI,Nominal house price indices,IX,Index,2010,,79.3621766701634,,A,Normal value,0,Units,S,"Seasonally adjusted, not calendar adjusted",1,One,2015,
DATAFLOW,OECD.ECO.MPD:DSD_AN_HOUSE_PRICES@DF_HOUSE_PRICES(1.0),Analytical house prices indicators,I,CAN,Canada,A,Annual,HPI,Nominal house price indices,IX,Index,2011,,83.6617428860347,,A,Normal value,0,Units,S,"Seasonally adjusted, not calendar adjusted",1,One,2015,
DATAFLOW,OECD.ECO.MPD:DSD_AN_HOUSE_PRICES@DF_HOUSE_PRICES(1.0),Analytical house prices indicators,I,CAN,Canada,A,Annual,HPI,Nominal house price indices,IX,Index,2012,,87.6404600568929,,A,Normal value,0,Units,S,"Seasonally adjusted, not calendar adjusted",1,One,2015,
DATAFLOW,OECD.ECO.MPD:DSD_AN_HOUSE_PRICES@DF_HOUSE_PRICES(1.0),Analytical house prices indicators,I,CAN,Canada,A,Annual,HPI,Nominal house price indices,IX,Index,2013,,90.1127460708986,,A,Normal value,0,Units,S,"Seasonally adjusted, not calendar adjusted",1,One,2015,
DATAFLOW,OECD.ECO.MPD:DSD_AN_HOUSE_PRICES@DF_HOUSE_PRICES(1.0),Analytical house prices indicators,I,CAN,Canada,A,Annual,HPI,Nominal house price indices,IX,Index,2014,,94.8857890807367,,A,Normal value,0,Units,S,"Seasonally adjusted, not calendar adjusted",1,One,2015,
DATAFLOW,OECD.ECO.MPD:DSD_AN_HOUSE_PRICES@DF_HOUSE_PRICES(1.0),Analytical house prices indicators,I,CAN,Canada,A,Annual,HPI,Nominal house price indices,IX,Index,2016,,109.991210909813,,A,Normal value,0,Units,S,"Seasonally adjusted, not calendar adjusted",1,One,2015,
DATAFLOW,OECD.ECO.MPD:DSD_AN_HOUSE_PRICES@DF_HOUSE_PRICES(1.0),Analytical house prices indicators,I,CAN,Canada,A,Annual,HPI,Nominal house price indices,IX,Index,2017,,122.700424333494,,A,Normal value,0,Units,S,"Seasonally adjusted, not calendar adjusted",1,One,2015,
DATAFLOW,OECD.ECO.MPD:DSD_AN_HOUSE_PRICES@DF_HOUSE_PRICES(1.0),Analytical house prices indicators,I,CAN,Canada,A,Annual,HPI,Nominal house price indices,IX,Index,2018,,127.171519567539,,A,Normal value,0,Units,S,"Seasonally adjusted, not calendar adjusted",1,One,2015,
DATAFLOW,OECD.ECO.MPD:DSD_AN_HOUSE_PRICES@DF_HOUSE_PRICES(1.0),Analytical house prices indicators,I,CAN,Canada,A,Annual,HPI,Nominal house price indices,IX,Index,2019,,129.032822054001,,A,Normal value,0,Units,S,"Seasonally adjusted, not calendar adjusted",1,One,2015,
DATAFLOW,OECD.ECO.MPD:DSD_AN_HOUSE_PRICES@DF_HOUSE_PRICES(1.0),Analytical house prices indicators,I,CAN,Canada,A,Annual,HPI,Nominal house price indices,IX,Index,2020,,137.38576545415,,A,Normal value,0,Units,S,"Seasonally adjusted, not calendar adjusted",1,One,2015,
DATAFLOW,OECD.ECO.MPD:DSD_AN_HOUSE_PRICES@DF_HOUSE_PRICES(1.0),Analytical house prices indicators,I,CAN,Canada,A,Annual,HPI,Nominal house price indices,IX,Index,2021,,157.612958710177,,A,Normal value,0,Units,S,"Seasonally adjusted, not calendar adjusted",1,One,2015,
DATAFLOW,OECD.ECO.MPD:DSD_AN_HOUSE_PRICES@DF_HOUSE_PRICES(1.0),Analytical house prices indicators,I,CAN,Canada,A,Annual,HPI,Nominal house price indices,IX,Index,2022,,175.362668103163,,A,Normal value,0,Units,S,"Seasonally adjusted, not calendar adjusted",1,One,2015,
DATAFLOW,OECD.ECO.MPD:DSD_AN_HOUSE_PRICES@DF_HOUSE_PRICES(1.0),Analytical house prices indicators,I,CAN,Canada,A,Annual,HPI,Nominal house price indices,IX,Index,2023,,171.758196062866,,A,Normal value,0,Units,S,"Seasonally adjusted, not calendar adjusted",1,One,2015,
DATAFLOW,OECD.ECO.MPD:DSD_AN_HOUSE_PRICES@DF_HOUSE_PRICES(1.0),Analytical house prices indicators,I,CAN,Canada,A,Annual,HPI,Nominal house price indices,IX,Index,2024,,177.40589530587,,A,Normal value,0,Units,S,"Seasonally adjusted, not calendar adjusted",1,One,2015,
DATAFLOW,OECD.ECO.MPD:DSD_AN_HOUSE_PRICES@DF_HOUSE_PRICES(1.0),Analytical house prices indicators,I,CAN,Canada,A,Annual,HPI,Nominal house price indices,IX,Index,2025,,175.691550187595,,A,Normal value,0,Units,S,"Seasonally adjusted, not calendar adjusted",1,One,2015,
DATAFLOW,OECD.ECO.MPD:DSD_AN_HOUSE_PRICES@DF_HOUSE_PRICES(1.0),Analytical house prices indicators,I,CHL,Chile,A,Annual,HPI,Nominal house price indices,IX,Index,2002,,33.865084661937,,A,Normal value,0,Units,S,"Seasonally adjusted, not calendar adjusted",1,One,2015,
DATAFLOW,OECD.ECO.MPD:DSD_AN_HOUSE_PRICES@DF_HOUSE_PRICES(1.0),Analytical house prices indicators,I,CHL,Chile,A,Annual,HPI,Nominal house price indices,IX,Index,2003,,35.5860889652225,,A,Normal value,0,Units,S,"Seasonally adjusted, not calendar adjusted",1,One,2015,
DATAFLOW,OECD.ECO.MPD:DSD_AN_HOUSE_PRICES@DF_HOUSE_PRICES(1.0),Analytical house prices indicators,I,CHL,Chile,A,Annual,HPI,Nominal house price indices,IX,Index,2004,,38.0590951477379,,A,Normal value,0,Units,S,"Seasonally adjusted, not calendar adjusted",1,One,2015,
DATAFLOW,OECD.ECO.MPD:DSD_AN_HOUSE_PRICES@DF_HOUSE_PRICES(1.0),Analytical house prices indicators,I,CHL,Chile,A,Annual,HPI,Nominal house price indices,IX,Index,2005,,40.6206015515039,,A,Normal value,0,Units,S,"Seasonally adjusted, not calendar adjusted",1,One,2015,
DATAFLOW,OECD.ECO.MPD:DSD_AN_HOUSE_PRICES@DF_HOUSE_PRICES(1.0),Analytical house prices indicators,I,CHL,Chile,A,Annual,HPI,Nominal house price indices,IX,Index,2006,,43.1266078165196,,A,Normal value,0,Units,S,"Seasonally adjusted, not calendar adjusted",1,One,2015,
DATAFLOW,OECD.ECO.MPD:DSD_AN_HOUSE_PRICES@DF_HOUSE_PRICES(1.0),Analytical house prices indicators,I,CHL,Chile,A,Annual,HPI,Nominal house price indices,IX,Index,2007,,46.9188672971683,,A,Normal value,0,Units,S,"Seasonally adjusted, not calendar adjusted",1,One,2015,
DATAFLOW,OECD.ECO.MPD:DSD_AN_HOUSE_PRICES@DF_HOUSE_PRICES(1.0),Analytical house prices indicators,I,CHL,Chile,A,Annual,HPI,Nominal house price indices,IX,Index,2008,,51.6371290928228,,A,Normal value,0,Units,S,"Seasonally adjusted, not calendar adjusted",1,One,2015,
DATAFLOW,OECD.ECO.MPD:DSD_AN_HOUSE_PRICES@DF_HOUSE_PRICES(1.0),Analytical house prices indicators,I,CHL,Chile,A,Annual,HPI,Nominal house price indices,IX,Index,2009,,52.9913824784563,,A,Normal value,0,Units,S,"Seasonally adjusted, not calendar adjusted",1,One,2015,
DATAFLOW,OECD.ECO.MPD:DSD_AN_HOUSE_PRICES@DF_HOUSE_PRICES(1.0),Analytical house prices indicators,I,CHL,Chile,A,Annual,HPI,Nominal house price indices,IX,Index,2010,,57.1638929097324,,A,Normal value,0,Units,S,"Seasonally adjusted, not calendar adjusted",1,One,2015,
DATAFLOW,OECD.ECO.MPD:DSD_AN_HOUSE_PRICES@DF_HOUSE_PRICES(1.0),Analytical house prices indicators,I,CHL,Chile,A,Annual,HPI,Nominal house price indices,IX,Index,2011,,64.155410388526,,A,Normal value,0,Units,S,"Seasonally adjusted, not calendar adjusted",1,One,2015,
DATAFLOW,OECD.ECO.MPD:DSD_AN_HOUSE_PRICES@DF_HOUSE_PRICES(1.0),Analytical house prices indicators,I,CHL,Chile,A,Annual,HPI,Nominal house price indices,IX,Index,2012,,70.9021772554432,,A,Normal value,0,Units,S,"Seasonally adjusted, not calendar adjusted",1,One,2015,
DATAFLOW,OECD.ECO.MPD:DSD_AN_HOUSE_PRICES@DF_HOUSE_PRICES(1.0),Analytical house prices indicators,I,CHL,Chile,A,Annual,HPI,Nominal house price indices,IX,Index,2013,,78.0366950917378,,A,Normal value,0,Units,S,"Seasonally adjusted, not calendar adjusted",1,One,2015,
DATAFLOW,OECD.ECO.MPD:DSD_AN_HOUSE_PRICES@DF_HOUSE_PRICES(1.0),Analytical house prices indicators,I,CHL,Chile,A,Annual,HPI,Nominal house price indices,IX,Index,2014,,88.4454711136779,,A,Normal value,0,Units,S,"Seasonally adjusted, not calendar adjusted",1,One,2015,
DATAFLOW,OECD.ECO.MPD:DSD_AN_HOUSE_PRICES@DF_HOUSE_PRICES(1.0),Analytical house prices indicators,I,CHL,Chile,A,Annual,HPI,Nominal house price indices,IX,Index,2017,,115.274538186346,,A,Normal value,0,Units,S,"Seasonally adjusted, not calendar adjusted",1,One,2015,
DATAFLOW,OECD.ECO.MPD:DSD_AN_HOUSE_PRICES@DF_HOUSE_PRICES(1.0),Analytical house prices indicators,I,CHL,Chile,A,Annual,HPI,Nominal house price indices,IX,Index,2018,,126.811567028918,,A,Normal value,0,Units,S,"Seasonally adjusted, not calendar adjusted",1,One,2015,
DATAFLOW,OECD.ECO.MPD:DSD_AN_HOUSE_PRICES@DF_HOUSE_PRICES(1.0),Analytical house prices indicators,I,CHL,Chile,A,Annual,HPI,Nominal house price indices,IX,Index,2019,,137.49984374961,,A,Normal value,0,Units,S,"Seasonally adjusted, not calendar adjusted",1,One,2015,
DATAFLOW,OECD.ECO.MPD:DSD_AN_HOUSE_PRICES@DF_HOUSE_PRICES(1.0),Analytical house prices indicators,I,CHL,Chile,A,Annual,HPI,Nominal house price indices,IX,Index,2020,,146.627616569042,,A,Normal value,0,Units,S,"Seasonally adjusted, not calendar adjusted",1,One,2015,
DATAFLOW,OECD.ECO.MPD:DSD_AN_HOUSE_PRICES@DF_HOUSE_PRICES(1.0),Analytical house prices indicators,I,CHL,Chile,A,Annual,HPI,Nominal house price indices,IX,Index,2021,,163.996909992275,,A,Normal value,0,Units,S,"Seasonally adjusted, not calendar adjusted",1,One,2015,
DATAFLOW,OECD.ECO.MPD:DSD_AN_HOUSE_PRICES@DF_HOUSE_PRICES(1.0),Analytical house prices indicators,I,CHL,Chile,A,Annual,HPI,Nominal house price indices,IX,Index,2022,,175.24118810297,,A,Normal value,0,Units,S,"Seasonally adjusted, not calendar adjusted",1,One,2015,
DATAFLOW,OECD.ECO.MPD:DSD_AN_HOUSE_PRICES@DF_HOUSE_PRICES(1.0),Analytical house prices indicators,I,CHL,Chile,A,Annual,HPI,Nominal house price indices,IX,Index,2023,,189.200723001808,,A,Normal value,0,Units,S,"Seasonally adjusted, not calendar adjusted",1,One,2015,
DATAFLOW,OECD.ECO.MPD:DSD_AN_HOUSE_PRICES@DF_HOUSE_PRICES(1.0),Analytical house prices indicators,I,CHL,Chile,A,Annual,HPI,Nominal house price indices,IX,Index,2024,,202.939257348143,,A,Normal value,0,Units,S,"Seasonally adjusted, not calendar adjusted",1,One,2015,
DATAFLOW,OECD.ECO.MPD:DSD_AN_HOUSE_PRICES@DF_HOUSE_PRICES(1.0),Analytical house prices indicators,I,CHL,Chile,A,Annual,HPI,Nominal house price indices,IX,Index,2025,,215.814539533883,,A,Normal value,0,Units,S,"Seasonally adjusted, not calendar adjusted",1,One,2015,
DATAFLOW,OECD.ECO.MPD:DSD_AN_HOUSE_PRICES@DF_HOUSE_PRICES(1.0),Analytical house prices indicators,I,COL,Colombia,A,Annual,HPI,Nominal house price indices,IX,Index,1988,,3.81949045114606,,A,Normal value,0,Units,S,"Seasonally adjusted, not calendar adjusted",1,One,2015,
DATAFLOW,OECD.ECO.MPD:DSD_AN_HOUSE_PRICES@DF_HOUSE_PRICES(1.0),Analytical house prices indicators,I,COL,Colombia,A,Annual,HPI,Nominal house price indices,IX,Index,1989,,5.08348729128177,,A,Normal value,0,Units,S,"Seasonally adjusted, not calendar adjusted",1,One,2015,
DATAFLOW,OECD.ECO.MPD:DSD_AN_HOUSE_PRICES@DF_HOUSE_PRICES(1.0),Analytical house prices indicators,I,COL,Colombia,A,Annual,HPI,Nominal house price indices,IX,Index,1990,,6.45998385004037,,A,Normal value,0,Units,S,"Seasonally adjusted, not calendar adjusted",1,One,2015,
DATAFLOW,OECD.ECO.MPD:DSD_AN_HOUSE_PRICES@DF_HOUSE_PRICES(1.0),Analytical house prices indicators,I,COL,Colombia,A,Annual,HPI,Nominal house price indices,IX,Index,1991,,7.8884802787993,,A,Normal value,0,Units,S,"Seasonally adjusted, not calendar adjusted",1,One,2015,
DATAFLOW,OECD.ECO.MPD:DSD_AN_HOUSE_PRICES@DF_HOUSE_PRICES(1.0),Analytical house prices indicators,I,COL,Colombia,A,Annual,HPI,Nominal house price indices,IX,Index,1992,,9.41222646943383,,A,Normal value,0,Units,S,"Seasonally adjusted, not calendar adjusted",1,One,2015,
DATAFLOW,OECD.ECO.MPD:DSD_AN_HOUSE_PRICES@DF_HOUSE_PRICES(1.0),Analytical house prices indicators,I,COL,Colombia,A,Annual,HPI,Nominal house price indices,IX,Index,1993,,11.6739708150729,,A,Normal value,0,Units,S,"Seasonally adjusted, not calendar adjusted",1,One,2015,
DATAFLOW,OECD.ECO.MPD:DSD_AN_HOUSE_PRICES@DF_HOUSE_PRICES(1.0),Analytical house prices indicators,I,COL,Colombia,A,Annual,HPI,Nominal house price indices,IX,Index,1994,,15.4907112732218,,A,Normal value,0,Units,S,"Seasonally adjusted, not calendar adjusted",1,One,2015,
DATAFLOW,OECD.ECO.MPD:DSD_AN_HOUSE_PRICES@DF_HOUSE_PRICES(1.0),Analytical house prices indicators,I,COL,Colombia,A,Annual,HPI,Nominal house price indices,IX,Index,1995,,19.9527001182497,,A,Normal value,0,Units,S,"Seasonally adjusted, not calendar adjusted",1,One,2015,
DATAFLOW,OECD.ECO.MPD:DSD_AN_HOUSE_PRICES@DF_HOUSE_PRICES(1.0),Analytical house prices indicators,I,COL,Colombia,A,Annual,HPI,Nominal house price indices,IX,Index,1996,,23.6066909832725,,A,Normal value,0,Units,S,"Seasonally adjusted, not calendar adjusted",1,One,2015,
DATAFLOW,OECD.ECO.MPD:DSD_AN_HOUSE_PRICES@DF_HOUSE_PRICES(1.0),Analytical house prices indicators,I,COL,Colombia,A,Annual,HPI,Nominal house price indices,IX,Index,1997,,26.088684778288,,A,Normal value,0,Units,S,"Seasonally adjusted, not calendar adjusted",1,One,2015,
DATAFLOW,OECD.ECO.MPD:DSD_AN_HOUSE_PRICES@DF_HOUSE_PRICES(1.0),Analytical house prices indicators,I,COL,Colombia,A,Annual,HPI,Nominal house price indices,IX,Index,1998,,28.9981775045562,,A,Normal value,0,Units,S,"Seasonally adjusted, not calendar adjusted",1,One,2015,
DATAFLOW,OECD.ECO.MPD:DSD_AN_HOUSE_PRICES@DF_HOUSE_PRICES(1.0),Analytical house prices indicators,I,COL,Colombia,A,Annual,HPI,Nominal house price indices,IX,Index,1999,,28.5909285226787,,A,Normal value,0,Units,S,"Seasonally adjusted, not calendar adjusted",1,One,2015,
DATAFLOW,OECD.ECO.MPD:DSD_AN_HOUSE_PRICES@DF_HOUSE_PRICES(1.0),Analytical house prices indicators,I,COL,Colombia,A,Annual,HPI,Nominal house price indices,IX,Index,2000,,28.6646783383041,,A,Normal value,0,Units,S,"Seasonally adjusted, not calendar adjusted",1,One,2015,
DATAFLOW,OECD.ECO.MPD:DSD_AN_HOUSE_PRICES@DF_HOUSE_PRICES(1.0),Analytical house prices indicators,I,COL,Colombia,A,Annual,HPI,Nominal house price indices,IX,Index,2001,,30.1649245876885,,A,Normal value,0,Units,S,"Seasonally adjusted, not calendar adjusted",1,One,2015,
DATAFLOW,OECD.ECO.MPD:DSD_AN_HOUSE_PRICES@DF_HOUSE_PRICES(1.0),Analytical house prices indicators,I,COL,Colombia,A,Annual,HPI,Nominal house price indices,IX,Index,2002,,30.1196747008132,,A,Normal value,0,Units,S,"Seasonally adjusted, not calendar adjusted",1,One,2015,
DATAFLOW,OECD.ECO.MPD:DSD_AN_HOUSE_PRICES@DF_HOUSE_PRICES(1.0),Analytical house prices indicators,I,COL,Colombia,A,Annual,HPI,Nominal house price indices,IX,Index,2003,,30.721423196442,,A,Normal value,0,Units,S,"Seasonally adjusted, not calendar adjusted",1,One,2015,
DATAFLOW,OECD.ECO.MPD:DSD_AN_HOUSE_PRICES@DF_HOUSE_PRICES(1.0),Analytical house prices indicators,I,COL,Colombia,A,Annual,HPI,Nominal house price indices,IX,Index,2004,,33.5946660133349,,A,Normal value,0,Units,S,"Seasonally adjusted, not calendar adjusted",1,One,2015,
DATAFLOW,OECD.ECO.MPD:DSD_AN_HOUSE_PRICES@DF_HOUSE_PRICES(1.0),Analytical house prices indicators,I,COL,Colombia,A,Annual,HPI,Nominal house price indices,IX,Index,2005,,36.5031587421031,,A,Normal value,0,Units,S,"Seasonally adjusted, not calendar adjusted",1,One,2015,
DATAFLOW,OECD.ECO.MPD:DSD_AN_HOUSE_PRICES@DF_HOUSE_PRICES(1.0),Analytical house prices indicators,I,COL,Colombia,A,Annual,HPI,Nominal house price indices,IX,Index,2006,,41.0243974390064,,A,Normal value,0,Units,S,"Seasonally adjusted, not calendar adjusted",1,One,2015,
DATAFLOW,OECD.ECO.MPD:DSD_AN_HOUSE_PRICES@DF_HOUSE_PRICES(1.0),Analytical house prices indicators,I,COL,Colombia,A,Annual,HPI,Nominal house price indices,IX,Index,2007,,47.6618808452979,,A,Normal value,0,Units,S,"Seasonally adjusted, not calendar adjusted",1,One,2015,
DATAFLOW,OECD.ECO.MPD:DSD_AN_HOUSE_PRICES@DF_HOUSE_PRICES(1.0),Analytical house prices indicators,I,COL,Colombia,A,Annual,HPI,Nominal house price indices,IX,Index,2008,,55.1478621303447,,A,Normal value,0,Units,S,"Seasonally adjusted, not calendar adjusted",1,One,2015,
DATAFLOW,OECD.ECO.MPD:DSD_AN_HOUSE_PRICES@DF_HOUSE_PRICES(1.0),Analytical house prices indicators,I,COL,Colombia,A,Annual,HPI,Nominal house price indices,IX,Index,2009,,60.8125979685051,,A,Normal value,0,Units,S,"Seasonally adjusted, not calendar adjusted",1,One,2015,
DATAFLOW,OECD.ECO.MPD:DSD_AN_HOUSE_PRICES@DF_HOUSE_PRICES(1.0),Analytical house prices indicators,I,COL,Colombia,A,Annual,HPI,Nominal house price indices,IX,Index,2010,,65.3790865522836,,A,Normal value,0,Units,S,"Seasonally adjusted, not calendar adjusted",1,One,2015,
DATAFLOW,OECD.ECO.MPD:DSD_AN_HOUSE_PRICES@DF_HOUSE_PRICES(1.0),Analytical house prices indicators,I,COL,Colombia,A,Annual,HPI,Nominal house price indices,IX,Index,2011,,70.713573216067,,A,Normal value,0,Units,S,"Seasonally adjusted, not calendar adjusted",1,One,2015,
DATAFLOW,OECD.ECO.MPD:DSD_AN_HOUSE_PRICES@DF_HOUSE_PRICES(1.0),Analytical house prices indicators,I,COL,Colombia,A,Annual,HPI,Nominal house price indices,IX,Index,2012,,77.7145557136107,,A,Normal value,0,Units,S,"Seasonally adjusted, not calendar adjusted",1,One,2015,
DATAFLOW,OECD.ECO.MPD:DSD_AN_HOUSE_PRICES@DF_HOUSE_PRICES(1.0),Analytical house prices indicators,I,COL,Colombia,A,Annual,HPI,Nominal house price indices,IX,Index,2013,,85.1000372499068,,A,Normal value,0,Units,S,"Seasonally adjusted, not calendar adjusted",1,One,2015,
DATAFLOW,OECD.ECO.MPD:DSD_AN_HOUSE_PRICES@DF_HOUSE_PRICES(1.0),Analytical house prices indicators,I,COL,Colombia,A,Annual,HPI,Nominal house price indices,IX,Index,2014,,91.9505201236997,,A,Normal value,0,Units,S,"Seasonally adjusted, not calendar adjusted",1,One,2015,
DATAFLOW,OECD.ECO.MPD:DSD_AN_HOUSE_PRICES@DF_HOUSE_PRICES(1.0),Analytical house prices indicators,I,COL,Colombia,A,Annual,HPI,Nominal house price indices,IX,Index,2016,,109.195977010057,,A,Normal value,0,Units,S,"Seasonally adjusted, not calendar adjusted",1,One,2015,
DATAFLOW,OECD.ECO.MPD:DSD_AN_HOUSE_PRICES@DF_HOUSE_PRICES(1.0),Analytical house prices indicators,I,COL,Colombia,A,Annual,HPI,Nominal house price indices,IX,Index,2017,,116.181459546351,,A,Normal value,0,Units,S,"Seasonally adjusted, not calendar adjusted",1,One,2015,
DATAFLOW,OECD.ECO.MPD:DSD_AN_HOUSE_PRICES@DF_HOUSE_PRICES(1.0),Analytical house prices indicators,I,COL,Colombia,A,Annual,HPI,Nominal house price indices,IX,Index,2018,,122.355194112014,,A,Normal value,0,Units,S,"Seasonally adjusted, not calendar adjusted",1,One,2015,
DATAFLOW,OECD.ECO.MPD:DSD_AN_HOUSE_PRICES@DF_HOUSE_PRICES(1.0),Analytical house prices indicators,I,COL,Colombia,A,Annual,HPI,Nominal house price indices,IX,Index,2019,,128.78292804268,,A,Normal value,0,Units,S,"Seasonally adjusted, not calendar adjusted",1,One,2015,
DATAFLOW,OECD.ECO.MPD:DSD_AN_HOUSE_PRICES@DF_HOUSE_PRICES(1.0),Analytical house prices indicators,I,COL,Colombia,A,Annual,HPI,Nominal house price indices,IX,Index,2020,,131.601920995197,,A,Normal value,0,Units,S,"Seasonally adjusted, not calendar adjusted",1,One,2015,
DATAFLOW,OECD.ECO.MPD:DSD_AN_HOUSE_PRICES@DF_HOUSE_PRICES(1.0),Analytical house prices indicators,I,COL,Colombia,A,Annual,HPI,Nominal house price indices,IX,Index,2021,,138.968652578369,,A,Normal value,0,Units,S,"Seasonally adjusted, not calendar adjusted",1,One,2015,
DATAFLOW,OECD.ECO.MPD:DSD_AN_HOUSE_PRICES@DF_HOUSE_PRICES(1.0),Analytical house prices indicators,I,COL,Colombia,A,Annual,HPI,Nominal house price indices,IX,Index,2022,,148.323129192177,,A,Normal value,0,Units,S,"Seasonally adjusted, not calendar adjusted",1,One,2015,
DATAFLOW,OECD.ECO.MPD:DSD_AN_HOUSE_PRICES@DF_HOUSE_PRICES(1.0),Analytical house prices indicators,I,COL,Colombia,A,Annual,HPI,Nominal house price indices,IX,Index,2023,,158.362854092865,,A,Normal value,0,Units,S,"Seasonally adjusted, not calendar adjusted",1,One,2015,
DATAFLOW,OECD.ECO.MPD:DSD_AN_HOUSE_PRICES@DF_HOUSE_PRICES(1.0),Analytical house prices indicators,I,COL,Colombia,A,Annual,HPI,Nominal house price indices,IX,Index,2024,,171.464821337946,,A,Normal value,0,Units,S,"Seasonally adjusted, not calendar adjusted",1,One,2015,
DATAFLOW,OECD.ECO.MPD:DSD_AN_HOUSE_PRICES@DF_HOUSE_PRICES(1.0),Analytical house prices indicators,I,COL,Colombia,A,Annual,HPI,Nominal house price indices,IX,Index,2025,,186.159034609395,,A,Normal value,0,Units,S,"Seasonally adjusted, not calendar adjusted",1,One,2015,
DATAFLOW,OECD.ECO.MPD:DSD_AN_HOUSE_PRICES@DF_HOUSE_PRICES(1.0),Analytical house prices indicators,I,EST,Estonia,A,Annual,HPI,Nominal house price indices,IX,Index,2005,,59.0128524688726,,A,Normal value,0,Units,S,"Seasonally adjusted, not calendar adjusted",1,One,2015,
DATAFLOW,OECD.ECO.MPD:DSD_AN_HOUSE_PRICES@DF_HOUSE_PRICES(1.0),Analytical house prices indicators,I,EST,Estonia,A,Annual,HPI,Nominal house price indices,IX,Index,2007,,106.534983662541,,A,Normal value,0,Units,S,"Seasonally adjusted, not calendar adjusted",1,One,2015,
DATAFLOW,OECD.ECO.MPD:DSD_AN_HOUSE_PRICES@DF_HOUSE_PRICES(1.0),Analytical house prices indicators,I,EST,Estonia,A,Annual,HPI,Nominal house price indices,IX,Index,2018,,117.065957335106,,A,Normal value,0,Units,S,"Seasonally adjusted, not calendar adjusted",1,One,2015,
DATAFLOW,OECD.ECO.MPD:DSD_AN_HOUSE_PRICES@DF_HOUSE_PRICES(1.0),Analytical house prices indicators,I,EST,Estonia,A,Annual,HPI,Nominal house price indices,IX,Index,2020,,132.79166802083,,A,Normal value,0,Units,S,"Seasonally adjusted, not calendar adjusted",1,One,2015,
DATAFLOW,OECD.ECO.MPD:DSD_AN_HOUSE_PRICES@DF_HOUSE_PRICES(1.0),Analytical house prices indicators,I,EST,Estonia,A,Annual,HPI,Nominal house price indices,IX,Index,2024,,209.785475536311,,A,Normal value,0,Units,S,"Seasonally adjusted, not calendar adjusted",1,One,2015,
DATAFLOW,OECD.ECO.MPD:DSD_AN_HOUSE_PRICES@DF_HOUSE_PRICES(1.0),Analytical house prices indicators,I,FIN,Finland,A,Annual,HPI,Nominal house price indices,IX,Index,1978,,13.7232021499202,,A,Normal value,0,Units,S,"Seasonally adjusted, not calendar adjusted",1,One,2015,
DATAFLOW,OECD.ECO.MPD:DSD_AN_HOUSE_PRICES@DF_HOUSE_PRICES(1.0),Analytical house prices indicators,I,FIN,Finland,A,Annual,HPI,Nominal house price indices,IX,Index,1982,,22.3834753496466,,A,Normal value,0,Units,S,"Seasonally adjusted, not calendar adjusted",1,One,2015,
DATAFLOW,OECD.ECO.MPD:DSD_AN_HOUSE_PRICES@DF_HOUSE_PRICES(1.0),Analytical house prices indicators,I,FIN,Finland,A,Annual,HPI,Nominal house price indices,IX,Index,1984,,29.9778687718481,,A,Normal value,0,Units,S,"Seasonally adjusted, not calendar adjusted",1,One,2015,
DATAFLOW,OECD.ECO.MPD:DSD_AN_HOUSE_PRICES@DF_HOUSE_PRICES(1.0),Analytical house prices indicators,I,FIN,Finland,A,Annual,HPI,Nominal house price indices,IX,Index,1986,,32.3315759753593,,A,Normal value,0,Units,S,"Seasonally adjusted, not calendar adjusted",1,One,2015,
DATAFLOW,OECD.ECO.MPD:DSD_AN_HOUSE_PRICES@DF_HOUSE_PRICES(1.0),Analytical house prices indicators,I,FIN,Finland,A,Annual,HPI,Nominal house price indices,IX,Index,1987,,35.5704024640657,,A,Normal value,0,Units,S,"Seasonally adjusted, not calendar adjusted",1,One,2015,
DATAFLOW,OECD.ECO.MPD:DSD_AN_HOUSE_PRICES@DF_HOUSE_PRICES(1.0),Analytical house prices indicators,I,FIN,Finland,A,Annual,HPI,Nominal house price indices,IX,Index,2021,,110.455,,A,Normal value,0,Units,S,"Seasonally adjusted, not calendar adjusted",1,One,2015,
DATAFLOW,OECD.ECO.MPD:DSD_AN_HOUSE_PRICES@DF_HOUSE_PRICES(1.0),Analytical house prices indicators,I,FIN,Finland,A,Annual,HPI,Nominal house price indices,IX,Index,2022,,111.515,,A,Normal value,0,Units,S,"Seasonally adjusted, not calendar adjusted",1,One,2015,
DATAFLOW,OECD.ECO.MPD:DSD_AN_HOUSE_PRICES@DF_HOUSE_PRICES(1.0),Analytical house prices indicators,I,FIN,Finland,A,Annual,HPI,Nominal house price indices,IX,Index,2023,,104.58,,A,Normal value,0,Units,S,"Seasonally adjusted, not calendar adjusted",1,One,2015,
DATAFLOW,OECD.ECO.MPD:DSD_AN_HOUSE_PRICES@DF_HOUSE_PRICES(1.0),Analytical house prices indicators,I,FRA,France,A,Annual,HPI,Nominal house price indices,IX,Index,2018,,107.125,,A,Normal value,0,Units,S,"Seasonally adjusted, not calendar adjusted",1,One,2015,
DATAFLOW,OECD.ECO.MPD:DSD_AN_HOUSE_PRICES@DF_HOUSE_PRICES(1.0),Analytical house prices indicators,I,FRA,France,A,Annual,HPI,Nominal house price indices,IX,Index,2019,,110.65,,A,Normal value,0,Units,S,"Seasonally adjusted, not calendar adjusted",1,One,2015,
DATAFLOW,OECD.ECO.MPD:DSD_AN_HOUSE_PRICES@DF_HOUSE_PRICES(1.0),Analytical house prices indicators,I,FRA,France,A,Annual,HPI,Nominal house price indices,IX,Index,2020,,116.8,,A,Normal value,0,Units,S,"Seasonally adjusted, not calendar adjusted",1,One,2015,
DATAFLOW,OECD.ECO.MPD:DSD_AN_HOUSE_PRICES@DF_HOUSE_PRICES(1.0),Analytical house prices indicators,I,FRA,France,A,Annual,HPI,Nominal house price indices,IX,Index,2021,,124.575,,A,Normal value,0,Units,S,"Seasonally adjusted, not calendar adjusted",1,One,2015,
DATAFLOW,OECD.ECO.MPD:DSD_AN_HOUSE_PRICES@DF_HOUSE_PRICES(1.0),Analytical house prices indicators,I,FRA,France,A,Annual,HPI,Nominal house price indices,IX,Index,2022,,132.425,,A,Normal value,0,Units,S,"Seasonally adjusted, not calendar adjusted",1,One,2015,
DATAFLOW,OECD.ECO.MPD:DSD_AN_HOUSE_PRICES@DF_HOUSE_PRICES(1.0),Analytical house prices indicators,I,FRA,France,A,Annual,HPI,Nominal house price indices,IX,Index,2023,,131.55,,A,Normal value,0,Units,S,"Seasonally adjusted, not calendar adjusted",1,One,2015,
DATAFLOW,OECD.ECO.MPD:DSD_AN_HOUSE_PRICES@DF_HOUSE_PRICES(1.0),Analytical house prices indicators,I,FRA,France,A,Annual,HPI,Nominal house price indices,IX,Index,2024,,126.225,,A,Normal value,0,Units,S,"Seasonally adjusted, not calendar adjusted",1,One,2015,
DATAFLOW,OECD.ECO.MPD:DSD_AN_HOUSE_PRICES@DF_HOUSE_PRICES(1.0),Analytical house prices indicators,I,FRA,France,A,Annual,HPI,Nominal house price indices,IX,Index,2025,,126.975,,A,Normal value,0,Units,S,"Seasonally adjusted, not calendar adjusted",1,One,2015,
DATAFLOW,OECD.ECO.MPD:DSD_AN_HOUSE_PRICES@DF_HOUSE_PRICES(1.0),Analytical house prices indicators,I,GRC,Greece,A,Annual,HPI,Nominal house price indices,IX,Index,1997,,63.6514050320713,,A,Normal value,0,Units,S,"Seasonally adjusted, not calendar adjusted",1,One,2015,
DATAFLOW,OECD.ECO.MPD:DSD_AN_HOUSE_PRICES@DF_HOUSE_PRICES(1.0),Analytical house prices indicators,I,GRC,Greece,A,Annual,HPI,Nominal house price indices,IX,Index,1998,,72.7886027527809,,A,Normal value,0,Units,S,"Seasonally adjusted, not calendar adjusted",1,One,2015,
DATAFLOW,OECD.ECO.MPD:DSD_AN_HOUSE_PRICES@DF_HOUSE_PRICES(1.0),Analytical house prices indicators,I,GRC,Greece,A,Annual,HPI,Nominal house price indices,IX,Index,1999,,79.2635997243897,,A,Normal value,0,Units,S,"Seasonally adjusted, not calendar adjusted",1,One,2015,
DATAFLOW,OECD.ECO.MPD:DSD_AN_HOUSE_PRICES@DF_HOUSE_PRICES(1.0),Analytical house prices indicators,I,GRC,Greece,A,Annual,HPI,Nominal house price indices,IX,Index,2000,,87.6405561613812,,A,Normal value,0,Units,S,"Seasonally adjusted, not calendar adjusted",1,One,2015,
DATAFLOW,OECD.ECO.MPD:DSD_AN_HOUSE_PRICES@DF_HOUSE_PRICES(1.0),Analytical house prices indicators,I,GRC,Greece,A,Annual,HPI,Nominal house price indices,IX,Index,2001,,100.262090360285,,A,Normal value,0,Units,S,"Seasonally adjusted, not calendar adjusted",1,One,2015,
DATAFLOW,OECD.ECO.MPD:DSD_AN_HOUSE_PRICES@DF_HOUSE_PRICES(1.0),Analytical house prices indicators,I,GRC,Greece,A,Annual,HPI,Nominal house price indices,IX,Index,2005,,136.504861321601,,A,Normal value,0,Units,S,"Seasonally adjusted, not calendar adjusted",1,One,2015,
DATAFLOW,OECD.ECO.MPD:DSD_AN_HOUSE_PRICES@DF_HOUSE_PRICES(1.0),Analytical house prices indicators,I,GRC,Greece,A,Annual,HPI,Nominal house price indices,IX,Index,2007,,163.77575,,A,Normal value,0,Units,S,"Seasonally adjusted, not calendar adjusted",1,One,2015,
DATAFLOW,OECD.ECO.MPD:DSD_AN_HOUSE_PRICES@DF_HOUSE_PRICES(1.0),Analytical house prices indicators,I,GRC,Greece,A,Annual,HPI,Nominal house price indices,IX,Index,2008,,166.53825,,A,Normal value,0,Units,S,"Seasonally adjusted, not calendar adjusted",1,One,2015,
DATAFLOW,OECD.ECO.MPD:DSD_AN_HOUSE_PRICES@DF_HOUSE_PRICES(1.0),Analytical house prices indicators,I,GRC,Greece,A,Annual,HPI,Nominal house price indices,IX,Index,2010,,152.88,,A,Normal value,0,Units,S,"Seasonally adjusted, not calendar adjusted",1,One,2015,
DATAFLOW,OECD.ECO.MPD:DSD_AN_HOUSE_PRICES@DF_HOUSE_PRICES(1.0),Analytical house prices indicators,I,GRC,Greece,A,Annual,HPI,Nominal house price indices,IX,Index,2013,,113.81625,,A,Normal value,0,Units,S,"Seasonally adjusted, not calendar adjusted",1,One,2015,
DATAFLOW,OECD.ECO.MPD:DSD_AN_HOUSE_PRICES@DF_HOUSE_PRICES(1.0),Analytical house prices indicators,I,GRC,Greece,A,Annual,HPI,Nominal house price indices,IX,Index,2016,,97.6229999999998,,A,Normal value,0,Units,S,"Seasonally adjusted, not calendar adjusted",1,One,2015,
DATAFLOW,OECD.ECO.MPD:DSD_AN_HOUSE_PRICES@DF_HOUSE_PRICES(1.0),Analytical house prices indicators,I,GRC,Greece,A,Annual,HPI,Nominal house price indices,IX,Index,2017,,96.6342499999998,,A,Normal value,0,Units,S,"Seasonally adjusted, not calendar adjusted",1,One,2015,
DATAFLOW,OECD.ECO.MPD:DSD_AN_HOUSE_PRICES@DF_HOUSE_PRICES(1.0),Analytical house prices indicators,I,GRC,Greece,A,Annual,HPI,Nominal house price indices,IX,Index,2018,,98.3789999999999,,A,Normal value,0,Units,S,"Seasonally adjusted, not calendar adjusted",1,One,2015,
DATAFLOW,OECD.ECO.MPD:DSD_AN_HOUSE_PRICES@DF_HOUSE_PRICES(1.0),Analytical house prices indicators,I,GRC,Greece,A,Annual,HPI,Nominal house price indices,IX,Index,2022,,132.76675,,A,Normal value,0,Units,S,"Seasonally adjusted, not calendar adjusted",1,One,2015,
DATAFLOW,OECD.ECO.MPD:DSD_AN_HOUSE_PRICES@DF_HOUSE_PRICES(1.0),Analytical house prices indicators,I,GRC,Greece,A,Annual,HPI,Nominal house price indices,IX,Index,2023,,151.1605,,A,Normal value,0,Units,S,"Seasonally adjusted, not calendar adjusted",1,One,2015,
DATAFLOW,OECD.ECO.MPD:DSD_AN_HOUSE_PRICES@DF_HOUSE_PRICES(1.0),Analytical house prices indicators,I,GRC,Greece,A,Annual,HPI,Nominal house price indices,IX,Index,2024,,164.97675,,A,Normal value,0,Units,S,"Seasonally adjusted, not calendar adjusted",1,One,2015,
DATAFLOW,OECD.ECO.MPD:DSD_AN_HOUSE_PRICES@DF_HOUSE_PRICES(1.0),Analytical house prices indicators,I,GRC,Greece,A,Annual,HPI,Nominal house price indices,IX,Index,2025,,177.89275000227,,A,Normal value,0,Units,S,"Seasonally adjusted, not calendar adjusted",1,One,2015,
DATAFLOW,OECD.ECO.MPD:DSD_AN_HOUSE_PRICES@DF_HOUSE_PRICES(1.0),Analytical house prices indicators,I,HUN,Hungary,A,Annual,HPI,Nominal house price indices,IX,Index,2022,,254.515,,A,Normal value,0,Units,S,"Seasonally adjusted, not calendar adjusted",1,One,2015,
DATAFLOW,OECD.ECO.MPD:DSD_AN_HOUSE_PRICES@DF_HOUSE_PRICES(1.0),Analytical house prices indicators,I,HUN,Hungary,A,Annual,HPI,Nominal house price indices,IX,Index,2023,,272.5425,,A,Normal value,0,Units,S,"Seasonally adjusted, not calendar adjusted",1,One,2015,
DATAFLOW,OECD.ECO.MPD:DSD_AN_HOUSE_PRICES@DF_HOUSE_PRICES(1.0),Analytical house prices indicators,I,ISL,Iceland,A,Annual,HPI,Nominal house price indices,IX,Index,2001,,36.4550911349023,,A,Normal value,0,Units,S,"Seasonally adjusted, not calendar adjusted",1,One,2015,
DATAFLOW,OECD.ECO.MPD:DSD_AN_HOUSE_PRICES@DF_HOUSE_PRICES(1.0),Analytical house prices indicators,I,ISL,Iceland,A,Annual,HPI,Nominal house price indices,IX,Index,2002,,38.2113455283639,,A,Normal value,0,Units,S,"Seasonally adjusted, not calendar adjusted",1,One,2015,
DATAFLOW,OECD.ECO.MPD:DSD_AN_HOUSE_PRICES@DF_HOUSE_PRICES(1.0),Analytical house prices indicators,I,ISL,Iceland,A,Annual,HPI,Nominal house price indices,IX,Index,2003,,42.6741066852668,,A,Normal value,0,Units,S,"Seasonally adjusted, not calendar adjusted",1,One,2015,
DATAFLOW,OECD.ECO.MPD:DSD_AN_HOUSE_PRICES@DF_HOUSE_PRICES(1.0),Analytical house prices indicators,I,ISL,Iceland,A,Annual,HPI,Nominal house price indices,IX,Index,2004,,47.1613679034198,,A,Normal value,0,Units,S,"Seasonally adjusted, not calendar adjusted",1,One,2015,
DATAFLOW,OECD.ECO.MPD:DSD_AN_HOUSE_PRICES@DF_HOUSE_PRICES(1.0),Analytical house prices indicators,I,ISL,Iceland,A,Annual,HPI,Nominal house price indices,IX,Index,2005,,60.5991514978788,,A,Normal value,0,Units,S,"Seasonally adjusted, not calendar adjusted",1,One,2015,
DATAFLOW,OECD.ECO.MPD:DSD_AN_HOUSE_PRICES@DF_HOUSE_PRICES(1.0),Analytical house prices indicators,I,ISL,Iceland,A,Annual,HPI,Nominal house price indices,IX,Index,2006,,70.7916769791925,,A,Normal value,0,Units,S,"Seasonally adjusted, not calendar adjusted",1,One,2015,
DATAFLOW,OECD.ECO.MPD:DSD_AN_HOUSE_PRICES@DF_HOUSE_PRICES(1.0),Analytical house prices indicators,I,ISL,Iceland,A,Annual,HPI,Nominal house price indices,IX,Index,2007,,77.4361935904841,,A,Normal value,0,Units,S,"Seasonally adjusted, not calendar adjusted",1,One,2015,
DATAFLOW,OECD.ECO.MPD:DSD_AN_HOUSE_PRICES@DF_HOUSE_PRICES(1.0),Analytical house prices indicators,I,ISL,Iceland,A,Annual,HPI,Nominal house price indices,IX,Index,2008,,82.2564556411392,,A,Normal value,0,Units,S,"Seasonally adjusted, not calendar adjusted",1,One,2015,
DATAFLOW,OECD.ECO.MPD:DSD_AN_HOUSE_PRICES@DF_HOUSE_PRICES(1.0),Analytical house prices indicators,I,ISL,Iceland,A,Annual,HPI,Nominal house price indices,IX,Index,2009,,74.2736856842143,,A,Normal value,0,Units,S,"Seasonally adjusted, not calendar adjusted",1,One,2015,
DATAFLOW,OECD.ECO.MPD:DSD_AN_HOUSE_PRICES@DF_HOUSE_PRICES(1.0),Analytical house prices indicators,I,ISL,Iceland,A,Annual,HPI,Nominal house price indices,IX,Index,2010,,72.0199300498252,,A,Normal value,0,Units,S,"Seasonally adjusted, not calendar adjusted",1,One,2015,
DATAFLOW,OECD.ECO.MPD:DSD_AN_HOUSE_PRICES@DF_HOUSE_PRICES(1.0),Analytical house prices indicators,I,ISL,Iceland,A,Annual,HPI,Nominal house price indices,IX,Index,2011,,75.3564383910961,,A,Normal value,0,Units,S,"Seasonally adjusted, not calendar adjusted",1,One,2015,
DATAFLOW,OECD.ECO.MPD:DSD_AN_HOUSE_PRICES@DF_HOUSE_PRICES(1.0),Analytical house prices indicators,I,ISL,Iceland,A,Annual,HPI,Nominal house price indices,IX,Index,2012,,80.5609514023786,,A,Normal value,0,Units,S,"Seasonally adjusted, not calendar adjusted",1,One,2015,
DATAFLOW,OECD.ECO.MPD:DSD_AN_HOUSE_PRICES@DF_HOUSE_PRICES(1.0),Analytical house prices indicators,I,ISL,Iceland,A,Annual,HPI,Nominal house price indices,IX,Index,2013,,85.2074630186576,,A,Normal value,0,Units,S,"Seasonally adjusted, not calendar adjusted",1,One,2015,
DATAFLOW,OECD.ECO.MPD:DSD_AN_HOUSE_PRICES@DF_HOUSE_PRICES(1.0),Analytical house prices indicators,I,ISL,Iceland,A,Annual,HPI,Nominal house price indices,IX,Index,2014,,92.3854809637025,,A,Normal value,0,Units,S,"Seasonally adjusted, not calendar adjusted",1,One,2015,
DATAFLOW,OECD.ECO.MPD:DSD_AN_HOUSE_PRICES@DF_HOUSE_PRICES(1.0),Analytical house prices indicators,I,ISL,Iceland,A,Annual,HPI,Nominal house price indices,IX,Index,2018,,142.006355015888,,A,Normal value,0,Units,S,"Seasonally adjusted, not calendar adjusted",1,One,2015,
DATAFLOW,OECD.ECO.MPD:DSD_AN_HOUSE_PRICES@DF_HOUSE_PRICES(1.0),Analytical house prices indicators,I,ISL,Iceland,A,Annual,HPI,Nominal house price indices,IX,Index,2019,,148.291120727802,,A,Normal value,0,Units,S,"Seasonally adjusted, not calendar adjusted",1,One,2015,
DATAFLOW,OECD.ECO.MPD:DSD_AN_HOUSE_PRICES@DF_HOUSE_PRICES(1.0),Analytical house prices indicators,I,ISL,Iceland,A,Annual,HPI,Nominal house price indices,IX,Index,2020,,157.788394470987,,A,Normal value,0,Units,S,"Seasonally adjusted, not calendar adjusted",1,One,2015,
DATAFLOW,OECD.ECO.MPD:DSD_AN_HOUSE_PRICES@DF_HOUSE_PRICES(1.0),Analytical house prices indicators,I,ISL,Iceland,A,Annual,HPI,Nominal house price indices,IX,Index,2022,,214.848037120093,,A,Normal value,0,Units,S,"Seasonally adjusted, not calendar adjusted",1,One,2015,
DATAFLOW,OECD.ECO.MPD:DSD_AN_HOUSE_PRICES@DF_HOUSE_PRICES(1.0),Analytical house prices indicators,I,ISL,Iceland,A,Annual,HPI,Nominal house price indices,IX,Index,2023,,231.564078910198,,A,Normal value,0,Units,S,"Seasonally adjusted, not calendar adjusted",1,One,2015,
DATAFLOW,OECD.ECO.MPD:DSD_AN_HOUSE_PRICES@DF_HOUSE_PRICES(1.0),Analytical house prices indicators,I,ISL,Iceland,A,Annual,HPI,Nominal house price indices,IX,Index,2024,,250.217625544064,,A,Normal value,0,Units,S,"Seasonally adjusted, not calendar adjusted",1,One,2015,
DATAFLOW,OECD.ECO.MPD:DSD_AN_HOUSE_PRICES@DF_HOUSE_PRICES(1.0),Analytical house prices indicators,I,ISL,Iceland,A,Annual,HPI,Nominal house price indices,IX,Index,2025,,263.095157736787,,A,Normal value,0,Units,S,"Seasonally adjusted, not calendar adjusted",1,One,2015,
DATAFLOW,OECD.ECO.MPD:DSD_AN_HOUSE_PRICES@DF_HOUSE_PRICES(1.0),Analytical house prices indicators,I,IRL,Ireland,A,Annual,HPI,Nominal house price indices,IX,Index,1970,,2.75800092876966,,A,Normal value,0,Units,S,"Seasonally adjusted, not calendar adjusted",1,One,2015,
DATAFLOW,OECD.ECO.MPD:DSD_AN_HOUSE_PRICES@DF_HOUSE_PRICES(1.0),Analytical house prices indicators,I,IRL,Ireland,A,Annual,HPI,Nominal house price indices,IX,Index,1971,,3.09979150760388,,A,Normal value,0,Units,S,"Seasonally adjusted, not calendar adjusted",1,One,2015,
DATAFLOW,OECD.ECO.MPD:DSD_AN_HOUSE_PRICES@DF_HOUSE_PRICES(1.0),Analytical house prices indicators,I,IRL,Ireland,A,Annual,HPI,Nominal house price indices,IX,Index,1972,,3.39816274884396,,A,Normal value,0,Units,S,"Seasonally adjusted, not calendar adjusted",1,One,2015,
DATAFLOW,OECD.ECO.MPD:DSD_AN_HOUSE_PRICES@DF_HOUSE_PRICES(1.0),Analytical house prices indicators,I,IRL,Ireland,A,Annual,HPI,Nominal house price indices,IX,Index,1973,,3.69075881526485,,A,Normal value,0,Units,S,"Seasonally adjusted, not calendar adjusted",1,One,2015,
DATAFLOW,OECD.ECO.MPD:DSD_AN_HOUSE_PRICES@DF_HOUSE_PRICES(1.0),Analytical house prices indicators,I,IRL,Ireland,A,Annual,HPI,Nominal house price indices,IX,Index,1974,,4.46703056944995,,A,Normal value,0,Units,S,"Seasonally adjusted, not calendar adjusted",1,One,2015,
DATAFLOW,OECD.ECO.MPD:DSD_AN_HOUSE_PRICES@DF_HOUSE_PRICES(1.0),Analytical house prices indicators,I,IRL,Ireland,A,Annual,HPI,Nominal house price indices,IX,Index,1975,,5.46364155162047,,A,Normal value,0,Units,S,"Seasonally adjusted, not calendar adjusted",1,One,2015,
DATAFLOW,OECD.ECO.MPD:DSD_AN_HOUSE_PRICES@DF_HOUSE_PRICES(1.0),Analytical house prices indicators,I,IRL,Ireland,A,Annual,HPI,Nominal house price indices,IX,Index,1976,,6.5291938472682,,A,Normal value,0,Units,S,"Seasonally adjusted, not calendar adjusted",1,One,2015,
DATAFLOW,OECD.ECO.MPD:DSD_AN_HOUSE_PRICES@DF_HOUSE_PRICES(1.0),Analytical house prices indicators,I,IRL,Ireland,A,Annual,HPI,Nominal house price indices,IX,Index,1977,,7.79246069412898,,A,Normal value,0,Units,S,"Seasonally adjusted, not calendar adjusted",1,One,2015,
DATAFLOW,OECD.ECO.MPD:DSD_AN_HOUSE_PRICES@DF_HOUSE_PRICES(1.0),Analytical house prices indicators,I,IRL,Ireland,A,Annual,HPI,Nominal house price indices,IX,Index,1979,,13.0141698755547,,A,Normal value,0,Units,S,"Seasonally adjusted, not calendar adjusted",1,One,2015,
DATAFLOW,OECD.ECO.MPD:DSD_AN_HOUSE_PRICES@DF_HOUSE_PRICES(1.0),Analytical house prices indicators,I,IRL,Ireland,A,Annual,HPI,Nominal house price indices,IX,Index,1982,,18.9967409578873,,A,Normal value,0,Units,S,"Seasonally adjusted, not calendar adjusted",1,One,2015,
DATAFLOW,OECD.ECO.MPD:DSD_AN_HOUSE_PRICES@DF_HOUSE_PRICES(1.0),Analytical house prices indicators,I,IRL,Ireland,A,Annual,HPI,Nominal house price indices,IX,Index,1983,,20.4655553173771,,A,Normal value,0,Units,S,"Seasonally adjusted, not calendar adjusted",1,One,2015,
DATAFLOW,OECD.ECO.MPD:DSD_AN_HOUSE_PRICES@DF_HOUSE_PRICES(1.0),Analytical house prices indicators,I,IRL,Ireland,A,Annual,HPI,Nominal house price indices,IX,Index,1984,,21.3408684786107,,A,Normal value,0,Units,S,"Seasonally adjusted, not calendar adjusted",1,One,2015,
DATAFLOW,OECD.ECO.MPD:DSD_AN_HOUSE_PRICES@DF_HOUSE_PRICES(1.0),Analytical house prices indicators,I,IRL,Ireland,A,Annual,HPI,Nominal house price indices,IX,Index,1985,,21.5925210124654,,A,Normal value,0,Units,S,"Seasonally adjusted, not calendar adjusted",1,One,2015,
DATAFLOW,OECD.ECO.MPD:DSD_AN_HOUSE_PRICES@DF_HOUSE_PRICES(1.0),Analytical house prices indicators,I,IRL,Ireland,A,Annual,HPI,Nominal house price indices,IX,Index,1986,,22.2061493973088,,A,Normal value,0,Units,S,"Seasonally adjusted, not calendar adjusted",1,One,2015,
DATAFLOW,OECD.ECO.MPD:DSD_AN_HOUSE_PRICES@DF_HOUSE_PRICES(1.0),Analytical house prices indicators,I,IRL,Ireland,A,Annual,HPI,Nominal house price indices,IX,Index,1987,,21.9848130463664,,A,Normal value,0,Units,S,"Seasonally adjusted, not calendar adjusted",1,One,2015,
DATAFLOW,OECD.ECO.MPD:DSD_AN_HOUSE_PRICES@DF_HOUSE_PRICES(1.0),Analytical house prices indicators,I,IRL,Ireland,A,Annual,HPI,Nominal house price indices,IX,Index,1989,,25.8726205365018,,A,Normal value,0,Units,S,"Seasonally adjusted, not calendar adjusted",1,One,2015,
DATAFLOW,OECD.ECO.MPD:DSD_AN_HOUSE_PRICES@DF_HOUSE_PRICES(1.0),Analytical house prices indicators,I,IRL,Ireland,A,Annual,HPI,Nominal house price indices,IX,Index,1990,,29.450964695171,,A,Normal value,0,Units,S,"Seasonally adjusted, not calendar adjusted",1,One,2015,
DATAFLOW,OECD.ECO.MPD:DSD_AN_HOUSE_PRICES@DF_HOUSE_PRICES(1.0),Analytical house prices indicators,I,IRL,Ireland,A,Annual,HPI,Nominal house price indices,IX,Index,1991,,30.2831705642593,,A,Normal value,0,Units,S,"Seasonally adjusted, not calendar adjusted",1,One,2015,
DATAFLOW,OECD.ECO.MPD:DSD_AN_HOUSE_PRICES@DF_HOUSE_PRICES(1.0),Analytical house prices indicators,I,IRL,Ireland,A,Annual,HPI,Nominal house price indices,IX,Index,1992,,30.8573910463923,,A,Normal value,0,Units,S,"Seasonally adjusted, not calendar adjusted",1,One,2015,
DATAFLOW,OECD.ECO.MPD:DSD_AN_HOUSE_PRICES@DF_HOUSE_PRICES(1.0),Analytical house prices indicators,I,IRL,Ireland,A,Annual,HPI,Nominal house price indices,IX,Index,1993,,31.4936546784567,,A,Normal value,0,Units,S,"Seasonally adjusted, not calendar adjusted",1,One,2015,
DATAFLOW,OECD.ECO.MPD:DSD_AN_HOUSE_PRICES@DF_HOUSE_PRICES(1.0),Analytical house prices indicators,I,IRL,Ireland,A,Annual,HPI,Nominal house price indices,IX,Index,1994,,32.9956381398299,,A,Normal value,0,Units,S,"Seasonally adjusted, not calendar adjusted",1,One,2015,
DATAFLOW,OECD.ECO.MPD:DSD_AN_HOUSE_PRICES@DF_HOUSE_PRICES(1.0),Analytical house prices indicators,I,IRL,Ireland,A,Annual,HPI,Nominal house price indices,IX,Index,1995,,35.0683934999646,,A,Normal value,0,Units,S,"Seasonally adjusted, not calendar adjusted",1,One,2015,
DATAFLOW,OECD.ECO.MPD:DSD_AN_HOUSE_PRICES@DF_HOUSE_PRICES(1.0),Analytical house prices indicators,I,IRL,Ireland,A,Annual,HPI,Nominal house price indices,IX,Index,1996,,38.0783484174745,,A,Normal value,0,Units,S,"Seasonally adjusted, not calendar adjusted",1,One,2015,
DATAFLOW,OECD.ECO.MPD:DSD_AN_HOUSE_PRICES@DF_HOUSE_PRICES(1.0),Analytical house prices indicators,I,IRL,Ireland,A,Annual,HPI,Nominal house price indices,IX,Index,1997,,43.6759008417445,,A,Normal value,0,Units,S,"Seasonally adjusted, not calendar adjusted",1,One,2015,
DATAFLOW,OECD.ECO.MPD:DSD_AN_HOUSE_PRICES@DF_HOUSE_PRICES(1.0),Analytical house prices indicators,I,IRL,Ireland,A,Annual,HPI,Nominal house price indices,IX,Index,1998,,54.2163078125607,,A,Normal value,0,Units,S,"Seasonally adjusted, not calendar adjusted",1,One,2015,
DATAFLOW,OECD.ECO.MPD:DSD_AN_HOUSE_PRICES@DF_HOUSE_PRICES(1.0),Analytical house prices indicators,I,IRL,Ireland,A,Annual,HPI,Nominal house price indices,IX,Index,1999,,65.8752157738258,,A,Normal value,0,Units,S,"Seasonally adjusted, not calendar adjusted",1,One,2015,
DATAFLOW,OECD.ECO.MPD:DSD_AN_HOUSE_PRICES@DF_HOUSE_PRICES(1.0),Analytical house prices indicators,I,IRL,Ireland,A,Annual,HPI,Nominal house price indices,IX,Index,2000,,79.4744848445132,,A,Normal value,0,Units,S,"Seasonally adjusted, not calendar adjusted",1,One,2015,
DATAFLOW,OECD.ECO.MPD:DSD_AN_HOUSE_PRICES@DF_HOUSE_PRICES(1.0),Analytical house prices indicators,I,IRL,Ireland,A,Annual,HPI,Nominal house price indices,IX,Index,2001,,89.3205038780743,,A,Normal value,0,Units,S,"Seasonally adjusted, not calendar adjusted",1,One,2015,
DATAFLOW,OECD.ECO.MPD:DSD_AN_HOUSE_PRICES@DF_HOUSE_PRICES(1.0),Analytical house prices indicators,I,IRL,Ireland,A,Annual,HPI,Nominal house price indices,IX,Index,2003,,109.141769769359,,A,Normal value,0,Units,S,"Seasonally adjusted, not calendar adjusted",1,One,2015,
DATAFLOW,OECD.ECO.MPD:DSD_AN_HOUSE_PRICES@DF_HOUSE_PRICES(1.0),Analytical house prices indicators,I,IRL,Ireland,A,Annual,HPI,Nominal house price indices,IX,Index,2004,,121.325332664479,,A,Normal value,0,Units,S,"Seasonally adjusted, not calendar adjusted",1,One,2015,
DATAFLOW,OECD.ECO.MPD:DSD_AN_HOUSE_PRICES@DF_HOUSE_PRICES(1.0),Analytical house prices indicators,I,IRL,Ireland,A,Annual,HPI,Nominal house price indices,IX,Index,2012,,76.0377499999999,,A,Normal value,0,Units,S,"Seasonally adjusted, not calendar adjusted",1,One,2015,
DATAFLOW,OECD.ECO.MPD:DSD_AN_HOUSE_PRICES@DF_HOUSE_PRICES(1.0),Analytical house prices indicators,I,IRL,Ireland,A,Annual,HPI,Nominal house price indices,IX,Index,2013,,77.0045,,A,Normal value,0,Units,S,"Seasonally adjusted, not calendar adjusted",1,One,2015,
DATAFLOW,OECD.ECO.MPD:DSD_AN_HOUSE_PRICES@DF_HOUSE_PRICES(1.0),Analytical house prices indicators,I,IRL,Ireland,A,Annual,HPI,Nominal house price indices,IX,Index,2014,,89.72325,,A,Normal value,0,Units,S,"Seasonally adjusted, not calendar adjusted",1,One,2015,
DATAFLOW,OECD.ECO.MPD:DSD_AN_HOUSE_PRICES@DF_HOUSE_PRICES(1.0),Analytical house prices indicators,I,IRL,Ireland,A,Annual,HPI,Nominal house price indices,IX,Index,2022,,163.97725,,A,Normal value,0,Units,S,"Seasonally adjusted, not calendar adjusted",1,One,2015,
DATAFLOW,OECD.ECO.MPD:DSD_AN_HOUSE_PRICES@DF_HOUSE_PRICES(1.0),Analytical house prices indicators,I,IRL,Ireland,A,Annual,HPI,Nominal house price indices,IX,Index,2023,,169.01175,,A,Normal value,0,Units,S,"Seasonally adjusted, not calendar adjusted",1,One,2015,
DATAFLOW,OECD.ECO.MPD:DSD_AN_HOUSE_PRICES@DF_HOUSE_PRICES(1.0),Analytical house prices indicators,I,IRL,Ireland,A,Annual,HPI,Nominal house price indices,IX,Index,2024,,183.41375,,A,Normal value,0,Units,S,"Seasonally adjusted, not calendar adjusted",1,One,2015,
DATAFLOW,OECD.ECO.MPD:DSD_AN_HOUSE_PRICES@DF_HOUSE_PRICES(1.0),Analytical house prices indicators,I,ISR,Israel,A,Annual,HPI,Nominal house price indices,IX,Index,1994,,35.1015000013325,,A,Normal value,0,Units,S,"Seasonally adjusted, not calendar adjusted",1,One,2015,
DATAFLOW,OECD.ECO.MPD:DSD_AN_HOUSE_PRICES@DF_HOUSE_PRICES(1.0),Analytical house prices indicators,I,ISR,Israel,A,Annual,HPI,Nominal house price indices,IX,Index,1995,,40.401,,A,Normal value,0,Units,S,"Seasonally adjusted, not calendar adjusted",1,One,2015,
DATAFLOW,OECD.ECO.MPD:DSD_AN_HOUSE_PRICES@DF_HOUSE_PRICES(1.0),Analytical house prices indicators,I,ISR,Israel,A,Annual,HPI,Nominal house price indices,IX,Index,1997,,51.1495,,A,Normal value,0,Units,S,"Seasonally adjusted, not calendar adjusted",1,One,2015,
DATAFLOW,OECD.ECO.MPD:DSD_AN_HOUSE_PRICES@DF_HOUSE_PRICES(1.0),Analytical house prices indicators,I,ISR,Israel,A,Annual,HPI,Nominal house price indices,IX,Index,1999,,55.2905,,A,Normal value,0,Units,S,"Seasonally adjusted, not calendar adjusted",1,One,2015,
DATAFLOW,OECD.ECO.MPD:DSD_AN_HOUSE_PRICES@DF_HOUSE_PRICES(1.0),Analytical house prices indicators,I,ISR,Israel,A,Annual,HPI,Nominal house price indices,IX,Index,2005,,50.177,,A,Normal value,0,Units,S,"Seasonally adjusted, not calendar adjusted",1,One,2015,
DATAFLOW,OECD.ECO.MPD:DSD_AN_HOUSE_PRICES@DF_HOUSE_PRICES(1.0),Analytical house prices indicators,I,ISR,Israel,A,Annual,HPI,Nominal house price indices,IX,Index,2007,,49.62325,,A,Normal value,0,Units,S,"Seasonally adjusted, not calendar adjusted",1,One,2015,
DATAFLOW,OECD.ECO.MPD:DSD_AN_HOUSE_PRICES@DF_HOUSE_PRICES(1.0),Analytical house prices indicators,I,ISR,Israel,A,Annual,HPI,Nominal house price indices,IX,Index,2008,,53.381,,A,Normal value,0,Units,S,"Seasonally adjusted, not calendar adjusted",1,One,2015,
DATAFLOW,OECD.ECO.MPD:DSD_AN_HOUSE_PRICES@DF_HOUSE_PRICES(1.0),Analytical house prices indicators,I,ISR,Israel,A,Annual,HPI,Nominal house price indices,IX,Index,2022,,147.8525,,A,Normal value,0,Units,S,"Seasonally adjusted, not calendar adjusted",1,One,2015,
DATAFLOW,OECD.ECO.MPD:DSD_AN_HOUSE_PRICES@DF_HOUSE_PRICES(1.0),Analytical house prices indicators,I,ISR,Israel,A,Annual,HPI,Nominal house price indices,IX,Index,2023,,152.89825,,A,Normal value,0,Units,S,"Seasonally adjusted, not calendar adjusted",1,One,2015,
DATAFLOW,OECD.ECO.MPD:DSD_AN_HOUSE_PRICES@DF_HOUSE_PRICES(1.0),Analytical house prices indicators,I,KOR,Korea,A,Annual,HPI,Nominal house price indices,IX,Index,1994,,55.3652511303923,,A,Normal value,0,Units,S,"Seasonally adjusted, not calendar adjusted",1,One,2015,
DATAFLOW,OECD.ECO.MPD:DSD_AN_HOUSE_PRICES@DF_HOUSE_PRICES(1.0),Analytical house prices indicators,I,KOR,Korea,A,Annual,HPI,Nominal house price indices,IX,Index,2003,,69.1772408251987,,A,Normal value,0,Units,S,"Seasonally adjusted, not calendar adjusted",1,One,2015,
DATAFLOW,OECD.ECO.MPD:DSD_AN_HOUSE_PRICES@DF_HOUSE_PRICES(1.0),Analytical house prices indicators,I,KOR,Korea,A,Annual,HPI,Nominal house price indices,IX,Index,2004,,69.6491441366139,,A,Normal value,0,Units,S,"Seasonally adjusted, not calendar adjusted",1,One,2015,
DATAFLOW,OECD.ECO.MPD:DSD_AN_HOUSE_PRICES@DF_HOUSE_PRICES(1.0),Analytical house prices indicators,I,KOR,Korea,A,Annual,HPI,Nominal house price indices,IX,Index,2007,,82.5790388190656,,A,Normal value,0,Units,S,"Seasonally adjusted, not calendar adjusted",1,One,2015,
DATAFLOW,OECD.ECO.MPD:DSD_AN_HOUSE_PRICES@DF_HOUSE_PRICES(1.0),Analytical house prices indicators,I,KOR,Korea,A,Annual,HPI,Nominal house price indices,IX,Index,2008,,88.4333064847039,,A,Normal value,0,Units,S,"Seasonally adjusted, not calendar adjusted",1,One,2015,
DATAFLOW,OECD.ECO.MPD:DSD_AN_HOUSE_PRICES@DF_HOUSE_PRICES(1.0),Analytical house prices indicators,I,KOR,Korea,A,Annual,HPI,Nominal house price indices,IX,Index,2010,,91.1794653576693,,A,Normal value,0,Units,S,"Seasonally adjusted, not calendar adjusted",1,One,2015,
DATAFLOW,OECD.ECO.MPD:DSD_AN_HOUSE_PRICES@DF_HOUSE_PRICES(1.0),Analytical house prices indicators,I,KOR,Korea,A,Annual,HPI,Nominal house price indices,IX,Index,2016,,101.621555903405,,A,Normal value,0,Units,S,"Seasonally adjusted, not calendar adjusted",1,One,2015,
DATAFLOW,OECD.ECO.MPD:DSD_AN_HOUSE_PRICES@DF_HOUSE_PRICES(1.0),Analytical house prices indicators,I,KOR,Korea,A,Annual,HPI,Nominal house price indices,IX,Index,2017,,102.853553390779,,A,Normal value,0,Units,S,"Seasonally adjusted, not calendar adjusted",1,One,2015,
DATAFLOW,OECD.ECO.MPD:DSD_AN_HOUSE_PRICES@DF_HOUSE_PRICES(1.0),Analytical house prices indicators,I,KOR,Korea,A,Annual,HPI,Nominal house price indices,IX,Index,2018,,104.275264307027,,A,Normal value,0,Units,S,"Seasonally adjusted, not calendar adjusted",1,One,2015,
DATAFLOW,OECD.ECO.MPD:DSD_AN_HOUSE_PRICES@DF_HOUSE_PRICES(1.0),Analytical house prices indicators,I,KOR,Korea,A,Annual,HPI,Nominal house price indices,IX,Index,2020,,107.45074796229,,A,Normal value,0,Units,S,"Seasonally adjusted, not calendar adjusted",1,One,2015,
DATAFLOW,OECD.ECO.MPD:DSD_AN_HOUSE_PRICES@DF_HOUSE_PRICES(1.0),Analytical house prices indicators,I,KOR,Korea,A,Annual,HPI,Nominal house price indices,IX,Index,2022,,119.320375070288,,A,Normal value,0,Units,S,"Seasonally adjusted, not calendar adjusted",1,One,2015,
DATAFLOW,OECD.ECO.MPD:DSD_AN_HOUSE_PRICES@DF_HOUSE_PRICES(1.0),Analytical house prices indicators,I,KOR,Korea,A,Annual,HPI,Nominal house price indices,IX,Index,2023,,110.927138898598,,A,Normal value,0,Units,S,"Seasonally adjusted, not calendar adjusted",1,One,2015,
DATAFLOW,OECD.ECO.MPD:DSD_AN_HOUSE_PRICES@DF_HOUSE_PRICES(1.0),Analytical house prices indicators,I,KOR,Korea,A,Annual,HPI,Nominal house price indices,IX,Index,2024,,110.907888937332,,A,Normal value,0,Units,S,"Seasonally adjusted, not calendar adjusted",1,One,2015,
DATAFLOW,OECD.ECO.MPD:DSD_AN_HOUSE_PRICES@DF_HOUSE_PRICES(1.0),Analytical house prices indicators,I,LVA,Latvia,A,Annual,HPI,Nominal house price indices,IX,Index,2006,,104.474999988282,,A,Normal value,0,Units,S,"Seasonally adjusted, not calendar adjusted",1,One,2015,
DATAFLOW,OECD.ECO.MPD:DSD_AN_HOUSE_PRICES@DF_HOUSE_PRICES(1.0),Analytical house prices indicators,I,LVA,Latvia,A,Annual,HPI,Nominal house price indices,IX,Index,2009,,90.2400000000001,,A,Normal value,0,Units,S,"Seasonally adjusted, not calendar adjusted",1,One,2015,
DATAFLOW,OECD.ECO.MPD:DSD_AN_HOUSE_PRICES@DF_HOUSE_PRICES(1.0),Analytical house prices indicators,I,LVA,Latvia,A,Annual,HPI,Nominal house price indices,IX,Index,2010,,80.3500000000001,,A,Normal value,0,Units,S,"Seasonally adjusted, not calendar adjusted",1,One,2015,
DATAFLOW,OECD.ECO.MPD:DSD_AN_HOUSE_PRICES@DF_HOUSE_PRICES(1.0),Analytical house prices indicators,I,LVA,Latvia,A,Annual,HPI,Nominal house price indices,IX,Index,2011,,88.7250000000001,,A,Normal value,0,Units,S,"Seasonally adjusted, not calendar adjusted",1,One,2015,
DATAFLOW,OECD.ECO.MPD:DSD_AN_HOUSE_PRICES@DF_HOUSE_PRICES(1.0),Analytical house prices indicators,I,LVA,Latvia,A,Annual,HPI,Nominal house price indices,IX,Index,2012,,91.3625000000001,,A,Normal value,0,Units,S,"Seasonally adjusted, not calendar adjusted",1,One,2015,
DATAFLOW,OECD.ECO.MPD:DSD_AN_HOUSE_PRICES@DF_HOUSE_PRICES(1.0),Analytical house prices indicators,I,LVA,Latvia,A,Annual,HPI,Nominal house price indices,IX,Index,2022,,184.005,,A,Normal value,0,Units,S,"Seasonally adjusted, not calendar adjusted",1,One,2015,
DATAFLOW,OECD.ECO.MPD:DSD_AN_HOUSE_PRICES@DF_HOUSE_PRICES(1.0),Analytical house prices indicators,I,LVA,Latvia,A,Annual,HPI,Nominal house price indices,IX,Index,2023,,190.885,,A,Normal value,0,Units,S,"Seasonally adjusted, not calendar adjusted",1,One,2015,
DATAFLOW,OECD.ECO.MPD:DSD_AN_HOUSE_PRICES@DF_HOUSE_PRICES(1.0),Analytical house prices indicators,I,LVA,Latvia,A,Annual,HPI,Nominal house price indices,IX,Index,2024,,198.9,,A,Normal value,0,Units,S,"Seasonally adjusted, not calendar adjusted",1,One,2015,
DATAFLOW,OECD.ECO.MPD:DSD_AN_HOUSE_PRICES@DF_HOUSE_PRICES(1.0),Analytical house prices indicators,I,LTU,Lithuania,A,Annual,HPI,Nominal house price indices,IX,Index,2006,,94.2567356341305,,A,Normal value,0,Units,S,"Seasonally adjusted, not calendar adjusted",1,One,2015,
DATAFLOW,OECD.ECO.MPD:DSD_AN_HOUSE_PRICES@DF_HOUSE_PRICES(1.0),Analytical house prices indicators,I,LTU,Lithuania,A,Annual,HPI,Nominal house price indices,IX,Index,2007,,119.056797641994,,A,Normal value,0,Units,S,"Seasonally adjusted, not calendar adjusted",1,One,2015,
DATAFLOW,OECD.ECO.MPD:DSD_AN_HOUSE_PRICES@DF_HOUSE_PRICES(1.0),Analytical house prices indicators,I,LTU,Lithuania,A,Annual,HPI,Nominal house price indices,IX,Index,2008,,129.769324423311,,A,Normal value,0,Units,S,"Seasonally adjusted, not calendar adjusted",1,One,2015,
DATAFLOW,OECD.ECO.MPD:DSD_AN_HOUSE_PRICES@DF_HOUSE_PRICES(1.0),Analytical house prices indicators,I,LTU,Lithuania,A,Annual,HPI,Nominal house price indices,IX,Index,2009,,90.9334773336933,,A,Normal value,0,Units,S,"Seasonally adjusted, not calendar adjusted",1,One,2015,
DATAFLOW,OECD.ECO.MPD:DSD_AN_HOUSE_PRICES@DF_HOUSE_PRICES(1.0),Analytical house prices indicators,I,LTU,Lithuania,A,Annual,HPI,Nominal house price indices,IX,Index,2010,,84.2154605386513,,A,Normal value,0,Units,S,"Seasonally adjusted, not calendar adjusted",1,One,2015,
DATAFLOW,OECD.ECO.MPD:DSD_AN_HOUSE_PRICES@DF_HOUSE_PRICES(1.0),Analytical house prices indicators,I,LTU,Lithuania,A,Annual,HPI,Nominal house price indices,IX,Index,2011,,89.771724429311,,A,Normal value,0,Units,S,"Seasonally adjusted, not calendar adjusted",1,One,2015,
DATAFLOW,OECD.ECO.MPD:DSD_AN_HOUSE_PRICES@DF_HOUSE_PRICES(1.0),Analytical house prices indicators,I,LTU,Lithuania,A,Annual,HPI,Nominal house price indices,IX,Index,2012,,89.5652239130598,,A,Normal value,0,Units,S,"Seasonally adjusted, not calendar adjusted",1,One,2015,
DATAFLOW,OECD.ECO.MPD:DSD_AN_HOUSE_PRICES@DF_HOUSE_PRICES(1.0),Analytical house prices indicators,I,LTU,Lithuania,A,Annual,HPI,Nominal house price indices,IX,Index,2013,,90.6427266068165,,A,Normal value,0,Units,S,"Seasonally adjusted, not calendar adjusted",1,One,2015,
DATAFLOW,OECD.ECO.MPD:DSD_AN_HOUSE_PRICES@DF_HOUSE_PRICES(1.0),Analytical house prices indicators,I,LTU,Lithuania,A,Annual,HPI,Nominal house price indices,IX,Index,2014,,96.476741191853,,A,Normal value,0,Units,S,"Seasonally adjusted, not calendar adjusted",1,One,2015,
DATAFLOW,OECD.ECO.MPD:DSD_AN_HOUSE_PRICES@DF_HOUSE_PRICES(1.0),Analytical house prices indicators,I,LTU,Lithuania,A,Annual,HPI,Nominal house price indices,IX,Index,2016,,105.408263520659,,A,Normal value,0,Units,S,"Seasonally adjusted, not calendar adjusted",1,One,2015,
DATAFLOW,OECD.ECO.MPD:DSD_AN_HOUSE_PRICES@DF_HOUSE_PRICES(1.0),Analytical house prices indicators,I,LTU,Lithuania,A,Annual,HPI,Nominal house price indices,IX,Index,2017,,114.804037010093,,A,Normal value,0,Units,S,"Seasonally adjusted, not calendar adjusted",1,One,2015,
DATAFLOW,OECD.ECO.MPD:DSD_AN_HOUSE_PRICES@DF_HOUSE_PRICES(1.0),Analytical house prices indicators,I,LTU,Lithuania,A,Annual,HPI,Nominal house price indices,IX,Index,2018,,123.200058000145,,A,Normal value,0,Units,S,"Seasonally adjusted, not calendar adjusted",1,One,2015,
DATAFLOW,OECD.ECO.MPD:DSD_AN_HOUSE_PRICES@DF_HOUSE_PRICES(1.0),Analytical house prices indicators,I,LTU,Lithuania,A,Annual,HPI,Nominal house price indices,IX,Index,2019,,131.627829069573,,A,Normal value,0,Units,S,"Seasonally adjusted, not calendar adjusted",1,One,2015,
DATAFLOW,OECD.ECO.MPD:DSD_AN_HOUSE_PRICES@DF_HOUSE_PRICES(1.0),Analytical house prices indicators,I,LTU,Lithuania,A,Annual,HPI,Nominal house price indices,IX,Index,2020,,141.191352978382,,A,Normal value,0,Units,S,"Seasonally adjusted, not calendar adjusted",1,One,2015,
DATAFLOW,OECD.ECO.MPD:DSD_AN_HOUSE_PRICES@DF_HOUSE_PRICES(1.0),Analytical house prices indicators,I,LTU,Lithuania,A,Annual,HPI,Nominal house price indices,IX,Index,2021,,163.849159622899,,A,Normal value,0,Units,S,"Seasonally adjusted, not calendar adjusted",1,One,2015,
DATAFLOW,OECD.ECO.MPD:DSD_AN_HOUSE_PRICES@DF_HOUSE_PRICES(1.0),Analytical house prices indicators,I,LTU,Lithuania,A,Annual,HPI,Nominal house price indices,IX,Index,2022,,195.063737659344,,A,Normal value,0,Units,S,"Seasonally adjusted, not calendar adjusted",1,One,2015,
DATAFLOW,OECD.ECO.MPD:DSD_AN_HOUSE_PRICES@DF_HOUSE_PRICES(1.0),Analytical house prices indicators,I,LTU,Lithuania,A,Annual,HPI,Nominal house price indices,IX,Index,2023,,214.204285510714,,A,Normal value,0,Units,S,"Seasonally adjusted, not calendar adjusted",1,One,2015,
DATAFLOW,OECD.ECO.MPD:DSD_AN_HOUSE_PRICES@DF_HOUSE_PRICES(1.0),Analytical house prices indicators,I,LTU,Lithuania,A,Annual,HPI,Nominal house price indices,IX,Index,2024,,235.041837604594,,A,Normal value,0,Units,S,"Seasonally adjusted, not calendar adjusted",1,One,2015,
DATAFLOW,OECD.ECO.MPD:DSD_AN_HOUSE_PRICES@DF_HOUSE_PRICES(1.0),Analytical house prices indicators,I,LTU,Lithuania,A,Annual,HPI,Nominal house price indices,IX,Index,2025,,258.131895334776,,A,Normal value,0,Units,S,"Seasonally adjusted, not calendar adjusted",1,One,2015,
DATAFLOW,OECD.ECO.MPD:DSD_AN_HOUSE_PRICES@DF_HOUSE_PRICES(1.0),Analytical house prices indicators,I,LUX,Luxembourg,A,Annual,HPI,Nominal house price indices,IX,Index,2007,,74.4324999980709,,A,Normal value,0,Units,S,"Seasonally adjusted, not calendar adjusted",1,One,2015,
DATAFLOW,OECD.ECO.MPD:DSD_AN_HOUSE_PRICES@DF_HOUSE_PRICES(1.0),Analytical house prices indicators,I,LUX,Luxembourg,A,Annual,HPI,Nominal house price indices,IX,Index,2008,,76.9177499999999,,A,Normal value,0,Units,S,"Seasonally adjusted, not calendar adjusted",1,One,2015,
DATAFLOW,OECD.ECO.MPD:DSD_AN_HOUSE_PRICES@DF_HOUSE_PRICES(1.0),Analytical house prices indicators,I,LUX,Luxembourg,A,Annual,HPI,Nominal house price indices,IX,Index,2009,,76.0339999999999,,A,Normal value,0,Units,S,"Seasonally adjusted, not calendar adjusted",1,One,2015,
DATAFLOW,OECD.ECO.MPD:DSD_AN_HOUSE_PRICES@DF_HOUSE_PRICES(1.0),Analytical house prices indicators,I,LUX,Luxembourg,A,Annual,HPI,Nominal house price indices,IX,Index,2010,,80.1544999999999,,A,Normal value,0,Units,S,"Seasonally adjusted, not calendar adjusted",1,One,2015,
DATAFLOW,OECD.ECO.MPD:DSD_AN_HOUSE_PRICES@DF_HOUSE_PRICES(1.0),Analytical house prices indicators,I,LUX,Luxembourg,A,Annual,HPI,Nominal house price indices,IX,Index,2011,,83.0977499999999,,A,Normal value,0,Units,S,"Seasonally adjusted, not calendar adjusted",1,One,2015,
DATAFLOW,OECD.ECO.MPD:DSD_AN_HOUSE_PRICES@DF_HOUSE_PRICES(1.0),Analytical house prices indicators,I,LUX,Luxembourg,A,Annual,HPI,Nominal house price indices,IX,Index,2012,,86.5907499999999,,A,Normal value,0,Units,S,"Seasonally adjusted, not calendar adjusted",1,One,2015,
DATAFLOW,OECD.ECO.MPD:DSD_AN_HOUSE_PRICES@DF_HOUSE_PRICES(1.0),Analytical house prices indicators,I,LUX,Luxembourg,A,Annual,HPI,Nominal house price indices,IX,Index,2013,,90.90925,,A,Normal value,0,Units,S,"Seasonally adjusted, not calendar adjusted",1,One,2015,
DATAFLOW,OECD.ECO.MPD:DSD_AN_HOUSE_PRICES@DF_HOUSE_PRICES(1.0),Analytical house prices indicators,I,LUX,Luxembourg,A,Annual,HPI,Nominal house price indices,IX,Index,2014,,94.8927499999999,,A,Normal value,0,Units,S,"Seasonally adjusted, not calendar adjusted",1,One,2015,
DATAFLOW,OECD.ECO.MPD:DSD_AN_HOUSE_PRICES@DF_HOUSE_PRICES(1.0),Analytical house prices indicators,I,LUX,Luxembourg,A,Annual,HPI,Nominal house price indices,IX,Index,2016,,106.073,,A,Normal value,0,Units,S,"Seasonally adjusted, not calendar adjusted",1,One,2015,
DATAFLOW,OECD.ECO.MPD:DSD_AN_HOUSE_PRICES@DF_HOUSE_PRICES(1.0),Analytical house prices indicators,I,LUX,Luxembourg,A,Annual,HPI,Nominal house price indices,IX,Index,2017,,112.084,,A,Normal value,0,Units,S,"Seasonally adjusted, not calendar adjusted",1,One,2015,
DATAFLOW,OECD.ECO.MPD:DSD_AN_HOUSE_PRICES@DF_HOUSE_PRICES(1.0),Analytical house prices indicators,I,LUX,Luxembourg,A,Annual,HPI,Nominal house price indices,IX,Index,2018,,120.407,,A,Normal value,0,Units,S,"Seasonally adjusted, not calendar adjusted",1,One,2015,
DATAFLOW,OECD.ECO.MPD:DSD_AN_HOUSE_PRICES@DF_HOUSE_PRICES(1.0),Analytical house prices indicators,I,LUX,Luxembourg,A,Annual,HPI,Nominal house price indices,IX,Index,2019,,131.876,,A,Normal value,0,Units,S,"Seasonally adjusted, not calendar adjusted",1,One,2015,
DATAFLOW,OECD.ECO.MPD:DSD_AN_HOUSE_PRICES@DF_HOUSE_PRICES(1.0),Analytical house prices indicators,I,LUX,Luxembourg,A,Annual,HPI,Nominal house price indices,IX,Index,2020,,151.036,,A,Normal value,0,Units,S,"Seasonally adjusted, not calendar adjusted",1,One,2015,
DATAFLOW,OECD.ECO.MPD:DSD_AN_HOUSE_PRICES@DF_HOUSE_PRICES(1.0),Analytical house prices indicators,I,LUX,Luxembourg,A,Annual,HPI,Nominal house price indices,IX,Index,2021,,172.116,,A,Normal value,0,Units,S,"Seasonally adjusted, not calendar adjusted",1,One,2015,
DATAFLOW,OECD.ECO.MPD:DSD_AN_HOUSE_PRICES@DF_HOUSE_PRICES(1.0),Analytical house prices indicators,I,LUX,Luxembourg,A,Annual,HPI,Nominal house price indices,IX,Index,2022,,188.53125,,A,Normal value,0,Units,S,"Seasonally adjusted, not calendar adjusted",1,One,2015,
DATAFLOW,OECD.ECO.MPD:DSD_AN_HOUSE_PRICES@DF_HOUSE_PRICES(1.0),Analytical house prices indicators,I,LUX,Luxembourg,A,Annual,HPI,Nominal house price indices,IX,Index,2023,,171.4475,,A,Normal value,0,Units,S,"Seasonally adjusted, not calendar adjusted",1,One,2015,
DATAFLOW,OECD.ECO.MPD:DSD_AN_HOUSE_PRICES@DF_HOUSE_PRICES(1.0),Analytical house prices indicators,I,LUX,Luxembourg,A,Annual,HPI,Nominal house price indices,IX,Index,2024,,162.52575,,A,Normal value,0,Units,S,"Seasonally adjusted, not calendar adjusted",1,One,2015,
DATAFLOW,OECD.ECO.MPD:DSD_AN_HOUSE_PRICES@DF_HOUSE_PRICES(1.0),Analytical house prices indicators,I,LUX,Luxembourg,A,Annual,HPI,Nominal house price indices,IX,Index,2025,,165.134999999943,,A,Normal value,0,Units,S,"Seasonally adjusted, not calendar adjusted",1,One,2015,
DATAFLOW,OECD.ECO.MPD:DSD_AN_HOUSE_PRICES@DF_HOUSE_PRICES(1.0),Analytical house prices indicators,I,MEX,Mexico,A,Annual,HPI,Nominal house price indices,IX,Index,2010,,77.281556796108,,A,Normal value,0,Units,S,"Seasonally adjusted, not calendar adjusted",1,One,2015,
DATAFLOW,OECD.ECO.MPD:DSD_AN_HOUSE_PRICES@DF_HOUSE_PRICES(1.0),Analytical house prices indicators,I,MEX,Mexico,A,Annual,HPI,Nominal house price indices,IX,Index,2012,,84.3675390811523,,A,Normal value,0,Units,S,"Seasonally adjusted, not calendar adjusted",1,One,2015,
DATAFLOW,OECD.ECO.MPD:DSD_AN_HOUSE_PRICES@DF_HOUSE_PRICES(1.0),Analytical house prices indicators,I,MEX,Mexico,A,Annual,HPI,Nominal house price indices,IX,Index,2013,,88.6885282786793,,A,Normal value,0,Units,S,"Seasonally adjusted, not calendar adjusted",1,One,2015,
DATAFLOW,OECD.ECO.MPD:DSD_AN_HOUSE_PRICES@DF_HOUSE_PRICES(1.0),Analytical house prices indicators,I,NLD,Netherlands,A,Annual,HPI,Nominal house price indices,IX,Index,1970,,9.65030239294317,,A,Normal value,0,Units,S,"Seasonally adjusted, not calendar adjusted",1,One,2015,
DATAFLOW,OECD.ECO.MPD:DSD_AN_HOUSE_PRICES@DF_HOUSE_PRICES(1.0),Analytical house prices indicators,I,NLD,Netherlands,A,Annual,HPI,Nominal house price indices,IX,Index,1972,,11.9684972578032,,A,Normal value,0,Units,S,"Seasonally adjusted, not calendar adjusted",1,One,2015,
DATAFLOW,OECD.ECO.MPD:DSD_AN_HOUSE_PRICES@DF_HOUSE_PRICES(1.0),Analytical house prices indicators,I,NLD,Netherlands,A,Annual,HPI,Nominal house price indices,IX,Index,1973,,13.4561416739904,,A,Normal value,0,Units,S,"Seasonally adjusted, not calendar adjusted",1,One,2015,
DATAFLOW,OECD.ECO.MPD:DSD_AN_HOUSE_PRICES@DF_HOUSE_PRICES(1.0),Analytical house prices indicators,I,NLD,Netherlands,A,Annual,HPI,Nominal house price indices,IX,Index,1974,,15.0111280184825,,A,Normal value,0,Units,S,"Seasonally adjusted, not calendar adjusted",1,One,2015,
DATAFLOW,OECD.ECO.MPD:DSD_AN_HOUSE_PRICES@DF_HOUSE_PRICES(1.0),Analytical house prices indicators,I,NLD,Netherlands,A,Annual,HPI,Nominal house price indices,IX,Index,1977,,30.6817603590512,,A,Normal value,0,Units,S,"Seasonally adjusted, not calendar adjusted",1,One,2015,
DATAFLOW,OECD.ECO.MPD:DSD_AN_HOUSE_PRICES@DF_HOUSE_PRICES(1.0),Analytical house prices indicators,I,NLD,Netherlands,A,Annual,HPI,Nominal house price indices,IX,Index,1978,,33.2171030396683,,A,Normal value,0,Units,S,"Seasonally adjusted, not calendar adjusted",1,One,2015,
DATAFLOW,OECD.ECO.MPD:DSD_AN_HOUSE_PRICES@DF_HOUSE_PRICES(1.0),Analytical house prices indicators,I,NLD,Netherlands,A,Annual,HPI,Nominal house price indices,IX,Index,1979,,31.4861295658895,,A,Normal value,0,Units,S,"Seasonally adjusted, not calendar adjusted",1,One,2015,
DATAFLOW,OECD.ECO.MPD:DSD_AN_HOUSE_PRICES@DF_HOUSE_PRICES(1.0),Analytical house prices indicators,I,NLD,Netherlands,A,Annual,HPI,Nominal house price indices,IX,Index,1980,,28.8781103844375,,A,Normal value,0,Units,S,"Seasonally adjusted, not calendar adjusted",1,One,2015,
DATAFLOW,OECD.ECO.MPD:DSD_AN_HOUSE_PRICES@DF_HOUSE_PRICES(1.0),Analytical house prices indicators,I,NLD,Netherlands,A,Annual,HPI,Nominal house price indices,IX,Index,1983,,23.5348811055044,,A,Normal value,0,Units,S,"Seasonally adjusted, not calendar adjusted",1,One,2015,
DATAFLOW,OECD.ECO.MPD:DSD_AN_HOUSE_PRICES@DF_HOUSE_PRICES(1.0),Analytical house prices indicators,I,NLD,Netherlands,A,Annual,HPI,Nominal house price indices,IX,Index,1986,,24.5242783196987,,A,Normal value,0,Units,S,"Seasonally adjusted, not calendar adjusted",1,One,2015,
DATAFLOW,OECD.ECO.MPD:DSD_AN_HOUSE_PRICES@DF_HOUSE_PRICES(1.0),Analytical house prices indicators,I,NLD,Netherlands,A,Annual,HPI,Nominal house price indices,IX,Index,1987,,25.6787674844529,,A,Normal value,0,Units,S,"Seasonally adjusted, not calendar adjusted",1,One,2015,
DATAFLOW,OECD.ECO.MPD:DSD_AN_HOUSE_PRICES@DF_HOUSE_PRICES(1.0),Analytical house prices indicators,I,NLD,Netherlands,A,Annual,HPI,Nominal house price indices,IX,Index,1989,,28.6501973283516,,A,Normal value,0,Units,S,"Seasonally adjusted, not calendar adjusted",1,One,2015,
DATAFLOW,OECD.ECO.MPD:DSD_AN_HOUSE_PRICES@DF_HOUSE_PRICES(1.0),Analytical house prices indicators,I,NLD,Netherlands,A,Annual,HPI,Nominal house price indices,IX,Index,1990,,29.2167417672505,,A,Normal value,0,Units,S,"Seasonally adjusted, not calendar adjusted",1,One,2015,
DATAFLOW,OECD.ECO.MPD:DSD_AN_HOUSE_PRICES@DF_HOUSE_PRICES(1.0),Analytical house prices indicators,I,NLD,Netherlands,A,Annual,HPI,Nominal house price indices,IX,Index,1992,,32.4820876575322,,A,Normal value,0,Units,S,"Seasonally adjusted, not calendar adjusted",1,One,2015,
DATAFLOW,OECD.ECO.MPD:DSD_AN_HOUSE_PRICES@DF_HOUSE_PRICES(1.0),Analytical house prices indicators,I,NLD,Netherlands,A,Annual,HPI,Nominal house price indices,IX,Index,1993,,35.1611501600251,,A,Normal value,0,Units,S,"Seasonally adjusted, not calendar adjusted",1,One,2015,
DATAFLOW,OECD.ECO.MPD:DSD_AN_HOUSE_PRICES@DF_HOUSE_PRICES(1.0),Analytical house prices indicators,I,NLD,Netherlands,A,Annual,HPI,Nominal house price indices,IX,Index,1994,,39.4941732615259,,A,Normal value,0,Units,S,"Seasonally adjusted, not calendar adjusted",1,One,2015,
DATAFLOW,OECD.ECO.MPD:DSD_AN_HOUSE_PRICES@DF_HOUSE_PRICES(1.0),Analytical house prices indicators,I,NLD,Netherlands,A,Annual,HPI,Nominal house price indices,IX,Index,1995,,42.3406648511804,,A,Normal value,0,Units,S,"Seasonally adjusted, not calendar adjusted",1,One,2015,
DATAFLOW,OECD.ECO.MPD:DSD_AN_HOUSE_PRICES@DF_HOUSE_PRICES(1.0),Analytical house prices indicators,I,NLD,Netherlands,A,Annual,HPI,Nominal house price indices,IX,Index,1996,,46.9023049655749,,A,Normal value,0,Units,S,"Seasonally adjusted, not calendar adjusted",1,One,2015,
DATAFLOW,OECD.ECO.MPD:DSD_AN_HOUSE_PRICES@DF_HOUSE_PRICES(1.0),Analytical house prices indicators,I,NLD,Netherlands,A,Annual,HPI,Nominal house price indices,IX,Index,1997,,52.4870477461201,,A,Normal value,0,Units,S,"Seasonally adjusted, not calendar adjusted",1,One,2015,
DATAFLOW,OECD.ECO.MPD:DSD_AN_HOUSE_PRICES@DF_HOUSE_PRICES(1.0),Analytical house prices indicators,I,NLD,Netherlands,A,Annual,HPI,Nominal house price indices,IX,Index,1998,,58.1938003205891,,A,Normal value,0,Units,S,"Seasonally adjusted, not calendar adjusted",1,One,2015,
DATAFLOW,OECD.ECO.MPD:DSD_AN_HOUSE_PRICES@DF_HOUSE_PRICES(1.0),Analytical house prices indicators,I,NLD,Netherlands,A,Annual,HPI,Nominal house price indices,IX,Index,1999,,67.7112682034609,,A,Normal value,0,Units,S,"Seasonally adjusted, not calendar adjusted",1,One,2015,
DATAFLOW,OECD.ECO.MPD:DSD_AN_HOUSE_PRICES@DF_HOUSE_PRICES(1.0),Analytical house prices indicators,I,NLD,Netherlands,A,Annual,HPI,Nominal house price indices,IX,Index,2000,,80.0633448850718,,A,Normal value,0,Units,S,"Seasonally adjusted, not calendar adjusted",1,One,2015,
DATAFLOW,OECD.ECO.MPD:DSD_AN_HOUSE_PRICES@DF_HOUSE_PRICES(1.0),Analytical house prices indicators,I,NLD,Netherlands,A,Annual,HPI,Nominal house price indices,IX,Index,2001,,88.9425773677407,,A,Normal value,0,Units,S,"Seasonally adjusted, not calendar adjusted",1,One,2015,
DATAFLOW,OECD.ECO.MPD:DSD_AN_HOUSE_PRICES@DF_HOUSE_PRICES(1.0),Analytical house prices indicators,I,NLD,Netherlands,A,Annual,HPI,Nominal house price indices,IX,Index,2002,,94.6587348051617,,A,Normal value,0,Units,S,"Seasonally adjusted, not calendar adjusted",1,One,2015,
DATAFLOW,OECD.ECO.MPD:DSD_AN_HOUSE_PRICES@DF_HOUSE_PRICES(1.0),Analytical house prices indicators,I,NLD,Netherlands,A,Annual,HPI,Nominal house price indices,IX,Index,2003,,98.0377274824909,,A,Normal value,0,Units,S,"Seasonally adjusted, not calendar adjusted",1,One,2015,
DATAFLOW,OECD.ECO.MPD:DSD_AN_HOUSE_PRICES@DF_HOUSE_PRICES(1.0),Analytical house prices indicators,I,NLD,Netherlands,A,Annual,HPI,Nominal house price indices,IX,Index,2013,,95.7714999999998,,A,Normal value,0,Units,S,"Seasonally adjusted, not calendar adjusted",1,One,2015,
DATAFLOW,OECD.ECO.MPD:DSD_AN_HOUSE_PRICES@DF_HOUSE_PRICES(1.0),Analytical house prices indicators,I,NLD,Netherlands,A,Annual,HPI,Nominal house price indices,IX,Index,2014,,96.5564999999999,,A,Normal value,0,Units,S,"Seasonally adjusted, not calendar adjusted",1,One,2015,
DATAFLOW,OECD.ECO.MPD:DSD_AN_HOUSE_PRICES@DF_HOUSE_PRICES(1.0),Analytical house prices indicators,I,NLD,Netherlands,A,Annual,HPI,Nominal house price indices,IX,Index,2016,,105.2935,,A,Normal value,0,Units,S,"Seasonally adjusted, not calendar adjusted",1,One,2015,
DATAFLOW,OECD.ECO.MPD:DSD_AN_HOUSE_PRICES@DF_HOUSE_PRICES(1.0),Analytical house prices indicators,I,NLD,Netherlands,A,Annual,HPI,Nominal house price indices,IX,Index,2017,,113.79175,,A,Normal value,0,Units,S,"Seasonally adjusted, not calendar adjusted",1,One,2015,
DATAFLOW,OECD.ECO.MPD:DSD_AN_HOUSE_PRICES@DF_HOUSE_PRICES(1.0),Analytical house prices indicators,I,NLD,Netherlands,A,Annual,HPI,Nominal house price indices,IX,Index,2018,,124.37875,,A,Normal value,0,Units,S,"Seasonally adjusted, not calendar adjusted",1,One,2015,
DATAFLOW,OECD.ECO.MPD:DSD_AN_HOUSE_PRICES@DF_HOUSE_PRICES(1.0),Analytical house prices indicators,I,NLD,Netherlands,A,Annual,HPI,Nominal house price indices,IX,Index,2019,,133.38125,,A,Normal value,0,Units,S,"Seasonally adjusted, not calendar adjusted",1,One,2015,
DATAFLOW,OECD.ECO.MPD:DSD_AN_HOUSE_PRICES@DF_HOUSE_PRICES(1.0),Analytical house prices indicators,I,NLD,Netherlands,A,Annual,HPI,Nominal house price indices,IX,Index,2020,,144.0405,,A,Normal value,0,Units,S,"Seasonally adjusted, not calendar adjusted",1,One,2015,
DATAFLOW,OECD.ECO.MPD:DSD_AN_HOUSE_PRICES@DF_HOUSE_PRICES(1.0),Analytical house prices indicators,I,NLD,Netherlands,A,Annual,HPI,Nominal house price indices,IX,Index,2021,,164.89,,A,Normal value,0,Units,S,"Seasonally adjusted, not calendar adjusted",1,One,2015,
DATAFLOW,OECD.ECO.MPD:DSD_AN_HOUSE_PRICES@DF_HOUSE_PRICES(1.0),Analytical house prices indicators,I,NLD,Netherlands,A,Annual,HPI,Nominal house price indices,IX,Index,2022,,186.82025,,A,Normal value,0,Units,S,"Seasonally adjusted, not calendar adjusted",1,One,2015,
DATAFLOW,OECD.ECO.MPD:DSD_AN_HOUSE_PRICES@DF_HOUSE_PRICES(1.0),Analytical house prices indicators,I,NLD,Netherlands,A,Annual,HPI,Nominal house price indices,IX,Index,2023,,183.25525,,A,Normal value,0,Units,S,"Seasonally adjusted, not calendar adjusted",1,One,2015,
DATAFLOW,OECD.ECO.MPD:DSD_AN_HOUSE_PRICES@DF_HOUSE_PRICES(1.0),Analytical house prices indicators,I,NLD,Netherlands,A,Annual,HPI,Nominal house price indices,IX,Index,2024,,198.19975,,A,Normal value,0,Units,S,"Seasonally adjusted, not calendar adjusted",1,One,2015,
DATAFLOW,OECD.ECO.MPD:DSD_AN_HOUSE_PRICES@DF_HOUSE_PRICES(1.0),Analytical house prices indicators,I,NLD,Netherlands,A,Annual,HPI,Nominal house price indices,IX,Index,2025,,215.12424999829,,A,Normal value,0,Units,S,"Seasonally adjusted, not calendar adjusted",1,One,2015,
DATAFLOW,OECD.ECO.MPD:DSD_AN_HOUSE_PRICES@DF_HOUSE_PRICES(1.0),Analytical house prices indicators,I,NZL,New Zealand,A,Annual,HPI,Nominal house price indices,IX,Index,1970,,1.89073948104118,,A,Normal value,0,Units,S,"Seasonally adjusted, not calendar adjusted",1,One,2015,
DATAFLOW,OECD.ECO.MPD:DSD_AN_HOUSE_PRICES@DF_HOUSE_PRICES(1.0),Analytical house prices indicators,I,NZL,New Zealand,A,Annual,HPI,Nominal house price indices,IX,Index,1971,,2.10225734492028,,A,Normal value,0,Units,S,"Seasonally adjusted, not calendar adjusted",1,One,2015,
DATAFLOW,OECD.ECO.MPD:DSD_AN_HOUSE_PRICES@DF_HOUSE_PRICES(1.0),Analytical house prices indicators,I,NZL,New Zealand,A,Annual,HPI,Nominal house price indices,IX,Index,1974,,4.20450375811986,,A,Normal value,0,Units,S,"Seasonally adjusted, not calendar adjusted",1,One,2015,
DATAFLOW,OECD.ECO.MPD:DSD_AN_HOUSE_PRICES@DF_HOUSE_PRICES(1.0),Analytical house prices indicators,I,NZL,New Zealand,A,Annual,HPI,Nominal house price indices,IX,Index,1976,,4.92417172714942,,A,Normal value,0,Units,S,"Seasonally adjusted, not calendar adjusted",1,One,2015,
DATAFLOW,OECD.ECO.MPD:DSD_AN_HOUSE_PRICES@DF_HOUSE_PRICES(1.0),Analytical house prices indicators,I,NZL,New Zealand,A,Annual,HPI,Nominal house price indices,IX,Index,1978,,5.3575269992511,,A,Normal value,0,Units,S,"Seasonally adjusted, not calendar adjusted",1,One,2015,
DATAFLOW,OECD.ECO.MPD:DSD_AN_HOUSE_PRICES@DF_HOUSE_PRICES(1.0),Analytical house prices indicators,I,NZL,New Zealand,A,Annual,HPI,Nominal house price indices,IX,Index,1979,,5.64383969617899,,A,Normal value,0,Units,S,"Seasonally adjusted, not calendar adjusted",1,One,2015,
DATAFLOW,OECD.ECO.MPD:DSD_AN_HOUSE_PRICES@DF_HOUSE_PRICES(1.0),Analytical house prices indicators,I,NZL,New Zealand,A,Annual,HPI,Nominal house price indices,IX,Index,1980,,6.18648453380413,,A,Normal value,0,Units,S,"Seasonally adjusted, not calendar adjusted",1,One,2015,
DATAFLOW,OECD.ECO.MPD:DSD_AN_HOUSE_PRICES@DF_HOUSE_PRICES(1.0),Analytical house prices indicators,I,NZL,New Zealand,A,Annual,HPI,Nominal house price indices,IX,Index,1981,,7.62398094004765,,A,Normal value,0,Units,S,"Seasonally adjusted, not calendar adjusted",1,One,2015,
DATAFLOW,OECD.ECO.MPD:DSD_AN_HOUSE_PRICES@DF_HOUSE_PRICES(1.0),Analytical house prices indicators,I,NZL,New Zealand,A,Annual,HPI,Nominal house price indices,IX,Index,1984,,12.4237189407027,,A,Normal value,0,Units,S,"Seasonally adjusted, not calendar adjusted",1,One,2015,
DATAFLOW,OECD.ECO.MPD:DSD_AN_HOUSE_PRICES@DF_HOUSE_PRICES(1.0),Analytical house prices indicators,I,NZL,New Zealand,A,Annual,HPI,Nominal house price indices,IX,Index,1985,,14.1847145382137,,A,Normal value,0,Units,S,"Seasonally adjusted, not calendar adjusted",1,One,2015,
DATAFLOW,OECD.ECO.MPD:DSD_AN_HOUSE_PRICES@DF_HOUSE_PRICES(1.0),Analytical house prices indicators,I,NZL,New Zealand,A,Annual,HPI,Nominal house price indices,IX,Index,1987,,18.3122042194895,,A,Normal value,0,Units,S,"Seasonally adjusted, not calendar adjusted",1,One,2015,
DATAFLOW,OECD.ECO.MPD:DSD_AN_HOUSE_PRICES@DF_HOUSE_PRICES(1.0),Analytical house prices indicators,I,NZL,New Zealand,A,Annual,HPI,Nominal house price indices,IX,Index,1992,,22.8191929520177,,A,Normal value,0,Units,S,"Seasonally adjusted, not calendar adjusted",1,One,2015,
DATAFLOW,OECD.ECO.MPD:DSD_AN_HOUSE_PRICES@DF_HOUSE_PRICES(1.0),Analytical house prices indicators,I,NZL,New Zealand,A,Annual,HPI,Nominal house price indices,IX,Index,1997,,34.4056639858401,,A,Normal value,0,Units,S,"Seasonally adjusted, not calendar adjusted",1,One,2015,
DATAFLOW,OECD.ECO.MPD:DSD_AN_HOUSE_PRICES@DF_HOUSE_PRICES(1.0),Analytical house prices indicators,I,NZL,New Zealand,A,Annual,HPI,Nominal house price indices,IX,Index,1998,,33.7879155302112,,A,Normal value,0,Units,S,"Seasonally adjusted, not calendar adjusted",1,One,2015,
DATAFLOW,OECD.ECO.MPD:DSD_AN_HOUSE_PRICES@DF_HOUSE_PRICES(1.0),Analytical house prices indicators,I,NZL,New Zealand,A,Annual,HPI,Nominal house price indices,IX,Index,1999,,34.4989137527156,,A,Normal value,0,Units,S,"Seasonally adjusted, not calendar adjusted",1,One,2015,
DATAFLOW,OECD.ECO.MPD:DSD_AN_HOUSE_PRICES@DF_HOUSE_PRICES(1.0),Analytical house prices indicators,I,NZL,New Zealand,A,Annual,HPI,Nominal house price indices,IX,Index,2000,,34.3764140589649,,A,Normal value,0,Units,S,"Seasonally adjusted, not calendar adjusted",1,One,2015,
DATAFLOW,OECD.ECO.MPD:DSD_AN_HOUSE_PRICES@DF_HOUSE_PRICES(1.0),Analytical house prices indicators,I,NZL,New Zealand,A,Annual,HPI,Nominal house price indices,IX,Index,2001,,35.0184124539689,,A,Normal value,0,Units,S,"Seasonally adjusted, not calendar adjusted",1,One,2015,
DATAFLOW,OECD.ECO.MPD:DSD_AN_HOUSE_PRICES@DF_HOUSE_PRICES(1.0),Analytical house prices indicators,I,NZL,New Zealand,A,Annual,HPI,Nominal house price indices,IX,Index,2002,,38.7001532496169,,A,Normal value,0,Units,S,"Seasonally adjusted, not calendar adjusted",1,One,2015,
DATAFLOW,OECD.ECO.MPD:DSD_AN_HOUSE_PRICES@DF_HOUSE_PRICES(1.0),Analytical house prices indicators,I,NZL,New Zealand,A,Annual,HPI,Nominal house price indices,IX,Index,2003,,46.2636343409142,,A,Normal value,0,Units,S,"Seasonally adjusted, not calendar adjusted",1,One,2015,
DATAFLOW,OECD.ECO.MPD:DSD_AN_HOUSE_PRICES@DF_HOUSE_PRICES(1.0),Analytical house prices indicators,I,NZL,New Zealand,A,Annual,HPI,Nominal house price indices,IX,Index,2004,,54.5231136922158,,A,Normal value,0,Units,S,"Seasonally adjusted, not calendar adjusted",1,One,2015,
DATAFLOW,OECD.ECO.MPD:DSD_AN_HOUSE_PRICES@DF_HOUSE_PRICES(1.0),Analytical house prices indicators,I,NZL,New Zealand,A,Annual,HPI,Nominal house price indices,IX,Index,2005,,62.243094392264,,A,Normal value,0,Units,S,"Seasonally adjusted, not calendar adjusted",1,One,2015,
DATAFLOW,OECD.ECO.MPD:DSD_AN_HOUSE_PRICES@DF_HOUSE_PRICES(1.0),Analytical house prices indicators,I,NZL,New Zealand,A,Annual,HPI,Nominal house price indices,IX,Index,2006,,68.5358286604284,,A,Normal value,0,Units,S,"Seasonally adjusted, not calendar adjusted",1,One,2015,
DATAFLOW,OECD.ECO.MPD:DSD_AN_HOUSE_PRICES@DF_HOUSE_PRICES(1.0),Analytical house prices indicators,I,NZL,New Zealand,A,Annual,HPI,Nominal house price indices,IX,Index,2007,,75.99306001735,,A,Normal value,0,Units,S,"Seasonally adjusted, not calendar adjusted",1,One,2015,
DATAFLOW,OECD.ECO.MPD:DSD_AN_HOUSE_PRICES@DF_HOUSE_PRICES(1.0),Analytical house prices indicators,I,NZL,New Zealand,A,Annual,HPI,Nominal house price indices,IX,Index,2009,,71.510321224197,,A,Normal value,0,Units,S,"Seasonally adjusted, not calendar adjusted",1,One,2015,
DATAFLOW,OECD.ECO.MPD:DSD_AN_HOUSE_PRICES@DF_HOUSE_PRICES(1.0),Analytical house prices indicators,I,NZL,New Zealand,A,Annual,HPI,Nominal house price indices,IX,Index,2011,,73.4455663860841,,A,Normal value,0,Units,S,"Seasonally adjusted, not calendar adjusted",1,One,2015,
DATAFLOW,OECD.ECO.MPD:DSD_AN_HOUSE_PRICES@DF_HOUSE_PRICES(1.0),Analytical house prices indicators,I,NZL,New Zealand,A,Annual,HPI,Nominal house price indices,IX,Index,2012,,76.7270581823546,,A,Normal value,0,Units,S,"Seasonally adjusted, not calendar adjusted",1,One,2015,
DATAFLOW,OECD.ECO.MPD:DSD_AN_HOUSE_PRICES@DF_HOUSE_PRICES(1.0),Analytical house prices indicators,I,NZL,New Zealand,A,Annual,HPI,Nominal house price indices,IX,Index,2016,,114.178214554464,,A,Normal value,0,Units,S,"Seasonally adjusted, not calendar adjusted",1,One,2015,
DATAFLOW,OECD.ECO.MPD:DSD_AN_HOUSE_PRICES@DF_HOUSE_PRICES(1.0),Analytical house prices indicators,I,NZL,New Zealand,A,Annual,HPI,Nominal house price indices,IX,Index,2019,,129.899925250187,,A,Normal value,0,Units,S,"Seasonally adjusted, not calendar adjusted",1,One,2015,
DATAFLOW,OECD.ECO.MPD:DSD_AN_HOUSE_PRICES@DF_HOUSE_PRICES(1.0),Analytical house prices indicators,I,NZL,New Zealand,A,Annual,HPI,Nominal house price indices,IX,Index,2020,,143.10939222652,,A,Normal value,0,Units,S,"Seasonally adjusted, not calendar adjusted",1,One,2015,
DATAFLOW,OECD.ECO.MPD:DSD_AN_HOUSE_PRICES@DF_HOUSE_PRICES(1.0),Analytical house prices indicators,I,NZL,New Zealand,A,Annual,HPI,Nominal house price indices,IX,Index,2022,,182.021794945513,,A,Normal value,0,Units,S,"Seasonally adjusted, not calendar adjusted",1,One,2015,
DATAFLOW,OECD.ECO.MPD:DSD_AN_HOUSE_PRICES@DF_HOUSE_PRICES(1.0),Analytical house prices indicators,I,NZL,New Zealand,A,Annual,HPI,Nominal house price indices,IX,Index,2023,,170.247324381689,,A,Normal value,0,Units,S,"Seasonally adjusted, not calendar adjusted",1,One,2015,
DATAFLOW,OECD.ECO.MPD:DSD_AN_HOUSE_PRICES@DF_HOUSE_PRICES(1.0),Analytical house prices indicators,I,NOR,Norway,A,Annual,HPI,Nominal house price indices,IX,Index,1970,,4.25048810249163,,A,Normal value,0,Units,S,"Seasonally adjusted, not calendar adjusted",1,One,2015,
DATAFLOW,OECD.ECO.MPD:DSD_AN_HOUSE_PRICES@DF_HOUSE_PRICES(1.0),Analytical house prices indicators,I,NOR,Norway,A,Annual,HPI,Nominal house price indices,IX,Index,1971,,4.39634101053495,,A,Normal value,0,Units,S,"Seasonally adjusted, not calendar adjusted",1,One,2015,
DATAFLOW,OECD.ECO.MPD:DSD_AN_HOUSE_PRICES@DF_HOUSE_PRICES(1.0),Analytical house prices indicators,I,NOR,Norway,A,Annual,HPI,Nominal house price indices,IX,Index,1972,,4.62751498709206,,A,Normal value,0,Units,S,"Seasonally adjusted, not calendar adjusted",1,One,2015,
DATAFLOW,OECD.ECO.MPD:DSD_AN_HOUSE_PRICES@DF_HOUSE_PRICES(1.0),Analytical house prices indicators,I,NOR,Norway,A,Annual,HPI,Nominal house price indices,IX,Index,1973,,5.0466259121719,,A,Normal value,0,Units,S,"Seasonally adjusted, not calendar adjusted",1,One,2015,
DATAFLOW,OECD.ECO.MPD:DSD_AN_HOUSE_PRICES@DF_HOUSE_PRICES(1.0),Analytical house prices indicators,I,NOR,Norway,A,Annual,HPI,Nominal house price indices,IX,Index,1974,,5.82777488532623,,A,Normal value,0,Units,S,"Seasonally adjusted, not calendar adjusted",1,One,2015,
DATAFLOW,OECD.ECO.MPD:DSD_AN_HOUSE_PRICES@DF_HOUSE_PRICES(1.0),Analytical house prices indicators,I,NOR,Norway,A,Annual,HPI,Nominal house price indices,IX,Index,1975,,6.51149642197643,,A,Normal value,0,Units,S,"Seasonally adjusted, not calendar adjusted",1,One,2015,
DATAFLOW,OECD.ECO.MPD:DSD_AN_HOUSE_PRICES@DF_HOUSE_PRICES(1.0),Analytical house prices indicators,I,NOR,Norway,A,Annual,HPI,Nominal house price indices,IX,Index,1976,,7.10759091514364,,A,Normal value,0,Units,S,"Seasonally adjusted, not calendar adjusted",1,One,2015,
DATAFLOW,OECD.ECO.MPD:DSD_AN_HOUSE_PRICES@DF_HOUSE_PRICES(1.0),Analytical house prices indicators,I,NOR,Norway,A,Annual,HPI,Nominal house price indices,IX,Index,1977,,7.83512597353534,,A,Normal value,0,Units,S,"Seasonally adjusted, not calendar adjusted",1,One,2015,
DATAFLOW,OECD.ECO.MPD:DSD_AN_HOUSE_PRICES@DF_HOUSE_PRICES(1.0),Analytical house prices indicators,I,NOR,Norway,A,Annual,HPI,Nominal house price indices,IX,Index,1978,,8.19601103419556,,A,Normal value,0,Units,S,"Seasonally adjusted, not calendar adjusted",1,One,2015,
DATAFLOW,OECD.ECO.MPD:DSD_AN_HOUSE_PRICES@DF_HOUSE_PRICES(1.0),Analytical house prices indicators,I,NOR,Norway,A,Annual,HPI,Nominal house price indices,IX,Index,1979,,8.52403595354967,,A,Normal value,0,Units,S,"Seasonally adjusted, not calendar adjusted",1,One,2015,
DATAFLOW,OECD.ECO.MPD:DSD_AN_HOUSE_PRICES@DF_HOUSE_PRICES(1.0),Analytical house prices indicators,I,NOR,Norway,A,Annual,HPI,Nominal house price indices,IX,Index,1980,,9.40261236320811,,A,Normal value,0,Units,S,"Seasonally adjusted, not calendar adjusted",1,One,2015,
DATAFLOW,OECD.ECO.MPD:DSD_AN_HOUSE_PRICES@DF_HOUSE_PRICES(1.0),Analytical house prices indicators,I,NOR,Norway,A,Annual,HPI,Nominal house price indices,IX,Index,1984,,13.7851175247721,,A,Normal value,0,Units,S,"Seasonally adjusted, not calendar adjusted",1,One,2015,
DATAFLOW,OECD.ECO.MPD:DSD_AN_HOUSE_PRICES@DF_HOUSE_PRICES(1.0),Analytical house prices indicators,I,NOR,Norway,A,Annual,HPI,Nominal house price indices,IX,Index,1986,,21.8150983713156,,A,Normal value,0,Units,S,"Seasonally adjusted, not calendar adjusted",1,One,2015,
DATAFLOW,OECD.ECO.MPD:DSD_AN_HOUSE_PRICES@DF_HOUSE_PRICES(1.0),Analytical house prices indicators,I,NOR,Norway,A,Annual,HPI,Nominal house price indices,IX,Index,1987,,23.4304337386798,,A,Normal value,0,Units,S,"Seasonally adjusted, not calendar adjusted",1,One,2015,
DATAFLOW,OECD.ECO.MPD:DSD_AN_HOUSE_PRICES@DF_HOUSE_PRICES(1.0),Analytical house prices indicators,I,NOR,Norway,A,Annual,HPI,Nominal house price indices,IX,Index,1988,,24.3136220979952,,A,Normal value,0,Units,S,"Seasonally adjusted, not calendar adjusted",1,One,2015,
DATAFLOW,OECD.ECO.MPD:DSD_AN_HOUSE_PRICES@DF_HOUSE_PRICES(1.0),Analytical house prices indicators,I,NOR,Norway,A,Annual,HPI,Nominal house price indices,IX,Index,1989,,22.7501711642723,,A,Normal value,0,Units,S,"Seasonally adjusted, not calendar adjusted",1,One,2015,
DATAFLOW,OECD.ECO.MPD:DSD_AN_HOUSE_PRICES@DF_HOUSE_PRICES(1.0),Analytical house prices indicators,I,NOR,Norway,A,Annual,HPI,Nominal house price indices,IX,Index,1990,,21.1008226681877,,A,Normal value,0,Units,S,"Seasonally adjusted, not calendar adjusted",1,One,2015,
DATAFLOW,OECD.ECO.MPD:DSD_AN_HOUSE_PRICES@DF_HOUSE_PRICES(1.0),Analytical house prices indicators,I,NOR,Norway,A,Annual,HPI,Nominal house price indices,IX,Index,1991,,19.7979468900854,,A,Normal value,0,Units,S,"Seasonally adjusted, not calendar adjusted",1,One,2015,
DATAFLOW,OECD.ECO.MPD:DSD_AN_HOUSE_PRICES@DF_HOUSE_PRICES(1.0),Analytical house prices indicators,I,NOR,Norway,A,Annual,HPI,Nominal house price indices,IX,Index,1992,,18.8000000013468,,A,Normal value,0,Units,S,"Seasonally adjusted, not calendar adjusted",1,One,2015,
DATAFLOW,OECD.ECO.MPD:DSD_AN_HOUSE_PRICES@DF_HOUSE_PRICES(1.0),Analytical house prices indicators,I,NOR,Norway,A,Annual,HPI,Nominal house price indices,IX,Index,1993,,18.975,,A,Normal value,0,Units,S,"Seasonally adjusted, not calendar adjusted",1,One,2015,
DATAFLOW,OECD.ECO.MPD:DSD_AN_HOUSE_PRICES@DF_HOUSE_PRICES(1.0),Analytical house prices indicators,I,NOR,Norway,A,Annual,HPI,Nominal house price indices,IX,Index,1994,,21.475,,A,Normal value,0,Units,S,"Seasonally adjusted, not calendar adjusted",1,One,2015,
DATAFLOW,OECD.ECO.MPD:DSD_AN_HOUSE_PRICES@DF_HOUSE_PRICES(1.0),Analytical house prices indicators,I,NOR,Norway,A,Annual,HPI,Nominal house price indices,IX,Index,1995,,23.05,,A,Normal value,0,Units,S,"Seasonally adjusted, not calendar adjusted",1,One,2015,
DATAFLOW,OECD.ECO.MPD:DSD_AN_HOUSE_PRICES@DF_HOUSE_PRICES(1.0),Analytical house prices indicators,I,NOR,Norway,A,Annual,HPI,Nominal house price indices,IX,Index,1996,,25.125,,A,Normal value,0,Units,S,"Seasonally adjusted, not calendar adjusted",1,One,2015,
DATAFLOW,OECD.ECO.MPD:DSD_AN_HOUSE_PRICES@DF_HOUSE_PRICES(1.0),Analytical house prices indicators,I,NOR,Norway,A,Annual,HPI,Nominal house price indices,IX,Index,1997,,28.125,,A,Normal value,0,Units,S,"Seasonally adjusted, not calendar adjusted",1,One,2015,
DATAFLOW,OECD.ECO.MPD:DSD_AN_HOUSE_PRICES@DF_HOUSE_PRICES(1.0),Analytical house prices indicators,I,NOR,Norway,A,Annual,HPI,Nominal house price indices,IX,Index,1998,,31.25,,A,Normal value,0,Units,S,"Seasonally adjusted, not calendar adjusted",1,One,2015,
DATAFLOW,OECD.ECO.MPD:DSD_AN_HOUSE_PRICES@DF_HOUSE_PRICES(1.0),Analytical house prices indicators,I,NOR,Norway,A,Annual,HPI,Nominal house price indices,IX,Index,1999,,34.725,,A,Normal value,0,Units,S,"Seasonally adjusted, not calendar adjusted",1,One,2015,
DATAFLOW,OECD.ECO.MPD:DSD_AN_HOUSE_PRICES@DF_HOUSE_PRICES(1.0),Analytical house prices indicators,I,NOR,Norway,A,Annual,HPI,Nominal house price indices,IX,Index,2000,,40.25,,A,Normal value,0,Units,S,"Seasonally adjusted, not calendar adjusted",1,One,2015,
DATAFLOW,OECD.ECO.MPD:DSD_AN_HOUSE_PRICES@DF_HOUSE_PRICES(1.0),Analytical house prices indicators,I,NOR,Norway,A,Annual,HPI,Nominal house price indices,IX,Index,2001,,43.025,,A,Normal value,0,Units,S,"Seasonally adjusted, not calendar adjusted",1,One,2015,
DATAFLOW,OECD.ECO.MPD:DSD_AN_HOUSE_PRICES@DF_HOUSE_PRICES(1.0),Analytical house prices indicators,I,NOR,Norway,A,Annual,HPI,Nominal house price indices,IX,Index,2002,,45.1750000000001,,A,Normal value,0,Units,S,"Seasonally adjusted, not calendar adjusted",1,One,2015,
DATAFLOW,OECD.ECO.MPD:DSD_AN_HOUSE_PRICES@DF_HOUSE_PRICES(1.0),Analytical house prices indicators,I,NOR,Norway,A,Annual,HPI,Nominal house price indices,IX,Index,2003,,45.925,,A,Normal value,0,Units,S,"Seasonally adjusted, not calendar adjusted",1,One,2015,
DATAFLOW,OECD.ECO.MPD:DSD_AN_HOUSE_PRICES@DF_HOUSE_PRICES(1.0),Analytical house prices indicators,I,NOR,Norway,A,Annual,HPI,Nominal house price indices,IX,Index,2004,,50.6,,A,Normal value,0,Units,S,"Seasonally adjusted, not calendar adjusted",1,One,2015,
DATAFLOW,OECD.ECO.MPD:DSD_AN_HOUSE_PRICES@DF_HOUSE_PRICES(1.0),Analytical house prices indicators,I,NOR,Norway,A,Annual,HPI,Nominal house price indices,IX,Index,2005,,54.775,,A,Normal value,0,Units,S,"Seasonally adjusted, not calendar adjusted",1,One,2015,
DATAFLOW,OECD.ECO.MPD:DSD_AN_HOUSE_PRICES@DF_HOUSE_PRICES(1.0),Analytical house prices indicators,I,NOR,Norway,A,Annual,HPI,Nominal house price indices,IX,Index,2006,,62.275,,A,Normal value,0,Units,S,"Seasonally adjusted, not calendar adjusted",1,One,2015,
DATAFLOW,OECD.ECO.MPD:DSD_AN_HOUSE_PRICES@DF_HOUSE_PRICES(1.0),Analytical house prices indicators,I,NOR,Norway,A,Annual,HPI,Nominal house price indices,IX,Index,2007,,70.1,,A,Normal value,0,Units,S,"Seasonally adjusted, not calendar adjusted",1,One,2015,
DATAFLOW,OECD.ECO.MPD:DSD_AN_HOUSE_PRICES@DF_HOUSE_PRICES(1.0),Analytical house prices indicators,I,NOR,Norway,A,Annual,HPI,Nominal house price indices,IX,Index,2008,,69.35,,A,Normal value,0,Units,S,"Seasonally adjusted, not calendar adjusted",1,One,2015,
DATAFLOW,OECD.ECO.MPD:DSD_AN_HOUSE_PRICES@DF_HOUSE_PRICES(1.0),Analytical house prices indicators,I,NOR,Norway,A,Annual,HPI,Nominal house price indices,IX,Index,2009,,70.6750000000001,,A,Normal value,0,Units,S,"Seasonally adjusted, not calendar adjusted",1,One,2015,
DATAFLOW,OECD.ECO.MPD:DSD_AN_HOUSE_PRICES@DF_HOUSE_PRICES(1.0),Analytical house prices indicators,I,NOR,Norway,A,Annual,HPI,Nominal house price indices,IX,Index,2010,,76.475,,A,Normal value,0,Units,S,"Seasonally adjusted, not calendar adjusted",1,One,2015,
DATAFLOW,OECD.ECO.MPD:DSD_AN_HOUSE_PRICES@DF_HOUSE_PRICES(1.0),Analytical house prices indicators,I,NOR,Norway,A,Annual,HPI,Nominal house price indices,IX,Index,2011,,82.6000000000001,,A,Normal value,0,Units,S,"Seasonally adjusted, not calendar adjusted",1,One,2015,
DATAFLOW,OECD.ECO.MPD:DSD_AN_HOUSE_PRICES@DF_HOUSE_PRICES(1.0),Analytical house prices indicators,I,NOR,Norway,A,Annual,HPI,Nominal house price indices,IX,Index,2012,,88.2,,A,Normal value,0,Units,S,"Seasonally adjusted, not calendar adjusted",1,One,2015,
DATAFLOW,OECD.ECO.MPD:DSD_AN_HOUSE_PRICES@DF_HOUSE_PRICES(1.0),Analytical house prices indicators,I,NOR,Norway,A,Annual,HPI,Nominal house price indices,IX,Index,2013,,91.7500000000001,,A,Normal value,0,Units,S,"Seasonally adjusted, not calendar adjusted",1,One,2015,
DATAFLOW,OECD.ECO.MPD:DSD_AN_HOUSE_PRICES@DF_HOUSE_PRICES(1.0),Analytical house prices indicators,I,NOR,Norway,A,Annual,HPI,Nominal house price indices,IX,Index,2014,,94.2500000000001,,A,Normal value,0,Units,S,"Seasonally adjusted, not calendar adjusted",1,One,2015,
DATAFLOW,OECD.ECO.MPD:DSD_AN_HOUSE_PRICES@DF_HOUSE_PRICES(1.0),Analytical house prices indicators,I,NOR,Norway,A,Annual,HPI,Nominal house price indices,IX,Index,2018,,113.975,,A,Normal value,0,Units,S,"Seasonally adjusted, not calendar adjusted",1,One,2015,
DATAFLOW,OECD.ECO.MPD:DSD_AN_HOUSE_PRICES@DF_HOUSE_PRICES(1.0),Analytical house prices indicators,I,NOR,Norway,A,Annual,HPI,Nominal house price indices,IX,Index,2021,,134.525,,A,Normal value,0,Units,S,"Seasonally adjusted, not calendar adjusted",1,One,2015,
DATAFLOW,OECD.ECO.MPD:DSD_AN_HOUSE_PRICES@DF_HOUSE_PRICES(1.0),Analytical house prices indicators,I,NOR,Norway,A,Annual,HPI,Nominal house price indices,IX,Index,2022,,141.575,,A,Normal value,0,Units,S,"Seasonally adjusted, not calendar adjusted",1,One,2015,
DATAFLOW,OECD.ECO.MPD:DSD_AN_HOUSE_PRICES@DF_HOUSE_PRICES(1.0),Analytical house prices indicators,I,NOR,Norway,A,Annual,HPI,Nominal house price indices,IX,Index,2023,,140.8,,A,Normal value,0,Units,S,"Seasonally adjusted, not calendar adjusted",1,One,2015,
DATAFLOW,OECD.ECO.MPD:DSD_AN_HOUSE_PRICES@DF_HOUSE_PRICES(1.0),Analytical house prices indicators,I,NOR,Norway,A,Annual,HPI,Nominal house price indices,IX,Index,2024,,144.575,,A,Normal value,0,Units,S,"Seasonally adjusted, not calendar adjusted",1,One,2015,
DATAFLOW,OECD.ECO.MPD:DSD_AN_HOUSE_PRICES@DF_HOUSE_PRICES(1.0),Analytical house prices indicators,I,NOR,Norway,A,Annual,HPI,Nominal house price indices,IX,Index,2025,,152.50000001187,,A,Normal value,0,Units,S,"Seasonally adjusted, not calendar adjusted",1,One,2015,
DATAFLOW,OECD.ECO.MPD:DSD_AN_HOUSE_PRICES@DF_HOUSE_PRICES(1.0),Analytical house prices indicators,I,POL,Poland,A,Annual,HPI,Nominal house price indices,IX,Index,2010,,105.61,,A,Normal value,0,Units,S,"Seasonally adjusted, not calendar adjusted",1,One,2015,
DATAFLOW,OECD.ECO.MPD:DSD_AN_HOUSE_PRICES@DF_HOUSE_PRICES(1.0),Analytical house prices indicators,I,POL,Poland,A,Annual,HPI,Nominal house price indices,IX,Index,2011,,105.695,,A,Normal value,0,Units,S,"Seasonally adjusted, not calendar adjusted",1,One,2015,
DATAFLOW,OECD.ECO.MPD:DSD_AN_HOUSE_PRICES@DF_HOUSE_PRICES(1.0),Analytical house prices indicators,I,POL,Poland,A,Annual,HPI,Nominal house price indices,IX,Index,2012,,102.005,,A,Normal value,0,Units,S,"Seasonally adjusted, not calendar adjusted",1,One,2015,
DATAFLOW,OECD.ECO.MPD:DSD_AN_HOUSE_PRICES@DF_HOUSE_PRICES(1.0),Analytical house prices indicators,I,POL,Poland,A,Annual,HPI,Nominal house price indices,IX,Index,2016,,101.8575,,A,Normal value,0,Units,S,"Seasonally adjusted, not calendar adjusted",1,One,2015,
DATAFLOW,OECD.ECO.MPD:DSD_AN_HOUSE_PRICES@DF_HOUSE_PRICES(1.0),Analytical house prices indicators,I,POL,Poland,A,Annual,HPI,Nominal house price indices,IX,Index,2017,,105.7825,,A,Normal value,0,Units,S,"Seasonally adjusted, not calendar adjusted",1,One,2015,
DATAFLOW,OECD.ECO.MPD:DSD_AN_HOUSE_PRICES@DF_HOUSE_PRICES(1.0),Analytical house prices indicators,I,POL,Poland,A,Annual,HPI,Nominal house price indices,IX,Index,2018,,112.7425,,A,Normal value,0,Units,S,"Seasonally adjusted, not calendar adjusted",1,One,2015,
DATAFLOW,OECD.ECO.MPD:DSD_AN_HOUSE_PRICES@DF_HOUSE_PRICES(1.0),Analytical house prices indicators,I,POL,Poland,A,Annual,HPI,Nominal house price indices,IX,Index,2019,,122.5225,,A,Normal value,0,Units,S,"Seasonally adjusted, not calendar adjusted",1,One,2015,
DATAFLOW,OECD.ECO.MPD:DSD_AN_HOUSE_PRICES@DF_HOUSE_PRICES(1.0),Analytical house prices indicators,I,POL,Poland,A,Annual,HPI,Nominal house price indices,IX,Index,2020,,135.3625,,A,Normal value,0,Units,S,"Seasonally adjusted, not calendar adjusted",1,One,2015,
DATAFLOW,OECD.ECO.MPD:DSD_AN_HOUSE_PRICES@DF_HOUSE_PRICES(1.0),Analytical house prices indicators,I,POL,Poland,A,Annual,HPI,Nominal house price indices,IX,Index,2021,,147.7725,,A,Normal value,0,Units,S,"Seasonally adjusted, not calendar adjusted",1,One,2015,
DATAFLOW,OECD.ECO.MPD:DSD_AN_HOUSE_PRICES@DF_HOUSE_PRICES(1.0),Analytical house prices indicators,I,POL,Poland,A,Annual,HPI,Nominal house price indices,IX,Index,2022,,165.205,,A,Normal value,0,Units,S,"Seasonally adjusted, not calendar adjusted",1,One,2015,
DATAFLOW,OECD.ECO.MPD:DSD_AN_HOUSE_PRICES@DF_HOUSE_PRICES(1.0),Analytical house prices indicators,I,POL,Poland,A,Annual,HPI,Nominal house price indices,IX,Index,2023,,179.78,,A,Normal value,0,Units,S,"Seasonally adjusted, not calendar adjusted",1,One,2015,
DATAFLOW,OECD.ECO.MPD:DSD_AN_HOUSE_PRICES@DF_HOUSE_PRICES(1.0),Analytical house prices indicators,I,SVK,Slovak Republic,A,Annual,HPI,Nominal house price indices,IX,Index,2016,,106.667733330667,,A,Normal value,0,Units,S,"Seasonally adjusted, not calendar adjusted",1,One,2015,
DATAFLOW,OECD.ECO.MPD:DSD_AN_HOUSE_PRICES@DF_HOUSE_PRICES(1.0),Analytical house prices indicators,I,SVK,Slovak Republic,A,Annual,HPI,Nominal house price indices,IX,Index,2017,,112.915217711956,,A,Normal value,0,Units,S,"Seasonally adjusted, not calendar adjusted",1,One,2015,
DATAFLOW,OECD.ECO.MPD:DSD_AN_HOUSE_PRICES@DF_HOUSE_PRICES(1.0),Analytical house prices indicators,I,SVK,Slovak Republic,A,Annual,HPI,Nominal house price indices,IX,Index,2018,,121.322696693258,,A,Normal value,0,Units,S,"Seasonally adjusted, not calendar adjusted",1,One,2015,
DATAFLOW,OECD.ECO.MPD:DSD_AN_HOUSE_PRICES@DF_HOUSE_PRICES(1.0),Analytical house prices indicators,I,SVK,Slovak Republic,A,Annual,HPI,Nominal house price indices,IX,Index,2022,,175.411311471721,,A,Normal value,0,Units,S,"Seasonally adjusted, not calendar adjusted",1,One,2015,
DATAFLOW,OECD.ECO.MPD:DSD_AN_HOUSE_PRICES@DF_HOUSE_PRICES(1.0),Analytical house prices indicators,I,SVN,Slovenia,A,Annual,HPI,Nominal house price indices,IX,Index,2007,,120.839250008225,,A,Normal value,0,Units,S,"Seasonally adjusted, not calendar adjusted",1,One,2015,
DATAFLOW,OECD.ECO.MPD:DSD_AN_HOUSE_PRICES@DF_HOUSE_PRICES(1.0),Analytical house prices indicators,I,SVN,Slovenia,A,Annual,HPI,Nominal house price indices,IX,Index,2008,,129.306,,A,Normal value,0,Units,S,"Seasonally adjusted, not calendar adjusted",1,One,2015,
DATAFLOW,OECD.ECO.MPD:DSD_AN_HOUSE_PRICES@DF_HOUSE_PRICES(1.0),Analytical house prices indicators,I,SVN,Slovenia,A,Annual,HPI,Nominal house price indices,IX,Index,2009,,117.052,,A,Normal value,0,Units,S,"Seasonally adjusted, not calendar adjusted",1,One,2015,
DATAFLOW,OECD.ECO.MPD:DSD_AN_HOUSE_PRICES@DF_HOUSE_PRICES(1.0),Analytical house prices indicators,I,SVN,Slovenia,A,Annual,HPI,Nominal house price indices,IX,Index,2010,,117.2075,,A,Normal value,0,Units,S,"Seasonally adjusted, not calendar adjusted",1,One,2015,
DATAFLOW,OECD.ECO.MPD:DSD_AN_HOUSE_PRICES@DF_HOUSE_PRICES(1.0),Analytical house prices indicators,I,SVN,Slovenia,A,Annual,HPI,Nominal house price indices,IX,Index,2011,,120.38275,,A,Normal value,0,Units,S,"Seasonally adjusted, not calendar adjusted",1,One,2015,
DATAFLOW,OECD.ECO.MPD:DSD_AN_HOUSE_PRICES@DF_HOUSE_PRICES(1.0),Analytical house prices indicators,I,SVN,Slovenia,A,Annual,HPI,Nominal house price indices,IX,Index,2012,,112.08225,,A,Normal value,0,Units,S,"Seasonally adjusted, not calendar adjusted",1,One,2015,
DATAFLOW,OECD.ECO.MPD:DSD_AN_HOUSE_PRICES@DF_HOUSE_PRICES(1.0),Analytical house prices indicators,I,SVN,Slovenia,A,Annual,HPI,Nominal house price indices,IX,Index,2013,,106.20525,,A,Normal value,0,Units,S,"Seasonally adjusted, not calendar adjusted",1,One,2015,
DATAFLOW,OECD.ECO.MPD:DSD_AN_HOUSE_PRICES@DF_HOUSE_PRICES(1.0),Analytical house prices indicators,I,SVN,Slovenia,A,Annual,HPI,Nominal house price indices,IX,Index,2014,,99.20475,,A,Normal value,0,Units,S,"Seasonally adjusted, not calendar adjusted",1,One,2015,
DATAFLOW,OECD.ECO.MPD:DSD_AN_HOUSE_PRICES@DF_HOUSE_PRICES(1.0),Analytical house prices indicators,I,SVN,Slovenia,A,Annual,HPI,Nominal house price indices,IX,Index,2016,,103.25,,A,Normal value,0,Units,S,"Seasonally adjusted, not calendar adjusted",1,One,2015,
DATAFLOW,OECD.ECO.MPD:DSD_AN_HOUSE_PRICES@DF_HOUSE_PRICES(1.0),Analytical house prices indicators,I,SVN,Slovenia,A,Annual,HPI,Nominal house price indices,IX,Index,2017,,111.787,,A,Normal value,0,Units,S,"Seasonally adjusted, not calendar adjusted",1,One,2015,
DATAFLOW,OECD.ECO.MPD:DSD_AN_HOUSE_PRICES@DF_HOUSE_PRICES(1.0),Analytical house prices indicators,I,SVN,Slovenia,A,Annual,HPI,Nominal house price indices,IX,Index,2018,,121.54825,,A,Normal value,0,Units,S,"Seasonally adjusted, not calendar adjusted",1,One,2015,
DATAFLOW,OECD.ECO.MPD:DSD_AN_HOUSE_PRICES@DF_HOUSE_PRICES(1.0),Analytical house prices indicators,I,SVN,Slovenia,A,Annual,HPI,Nominal house price indices,IX,Index,2019,,129.6875,,A,Normal value,0,Units,S,"Seasonally adjusted, not calendar adjusted",1,One,2015,
DATAFLOW,OECD.ECO.MPD:DSD_AN_HOUSE_PRICES@DF_HOUSE_PRICES(1.0),Analytical house prices indicators,I,SVN,Slovenia,A,Annual,HPI,Nominal house price indices,IX,Index,2020,,135.66125,,A,Normal value,0,Units,S,"Seasonally adjusted, not calendar adjusted",1,One,2015,
DATAFLOW,OECD.ECO.MPD:DSD_AN_HOUSE_PRICES@DF_HOUSE_PRICES(1.0),Analytical house prices indicators,I,SVN,Slovenia,A,Annual,HPI,Nominal house price indices,IX,Index,2021,,151.31625,,A,Normal value,0,Units,S,"Seasonally adjusted, not calendar adjusted",1,One,2015,
DATAFLOW,OECD.ECO.MPD:DSD_AN_HOUSE_PRICES@DF_HOUSE_PRICES(1.0),Analytical house prices indicators,I,SVN,Slovenia,A,Annual,HPI,Nominal house price indices,IX,Index,2022,,173.64875,,A,Normal value,0,Units,S,"Seasonally adjusted, not calendar adjusted",1,One,2015,
DATAFLOW,OECD.ECO.MPD:DSD_AN_HOUSE_PRICES@DF_HOUSE_PRICES(1.0),Analytical house prices indicators,I,SVN,Slovenia,A,Annual,HPI,Nominal house price indices,IX,Index,2023,,186.2145,,A,Normal value,0,Units,S,"Seasonally adjusted, not calendar adjusted",1,One,2015,
DATAFLOW,OECD.ECO.MPD:DSD_AN_HOUSE_PRICES@DF_HOUSE_PRICES(1.0),Analytical house prices indicators,I,SVN,Slovenia,A,Annual,HPI,Nominal house price indices,IX,Index,2024,,200.24725,,A,Normal value,0,Units,S,"Seasonally adjusted, not calendar adjusted",1,One,2015,
DATAFLOW,OECD.ECO.MPD:DSD_AN_HOUSE_PRICES@DF_HOUSE_PRICES(1.0),Analytical house prices indicators,I,SVN,Slovenia,A,Annual,HPI,Nominal house price indices,IX,Index,2025,,214.892000002848,,A,Normal value,0,Units,S,"Seasonally adjusted, not calendar adjusted",1,One,2015,
DATAFLOW,OECD.ECO.MPD:DSD_AN_HOUSE_PRICES@DF_HOUSE_PRICES(1.0),Analytical house prices indicators,I,ESP,Spain,A,Annual,HPI,Nominal house price indices,IX,Index,1972,,1.96802194104737,,A,Normal value,0,Units,S,"Seasonally adjusted, not calendar adjusted",1,One,2015,
DATAFLOW,OECD.ECO.MPD:DSD_AN_HOUSE_PRICES@DF_HOUSE_PRICES(1.0),Analytical house prices indicators,I,ESP,Spain,A,Annual,HPI,Nominal house price indices,IX,Index,2008,,146.666133334667,,A,Normal value,0,Units,S,"Seasonally adjusted, not calendar adjusted",1,One,2015,
DATAFLOW,OECD.ECO.MPD:DSD_AN_HOUSE_PRICES@DF_HOUSE_PRICES(1.0),Analytical house prices indicators,I,ESP,Spain,A,Annual,HPI,Nominal house price indices,IX,Index,2009,,136.975157562106,,A,Normal value,0,Units,S,"Seasonally adjusted, not calendar adjusted",1,One,2015,
DATAFLOW,OECD.ECO.MPD:DSD_AN_HOUSE_PRICES@DF_HOUSE_PRICES(1.0),Analytical house prices indicators,I,ESP,Spain,A,Annual,HPI,Nominal house price indices,IX,Index,2011,,124.270189324527,,A,Normal value,0,Units,S,"Seasonally adjusted, not calendar adjusted",1,One,2015,
DATAFLOW,OECD.ECO.MPD:DSD_AN_HOUSE_PRICES@DF_HOUSE_PRICES(1.0),Analytical house prices indicators,I,ESP,Spain,A,Annual,HPI,Nominal house price indices,IX,Index,2012,,105.905235236912,,A,Normal value,0,Units,S,"Seasonally adjusted, not calendar adjusted",1,One,2015,
DATAFLOW,OECD.ECO.MPD:DSD_AN_HOUSE_PRICES@DF_HOUSE_PRICES(1.0),Analytical house prices indicators,I,ESP,Spain,A,Annual,HPI,Nominal house price indices,IX,Index,2020,,127.505181237047,,A,Normal value,0,Units,S,"Seasonally adjusted, not calendar adjusted",1,One,2015,
DATAFLOW,OECD.ECO.MPD:DSD_AN_HOUSE_PRICES@DF_HOUSE_PRICES(1.0),Analytical house prices indicators,I,ESP,Spain,A,Annual,HPI,Nominal house price indices,IX,Index,2023,,147.693630765923,,A,Normal value,0,Units,S,"Seasonally adjusted, not calendar adjusted",1,One,2015,
DATAFLOW,OECD.ECO.MPD:DSD_AN_HOUSE_PRICES@DF_HOUSE_PRICES(1.0),Analytical house prices indicators,I,SWE,Sweden,A,Annual,HPI,Nominal house price indices,IX,Index,1970,,4.85945353207526,,A,Normal value,0,Units,S,"Seasonally adjusted, not calendar adjusted",1,One,2015,
DATAFLOW,OECD.ECO.MPD:DSD_AN_HOUSE_PRICES@DF_HOUSE_PRICES(1.0),Analytical house prices indicators,I,SWE,Sweden,A,Annual,HPI,Nominal house price indices,IX,Index,1971,,5.11382329572144,,A,Normal value,0,Units,S,"Seasonally adjusted, not calendar adjusted",1,One,2015,
DATAFLOW,OECD.ECO.MPD:DSD_AN_HOUSE_PRICES@DF_HOUSE_PRICES(1.0),Analytical house prices indicators,I,SWE,Sweden,A,Annual,HPI,Nominal house price indices,IX,Index,1973,,5.89345010307949,,A,Normal value,0,Units,S,"Seasonally adjusted, not calendar adjusted",1,One,2015,
DATAFLOW,OECD.ECO.MPD:DSD_AN_HOUSE_PRICES@DF_HOUSE_PRICES(1.0),Analytical house prices indicators,I,SWE,Sweden,A,Annual,HPI,Nominal house price indices,IX,Index,1989,,24.7010233516483,,A,Normal value,0,Units,S,"Seasonally adjusted, not calendar adjusted",1,One,2015,
DATAFLOW,OECD.ECO.MPD:DSD_AN_HOUSE_PRICES@DF_HOUSE_PRICES(1.0),Analytical house prices indicators,I,SWE,Sweden,A,Annual,HPI,Nominal house price indices,IX,Index,1990,,27.6230151098901,,A,Normal value,0,Units,S,"Seasonally adjusted, not calendar adjusted",1,One,2015,
DATAFLOW,OECD.ECO.MPD:DSD_AN_HOUSE_PRICES@DF_HOUSE_PRICES(1.0),Analytical house prices indicators,I,SWE,Sweden,A,Annual,HPI,Nominal house price indices,IX,Index,1991,,29.5257074175824,,A,Normal value,0,Units,S,"Seasonally adjusted, not calendar adjusted",1,One,2015,
DATAFLOW,OECD.ECO.MPD:DSD_AN_HOUSE_PRICES@DF_HOUSE_PRICES(1.0),Analytical house prices indicators,I,SWE,Sweden,A,Annual,HPI,Nominal house price indices,IX,Index,1992,,26.7396222527472,,A,Normal value,0,Units,S,"Seasonally adjusted, not calendar adjusted",1,One,2015,
DATAFLOW,OECD.ECO.MPD:DSD_AN_HOUSE_PRICES@DF_HOUSE_PRICES(1.0),Analytical house prices indicators,I,SWE,Sweden,A,Annual,HPI,Nominal house price indices,IX,Index,1993,,23.7836538461538,,A,Normal value,0,Units,S,"Seasonally adjusted, not calendar adjusted",1,One,2015,
DATAFLOW,OECD.ECO.MPD:DSD_AN_HOUSE_PRICES@DF_HOUSE_PRICES(1.0),Analytical house prices indicators,I,SWE,Sweden,A,Annual,HPI,Nominal house price indices,IX,Index,1997,,26.8075755494505,,A,Normal value,0,Units,S,"Seasonally adjusted, not calendar adjusted",1,One,2015,
DATAFLOW,OECD.ECO.MPD:DSD_AN_HOUSE_PRICES@DF_HOUSE_PRICES(1.0),Analytical house prices indicators,I,SWE,Sweden,A,Annual,HPI,Nominal house price indices,IX,Index,1998,,29.3558241758241,,A,Normal value,0,Units,S,"Seasonally adjusted, not calendar adjusted",1,One,2015,
DATAFLOW,OECD.ECO.MPD:DSD_AN_HOUSE_PRICES@DF_HOUSE_PRICES(1.0),Analytical house prices indicators,I,SWE,Sweden,A,Annual,HPI,Nominal house price indices,IX,Index,2001,,38.5295192307692,,A,Normal value,0,Units,S,"Seasonally adjusted, not calendar adjusted",1,One,2015,
DATAFLOW,OECD.ECO.MPD:DSD_AN_HOUSE_PRICES@DF_HOUSE_PRICES(1.0),Analytical house prices indicators,I,SWE,Sweden,A,Annual,HPI,Nominal house price indices,IX,Index,2022,,139.25,,A,Normal value,0,Units,S,"Seasonally adjusted, not calendar adjusted",1,One,2015,
DATAFLOW,OECD.ECO.MPD:DSD_AN_HOUSE_PRICES@DF_HOUSE_PRICES(1.0),Analytical house prices indicators,I,CHE,Switzerland,A,Annual,HPI,Nominal house price indices,IX,Index,1970,,22.8670600115905,,A,Normal value,0,Units,S,"Seasonally adjusted, not calendar adjusted",1,One,2015,
DATAFLOW,OECD.ECO.MPD:DSD_AN_HOUSE_PRICES@DF_HOUSE_PRICES(1.0),Analytical house prices indicators,I,CHE,Switzerland,A,Annual,HPI,Nominal house price indices,IX,Index,1971,,26.1916663460655,,A,Normal value,0,Units,S,"Seasonally adjusted, not calendar adjusted",1,One,2015,
DATAFLOW,OECD.ECO.MPD:DSD_AN_HOUSE_PRICES@DF_HOUSE_PRICES(1.0),Analytical house prices indicators,I,CHE,Switzerland,A,Annual,HPI,Nominal house price indices,IX,Index,1972,,31.5712207428575,,A,Normal value,0,Units,S,"Seasonally adjusted, not calendar adjusted",1,One,2015,
DATAFLOW,OECD.ECO.MPD:DSD_AN_HOUSE_PRICES@DF_HOUSE_PRICES(1.0),Analytical house prices indicators,I,CHE,Switzerland,A,Annual,HPI,Nominal house price indices,IX,Index,1973,,37.2442384045238,,A,Normal value,0,Units,S,"Seasonally adjusted, not calendar adjusted",1,One,2015,
DATAFLOW,OECD.ECO.MPD:DSD_AN_HOUSE_PRICES@DF_HOUSE_PRICES(1.0),Analytical house prices indicators,I,CHE,Switzerland,A,Annual,HPI,Nominal house price indices,IX,Index,1974,,37.3569455643382,,A,Normal value,0,Units,S,"Seasonally adjusted, not calendar adjusted",1,One,2015,
DATAFLOW,OECD.ECO.MPD:DSD_AN_HOUSE_PRICES@DF_HOUSE_PRICES(1.0),Analytical house prices indicators,I,CHE,Switzerland,A,Annual,HPI,Nominal house price indices,IX,Index,1975,,34.4575292715188,,A,Normal value,0,Units,S,"Seasonally adjusted, not calendar adjusted",1,One,2015,
DATAFLOW,OECD.ECO.MPD:DSD_AN_HOUSE_PRICES@DF_HOUSE_PRICES(1.0),Analytical house prices indicators,I,CHE,Switzerland,A,Annual,HPI,Nominal house price indices,IX,Index,1976,,33.02071771735,,A,Normal value,0,Units,S,"Seasonally adjusted, not calendar adjusted",1,One,2015,
DATAFLOW,OECD.ECO.MPD:DSD_AN_HOUSE_PRICES@DF_HOUSE_PRICES(1.0),Analytical house prices indicators,I,CHE,Switzerland,A,Annual,HPI,Nominal house price indices,IX,Index,1977,,33.2257972563499,,A,Normal value,0,Units,S,"Seasonally adjusted, not calendar adjusted",1,One,2015,
DATAFLOW,OECD.ECO.MPD:DSD_AN_HOUSE_PRICES@DF_HOUSE_PRICES(1.0),Analytical house prices indicators,I,CHE,Switzerland,A,Annual,HPI,Nominal house price indices,IX,Index,1978,,34.6816263622272,,A,Normal value,0,Units,S,"Seasonally adjusted, not calendar adjusted",1,One,2015,
DATAFLOW,OECD.ECO.MPD:DSD_AN_HOUSE_PRICES@DF_HOUSE_PRICES(1.0),Analytical house prices indicators,I,CHE,Switzerland,A,Annual,HPI,Nominal house price indices,IX,Index,1979,,37.5701215279201,,A,Normal value,0,Units,S,"Seasonally adjusted, not calendar adjusted",1,One,2015,
DATAFLOW,OECD.ECO.MPD:DSD_AN_HOUSE_PRICES@DF_HOUSE_PRICES(1.0),Analytical house prices indicators,I,CHE,Switzerland,A,Annual,HPI,Nominal house price indices,IX,Index,1980,,41.2735687068123,,A,Normal value,0,Units,S,"Seasonally adjusted, not calendar adjusted",1,One,2015,
DATAFLOW,OECD.ECO.MPD:DSD_AN_HOUSE_PRICES@DF_HOUSE_PRICES(1.0),Analytical house prices indicators,I,CHE,Switzerland,A,Annual,HPI,Nominal house price indices,IX,Index,1981,,45.4673529629419,,A,Normal value,0,Units,S,"Seasonally adjusted, not calendar adjusted",1,One,2015,
DATAFLOW,OECD.ECO.MPD:DSD_AN_HOUSE_PRICES@DF_HOUSE_PRICES(1.0),Analytical house prices indicators,I,CHE,Switzerland,A,Annual,HPI,Nominal house price indices,IX,Index,1982,,47.7251479315328,,A,Normal value,0,Units,S,"Seasonally adjusted, not calendar adjusted",1,One,2015,
DATAFLOW,OECD.ECO.MPD:DSD_AN_HOUSE_PRICES@DF_HOUSE_PRICES(1.0),Analytical house prices indicators,I,CHE,Switzerland,A,Annual,HPI,Nominal house price indices,IX,Index,1983,,49.6862623155298,,A,Normal value,0,Units,S,"Seasonally adjusted, not calendar adjusted",1,One,2015,
DATAFLOW,OECD.ECO.MPD:DSD_AN_HOUSE_PRICES@DF_HOUSE_PRICES(1.0),Analytical house prices indicators,I,CHE,Switzerland,A,Annual,HPI,Nominal house price indices,IX,Index,1984,,52.4895809654253,,A,Normal value,0,Units,S,"Seasonally adjusted, not calendar adjusted",1,One,2015,
DATAFLOW,OECD.ECO.MPD:DSD_AN_HOUSE_PRICES@DF_HOUSE_PRICES(1.0),Analytical house prices indicators,I,CHE,Switzerland,A,Annual,HPI,Nominal house price indices,IX,Index,1985,,55.0589229294429,,A,Normal value,0,Units,S,"Seasonally adjusted, not calendar adjusted",1,One,2015,
DATAFLOW,OECD.ECO.MPD:DSD_AN_HOUSE_PRICES@DF_HOUSE_PRICES(1.0),Analytical house prices indicators,I,CHE,Switzerland,A,Annual,HPI,Nominal house price indices,IX,Index,1986,,58.351497167863,,A,Normal value,0,Units,S,"Seasonally adjusted, not calendar adjusted",1,One,2015,
DATAFLOW,OECD.ECO.MPD:DSD_AN_HOUSE_PRICES@DF_HOUSE_PRICES(1.0),Analytical house prices indicators,I,CHE,Switzerland,A,Annual,HPI,Nominal house price indices,IX,Index,1987,,62.297566133541,,A,Normal value,0,Units,S,"Seasonally adjusted, not calendar adjusted",1,One,2015,
DATAFLOW,OECD.ECO.MPD:DSD_AN_HOUSE_PRICES@DF_HOUSE_PRICES(1.0),Analytical house prices indicators,I,CHE,Switzerland,A,Annual,HPI,Nominal house price indices,IX,Index,1988,,71.6193229614316,,A,Normal value,0,Units,S,"Seasonally adjusted, not calendar adjusted",1,One,2015,
DATAFLOW,OECD.ECO.MPD:DSD_AN_HOUSE_PRICES@DF_HOUSE_PRICES(1.0),Analytical house prices indicators,I,CHE,Switzerland,A,Annual,HPI,Nominal house price indices,IX,Index,1989,,80.7440387135184,,A,Normal value,0,Units,S,"Seasonally adjusted, not calendar adjusted",1,One,2015,
DATAFLOW,OECD.ECO.MPD:DSD_AN_HOUSE_PRICES@DF_HOUSE_PRICES(1.0),Analytical house prices indicators,I,CHE,Switzerland,A,Annual,HPI,Nominal house price indices,IX,Index,1990,,80.5540106104026,,A,Normal value,0,Units,S,"Seasonally adjusted, not calendar adjusted",1,One,2015,
DATAFLOW,OECD.ECO.MPD:DSD_AN_HOUSE_PRICES@DF_HOUSE_PRICES(1.0),Analytical house prices indicators,I,CHE,Switzerland,A,Annual,HPI,Nominal house price indices,IX,Index,1991,,79.1997528573515,,A,Normal value,0,Units,S,"Seasonally adjusted, not calendar adjusted",1,One,2015,
DATAFLOW,OECD.ECO.MPD:DSD_AN_HOUSE_PRICES@DF_HOUSE_PRICES(1.0),Analytical house prices indicators,I,CHE,Switzerland,A,Annual,HPI,Nominal house price indices,IX,Index,1992,,75.7441226464697,,A,Normal value,0,Units,S,"Seasonally adjusted, not calendar adjusted",1,One,2015,
DATAFLOW,OECD.ECO.MPD:DSD_AN_HOUSE_PRICES@DF_HOUSE_PRICES(1.0),Analytical house prices indicators,I,CHE,Switzerland,A,Annual,HPI,Nominal house price indices,IX,Index,1993,,71.8220972526128,,A,Normal value,0,Units,S,"Seasonally adjusted, not calendar adjusted",1,One,2015,
DATAFLOW,OECD.ECO.MPD:DSD_AN_HOUSE_PRICES@DF_HOUSE_PRICES(1.0),Analytical house prices indicators,I,CHE,Switzerland,A,Annual,HPI,Nominal house price indices,IX,Index,1994,,71.7620165250318,,A,Normal value,0,Units,S,"Seasonally adjusted, not calendar adjusted",1,One,2015,
DATAFLOW,OECD.ECO.MPD:DSD_AN_HOUSE_PRICES@DF_HOUSE_PRICES(1.0),Analytical house prices indicators,I,CHE,Switzerland,A,Annual,HPI,Nominal house price indices,IX,Index,1995,,68.9844235105551,,A,Normal value,0,Units,S,"Seasonally adjusted, not calendar adjusted",1,One,2015,
DATAFLOW,OECD.ECO.MPD:DSD_AN_HOUSE_PRICES@DF_HOUSE_PRICES(1.0),Analytical house prices indicators,I,CHE,Switzerland,A,Annual,HPI,Nominal house price indices,IX,Index,1996,,65.3383671610879,,A,Normal value,0,Units,S,"Seasonally adjusted, not calendar adjusted",1,One,2015,
DATAFLOW,OECD.ECO.MPD:DSD_AN_HOUSE_PRICES@DF_HOUSE_PRICES(1.0),Analytical house prices indicators,I,CHE,Switzerland,A,Annual,HPI,Nominal house price indices,IX,Index,1997,,63.0686457920341,,A,Normal value,0,Units,S,"Seasonally adjusted, not calendar adjusted",1,One,2015,
DATAFLOW,OECD.ECO.MPD:DSD_AN_HOUSE_PRICES@DF_HOUSE_PRICES(1.0),Analytical house prices indicators,I,CHE,Switzerland,A,Annual,HPI,Nominal house price indices,IX,Index,1998,,62.5177166092152,,A,Normal value,0,Units,S,"Seasonally adjusted, not calendar adjusted",1,One,2015,
DATAFLOW,OECD.ECO.MPD:DSD_AN_HOUSE_PRICES@DF_HOUSE_PRICES(1.0),Analytical house prices indicators,I,CHE,Switzerland,A,Annual,HPI,Nominal house price indices,IX,Index,1999,,62.4312063602527,,A,Normal value,0,Units,S,"Seasonally adjusted, not calendar adjusted",1,One,2015,
DATAFLOW,OECD.ECO.MPD:DSD_AN_HOUSE_PRICES@DF_HOUSE_PRICES(1.0),Analytical house prices indicators,I,CHE,Switzerland,A,Annual,HPI,Nominal house price indices,IX,Index,2000,,62.451,,A,Normal value,0,Units,S,"Seasonally adjusted, not calendar adjusted",1,One,2015,
DATAFLOW,OECD.ECO.MPD:DSD_AN_HOUSE_PRICES@DF_HOUSE_PRICES(1.0),Analytical house prices indicators,I,CHE,Switzerland,A,Annual,HPI,Nominal house price indices,IX,Index,2001,,63.00975,,A,Normal value,0,Units,S,"Seasonally adjusted, not calendar adjusted",1,One,2015,
DATAFLOW,OECD.ECO.MPD:DSD_AN_HOUSE_PRICES@DF_HOUSE_PRICES(1.0),Analytical house prices indicators,I,CHE,Switzerland,A,Annual,HPI,Nominal house price indices,IX,Index,2002,,62.92375,,A,Normal value,0,Units,S,"Seasonally adjusted, not calendar adjusted",1,One,2015,
DATAFLOW,OECD.ECO.MPD:DSD_AN_HOUSE_PRICES@DF_HOUSE_PRICES(1.0),Analytical house prices indicators,I,CHE,Switzerland,A,Annual,HPI,Nominal house price indices,IX,Index,2003,,63.825,,A,Normal value,0,Units,S,"Seasonally adjusted, not calendar adjusted",1,One,2015,
DATAFLOW,OECD.ECO.MPD:DSD_AN_HOUSE_PRICES@DF_HOUSE_PRICES(1.0),Analytical house prices indicators,I,CHE,Switzerland,A,Annual,HPI,Nominal house price indices,IX,Index,2004,,66.1655,,A,Normal value,0,Units,S,"Seasonally adjusted, not calendar adjusted",1,One,2015,
DATAFLOW,OECD.ECO.MPD:DSD_AN_HOUSE_PRICES@DF_HOUSE_PRICES(1.0),Analytical house prices indicators,I,CHE,Switzerland,A,Annual,HPI,Nominal house price indices,IX,Index,2005,,68.61425,,A,Normal value,0,Units,S,"Seasonally adjusted, not calendar adjusted",1,One,2015,
DATAFLOW,OECD.ECO.MPD:DSD_AN_HOUSE_PRICES@DF_HOUSE_PRICES(1.0),Analytical house prices indicators,I,CHE,Switzerland,A,Annual,HPI,Nominal house price indices,IX,Index,2006,,72.83775,,A,Normal value,0,Units,S,"Seasonally adjusted, not calendar adjusted",1,One,2015,
DATAFLOW,OECD.ECO.MPD:DSD_AN_HOUSE_PRICES@DF_HOUSE_PRICES(1.0),Analytical house prices indicators,I,CHE,Switzerland,A,Annual,HPI,Nominal house price indices,IX,Index,2007,,77.12425,,A,Normal value,0,Units,S,"Seasonally adjusted, not calendar adjusted",1,One,2015,
DATAFLOW,OECD.ECO.MPD:DSD_AN_HOUSE_PRICES@DF_HOUSE_PRICES(1.0),Analytical house prices indicators,I,CHE,Switzerland,A,Annual,HPI,Nominal house price indices,IX,Index,2008,,80.01425,,A,Normal value,0,Units,S,"Seasonally adjusted, not calendar adjusted",1,One,2015,
DATAFLOW,OECD.ECO.MPD:DSD_AN_HOUSE_PRICES@DF_HOUSE_PRICES(1.0),Analytical house prices indicators,I,CHE,Switzerland,A,Annual,HPI,Nominal house price indices,IX,Index,2009,,80.41,,A,Normal value,0,Units,S,"Seasonally adjusted, not calendar adjusted",1,One,2015,
DATAFLOW,OECD.ECO.MPD:DSD_AN_HOUSE_PRICES@DF_HOUSE_PRICES(1.0),Analytical house prices indicators,I,CHE,Switzerland,A,Annual,HPI,Nominal house price indices,IX,Index,2010,,82.60525,,A,Normal value,0,Units,S,"Seasonally adjusted, not calendar adjusted",1,One,2015,
DATAFLOW,OECD.ECO.MPD:DSD_AN_HOUSE_PRICES@DF_HOUSE_PRICES(1.0),Analytical house prices indicators,I,CHE,Switzerland,A,Annual,HPI,Nominal house price indices,IX,Index,2011,,87.8715,,A,Normal value,0,Units,S,"Seasonally adjusted, not calendar adjusted",1,One,2015,
DATAFLOW,OECD.ECO.MPD:DSD_AN_HOUSE_PRICES@DF_HOUSE_PRICES(1.0),Analytical house prices indicators,I,CHE,Switzerland,A,Annual,HPI,Nominal house price indices,IX,Index,2012,,92.11875,,A,Normal value,0,Units,S,"Seasonally adjusted, not calendar adjusted",1,One,2015,
DATAFLOW,OECD.ECO.MPD:DSD_AN_HOUSE_PRICES@DF_HOUSE_PRICES(1.0),Analytical house prices indicators,I,CHE,Switzerland,A,Annual,HPI,Nominal house price indices,IX,Index,2013,,94.8655,,A,Normal value,0,Units,S,"Seasonally adjusted, not calendar adjusted",1,One,2015,
DATAFLOW,OECD.ECO.MPD:DSD_AN_HOUSE_PRICES@DF_HOUSE_PRICES(1.0),Analytical house prices indicators,I,CHE,Switzerland,A,Annual,HPI,Nominal house price indices,IX,Index,2014,,97.4485000000001,,A,Normal value,0,Units,S,"Seasonally adjusted, not calendar adjusted",1,One,2015,
DATAFLOW,OECD.ECO.MPD:DSD_AN_HOUSE_PRICES@DF_HOUSE_PRICES(1.0),Analytical house prices indicators,I,CHE,Switzerland,A,Annual,HPI,Nominal house price indices,IX,Index,2016,,101.6265,,A,Normal value,0,Units,S,"Seasonally adjusted, not calendar adjusted",1,One,2015,
DATAFLOW,OECD.ECO.MPD:DSD_AN_HOUSE_PRICES@DF_HOUSE_PRICES(1.0),Analytical house prices indicators,I,CHE,Switzerland,A,Annual,HPI,Nominal house price indices,IX,Index,2017,,103.59075,,A,Normal value,0,Units,S,"Seasonally adjusted, not calendar adjusted",1,One,2015,
DATAFLOW,OECD.ECO.MPD:DSD_AN_HOUSE_PRICES@DF_HOUSE_PRICES(1.0),Analytical house prices indicators,I,CHE,Switzerland,A,Annual,HPI,Nominal house price indices,IX,Index,2018,,106.711,,A,Normal value,0,Units,S,"Seasonally adjusted, not calendar adjusted",1,One,2015,
DATAFLOW,OECD.ECO.MPD:DSD_AN_HOUSE_PRICES@DF_HOUSE_PRICES(1.0),Analytical house prices indicators,I,CHE,Switzerland,A,Annual,HPI,Nominal house price indices,IX,Index,2019,,110.5675,,A,Normal value,0,Units,S,"Seasonally adjusted, not calendar adjusted",1,One,2015,
DATAFLOW,OECD.ECO.MPD:DSD_AN_HOUSE_PRICES@DF_HOUSE_PRICES(1.0),Analytical house prices indicators,I,CHE,Switzerland,A,Annual,HPI,Nominal house price indices,IX,Index,2020,,115.35575,,A,Normal value,0,Units,S,"Seasonally adjusted, not calendar adjusted",1,One,2015,
DATAFLOW,OECD.ECO.MPD:DSD_AN_HOUSE_PRICES@DF_HOUSE_PRICES(1.0),Analytical house prices indicators,I,CHE,Switzerland,A,Annual,HPI,Nominal house price indices,IX,Index,2021,,123.31075,,A,Normal value,0,Units,S,"Seasonally adjusted, not calendar adjusted",1,One,2015,
DATAFLOW,OECD.ECO.MPD:DSD_AN_HOUSE_PRICES@DF_HOUSE_PRICES(1.0),Analytical house prices indicators,I,CHE,Switzerland,A,Annual,HPI,Nominal house price indices,IX,Index,2022,,132.56525,,A,Normal value,0,Units,S,"Seasonally adjusted, not calendar adjusted",1,One,2015,
DATAFLOW,OECD.ECO.MPD:DSD_AN_HOUSE_PRICES@DF_HOUSE_PRICES(1.0),Analytical house prices indicators,I,CHE,Switzerland,A,Annual,HPI,Nominal house price indices,IX,Index,2023,,134.867,,A,Normal value,0,Units,S,"Seasonally adjusted, not calendar adjusted",1,One,2015,
DATAFLOW,OECD.ECO.MPD:DSD_AN_HOUSE_PRICES@DF_HOUSE_PRICES(1.0),Analytical house prices indicators,I,CHE,Switzerland,A,Annual,HPI,Nominal house price indices,IX,Index,2024,,138.6025,,A,Normal value,0,Units,S,"Seasonally adjusted, not calendar adjusted",1,One,2015,
DATAFLOW,OECD.ECO.MPD:DSD_AN_HOUSE_PRICES@DF_HOUSE_PRICES(1.0),Analytical house prices indicators,I,CHE,Switzerland,A,Annual,HPI,Nominal house price indices,IX,Index,2025,,145.528999999002,,A,Normal value,0,Units,S,"Seasonally adjusted, not calendar adjusted",1,One,2015,
DATAFLOW,OECD.ECO.MPD:DSD_AN_HOUSE_PRICES@DF_HOUSE_PRICES(1.0),Analytical house prices indicators,I,TUR,Türkiye,A,Annual,HPI,Nominal house price indices,IX,Index,2010,,58.4638538403809,,A,Normal value,0,Units,S,"Seasonally adjusted, not calendar adjusted",1,One,2015,
DATAFLOW,OECD.ECO.MPD:DSD_AN_HOUSE_PRICES@DF_HOUSE_PRICES(1.0),Analytical house prices indicators,I,TUR,Türkiye,A,Annual,HPI,Nominal house price indices,IX,Index,2011,,62.5495936260159,,A,Normal value,0,Units,S,"Seasonally adjusted, not calendar adjusted",1,One,2015,
DATAFLOW,OECD.ECO.MPD:DSD_AN_HOUSE_PRICES@DF_HOUSE_PRICES(1.0),Analytical house prices indicators,I,TUR,Türkiye,A,Annual,HPI,Nominal house price indices,IX,Index,2012,,68.7978280054299,,A,Normal value,0,Units,S,"Seasonally adjusted, not calendar adjusted",1,One,2015,
DATAFLOW,OECD.ECO.MPD:DSD_AN_HOUSE_PRICES@DF_HOUSE_PRICES(1.0),Analytical house prices indicators,I,TUR,Türkiye,A,Annual,HPI,Nominal house price indices,IX,Index,2013,,76.7988080029799,,A,Normal value,0,Units,S,"Seasonally adjusted, not calendar adjusted",1,One,2015,
DATAFLOW,OECD.ECO.MPD:DSD_AN_HOUSE_PRICES@DF_HOUSE_PRICES(1.0),Analytical house prices indicators,I,TUR,Türkiye,A,Annual,HPI,Nominal house price indices,IX,Index,2014,,86.3875340311648,,A,Normal value,0,Units,S,"Seasonally adjusted, not calendar adjusted",1,One,2015,
DATAFLOW,OECD.ECO.MPD:DSD_AN_HOUSE_PRICES@DF_HOUSE_PRICES(1.0),Analytical house prices indicators,I,TUR,Türkiye,A,Annual,HPI,Nominal house price indices,IX,Index,2016,,112.780718048205,,A,Normal value,0,Units,S,"Seasonally adjusted, not calendar adjusted",1,One,2015,
DATAFLOW,OECD.ECO.MPD:DSD_AN_HOUSE_PRICES@DF_HOUSE_PRICES(1.0),Analytical house prices indicators,I,TUR,Türkiye,A,Annual,HPI,Nominal house price indices,IX,Index,2017,,124.974437563906,,A,Normal value,0,Units,S,"Seasonally adjusted, not calendar adjusted",1,One,2015,
DATAFLOW,OECD.ECO.MPD:DSD_AN_HOUSE_PRICES@DF_HOUSE_PRICES(1.0),Analytical house prices indicators,I,TUR,Türkiye,A,Annual,HPI,Nominal house price indices,IX,Index,2018,,134.765663085842,,A,Normal value,0,Units,S,"Seasonally adjusted, not calendar adjusted",1,One,2015,
DATAFLOW,OECD.ECO.MPD:DSD_AN_HOUSE_PRICES@DF_HOUSE_PRICES(1.0),Analytical house prices indicators,I,TUR,Türkiye,A,Annual,HPI,Nominal house price indices,IX,Index,2019,,141.242396894008,,A,Normal value,0,Units,S,"Seasonally adjusted, not calendar adjusted",1,One,2015,
DATAFLOW,OECD.ECO.MPD:DSD_AN_HOUSE_PRICES@DF_HOUSE_PRICES(1.0),Analytical house prices indicators,I,TUR,Türkiye,A,Annual,HPI,Nominal house price indices,IX,Index,2020,,174.842312894218,,A,Normal value,0,Units,S,"Seasonally adjusted, not calendar adjusted",1,One,2015,
DATAFLOW,OECD.ECO.MPD:DSD_AN_HOUSE_PRICES@DF_HOUSE_PRICES(1.0),Analytical house prices indicators,I,TUR,Türkiye,A,Annual,HPI,Nominal house price indices,IX,Index,2021,,240.481898795253,,A,Normal value,0,Units,S,"Seasonally adjusted, not calendar adjusted",1,One,2015,
DATAFLOW,OECD.ECO.MPD:DSD_AN_HOUSE_PRICES@DF_HOUSE_PRICES(1.0),Analytical house prices indicators,I,TUR,Türkiye,A,Annual,HPI,Nominal house price indices,IX,Index,2022,,601.143747140632,,A,Normal value,0,Units,S,"Seasonally adjusted, not calendar adjusted",1,One,2015,
DATAFLOW,OECD.ECO.MPD:DSD_AN_HOUSE_PRICES@DF_HOUSE_PRICES(1.0),Analytical house prices indicators,I,TUR,Türkiye,A,Annual,HPI,Nominal house price indices,IX,Index,2023,,1216.28520928698,,A,Normal value,0,Units,S,"Seasonally adjusted, not calendar adjusted",1,One,2015,
DATAFLOW,OECD.ECO.MPD:DSD_AN_HOUSE_PRICES@DF_HOUSE_PRICES(1.0),Analytical house prices indicators,I,TUR,Türkiye,A,Annual,HPI,Nominal house price indices,IX,Index,2024,,1721.52419618951,,A,Normal value,0,Units,S,"Seasonally adjusted, not calendar adjusted",1,One,2015,
DATAFLOW,OECD.ECO.MPD:DSD_AN_HOUSE_PRICES@DF_HOUSE_PRICES(1.0),Analytical house prices indicators,I,TUR,Türkiye,A,Annual,HPI,Nominal house price indices,IX,Index,2025,,2268.55282859646,,A,Normal value,0,Units,S,"Seasonally adjusted, not calendar adjusted",1,One,2015,
DATAFLOW,OECD.ECO.MPD:DSD_AN_HOUSE_PRICES@DF_HOUSE_PRICES(1.0),Analytical house prices indicators,I,GBR,United Kingdom,A,Annual,HPI,Nominal house price indices,IX,Index,1969,,1.94263721603016,,A,Normal value,0,Units,S,"Seasonally adjusted, not calendar adjusted",1,One,2015,
DATAFLOW,OECD.ECO.MPD:DSD_AN_HOUSE_PRICES@DF_HOUSE_PRICES(1.0),Analytical house prices indicators,I,GBR,United Kingdom,A,Annual,HPI,Nominal house price indices,IX,Index,1970,,2.05585051093551,,A,Normal value,0,Units,S,"Seasonally adjusted, not calendar adjusted",1,One,2015,
DATAFLOW,OECD.ECO.MPD:DSD_AN_HOUSE_PRICES@DF_HOUSE_PRICES(1.0),Analytical house prices indicators,I,GBR,United Kingdom,A,Annual,HPI,Nominal house price indices,IX,Index,1971,,2.3002883065252,,A,Normal value,0,Units,S,"Seasonally adjusted, not calendar adjusted",1,One,2015,
DATAFLOW,OECD.ECO.MPD:DSD_AN_HOUSE_PRICES@DF_HOUSE_PRICES(1.0),Analytical house prices indicators,I,GBR,United Kingdom,A,Annual,HPI,Nominal house price indices,IX,Index,1972,,3.07477016316305,,A,Normal value,0,Units,S,"Seasonally adjusted, not calendar adjusted",1,One,2015,
DATAFLOW,OECD.ECO.MPD:DSD_AN_HOUSE_PRICES@DF_HOUSE_PRICES(1.0),Analytical house prices indicators,I,GBR,United Kingdom,A,Annual,HPI,Nominal house price indices,IX,Index,1973,,4.23006037501881,,A,Normal value,0,Units,S,"Seasonally adjusted, not calendar adjusted",1,One,2015,
DATAFLOW,OECD.ECO.MPD:DSD_AN_HOUSE_PRICES@DF_HOUSE_PRICES(1.0),Analytical house prices indicators,I,GBR,United Kingdom,A,Annual,HPI,Nominal house price indices,IX,Index,1974,,4.56198117107385,,A,Normal value,0,Units,S,"Seasonally adjusted, not calendar adjusted",1,One,2015,
DATAFLOW,OECD.ECO.MPD:DSD_AN_HOUSE_PRICES@DF_HOUSE_PRICES(1.0),Analytical house prices indicators,I,GBR,United Kingdom,A,Annual,HPI,Nominal house price indices,IX,Index,1975,,4.82957623162477,,A,Normal value,0,Units,S,"Seasonally adjusted, not calendar adjusted",1,One,2015,
DATAFLOW,OECD.ECO.MPD:DSD_AN_HOUSE_PRICES@DF_HOUSE_PRICES(1.0),Analytical house prices indicators,I,GBR,United Kingdom,A,Annual,HPI,Nominal house price indices,IX,Index,1976,,5.25669911609106,,A,Normal value,0,Units,S,"Seasonally adjusted, not calendar adjusted",1,One,2015,
DATAFLOW,OECD.ECO.MPD:DSD_AN_HOUSE_PRICES@DF_HOUSE_PRICES(1.0),Analytical house prices indicators,I,GBR,United Kingdom,A,Annual,HPI,Nominal house price indices,IX,Index,1977,,5.64265352978978,,A,Normal value,0,Units,S,"Seasonally adjusted, not calendar adjusted",1,One,2015,
DATAFLOW,OECD.ECO.MPD:DSD_AN_HOUSE_PRICES@DF_HOUSE_PRICES(1.0),Analytical house prices indicators,I,GBR,United Kingdom,A,Annual,HPI,Nominal house price indices,IX,Index,1978,,6.56637109360607,,A,Normal value,0,Units,S,"Seasonally adjusted, not calendar adjusted",1,One,2015,
DATAFLOW,OECD.ECO.MPD:DSD_AN_HOUSE_PRICES@DF_HOUSE_PRICES(1.0),Analytical house prices indicators,I,GBR,United Kingdom,A,Annual,HPI,Nominal house price indices,IX,Index,1979,,8.49614316232437,,A,Normal value,0,Units,S,"Seasonally adjusted, not calendar adjusted",1,One,2015,
DATAFLOW,OECD.ECO.MPD:DSD_AN_HOUSE_PRICES@DF_HOUSE_PRICES(1.0),Analytical house prices indicators,I,GBR,United Kingdom,A,Annual,HPI,Nominal house price indices,IX,Index,1980,,10.2715334669563,,A,Normal value,0,Units,S,"Seasonally adjusted, not calendar adjusted",1,One,2015,
DATAFLOW,OECD.ECO.MPD:DSD_AN_HOUSE_PRICES@DF_HOUSE_PRICES(1.0),Analytical house prices indicators,I,GBR,United Kingdom,A,Annual,HPI,Nominal house price indices,IX,Index,1981,,10.8607572057019,,A,Normal value,0,Units,S,"Seasonally adjusted, not calendar adjusted",1,One,2015,
DATAFLOW,OECD.ECO.MPD:DSD_AN_HOUSE_PRICES@DF_HOUSE_PRICES(1.0),Analytical house prices indicators,I,GBR,United Kingdom,A,Annual,HPI,Nominal house price indices,IX,Index,1982,,11.1180601477183,,A,Normal value,0,Units,S,"Seasonally adjusted, not calendar adjusted",1,One,2015,
DATAFLOW,OECD.ECO.MPD:DSD_AN_HOUSE_PRICES@DF_HOUSE_PRICES(1.0),Analytical house prices indicators,I,GBR,United Kingdom,A,Annual,HPI,Nominal house price indices,IX,Index,1983,,12.427732125458,,A,Normal value,0,Units,S,"Seasonally adjusted, not calendar adjusted",1,One,2015,
DATAFLOW,OECD.ECO.MPD:DSD_AN_HOUSE_PRICES@DF_HOUSE_PRICES(1.0),Analytical house prices indicators,I,GBR,United Kingdom,A,Annual,HPI,Nominal house price indices,IX,Index,1984,,13.5855953667789,,A,Normal value,0,Units,S,"Seasonally adjusted, not calendar adjusted",1,One,2015,
DATAFLOW,OECD.ECO.MPD:DSD_AN_HOUSE_PRICES@DF_HOUSE_PRICES(1.0),Analytical house prices indicators,I,GBR,United Kingdom,A,Annual,HPI,Nominal house price indices,IX,Index,1985,,14.7691889005037,,A,Normal value,0,Units,S,"Seasonally adjusted, not calendar adjusted",1,One,2015,
DATAFLOW,OECD.ECO.MPD:DSD_AN_HOUSE_PRICES@DF_HOUSE_PRICES(1.0),Analytical house prices indicators,I,GBR,United Kingdom,A,Annual,HPI,Nominal house price indices,IX,Index,1986,,16.776151854074,,A,Normal value,0,Units,S,"Seasonally adjusted, not calendar adjusted",1,One,2015,
DATAFLOW,OECD.ECO.MPD:DSD_AN_HOUSE_PRICES@DF_HOUSE_PRICES(1.0),Analytical house prices indicators,I,GBR,United Kingdom,A,Annual,HPI,Nominal house price indices,IX,Index,1987,,19.5933436184238,,A,Normal value,0,Units,S,"Seasonally adjusted, not calendar adjusted",1,One,2015,
DATAFLOW,OECD.ECO.MPD:DSD_AN_HOUSE_PRICES@DF_HOUSE_PRICES(1.0),Analytical house prices indicators,I,GBR,United Kingdom,A,Annual,HPI,Nominal house price indices,IX,Index,1988,,24.9945091488745,,A,Normal value,0,Units,S,"Seasonally adjusted, not calendar adjusted",1,One,2015,
DATAFLOW,OECD.ECO.MPD:DSD_AN_HOUSE_PRICES@DF_HOUSE_PRICES(1.0),Analytical house prices indicators,I,GBR,United Kingdom,A,Annual,HPI,Nominal house price indices,IX,Index,1989,,29.8381196449146,,A,Normal value,0,Units,S,"Seasonally adjusted, not calendar adjusted",1,One,2015,
DATAFLOW,OECD.ECO.MPD:DSD_AN_HOUSE_PRICES@DF_HOUSE_PRICES(1.0),Analytical house prices indicators,I,GBR,United Kingdom,A,Annual,HPI,Nominal house price indices,IX,Index,1990,,29.4760828671106,,A,Normal value,0,Units,S,"Seasonally adjusted, not calendar adjusted",1,One,2015,
DATAFLOW,OECD.ECO.MPD:DSD_AN_HOUSE_PRICES@DF_HOUSE_PRICES(1.0),Analytical house prices indicators,I,GBR,United Kingdom,A,Annual,HPI,Nominal house price indices,IX,Index,1991,,29.0558385630444,,A,Normal value,0,Units,S,"Seasonally adjusted, not calendar adjusted",1,One,2015,
DATAFLOW,OECD.ECO.MPD:DSD_AN_HOUSE_PRICES@DF_HOUSE_PRICES(1.0),Analytical house prices indicators,I,GBR,United Kingdom,A,Annual,HPI,Nominal house price indices,IX,Index,1992,,27.9000851724003,,A,Normal value,0,Units,S,"Seasonally adjusted, not calendar adjusted",1,One,2015,
DATAFLOW,OECD.ECO.MPD:DSD_AN_HOUSE_PRICES@DF_HOUSE_PRICES(1.0),Analytical house prices indicators,I,GBR,United Kingdom,A,Annual,HPI,Nominal house price indices,IX,Index,1993,,27.4281231785618,,A,Normal value,0,Units,S,"Seasonally adjusted, not calendar adjusted",1,One,2015,
DATAFLOW,OECD.ECO.MPD:DSD_AN_HOUSE_PRICES@DF_HOUSE_PRICES(1.0),Analytical house prices indicators,I,GBR,United Kingdom,A,Annual,HPI,Nominal house price indices,IX,Index,1994,,28.1566075351885,,A,Normal value,0,Units,S,"Seasonally adjusted, not calendar adjusted",1,One,2015,
DATAFLOW,OECD.ECO.MPD:DSD_AN_HOUSE_PRICES@DF_HOUSE_PRICES(1.0),Analytical house prices indicators,I,GBR,United Kingdom,A,Annual,HPI,Nominal house price indices,IX,Index,1995,,28.349037363969,,A,Normal value,0,Units,S,"Seasonally adjusted, not calendar adjusted",1,One,2015,
DATAFLOW,OECD.ECO.MPD:DSD_AN_HOUSE_PRICES@DF_HOUSE_PRICES(1.0),Analytical house prices indicators,I,GBR,United Kingdom,A,Annual,HPI,Nominal house price indices,IX,Index,1996,,29.3867839441375,,A,Normal value,0,Units,S,"Seasonally adjusted, not calendar adjusted",1,One,2015,
DATAFLOW,OECD.ECO.MPD:DSD_AN_HOUSE_PRICES@DF_HOUSE_PRICES(1.0),Analytical house prices indicators,I,GBR,United Kingdom,A,Annual,HPI,Nominal house price indices,IX,Index,1997,,31.9708416532498,,A,Normal value,0,Units,S,"Seasonally adjusted, not calendar adjusted",1,One,2015,
DATAFLOW,OECD.ECO.MPD:DSD_AN_HOUSE_PRICES@DF_HOUSE_PRICES(1.0),Analytical house prices indicators,I,GBR,United Kingdom,A,Annual,HPI,Nominal house price indices,IX,Index,1998,,35.6338809032728,,A,Normal value,0,Units,S,"Seasonally adjusted, not calendar adjusted",1,One,2015,
DATAFLOW,OECD.ECO.MPD:DSD_AN_HOUSE_PRICES@DF_HOUSE_PRICES(1.0),Analytical house prices indicators,I,GBR,United Kingdom,A,Annual,HPI,Nominal house price indices,IX,Index,1999,,39.5099674669412,,A,Normal value,0,Units,S,"Seasonally adjusted, not calendar adjusted",1,One,2015,
DATAFLOW,OECD.ECO.MPD:DSD_AN_HOUSE_PRICES@DF_HOUSE_PRICES(1.0),Analytical house prices indicators,I,GBR,United Kingdom,A,Annual,HPI,Nominal house price indices,IX,Index,2000,,45.4065672395455,,A,Normal value,0,Units,S,"Seasonally adjusted, not calendar adjusted",1,One,2015,
DATAFLOW,OECD.ECO.MPD:DSD_AN_HOUSE_PRICES@DF_HOUSE_PRICES(1.0),Analytical house prices indicators,I,GBR,United Kingdom,A,Annual,HPI,Nominal house price indices,IX,Index,2001,,49.1039689605986,,A,Normal value,0,Units,S,"Seasonally adjusted, not calendar adjusted",1,One,2015,
DATAFLOW,OECD.ECO.MPD:DSD_AN_HOUSE_PRICES@DF_HOUSE_PRICES(1.0),Analytical house prices indicators,I,GBR,United Kingdom,A,Annual,HPI,Nominal house price indices,IX,Index,2002,,57.0365450501701,,A,Normal value,0,Units,S,"Seasonally adjusted, not calendar adjusted",1,One,2015,
DATAFLOW,OECD.ECO.MPD:DSD_AN_HOUSE_PRICES@DF_HOUSE_PRICES(1.0),Analytical house prices indicators,I,GBR,United Kingdom,A,Annual,HPI,Nominal house price indices,IX,Index,2003,,65.9701342419181,,A,Normal value,0,Units,S,"Seasonally adjusted, not calendar adjusted",1,One,2015,
DATAFLOW,OECD.ECO.MPD:DSD_AN_HOUSE_PRICES@DF_HOUSE_PRICES(1.0),Analytical house prices indicators,I,GBR,United Kingdom,A,Annual,HPI,Nominal house price indices,IX,Index,2004,,73.8014441343635,,A,Normal value,0,Units,S,"Seasonally adjusted, not calendar adjusted",1,One,2015,
DATAFLOW,OECD.ECO.MPD:DSD_AN_HOUSE_PRICES@DF_HOUSE_PRICES(1.0),Analytical house prices indicators,I,GBR,United Kingdom,A,Annual,HPI,Nominal house price indices,IX,Index,2005,,78.9300526748683,,A,Normal value,0,Units,S,"Seasonally adjusted, not calendar adjusted",1,One,2015,
DATAFLOW,OECD.ECO.MPD:DSD_AN_HOUSE_PRICES@DF_HOUSE_PRICES(1.0),Analytical house prices indicators,I,GBR,United Kingdom,A,Annual,HPI,Nominal house price indices,IX,Index,2006,,85.1300371749071,,A,Normal value,0,Units,S,"Seasonally adjusted, not calendar adjusted",1,One,2015,
DATAFLOW,OECD.ECO.MPD:DSD_AN_HOUSE_PRICES@DF_HOUSE_PRICES(1.0),Analytical house prices indicators,I,GBR,United Kingdom,A,Annual,HPI,Nominal house price indices,IX,Index,2007,,93.5602660993348,,A,Normal value,0,Units,S,"Seasonally adjusted, not calendar adjusted",1,One,2015,
DATAFLOW,OECD.ECO.MPD:DSD_AN_HOUSE_PRICES@DF_HOUSE_PRICES(1.0),Analytical house prices indicators,I,GBR,United Kingdom,A,Annual,HPI,Nominal house price indices,IX,Index,2008,,89.3870265324337,,A,Normal value,0,Units,S,"Seasonally adjusted, not calendar adjusted",1,One,2015,
DATAFLOW,OECD.ECO.MPD:DSD_AN_HOUSE_PRICES@DF_HOUSE_PRICES(1.0),Analytical house prices indicators,I,GBR,United Kingdom,A,Annual,HPI,Nominal house price indices,IX,Index,2009,,81.4005464986338,,A,Normal value,0,Units,S,"Seasonally adjusted, not calendar adjusted",1,One,2015,
DATAFLOW,OECD.ECO.MPD:DSD_AN_HOUSE_PRICES@DF_HOUSE_PRICES(1.0),Analytical house prices indicators,I,GBR,United Kingdom,A,Annual,HPI,Nominal house price indices,IX,Index,2010,,86.0892847767881,,A,Normal value,0,Units,S,"Seasonally adjusted, not calendar adjusted",1,One,2015,
DATAFLOW,OECD.ECO.MPD:DSD_AN_HOUSE_PRICES@DF_HOUSE_PRICES(1.0),Analytical house prices indicators,I,GBR,United Kingdom,A,Annual,HPI,Nominal house price indices,IX,Index,2011,,84.8177879555301,,A,Normal value,0,Units,S,"Seasonally adjusted, not calendar adjusted",1,One,2015,
DATAFLOW,OECD.ECO.MPD:DSD_AN_HOUSE_PRICES@DF_HOUSE_PRICES(1.0),Analytical house prices indicators,I,GBR,United Kingdom,A,Annual,HPI,Nominal house price indices,IX,Index,2012,,85.1777870555324,,A,Normal value,0,Units,S,"Seasonally adjusted, not calendar adjusted",1,One,2015,
DATAFLOW,OECD.ECO.MPD:DSD_AN_HOUSE_PRICES@DF_HOUSE_PRICES(1.0),Analytical house prices indicators,I,GBR,United Kingdom,A,Annual,HPI,Nominal house price indices,IX,Index,2013,,87.3482816292959,,A,Normal value,0,Units,S,"Seasonally adjusted, not calendar adjusted",1,One,2015,
DATAFLOW,OECD.ECO.MPD:DSD_AN_HOUSE_PRICES@DF_HOUSE_PRICES(1.0),Analytical house prices indicators,I,GBR,United Kingdom,A,Annual,HPI,Nominal house price indices,IX,Index,2014,,94.3395141512146,,A,Normal value,0,Units,S,"Seasonally adjusted, not calendar adjusted",1,One,2015,
DATAFLOW,OECD.ECO.MPD:DSD_AN_HOUSE_PRICES@DF_HOUSE_PRICES(1.0),Analytical house prices indicators,I,GBR,United Kingdom,A,Annual,HPI,Nominal house price indices,IX,Index,2016,,106.978982552544,,A,Normal value,0,Units,S,"Seasonally adjusted, not calendar adjusted",1,One,2015,
DATAFLOW,OECD.ECO.MPD:DSD_AN_HOUSE_PRICES@DF_HOUSE_PRICES(1.0),Analytical house prices indicators,I,GBR,United Kingdom,A,Annual,HPI,Nominal house price indices,IX,Index,2017,,111.823470441324,,A,Normal value,0,Units,S,"Seasonally adjusted, not calendar adjusted",1,One,2015,
DATAFLOW,OECD.ECO.MPD:DSD_AN_HOUSE_PRICES@DF_HOUSE_PRICES(1.0),Analytical house prices indicators,I,GBR,United Kingdom,A,Annual,HPI,Nominal house price indices,IX,Index,2018,,115.432961417596,,A,Normal value,0,Units,S,"Seasonally adjusted, not calendar adjusted",1,One,2015,
DATAFLOW,OECD.ECO.MPD:DSD_AN_HOUSE_PRICES@DF_HOUSE_PRICES(1.0),Analytical house prices indicators,I,GBR,United Kingdom,A,Annual,HPI,Nominal house price indices,IX,Index,2019,,116.596708508229,,A,Normal value,0,Units,S,"Seasonally adjusted, not calendar adjusted",1,One,2015,
DATAFLOW,OECD.ECO.MPD:DSD_AN_HOUSE_PRICES@DF_HOUSE_PRICES(1.0),Analytical house prices indicators,I,GBR,United Kingdom,A,Annual,HPI,Nominal house price indices,IX,Index,2020,,119.930450173875,,A,Normal value,0,Units,S,"Seasonally adjusted, not calendar adjusted",1,One,2015,
DATAFLOW,OECD.ECO.MPD:DSD_AN_HOUSE_PRICES@DF_HOUSE_PRICES(1.0),Analytical house prices indicators,I,GBR,United Kingdom,A,Annual,HPI,Nominal house price indices,IX,Index,2021,,129.679425801435,,A,Normal value,0,Units,S,"Seasonally adjusted, not calendar adjusted",1,One,2015,
DATAFLOW,OECD.ECO.MPD:DSD_AN_HOUSE_PRICES@DF_HOUSE_PRICES(1.0),Analytical house prices indicators,I,GBR,United Kingdom,A,Annual,HPI,Nominal house price indices,IX,Index,2022,,141.695145762136,,A,Normal value,0,Units,S,"Seasonally adjusted, not calendar adjusted",1,One,2015,
DATAFLOW,OECD.ECO.MPD:DSD_AN_HOUSE_PRICES@DF_HOUSE_PRICES(1.0),Analytical house prices indicators,I,GBR,United Kingdom,A,Annual,HPI,Nominal house price indices,IX,Index,2023,,142.112894717763,,A,Normal value,0,Units,S,"Seasonally adjusted, not calendar adjusted",1,One,2015,
DATAFLOW,OECD.ECO.MPD:DSD_AN_HOUSE_PRICES@DF_HOUSE_PRICES(1.0),Analytical house prices indicators,I,GBR,United Kingdom,A,Annual,HPI,Nominal house price indices,IX,Index,2024,,143.170142074645,,A,Normal value,0,Units,S,"Seasonally adjusted, not calendar adjusted",1,One,2015,
DATAFLOW,OECD.ECO.MPD:DSD_AN_HOUSE_PRICES@DF_HOUSE_PRICES(1.0),Analytical house prices indicators,I,GBR,United Kingdom,A,Annual,HPI,Nominal house price indices,IX,Index,2025,,147.043632390919,,A,Normal value,0,Units,S,"Seasonally adjusted, not calendar adjusted",1,One,2015,
DATAFLOW,OECD.ECO.MPD:DSD_AN_HOUSE_PRICES@DF_HOUSE_PRICES(1.0),Analytical house prices indicators,I,USA,United States,A,Annual,HPI,Nominal house price indices,IX,Index,1970,,11.3602832112685,,A,Normal value,0,Units,S,"Seasonally adjusted, not calendar adjusted",1,One,2015,
DATAFLOW,OECD.ECO.MPD:DSD_AN_HOUSE_PRICES@DF_HOUSE_PRICES(1.0),Analytical house prices indicators,I,USA,United States,A,Annual,HPI,Nominal house price indices,IX,Index,1971,,12.2771571651594,,A,Normal value,0,Units,S,"Seasonally adjusted, not calendar adjusted",1,One,2015,
DATAFLOW,OECD.ECO.MPD:DSD_AN_HOUSE_PRICES@DF_HOUSE_PRICES(1.0),Analytical house prices indicators,I,USA,United States,A,Annual,HPI,Nominal house price indices,IX,Index,1972,,13.1586173757142,,A,Normal value,0,Units,S,"Seasonally adjusted, not calendar adjusted",1,One,2015,
DATAFLOW,OECD.ECO.MPD:DSD_AN_HOUSE_PRICES@DF_HOUSE_PRICES(1.0),Analytical house prices indicators,I,USA,United States,A,Annual,HPI,Nominal house price indices,IX,Index,1973,,14.7195645704291,,A,Normal value,0,Units,S,"Seasonally adjusted, not calendar adjusted",1,One,2015,
DATAFLOW,OECD.ECO.MPD:DSD_AN_HOUSE_PRICES@DF_HOUSE_PRICES(1.0),Analytical house prices indicators,I,USA,United States,A,Annual,HPI,Nominal house price indices,IX,Index,1974,,16.0656183773734,,A,Normal value,0,Units,S,"Seasonally adjusted, not calendar adjusted",1,One,2015,
DATAFLOW,OECD.ECO.MPD:DSD_AN_HOUSE_PRICES@DF_HOUSE_PRICES(1.0),Analytical house prices indicators,I,USA,United States,A,Annual,HPI,Nominal house price indices,IX,Index,1975,,17.0682024004238,,A,Normal value,0,Units,S,"Seasonally adjusted, not calendar adjusted",1,One,2015,
DATAFLOW,OECD.ECO.MPD:DSD_AN_HOUSE_PRICES@DF_HOUSE_PRICES(1.0),Analytical house prices indicators,I,USA,United States,A,Annual,HPI,Nominal house price indices,IX,Index,1976,,18.1224748784429,,A,Normal value,0,Units,S,"Seasonally adjusted, not calendar adjusted",1,One,2015,
DATAFLOW,OECD.ECO.MPD:DSD_AN_HOUSE_PRICES@DF_HOUSE_PRICES(1.0),Analytical house prices indicators,I,USA,United States,A,Annual,HPI,Nominal house price indices,IX,Index,1977,,20.0916736977988,,A,Normal value,0,Units,S,"Seasonally adjusted, not calendar adjusted",1,One,2015,
DATAFLOW,OECD.ECO.MPD:DSD_AN_HOUSE_PRICES@DF_HOUSE_PRICES(1.0),Analytical house prices indicators,I,USA,United States,A,Annual,HPI,Nominal house price indices,IX,Index,1978,,22.7759561063721,,A,Normal value,0,Units,S,"Seasonally adjusted, not calendar adjusted",1,One,2015,
DATAFLOW,OECD.ECO.MPD:DSD_AN_HOUSE_PRICES@DF_HOUSE_PRICES(1.0),Analytical house prices indicators,I,USA,United States,A,Annual,HPI,Nominal house price indices,IX,Index,1979,,25.7987476664949,,A,Normal value,0,Units,S,"Seasonally adjusted, not calendar adjusted",1,One,2015,
DATAFLOW,OECD.ECO.MPD:DSD_AN_HOUSE_PRICES@DF_HOUSE_PRICES(1.0),Analytical house prices indicators,I,USA,United States,A,Annual,HPI,Nominal house price indices,IX,Index,1980,,27.8549528541206,,A,Normal value,0,Units,S,"Seasonally adjusted, not calendar adjusted",1,One,2015,
DATAFLOW,OECD.ECO.MPD:DSD_AN_HOUSE_PRICES@DF_HOUSE_PRICES(1.0),Analytical house prices indicators,I,USA,United States,A,Annual,HPI,Nominal house price indices,IX,Index,1981,,29.3605708675392,,A,Normal value,0,Units,S,"Seasonally adjusted, not calendar adjusted",1,One,2015,
DATAFLOW,OECD.ECO.MPD:DSD_AN_HOUSE_PRICES@DF_HOUSE_PRICES(1.0),Analytical house prices indicators,I,USA,United States,A,Annual,HPI,Nominal house price indices,IX,Index,1982,,30.2408306090186,,A,Normal value,0,Units,S,"Seasonally adjusted, not calendar adjusted",1,One,2015,
DATAFLOW,OECD.ECO.MPD:DSD_AN_HOUSE_PRICES@DF_HOUSE_PRICES(1.0),Analytical house prices indicators,I,USA,United States,A,Annual,HPI,Nominal house price indices,IX,Index,1983,,31.3725931337779,,A,Normal value,0,Units,S,"Seasonally adjusted, not calendar adjusted",1,One,2015,
DATAFLOW,OECD.ECO.MPD:DSD_AN_HOUSE_PRICES@DF_HOUSE_PRICES(1.0),Analytical house prices indicators,I,USA,United States,A,Annual,HPI,Nominal house price indices,IX,Index,1984,,32.8367471748178,,A,Normal value,0,Units,S,"Seasonally adjusted, not calendar adjusted",1,One,2015,
DATAFLOW,OECD.ECO.MPD:DSD_AN_HOUSE_PRICES@DF_HOUSE_PRICES(1.0),Analytical house prices indicators,I,USA,United States,A,Annual,HPI,Nominal house price indices,IX,Index,1985,,34.794390460888,,A,Normal value,0,Units,S,"Seasonally adjusted, not calendar adjusted",1,One,2015,
DATAFLOW,OECD.ECO.MPD:DSD_AN_HOUSE_PRICES@DF_HOUSE_PRICES(1.0),Analytical house prices indicators,I,USA,United States,A,Annual,HPI,Nominal house price indices,IX,Index,1986,,37.4902284027469,,A,Normal value,0,Units,S,"Seasonally adjusted, not calendar adjusted",1,One,2015,
DATAFLOW,OECD.ECO.MPD:DSD_AN_HOUSE_PRICES@DF_HOUSE_PRICES(1.0),Analytical house prices indicators,I,USA,United States,A,Annual,HPI,Nominal house price indices,IX,Index,1987,,40.438248865138,,A,Normal value,0,Units,S,"Seasonally adjusted, not calendar adjusted",1,One,2015,
DATAFLOW,OECD.ECO.MPD:DSD_AN_HOUSE_PRICES@DF_HOUSE_PRICES(1.0),Analytical house prices indicators,I,USA,United States,A,Annual,HPI,Nominal house price indices,IX,Index,1988,,43.0090151526092,,A,Normal value,0,Units,S,"Seasonally adjusted, not calendar adjusted",1,One,2015,
DATAFLOW,OECD.ECO.MPD:DSD_AN_HOUSE_PRICES@DF_HOUSE_PRICES(1.0),Analytical house prices indicators,I,USA,United States,A,Annual,HPI,Nominal house price indices,IX,Index,1989,,45.4649058444743,,A,Normal value,0,Units,S,"Seasonally adjusted, not calendar adjusted",1,One,2015,
DATAFLOW,OECD.ECO.MPD:DSD_AN_HOUSE_PRICES@DF_HOUSE_PRICES(1.0),Analytical house prices indicators,I,USA,United States,A,Annual,HPI,Nominal house price indices,IX,Index,1990,,46.6422107651248,,A,Normal value,0,Units,S,"Seasonally adjusted, not calendar adjusted",1,One,2015,
DATAFLOW,OECD.ECO.MPD:DSD_AN_HOUSE_PRICES@DF_HOUSE_PRICES(1.0),Analytical house prices indicators,I,USA,United States,A,Annual,HPI,Nominal house price indices,IX,Index,1991,,47.0679320093376,,A,Normal value,0,Units,S,"Seasonally adjusted, not calendar adjusted",1,One,2015,
DATAFLOW,OECD.ECO.MPD:DSD_AN_HOUSE_PRICES@DF_HOUSE_PRICES(1.0),Analytical house prices indicators,I,USA,United States,A,Annual,HPI,Nominal house price indices,IX,Index,1992,,48.2269170762607,,A,Normal value,0,Units,S,"Seasonally adjusted, not calendar adjusted",1,One,2015,
DATAFLOW,OECD.ECO.MPD:DSD_AN_HOUSE_PRICES@DF_HOUSE_PRICES(1.0),Analytical house prices indicators,I,USA,United States,A,Annual,HPI,Nominal house price indices,IX,Index,1993,,49.382382957758,,A,Normal value,0,Units,S,"Seasonally adjusted, not calendar adjusted",1,One,2015,
DATAFLOW,OECD.ECO.MPD:DSD_AN_HOUSE_PRICES@DF_HOUSE_PRICES(1.0),Analytical house prices indicators,I,USA,United States,A,Annual,HPI,Nominal house price indices,IX,Index,1994,,51.0129388717491,,A,Normal value,0,Units,S,"Seasonally adjusted, not calendar adjusted",1,One,2015,
DATAFLOW,OECD.ECO.MPD:DSD_AN_HOUSE_PRICES@DF_HOUSE_PRICES(1.0),Analytical house prices indicators,I,USA,United States,A,Annual,HPI,Nominal house price indices,IX,Index,1995,,52.317383602942,,A,Normal value,0,Units,S,"Seasonally adjusted, not calendar adjusted",1,One,2015,
DATAFLOW,OECD.ECO.MPD:DSD_AN_HOUSE_PRICES@DF_HOUSE_PRICES(1.0),Analytical house prices indicators,I,USA,United States,A,Annual,HPI,Nominal house price indices,IX,Index,1996,,53.8282872124532,,A,Normal value,0,Units,S,"Seasonally adjusted, not calendar adjusted",1,One,2015,
DATAFLOW,OECD.ECO.MPD:DSD_AN_HOUSE_PRICES@DF_HOUSE_PRICES(1.0),Analytical house prices indicators,I,USA,United States,A,Annual,HPI,Nominal house price indices,IX,Index,1997,,55.3462291928162,,A,Normal value,0,Units,S,"Seasonally adjusted, not calendar adjusted",1,One,2015,
DATAFLOW,OECD.ECO.MPD:DSD_AN_HOUSE_PRICES@DF_HOUSE_PRICES(1.0),Analytical house prices indicators,I,USA,United States,A,Annual,HPI,Nominal house price indices,IX,Index,1998,,58.011425622016,,A,Normal value,0,Units,S,"Seasonally adjusted, not calendar adjusted",1,One,2015,
DATAFLOW,OECD.ECO.MPD:DSD_AN_HOUSE_PRICES@DF_HOUSE_PRICES(1.0),Analytical house prices indicators,I,USA,United States,A,Annual,HPI,Nominal house price indices,IX,Index,1999,,61.5317841097047,,A,Normal value,0,Units,S,"Seasonally adjusted, not calendar adjusted",1,One,2015,
DATAFLOW,OECD.ECO.MPD:DSD_AN_HOUSE_PRICES@DF_HOUSE_PRICES(1.0),Analytical house prices indicators,I,USA,United States,A,Annual,HPI,Nominal house price indices,IX,Index,2000,,65.6328081926637,,A,Normal value,0,Units,S,"Seasonally adjusted, not calendar adjusted",1,One,2015,
DATAFLOW,OECD.ECO.MPD:DSD_AN_HOUSE_PRICES@DF_HOUSE_PRICES(1.0),Analytical house prices indicators,I,USA,United States,A,Annual,HPI,Nominal house price indices,IX,Index,2001,,70.1526153413023,,A,Normal value,0,Units,S,"Seasonally adjusted, not calendar adjusted",1,One,2015,
DATAFLOW,OECD.ECO.MPD:DSD_AN_HOUSE_PRICES@DF_HOUSE_PRICES(1.0),Analytical house prices indicators,I,USA,United States,A,Annual,HPI,Nominal house price indices,IX,Index,2002,,75.0677443194482,,A,Normal value,0,Units,S,"Seasonally adjusted, not calendar adjusted",1,One,2015,
DATAFLOW,OECD.ECO.MPD:DSD_AN_HOUSE_PRICES@DF_HOUSE_PRICES(1.0),Analytical house prices indicators,I,USA,United States,A,Annual,HPI,Nominal house price indices,IX,Index,2003,,80.796978192781,,A,Normal value,0,Units,S,"Seasonally adjusted, not calendar adjusted",1,One,2015,
DATAFLOW,OECD.ECO.MPD:DSD_AN_HOUSE_PRICES@DF_HOUSE_PRICES(1.0),Analytical house prices indicators,I,USA,United States,A,Annual,HPI,Nominal house price indices,IX,Index,2004,,88.407803207151,,A,Normal value,0,Units,S,"Seasonally adjusted, not calendar adjusted",1,One,2015,
DATAFLOW,OECD.ECO.MPD:DSD_AN_HOUSE_PRICES@DF_HOUSE_PRICES(1.0),Analytical house prices indicators,I,USA,United States,A,Annual,HPI,Nominal house price indices,IX,Index,2005,,97.6597416917897,,A,Normal value,0,Units,S,"Seasonally adjusted, not calendar adjusted",1,One,2015,
DATAFLOW,OECD.ECO.MPD:DSD_AN_HOUSE_PRICES@DF_HOUSE_PRICES(1.0),Analytical house prices indicators,I,USA,United States,A,Annual,HPI,Nominal house price indices,IX,Index,2006,,103.337360845543,,A,Normal value,0,Units,S,"Seasonally adjusted, not calendar adjusted",1,One,2015,
DATAFLOW,OECD.ECO.MPD:DSD_AN_HOUSE_PRICES@DF_HOUSE_PRICES(1.0),Analytical house prices indicators,I,USA,United States,A,Annual,HPI,Nominal house price indices,IX,Index,2007,,103.221227726489,,A,Normal value,0,Units,S,"Seasonally adjusted, not calendar adjusted",1,One,2015,
DATAFLOW,OECD.ECO.MPD:DSD_AN_HOUSE_PRICES@DF_HOUSE_PRICES(1.0),Analytical house prices indicators,I,USA,United States,A,Annual,HPI,Nominal house price indices,IX,Index,2008,,94.7622790244818,,A,Normal value,0,Units,S,"Seasonally adjusted, not calendar adjusted",1,One,2015,
DATAFLOW,OECD.ECO.MPD:DSD_AN_HOUSE_PRICES@DF_HOUSE_PRICES(1.0),Analytical house prices indicators,I,USA,United States,A,Annual,HPI,Nominal house price indices,IX,Index,2009,,89.0705831290251,,A,Normal value,0,Units,S,"Seasonally adjusted, not calendar adjusted",1,One,2015,
DATAFLOW,OECD.ECO.MPD:DSD_AN_HOUSE_PRICES@DF_HOUSE_PRICES(1.0),Analytical house prices indicators,I,USA,United States,A,Annual,HPI,Nominal house price indices,IX,Index,2010,,86.4429246777013,,A,Normal value,0,Units,S,"Seasonally adjusted, not calendar adjusted",1,One,2015,
DATAFLOW,OECD.ECO.MPD:DSD_AN_HOUSE_PRICES@DF_HOUSE_PRICES(1.0),Analytical house prices indicators,I,USA,United States,A,Annual,HPI,Nominal house price indices,IX,Index,2011,,82.7008575081821,,A,Normal value,0,Units,S,"Seasonally adjusted, not calendar adjusted",1,One,2015,
DATAFLOW,OECD.ECO.MPD:DSD_AN_HOUSE_PRICES@DF_HOUSE_PRICES(1.0),Analytical house prices indicators,I,USA,United States,A,Annual,HPI,Nominal house price indices,IX,Index,2012,,84.9249826973383,,A,Normal value,0,Units,S,"Seasonally adjusted, not calendar adjusted",1,One,2015,
DATAFLOW,OECD.ECO.MPD:DSD_AN_HOUSE_PRICES@DF_HOUSE_PRICES(1.0),Analytical house prices indicators,I,USA,United States,A,Annual,HPI,Nominal house price indices,IX,Index,2013,,90.7703496897252,,A,Normal value,0,Units,S,"Seasonally adjusted, not calendar adjusted",1,One,2015,
DATAFLOW,OECD.ECO.MPD:DSD_AN_HOUSE_PRICES@DF_HOUSE_PRICES(1.0),Analytical house prices indicators,I,USA,United States,A,Annual,HPI,Nominal house price indices,IX,Index,2014,,95.1329665560078,,A,Normal value,0,Units,S,"Seasonally adjusted, not calendar adjusted",1,One,2015,
DATAFLOW,OECD.ECO.MPD:DSD_AN_HOUSE_PRICES@DF_HOUSE_PRICES(1.0),Analytical house prices indicators,I,USA,United States,A,Annual,HPI,Nominal house price indices,IX,Index,2016,,105.549755416613,,A,Normal value,0,Units,S,"Seasonally adjusted, not calendar adjusted",1,One,2015,
DATAFLOW,OECD.ECO.MPD:DSD_AN_HOUSE_PRICES@DF_HOUSE_PRICES(1.0),Analytical house prices indicators,I,USA,United States,A,Annual,HPI,Nominal house price indices,IX,Index,2017,,111.985172498739,,A,Normal value,0,Units,S,"Seasonally adjusted, not calendar adjusted",1,One,2015,
DATAFLOW,OECD.ECO.MPD:DSD_AN_HOUSE_PRICES@DF_HOUSE_PRICES(1.0),Analytical house prices indicators,I,USA,United States,A,Annual,HPI,Nominal house price indices,IX,Index,2018,,118.768988938027,,A,Normal value,0,Units,S,"Seasonally adjusted, not calendar adjusted",1,One,2015,
DATAFLOW,OECD.ECO.MPD:DSD_AN_HOUSE_PRICES@DF_HOUSE_PRICES(1.0),Analytical house prices indicators,I,USA,United States,A,Annual,HPI,Nominal house price indices,IX,Index,2019,,124.697643318826,,A,Normal value,0,Units,S,"Seasonally adjusted, not calendar adjusted",1,One,2015,
DATAFLOW,OECD.ECO.MPD:DSD_AN_HOUSE_PRICES@DF_HOUSE_PRICES(1.0),Analytical house prices indicators,I,USA,United States,A,Annual,HPI,Nominal house price indices,IX,Index,2020,,134.432883268619,,A,Normal value,0,Units,S,"Seasonally adjusted, not calendar adjusted",1,One,2015,
DATAFLOW,OECD.ECO.MPD:DSD_AN_HOUSE_PRICES@DF_HOUSE_PRICES(1.0),Analytical house prices indicators,I,USA,United States,A,Annual,HPI,Nominal house price indices,IX,Index,2021,,156.64128942954,,A,Normal value,0,Units,S,"Seasonally adjusted, not calendar adjusted",1,One,2015,
DATAFLOW,OECD.ECO.MPD:DSD_AN_HOUSE_PRICES@DF_HOUSE_PRICES(1.0),Analytical house prices indicators,I,USA,United States,A,Annual,HPI,Nominal house price indices,IX,Index,2022,,177.488943892454,,A,Normal value,0,Units,S,"Seasonally adjusted, not calendar adjusted",1,One,2015,
DATAFLOW,OECD.ECO.MPD:DSD_AN_HOUSE_PRICES@DF_HOUSE_PRICES(1.0),Analytical house prices indicators,I,USA,United States,A,Annual,HPI,Nominal house price indices,IX,Index,2023,,185.654627142304,,A,Normal value,0,Units,S,"Seasonally adjusted, not calendar adjusted",1,One,2015,
DATAFLOW,OECD.ECO.MPD:DSD_AN_HOUSE_PRICES@DF_HOUSE_PRICES(1.0),Analytical house prices indicators,I,USA,United States,A,Annual,HPI,Nominal house price indices,IX,Index,2024,,195.522423076472,,A,Normal value,0,Units,S,"Seasonally adjusted, not calendar adjusted",1,One,2015,
DATAFLOW,OECD.ECO.MPD:DSD_AN_HOUSE_PRICES@DF_HOUSE_PRICES(1.0),Analytical house prices indicators,I,USA,United States,A,Annual,HPI,Nominal house price indices,IX,Index,2025,,201.230541837249,,A,Normal value,0,Units,S,"Seasonally adjusted, not calendar adjusted",1,One,2015,
DATAFLOW,OECD.ECO.MPD:DSD_AN_HOUSE_PRICES@DF_HOUSE_PRICES(1.0),Analytical house prices indicators,I,EA,Euro area,A,Annual,HPI,Nominal house price indices,IX,Index,2008,,103.358,,A,Normal value,0,Units,S,"Seasonally adjusted, not calendar adjusted",1,One,2015,
DATAFLOW,OECD.ECO.MPD:DSD_AN_HOUSE_PRICES@DF_HOUSE_PRICES(1.0),Analytical house prices indicators,I,EA,Euro area,A,Annual,HPI,Nominal house price indices,IX,Index,2009,,100.1075,,A,Normal value,0,Units,S,"Seasonally adjusted, not calendar adjusted",1,One,2015,
DATAFLOW,OECD.ECO.MPD:DSD_AN_HOUSE_PRICES@DF_HOUSE_PRICES(1.0),Analytical house prices indicators,I,EA,Euro area,A,Annual,HPI,Nominal house price indices,IX,Index,2010,,100.96275,,A,Normal value,0,Units,S,"Seasonally adjusted, not calendar adjusted",1,One,2015,
DATAFLOW,OECD.ECO.MPD:DSD_AN_HOUSE_PRICES@DF_HOUSE_PRICES(1.0),Analytical house prices indicators,I,EA,Euro area,A,Annual,HPI,Nominal house price indices,IX,Index,2011,,102.1205,,A,Normal value,0,Units,S,"Seasonally adjusted, not calendar adjusted",1,One,2015,
DATAFLOW,OECD.ECO.MPD:DSD_AN_HOUSE_PRICES@DF_HOUSE_PRICES(1.0),Analytical house prices indicators,I,EA,Euro area,A,Annual,HPI,Nominal house price indices,IX,Index,2012,,100.0375,,A,Normal value,0,Units,S,"Seasonally adjusted, not calendar adjusted",1,One,2015,
DATAFLOW,OECD.ECO.MPD:DSD_AN_HOUSE_PRICES@DF_HOUSE_PRICES(1.0),Analytical house prices indicators,I,EA,Euro area,A,Annual,HPI,Nominal house price indices,IX,Index,2016,,104.013,,A,Normal value,0,Units,S,"Seasonally adjusted, not calendar adjusted",1,One,2015,
DATAFLOW,OECD.ECO.MPD:DSD_AN_HOUSE_PRICES@DF_HOUSE_PRICES(1.0),Analytical house prices indicators,I,EA,Euro area,A,Annual,HPI,Nominal house price indices,IX,Index,2017,,108.588,,A,Normal value,0,Units,S,"Seasonally adjusted, not calendar adjusted",1,One,2015,
DATAFLOW,OECD.ECO.MPD:DSD_AN_HOUSE_PRICES@DF_HOUSE_PRICES(1.0),Analytical house prices indicators,I,EA,Euro area,A,Annual,HPI,Nominal house price indices,IX,Index,2018,,113.833,,A,Normal value,0,Units,S,"Seasonally adjusted, not calendar adjusted",1,One,2015,
DATAFLOW,OECD.ECO.MPD:DSD_AN_HOUSE_PRICES@DF_HOUSE_PRICES(1.0),Analytical house prices indicators,I,EA,Euro area,A,Annual,HPI,Nominal house price indices,IX,Index,2019,,118.8455,,A,Normal value,0,Units,S,"Seasonally adjusted, not calendar adjusted",1,One,2015,
DATAFLOW,OECD.ECO.MPD:DSD_AN_HOUSE_PRICES@DF_HOUSE_PRICES(1.0),Analytical house prices indicators,I,EA,Euro area,A,Annual,HPI,Nominal house price indices,IX,Index,2020,,125.1155,,A,Normal value,0,Units,S,"Seasonally adjusted, not calendar adjusted",1,One,2015,
DATAFLOW,OECD.ECO.MPD:DSD_AN_HOUSE_PRICES@DF_HOUSE_PRICES(1.0),Analytical house prices indicators,I,EA,Euro area,A,Annual,HPI,Nominal house price indices,IX,Index,2021,,134.993,,A,Normal value,0,Units,S,"Seasonally adjusted, not calendar adjusted",1,One,2015,
DATAFLOW,OECD.ECO.MPD:DSD_AN_HOUSE_PRICES@DF_HOUSE_PRICES(1.0),Analytical house prices indicators,I,EA,Euro area,A,Annual,HPI,Nominal house price indices,IX,Index,2022,,144.8865,,A,Normal value,0,Units,S,"Seasonally adjusted, not calendar adjusted",1,One,2015,
DATAFLOW,OECD.ECO.MPD:DSD_AN_HOUSE_PRICES@DF_HOUSE_PRICES(1.0),Analytical house prices indicators,I,BRA,Brazil,A,Annual,HPI,Nominal house price indices,IX,Index,2008,,34.5267516272222,,A,Normal value,0,Units,S,"Seasonally adjusted, not calendar adjusted",1,One,2015,
DATAFLOW,OECD.ECO.MPD:DSD_AN_HOUSE_PRICES@DF_HOUSE_PRICES(1.0),Analytical house prices indicators,I,BRA,Brazil,A,Annual,HPI,Nominal house price indices,IX,Index,2009,,40.9378294093977,,A,Normal value,0,Units,S,"Seasonally adjusted, not calendar adjusted",1,One,2015,
DATAFLOW,OECD.ECO.MPD:DSD_AN_HOUSE_PRICES@DF_HOUSE_PRICES(1.0),Analytical house prices indicators,I,BRA,Brazil,A,Annual,HPI,Nominal house price indices,IX,Index,2010,,50.9223250163766,,A,Normal value,0,Units,S,"Seasonally adjusted, not calendar adjusted",1,One,2015,
DATAFLOW,OECD.ECO.MPD:DSD_AN_HOUSE_PRICES@DF_HOUSE_PRICES(1.0),Analytical house prices indicators,I,BRA,Brazil,A,Annual,HPI,Nominal house price indices,IX,Index,2011,,65.6068590362285,,A,Normal value,0,Units,S,"Seasonally adjusted, not calendar adjusted",1,One,2015,
DATAFLOW,OECD.ECO.MPD:DSD_AN_HOUSE_PRICES@DF_HOUSE_PRICES(1.0),Analytical house prices indicators,I,BRA,Brazil,A,Annual,HPI,Nominal house price indices,IX,Index,2012,,77.4991166185399,,A,Normal value,0,Units,S,"Seasonally adjusted, not calendar adjusted",1,One,2015,
DATAFLOW,OECD.ECO.MPD:DSD_AN_HOUSE_PRICES@DF_HOUSE_PRICES(1.0),Analytical house prices indicators,I,BRA,Brazil,A,Annual,HPI,Nominal house price indices,IX,Index,2013,,87.1470239538749,,A,Normal value,0,Units,S,"Seasonally adjusted, not calendar adjusted",1,One,2015,
DATAFLOW,OECD.ECO.MPD:DSD_AN_HOUSE_PRICES@DF_HOUSE_PRICES(1.0),Analytical house prices indicators,I,BRA,Brazil,A,Annual,HPI,Nominal house price indices,IX,Index,2014,,96.2342546310799,,A,Normal value,0,Units,S,"Seasonally adjusted, not calendar adjusted",1,One,2015,
DATAFLOW,OECD.ECO.MPD:DSD_AN_HOUSE_PRICES@DF_HOUSE_PRICES(1.0),Analytical house prices indicators,I,BRA,Brazil,A,Annual,HPI,Nominal house price indices,IX,Index,2016,,100.313900738765,,A,Normal value,0,Units,S,"Seasonally adjusted, not calendar adjusted",1,One,2015,
DATAFLOW,OECD.ECO.MPD:DSD_AN_HOUSE_PRICES@DF_HOUSE_PRICES(1.0),Analytical house prices indicators,I,BRA,Brazil,A,Annual,HPI,Nominal house price indices,IX,Index,2017,,100.495087096477,,A,Normal value,0,Units,S,"Seasonally adjusted, not calendar adjusted",1,One,2015,
DATAFLOW,OECD.ECO.MPD:DSD_AN_HOUSE_PRICES@DF_HOUSE_PRICES(1.0),Analytical house prices indicators,I,BRA,Brazil,A,Annual,HPI,Nominal house price indices,IX,Index,2018,,100.029782993509,,A,Normal value,0,Units,S,"Seasonally adjusted, not calendar adjusted",1,One,2015,
DATAFLOW,OECD.ECO.MPD:DSD_AN_HOUSE_PRICES@DF_HOUSE_PRICES(1.0),Analytical house prices indicators,I,BRA,Brazil,A,Annual,HPI,Nominal house price indices,IX,Index,2019,,100.20718357819,,A,Normal value,0,Units,S,"Seasonally adjusted, not calendar adjusted",1,One,2015,
DATAFLOW,OECD.ECO.MPD:DSD_AN_HOUSE_PRICES@DF_HOUSE_PRICES(1.0),Analytical house prices indicators,I,BRA,Brazil,A,Annual,HPI,Nominal house price indices,IX,Index,2020,,101.573033386198,,A,Normal value,0,Units,S,"Seasonally adjusted, not calendar adjusted",1,One,2015,
DATAFLOW,OECD.ECO.MPD:DSD_AN_HOUSE_PRICES@DF_HOUSE_PRICES(1.0),Analytical house prices indicators,I,BRA,Brazil,A,Annual,HPI,Nominal house price indices,IX,Index,2021,,106.351152262665,,A,Normal value,0,Units,S,"Seasonally adjusted, not calendar adjusted",1,One,2015,
DATAFLOW,OECD.ECO.MPD:DSD_AN_HOUSE_PRICES@DF_HOUSE_PRICES(1.0),Analytical house prices indicators,I,BRA,Brazil,A,Annual,HPI,Nominal house price indices,IX,Index,2022,,112.830612873473,,A,Normal value,0,Units,S,"Seasonally adjusted, not calendar adjusted",1,One,2015,
DATAFLOW,OECD.ECO.MPD:DSD_AN_HOUSE_PRICES@DF_HOUSE_PRICES(1.0),Analytical house prices indicators,I,BRA,Brazil,A,Annual,HPI,Nominal house price indices,IX,Index,2023,,119.053863948493,,A,Normal value,0,Units,S,"Seasonally adjusted, not calendar adjusted",1,One,2015,
DATAFLOW,OECD.ECO.MPD:DSD_AN_HOUSE_PRICES@DF_HOUSE_PRICES(1.0),Analytical house prices indicators,I,BRA,Brazil,A,Annual,HPI,Nominal house price indices,IX,Index,2024,,126.696578169468,,A,Normal value,0,Units,S,"Seasonally adjusted, not calendar adjusted",1,One,2015,
DATAFLOW,OECD.ECO.MPD:DSD_AN_HOUSE_PRICES@DF_HOUSE_PRICES(1.0),Analytical house prices indicators,I,BRA,Brazil,A,Annual,HPI,Nominal house price indices,IX,Index,2025,,136.067919943462,,A,Normal value,0,Units,S,"Seasonally adjusted, not calendar adjusted",1,One,2015,
DATAFLOW,OECD.ECO.MPD:DSD_AN_HOUSE_PRICES@DF_HOUSE_PRICES(1.0),Analytical house prices indicators,I,BGR,Bulgaria,A,Annual,HPI,Nominal house price indices,IX,Index,2005,,80.0850000038443,,A,Normal value,0,Units,S,"Seasonally adjusted, not calendar adjusted",1,One,2015,
DATAFLOW,OECD.ECO.MPD:DSD_AN_HOUSE_PRICES@DF_HOUSE_PRICES(1.0),Analytical house prices indicators,I,BGR,Bulgaria,A,Annual,HPI,Nominal house price indices,IX,Index,2006,,91.8575,,A,Normal value,0,Units,S,"Seasonally adjusted, not calendar adjusted",1,One,2015,
DATAFLOW,OECD.ECO.MPD:DSD_AN_HOUSE_PRICES@DF_HOUSE_PRICES(1.0),Analytical house prices indicators,I,BGR,Bulgaria,A,Annual,HPI,Nominal house price indices,IX,Index,2011,,99.9749999999999,,A,Normal value,0,Units,S,"Seasonally adjusted, not calendar adjusted",1,One,2015,
DATAFLOW,OECD.ECO.MPD:DSD_AN_HOUSE_PRICES@DF_HOUSE_PRICES(1.0),Analytical house prices indicators,I,BGR,Bulgaria,A,Annual,HPI,Nominal house price indices,IX,Index,2012,,98.0724999999999,,A,Normal value,0,Units,S,"Seasonally adjusted, not calendar adjusted",1,One,2015,
DATAFLOW,OECD.ECO.MPD:DSD_AN_HOUSE_PRICES@DF_HOUSE_PRICES(1.0),Analytical house prices indicators,I,BGR,Bulgaria,A,Annual,HPI,Nominal house price indices,IX,Index,2013,,95.915,,A,Normal value,0,Units,S,"Seasonally adjusted, not calendar adjusted",1,One,2015,
DATAFLOW,OECD.ECO.MPD:DSD_AN_HOUSE_PRICES@DF_HOUSE_PRICES(1.0),Analytical house prices indicators,I,BGR,Bulgaria,A,Annual,HPI,Nominal house price indices,IX,Index,2014,,97.2899999999999,,A,Normal value,0,Units,S,"Seasonally adjusted, not calendar adjusted",1,One,2015,
DATAFLOW,OECD.ECO.MPD:DSD_AN_HOUSE_PRICES@DF_HOUSE_PRICES(1.0),Analytical house prices indicators,I,BGR,Bulgaria,A,Annual,HPI,Nominal house price indices,IX,Index,2022,,169.9175,,A,Normal value,0,Units,S,"Seasonally adjusted, not calendar adjusted",1,One,2015,
DATAFLOW,OECD.ECO.MPD:DSD_AN_HOUSE_PRICES@DF_HOUSE_PRICES(1.0),Analytical house prices indicators,I,BGR,Bulgaria,A,Annual,HPI,Nominal house price indices,IX,Index,2023,,186.6725,,A,Normal value,0,Units,S,"Seasonally adjusted, not calendar adjusted",1,One,2015,
DATAFLOW,OECD.ECO.MPD:DSD_AN_HOUSE_PRICES@DF_HOUSE_PRICES(1.0),Analytical house prices indicators,I,BGR,Bulgaria,A,Annual,HPI,Nominal house price indices,IX,Index,2024,,217.465,,A,Normal value,0,Units,S,"Seasonally adjusted, not calendar adjusted",1,One,2015,
DATAFLOW,OECD.ECO.MPD:DSD_AN_HOUSE_PRICES@DF_HOUSE_PRICES(1.0),Analytical house prices indicators,I,BGR,Bulgaria,A,Annual,HPI,Nominal house price indices,IX,Index,2025,,249.230000013382,,A,Normal value,0,Units,S,"Seasonally adjusted, not calendar adjusted",1,One,2015,
DATAFLOW,OECD.ECO.MPD:DSD_AN_HOUSE_PRICES@DF_HOUSE_PRICES(1.0),Analytical house prices indicators,I,CHN,China (People’s Republic of),A,Annual,HPI,Nominal house price indices,IX,Index,2016,,112.22947601315,,A,Normal value,0,Units,S,"Seasonally adjusted, not calendar adjusted",1,One,2015,
DATAFLOW,OECD.ECO.MPD:DSD_AN_HOUSE_PRICES@DF_HOUSE_PRICES(1.0),Analytical house prices indicators,I,CHN,China (People’s Republic of),A,Annual,HPI,Nominal house price indices,IX,Index,2022,,151.385145136412,,A,Normal value,0,Units,S,"Seasonally adjusted, not calendar adjusted",1,One,2015,
DATAFLOW,OECD.ECO.MPD:DSD_AN_HOUSE_PRICES@DF_HOUSE_PRICES(1.0),Analytical house prices indicators,I,HRV,Croatia,A,Annual,HPI,Nominal house price indices,IX,Index,2005,,82.7729306763544,,A,Normal value,0,Units,S,"Seasonally adjusted, not calendar adjusted",1,One,2015,
DATAFLOW,OECD.ECO.MPD:DSD_AN_HOUSE_PRICES@DF_HOUSE_PRICES(1.0),Analytical house prices indicators,I,HRV,Croatia,A,Annual,HPI,Nominal house price indices,IX,Index,2006,,97.4650633734158,,A,Normal value,0,Units,S,"Seasonally adjusted, not calendar adjusted",1,One,2015,
DATAFLOW,OECD.ECO.MPD:DSD_AN_HOUSE_PRICES@DF_HOUSE_PRICES(1.0),Analytical house prices indicators,I,HRV,Croatia,A,Annual,HPI,Nominal house price indices,IX,Index,2007,,112.602184945376,,A,Normal value,0,Units,S,"Seasonally adjusted, not calendar adjusted",1,One,2015,
DATAFLOW,OECD.ECO.MPD:DSD_AN_HOUSE_PRICES@DF_HOUSE_PRICES(1.0),Analytical house prices indicators,I,HRV,Croatia,A,Annual,HPI,Nominal house price indices,IX,Index,2008,,124.359391015225,,A,Normal value,0,Units,S,"Seasonally adjusted, not calendar adjusted",1,One,2015,
DATAFLOW,OECD.ECO.MPD:DSD_AN_HOUSE_PRICES@DF_HOUSE_PRICES(1.0),Analytical house prices indicators,I,HRV,Croatia,A,Annual,HPI,Nominal house price indices,IX,Index,2009,,117.962050948726,,A,Normal value,0,Units,S,"Seasonally adjusted, not calendar adjusted",1,One,2015,
DATAFLOW,OECD.ECO.MPD:DSD_AN_HOUSE_PRICES@DF_HOUSE_PRICES(1.0),Analytical house prices indicators,I,HRV,Croatia,A,Annual,HPI,Nominal house price indices,IX,Index,2010,,110.504737381566,,A,Normal value,0,Units,S,"Seasonally adjusted, not calendar adjusted",1,One,2015,
DATAFLOW,OECD.ECO.MPD:DSD_AN_HOUSE_PRICES@DF_HOUSE_PRICES(1.0),Analytical house prices indicators,I,HRV,Croatia,A,Annual,HPI,Nominal house price indices,IX,Index,2011,,110.577235569111,,A,Normal value,0,Units,S,"Seasonally adjusted, not calendar adjusted",1,One,2015,
DATAFLOW,OECD.ECO.MPD:DSD_AN_HOUSE_PRICES@DF_HOUSE_PRICES(1.0),Analytical house prices indicators,I,HRV,Croatia,A,Annual,HPI,Nominal house price indices,IX,Index,2012,,108.789780255493,,A,Normal value,0,Units,S,"Seasonally adjusted, not calendar adjusted",1,One,2015,
DATAFLOW,OECD.ECO.MPD:DSD_AN_HOUSE_PRICES@DF_HOUSE_PRICES(1.0),Analytical house prices indicators,I,HRV,Croatia,A,Annual,HPI,Nominal house price indices,IX,Index,2013,,104.409889752756,,A,Normal value,0,Units,S,"Seasonally adjusted, not calendar adjusted",1,One,2015,
DATAFLOW,OECD.ECO.MPD:DSD_AN_HOUSE_PRICES@DF_HOUSE_PRICES(1.0),Analytical house prices indicators,I,HRV,Croatia,A,Annual,HPI,Nominal house price indices,IX,Index,2014,,102.839929001775,,A,Normal value,0,Units,S,"Seasonally adjusted, not calendar adjusted",1,One,2015,
DATAFLOW,OECD.ECO.MPD:DSD_AN_HOUSE_PRICES@DF_HOUSE_PRICES(1.0),Analytical house prices indicators,I,HRV,Croatia,A,Annual,HPI,Nominal house price indices,IX,Index,2016,,101.032474188145,,A,Normal value,0,Units,S,"Seasonally adjusted, not calendar adjusted",1,One,2015,
DATAFLOW,OECD.ECO.MPD:DSD_AN_HOUSE_PRICES@DF_HOUSE_PRICES(1.0),Analytical house prices indicators,I,HRV,Croatia,A,Annual,HPI,Nominal house price indices,IX,Index,2017,,104.984875378116,,A,Normal value,0,Units,S,"Seasonally adjusted, not calendar adjusted",1,One,2015,
DATAFLOW,OECD.ECO.MPD:DSD_AN_HOUSE_PRICES@DF_HOUSE_PRICES(1.0),Analytical house prices indicators,I,HRV,Croatia,A,Annual,HPI,Nominal house price indices,IX,Index,2018,,111.797205069873,,A,Normal value,0,Units,S,"Seasonally adjusted, not calendar adjusted",1,One,2015,
DATAFLOW,OECD.ECO.MPD:DSD_AN_HOUSE_PRICES@DF_HOUSE_PRICES(1.0),Analytical house prices indicators,I,HRV,Croatia,A,Annual,HPI,Nominal house price indices,IX,Index,2019,,121.636959076023,,A,Normal value,0,Units,S,"Seasonally adjusted, not calendar adjusted",1,One,2015,
DATAFLOW,OECD.ECO.MPD:DSD_AN_HOUSE_PRICES@DF_HOUSE_PRICES(1.0),Analytical house prices indicators,I,HRV,Croatia,A,Annual,HPI,Nominal house price indices,IX,Index,2020,,130.574235644109,,A,Normal value,0,Units,S,"Seasonally adjusted, not calendar adjusted",1,One,2015,
DATAFLOW,OECD.ECO.MPD:DSD_AN_HOUSE_PRICES@DF_HOUSE_PRICES(1.0),Analytical house prices indicators,I,HRV,Croatia,A,Annual,HPI,Nominal house price indices,IX,Index,2021,,140.363990900228,,A,Normal value,0,Units,S,"Seasonally adjusted, not calendar adjusted",1,One,2015,
DATAFLOW,OECD.ECO.MPD:DSD_AN_HOUSE_PRICES@DF_HOUSE_PRICES(1.0),Analytical house prices indicators,I,HRV,Croatia,A,Annual,HPI,Nominal house price indices,IX,Index,2022,,161.178470538237,,A,Normal value,0,Units,S,"Seasonally adjusted, not calendar adjusted",1,One,2015,
DATAFLOW,OECD.ECO.MPD:DSD_AN_HOUSE_PRICES@DF_HOUSE_PRICES(1.0),Analytical house prices indicators,I,HRV,Croatia,A,Annual,HPI,Nominal house price indices,IX,Index,2023,,180.620484487888,,A,Normal value,0,Units,S,"Seasonally adjusted, not calendar adjusted",1,One,2015,
DATAFLOW,OECD.ECO.MPD:DSD_AN_HOUSE_PRICES@DF_HOUSE_PRICES(1.0),Analytical house prices indicators,I,HRV,Croatia,A,Annual,HPI,Nominal house price indices,IX,Index,2024,,199.432514187145,,A,Normal value,0,Units,S,"Seasonally adjusted, not calendar adjusted",1,One,2015,
DATAFLOW,OECD.ECO.MPD:DSD_AN_HOUSE_PRICES@DF_HOUSE_PRICES(1.0),Analytical house prices indicators,I,HRV,Croatia,A,Annual,HPI,Nominal house price indices,IX,Index,2025,,227.081822953502,,A,Normal value,0,Units,S,"Seasonally adjusted, not calendar adjusted",1,One,2015,
DATAFLOW,OECD.ECO.MPD:DSD_AN_HOUSE_PRICES@DF_HOUSE_PRICES(1.0),Analytical house prices indicators,I,IND,India,A,Annual,HPI,Nominal house price indices,IX,Index,2009,,37.1091572250713,,A,Normal value,0,Units,S,"Seasonally adjusted, not calendar adjusted",1,One,2015,
DATAFLOW,OECD.ECO.MPD:DSD_AN_HOUSE_PRICES@DF_HOUSE_PRICES(1.0),Analytical house prices indicators,I,IND,India,A,Annual,HPI,Nominal house price indices,IX,Index,2010,,45.0859446146567,,A,Normal value,0,Units,S,"Seasonally adjusted, not calendar adjusted",1,One,2015,
DATAFLOW,OECD.ECO.MPD:DSD_AN_HOUSE_PRICES@DF_HOUSE_PRICES(1.0),Analytical house prices indicators,I,IND,India,A,Annual,HPI,Nominal house price indices,IX,Index,2011,,53.9063652340869,,A,Normal value,0,Units,S,"Seasonally adjusted, not calendar adjusted",1,One,2015,
DATAFLOW,OECD.ECO.MPD:DSD_AN_HOUSE_PRICES@DF_HOUSE_PRICES(1.0),Analytical house prices indicators,I,IND,India,A,Annual,HPI,Nominal house price indices,IX,Index,2012,,66.9653325866685,,A,Normal value,0,Units,S,"Seasonally adjusted, not calendar adjusted",1,One,2015,
DATAFLOW,OECD.ECO.MPD:DSD_AN_HOUSE_PRICES@DF_HOUSE_PRICES(1.0),Analytical house prices indicators,I,IND,India,A,Annual,HPI,Nominal house price indices,IX,Index,2013,,76.6933082667293,,A,Normal value,0,Units,S,"Seasonally adjusted, not calendar adjusted",1,One,2015,
DATAFLOW,OECD.ECO.MPD:DSD_AN_HOUSE_PRICES@DF_HOUSE_PRICES(1.0),Analytical house prices indicators,I,IND,India,A,Annual,HPI,Nominal house price indices,IX,Index,2014,,88.0452798868003,,A,Normal value,0,Units,S,"Seasonally adjusted, not calendar adjusted",1,One,2015,
DATAFLOW,OECD.ECO.MPD:DSD_AN_HOUSE_PRICES@DF_HOUSE_PRICES(1.0),Analytical house prices indicators,I,IND,India,A,Annual,HPI,Nominal house price indices,IX,Index,2016,,106.684483288792,,A,Normal value,0,Units,S,"Seasonally adjusted, not calendar adjusted",1,One,2015,
DATAFLOW,OECD.ECO.MPD:DSD_AN_HOUSE_PRICES@DF_HOUSE_PRICES(1.0),Analytical house prices indicators,I,IND,India,A,Annual,HPI,Nominal house price indices,IX,Index,2017,,115.653710865723,,A,Normal value,0,Units,S,"Seasonally adjusted, not calendar adjusted",1,One,2015,
DATAFLOW,OECD.ECO.MPD:DSD_AN_HOUSE_PRICES@DF_HOUSE_PRICES(1.0),Analytical house prices indicators,I,IND,India,A,Annual,HPI,Nominal house price indices,IX,Index,2018,,122.247444381389,,A,Normal value,0,Units,S,"Seasonally adjusted, not calendar adjusted",1,One,2015,
DATAFLOW,OECD.ECO.MPD:DSD_AN_HOUSE_PRICES@DF_HOUSE_PRICES(1.0),Analytical house prices indicators,I,IND,India,A,Annual,HPI,Nominal house price indices,IX,Index,2019,,126.300934247665,,A,Normal value,0,Units,S,"Seasonally adjusted, not calendar adjusted",1,One,2015,
DATAFLOW,OECD.ECO.MPD:DSD_AN_HOUSE_PRICES@DF_HOUSE_PRICES(1.0),Analytical house prices indicators,I,IND,India,A,Annual,HPI,Nominal house price indices,IX,Index,2020,,129.464426338934,,A,Normal value,0,Units,S,"Seasonally adjusted, not calendar adjusted",1,One,2015,
DATAFLOW,OECD.ECO.MPD:DSD_AN_HOUSE_PRICES@DF_HOUSE_PRICES(1.0),Analytical house prices indicators,I,IND,India,A,Annual,HPI,Nominal house price indices,IX,Index,2021,,132.747918130204,,A,Normal value,0,Units,S,"Seasonally adjusted, not calendar adjusted",1,One,2015,
DATAFLOW,OECD.ECO.MPD:DSD_AN_HOUSE_PRICES@DF_HOUSE_PRICES(1.0),Analytical house prices indicators,I,IND,India,A,Annual,HPI,Nominal house price indices,IX,Index,2022,,138.157904605239,,A,Normal value,0,Units,S,"Seasonally adjusted, not calendar adjusted",1,One,2015,
DATAFLOW,OECD.ECO.MPD:DSD_AN_HOUSE_PRICES@DF_HOUSE_PRICES(1.0),Analytical house prices indicators,I,IND,India,A,Annual,HPI,Nominal house price indices,IX,Index,2023,,142.848642878393,,A,Normal value,0,Units,S,"Seasonally adjusted, not calendar adjusted",1,One,2015,
DATAFLOW,OECD.ECO.MPD:DSD_AN_HOUSE_PRICES@DF_HOUSE_PRICES(1.0),Analytical house prices indicators,I,IND,India,A,Annual,HPI,Nominal house price indices,IX,Index,2024,,152.979867550331,,A,Normal value,0,Units,S,"Seasonally adjusted, not calendar adjusted",1,One,2015,
DATAFLOW,OECD.ECO.MPD:DSD_AN_HOUSE_PRICES@DF_HOUSE_PRICES(1.0),Analytical house prices indicators,I,IND,India,A,Annual,HPI,Nominal house price indices,IX,Index,2025,,158.557103607947,,A,Normal value,0,Units,S,"Seasonally adjusted, not calendar adjusted",1,One,2015,
DATAFLOW,OECD.ECO.MPD:DSD_AN_HOUSE_PRICES@DF_HOUSE_PRICES(1.0),Analytical house prices indicators,I,IDN,Indonesia,A,Annual,HPI,Nominal house price indices,IX,Index,2002,,54.5541136148128,,A,Normal value,0,Units,S,"Seasonally adjusted, not calendar adjusted",1,One,2015,
DATAFLOW,OECD.ECO.MPD:DSD_AN_HOUSE_PRICES@DF_HOUSE_PRICES(1.0),Analytical house prices indicators,I,IDN,Indonesia,A,Annual,HPI,Nominal house price indices,IX,Index,2019,,111.910470223824,,A,Normal value,0,Units,S,"Seasonally adjusted, not calendar adjusted",1,One,2015,
DATAFLOW,OECD.ECO.MPD:DSD_AN_HOUSE_PRICES@DF_HOUSE_PRICES(1.0),Analytical house prices indicators,I,IDN,Indonesia,A,Annual,HPI,Nominal house price indices,IX,Index,2021,,115.27021182447,,A,Normal value,0,Units,S,"Seasonally adjusted, not calendar adjusted",1,One,2015,
DATAFLOW,OECD.ECO.MPD:DSD_AN_HOUSE_PRICES@DF_HOUSE_PRICES(1.0),Analytical house prices indicators,I,IDN,Indonesia,A,Annual,HPI,Nominal house price indices,IX,Index,2022,,117.433206416984,,A,Normal value,0,Units,S,"Seasonally adjusted, not calendar adjusted",1,One,2015,
DATAFLOW,OECD.ECO.MPD:DSD_AN_HOUSE_PRICES@DF_HOUSE_PRICES(1.0),Analytical house prices indicators,I,ROU,Romania,A,Annual,HPI,Nominal house price indices,IX,Index,2009,,129.277499996695,,A,Normal value,0,Units,S,"Seasonally adjusted, not calendar adjusted",1,One,2015,
DATAFLOW,OECD.ECO.MPD:DSD_AN_HOUSE_PRICES@DF_HOUSE_PRICES(1.0),Analytical house prices indicators,I,ROU,Romania,A,Annual,HPI,Nominal house price indices,IX,Index,2012,,99.51,,A,Normal value,0,Units,S,"Seasonally adjusted, not calendar adjusted",1,One,2015,
DATAFLOW,OECD.ECO.MPD:DSD_AN_HOUSE_PRICES@DF_HOUSE_PRICES(1.0),Analytical house prices indicators,I,ROU,Romania,A,Annual,HPI,Nominal house price indices,IX,Index,2013,,99.26,,A,Normal value,0,Units,S,"Seasonally adjusted, not calendar adjusted",1,One,2015,
DATAFLOW,OECD.ECO.MPD:DSD_AN_HOUSE_PRICES@DF_HOUSE_PRICES(1.0),Analytical house prices indicators,I,ROU,Romania,A,Annual,HPI,Nominal house price indices,IX,Index,2014,,97.22,,A,Normal value,0,Units,S,"Seasonally adjusted, not calendar adjusted",1,One,2015,
DATAFLOW,OECD.ECO.MPD:DSD_AN_HOUSE_PRICES@DF_HOUSE_PRICES(1.0),Analytical house prices indicators,I,ROU,Romania,A,Annual,HPI,Nominal house price indices,IX,Index,2022,,143.6975,,A,Normal value,0,Units,S,"Seasonally adjusted, not calendar adjusted",1,One,2015,
DATAFLOW,OECD.ECO.MPD:DSD_AN_HOUSE_PRICES@DF_HOUSE_PRICES(1.0),Analytical house prices indicators,I,ROU,Romania,A,Annual,HPI,Nominal house price indices,IX,Index,2023,,148.43,,A,Normal value,0,Units,S,"Seasonally adjusted, not calendar adjusted",1,One,2015,
DATAFLOW,OECD.ECO.MPD:DSD_AN_HOUSE_PRICES@DF_HOUSE_PRICES(1.0),Analytical house prices indicators,I,ROU,Romania,A,Annual,HPI,Nominal house price indices,IX,Index,2024,,155.885,,A,Normal value,0,Units,S,"Seasonally adjusted, not calendar adjusted",1,One,2015,
DATAFLOW,OECD.ECO.MPD:DSD_AN_HOUSE_PRICES@DF_HOUSE_PRICES(1.0),Analytical house prices indicators,I,ROU,Romania,A,Annual,HPI,Nominal house price indices,IX,Index,2025,,164.814999999673,,A,Normal value,0,Units,S,"Seasonally adjusted, not calendar adjusted",1,One,2015,
DATAFLOW,OECD.ECO.MPD:DSD_AN_HOUSE_PRICES@DF_HOUSE_PRICES(1.0),Analytical house prices indicators,I,RUS,Russia,A,Annual,HPI,Nominal house price indices,IX,Index,2001,,18.6982499995966,,A,Normal value,0,Units,S,"Seasonally adjusted, not calendar adjusted",1,One,2015,
DATAFLOW,OECD.ECO.MPD:DSD_AN_HOUSE_PRICES@DF_HOUSE_PRICES(1.0),Analytical house prices indicators,I,RUS,Russia,A,Annual,HPI,Nominal house price indices,IX,Index,2003,,29.37025,,A,Normal value,0,Units,S,"Seasonally adjusted, not calendar adjusted",1,One,2015,
DATAFLOW,OECD.ECO.MPD:DSD_AN_HOUSE_PRICES@DF_HOUSE_PRICES(1.0),Analytical house prices indicators,I,RUS,Russia,A,Annual,HPI,Nominal house price indices,IX,Index,2004,,37.8025,,A,Normal value,0,Units,S,"Seasonally adjusted, not calendar adjusted",1,One,2015,
DATAFLOW,OECD.ECO.MPD:DSD_AN_HOUSE_PRICES@DF_HOUSE_PRICES(1.0),Analytical house prices indicators,I,RUS,Russia,A,Annual,HPI,Nominal house price indices,IX,Index,2005,,45.7065,,A,Normal value,0,Units,S,"Seasonally adjusted, not calendar adjusted",1,One,2015,
DATAFLOW,OECD.ECO.MPD:DSD_AN_HOUSE_PRICES@DF_HOUSE_PRICES(1.0),Analytical house prices indicators,I,RUS,Russia,A,Annual,HPI,Nominal house price indices,IX,Index,2006,,60.51525,,A,Normal value,0,Units,S,"Seasonally adjusted, not calendar adjusted",1,One,2015,
DATAFLOW,OECD.ECO.MPD:DSD_AN_HOUSE_PRICES@DF_HOUSE_PRICES(1.0),Analytical house prices indicators,I,RUS,Russia,A,Annual,HPI,Nominal house price indices,IX,Index,2007,,84.37575,,A,Normal value,0,Units,S,"Seasonally adjusted, not calendar adjusted",1,One,2015,
DATAFLOW,OECD.ECO.MPD:DSD_AN_HOUSE_PRICES@DF_HOUSE_PRICES(1.0),Analytical house prices indicators,I,RUS,Russia,A,Annual,HPI,Nominal house price indices,IX,Index,2009,,93.955,,A,Normal value,0,Units,S,"Seasonally adjusted, not calendar adjusted",1,One,2015,
DATAFLOW,OECD.ECO.MPD:DSD_AN_HOUSE_PRICES@DF_HOUSE_PRICES(1.0),Analytical house prices indicators,I,RUS,Russia,A,Annual,HPI,Nominal house price indices,IX,Index,2010,,92.5275,,A,Normal value,0,Units,S,"Seasonally adjusted, not calendar adjusted",1,One,2015,
DATAFLOW,OECD.ECO.MPD:DSD_AN_HOUSE_PRICES@DF_HOUSE_PRICES(1.0),Analytical house prices indicators,I,RUS,Russia,A,Annual,HPI,Nominal house price indices,IX,Index,2011,,81.87275,,A,Normal value,0,Units,S,"Seasonally adjusted, not calendar adjusted",1,One,2015,
DATAFLOW,OECD.ECO.MPD:DSD_AN_HOUSE_PRICES@DF_HOUSE_PRICES(1.0),Analytical house prices indicators,I,RUS,Russia,A,Annual,HPI,Nominal house price indices,IX,Index,2022,,225.50525,,A,Normal value,0,Units,S,"Seasonally adjusted, not calendar adjusted",1,One,2015,
DATAFLOW,OECD.ECO.MPD:DSD_AN_HOUSE_PRICES@DF_HOUSE_PRICES(1.0),Analytical house prices indicators,I,RUS,Russia,A,Annual,HPI,Nominal house price indices,IX,Index,2023,,255.01525,,A,Normal value,0,Units,S,"Seasonally adjusted, not calendar adjusted",1,One,2015,
DATAFLOW,OECD.ECO.MPD:DSD_AN_HOUSE_PRICES@DF_HOUSE_PRICES(1.0),Analytical house prices indicators,I,SAU,Saudi Arabia,A,Annual,HPI,Nominal house price indices,IX,Index,2014,,101.189000000449,,A,Normal value,0,Units,S,"Seasonally adjusted, not calendar adjusted",1,One,2015,
DATAFLOW,OECD.ECO.MPD:DSD_AN_HOUSE_PRICES@DF_HOUSE_PRICES(1.0),Analytical house prices indicators,I,SAU,Saudi Arabia,A,Annual,HPI,Nominal house price indices,IX,Index,2016,,95.0909999999999,,A,Normal value,0,Units,S,"Seasonally adjusted, not calendar adjusted",1,One,2015,
DATAFLOW,OECD.ECO.MPD:DSD_AN_HOUSE_PRICES@DF_HOUSE_PRICES(1.0),Analytical house prices indicators,I,SAU,Saudi Arabia,A,Annual,HPI,Nominal house price indices,IX,Index,2017,,88.9674999999999,,A,Normal value,0,Units,S,"Seasonally adjusted, not calendar adjusted",1,One,2015,
DATAFLOW,OECD.ECO.MPD:DSD_AN_HOUSE_PRICES@DF_HOUSE_PRICES(1.0),Analytical house prices indicators,I,SAU,Saudi Arabia,A,Annual,HPI,Nominal house price indices,IX,Index,2018,,86.4624999999999,,A,Normal value,0,Units,S,"Seasonally adjusted, not calendar adjusted",1,One,2015,
DATAFLOW,OECD.ECO.MPD:DSD_AN_HOUSE_PRICES@DF_HOUSE_PRICES(1.0),Analytical house prices indicators,I,SAU,Saudi Arabia,A,Annual,HPI,Nominal house price indices,IX,Index,2019,,83.5022499999999,,A,Normal value,0,Units,S,"Seasonally adjusted, not calendar adjusted",1,One,2015,
DATAFLOW,OECD.ECO.MPD:DSD_AN_HOUSE_PRICES@DF_HOUSE_PRICES(1.0),Analytical house prices indicators,I,SAU,Saudi Arabia,A,Annual,HPI,Nominal house price indices,IX,Index,2020,,84.8329999999999,,A,Normal value,0,Units,S,"Seasonally adjusted, not calendar adjusted",1,One,2015,
DATAFLOW,OECD.ECO.MPD:DSD_AN_HOUSE_PRICES@DF_HOUSE_PRICES(1.0),Analytical house prices indicators,I,SAU,Saudi Arabia,A,Annual,HPI,Nominal house price indices,IX,Index,2021,,85.7262499999999,,A,Normal value,0,Units,S,"Seasonally adjusted, not calendar adjusted",1,One,2015,
DATAFLOW,OECD.ECO.MPD:DSD_AN_HOUSE_PRICES@DF_HOUSE_PRICES(1.0),Analytical house prices indicators,I,SAU,Saudi Arabia,A,Annual,HPI,Nominal house price indices,IX,Index,2022,,87.5557499999999,,A,Normal value,0,Units,S,"Seasonally adjusted, not calendar adjusted",1,One,2015,
DATAFLOW,OECD.ECO.MPD:DSD_AN_HOUSE_PRICES@DF_HOUSE_PRICES(1.0),Analytical house prices indicators,I,SAU,Saudi Arabia,A,Annual,HPI,Nominal house price indices,IX,Index,2023,,88.5199999999394,,A,Normal value,0,Units,S,"Seasonally adjusted, not calendar adjusted",1,One,2015,
DATAFLOW,OECD.ECO.MPD:DSD_AN_HOUSE_PRICES@DF_HOUSE_PRICES(1.0),Analytical house prices indicators,I,ZAF,South Africa,A,Annual,HPI,Nominal house price indices,IX,Index,1966,,0.815582513663866,,A,Normal value,0,Units,S,"Seasonally adjusted, not calendar adjusted",1,One,2015,
DATAFLOW,OECD.ECO.MPD:DSD_AN_HOUSE_PRICES@DF_HOUSE_PRICES(1.0),Analytical house prices indicators,I,ZAF,South Africa,A,Annual,HPI,Nominal house price indices,IX,Index,1967,,0.974168002523743,,A,Normal value,0,Units,S,"Seasonally adjusted, not calendar adjusted",1,One,2015,
DATAFLOW,OECD.ECO.MPD:DSD_AN_HOUSE_PRICES@DF_HOUSE_PRICES(1.0),Analytical house prices indicators,I,ZAF,South Africa,A,Annual,HPI,Nominal house price indices,IX,Index,1968,,1.04213321200215,,A,Normal value,0,Units,S,"Seasonally adjusted, not calendar adjusted",1,One,2015,
DATAFLOW,OECD.ECO.MPD:DSD_AN_HOUSE_PRICES@DF_HOUSE_PRICES(1.0),Analytical house prices indicators,I,ZAF,South Africa,A,Annual,HPI,Nominal house price indices,IX,Index,1969,,1.15540856113281,,A,Normal value,0,Units,S,"Seasonally adjusted, not calendar adjusted",1,One,2015,
DATAFLOW,OECD.ECO.MPD:DSD_AN_HOUSE_PRICES@DF_HOUSE_PRICES(1.0),Analytical house prices indicators,I,ZAF,South Africa,A,Annual,HPI,Nominal house price indices,IX,Index,1970,,1.33664911974188,,A,Normal value,0,Units,S,"Seasonally adjusted, not calendar adjusted",1,One,2015,
DATAFLOW,OECD.ECO.MPD:DSD_AN_HOUSE_PRICES@DF_HOUSE_PRICES(1.0),Analytical house prices indicators,I,ZAF,South Africa,A,Annual,HPI,Nominal house price indices,IX,Index,1971,,1.42726939904641,,A,Normal value,0,Units,S,"Seasonally adjusted, not calendar adjusted",1,One,2015,
DATAFLOW,OECD.ECO.MPD:DSD_AN_HOUSE_PRICES@DF_HOUSE_PRICES(1.0),Analytical house prices indicators,I,ZAF,South Africa,A,Annual,HPI,Nominal house price indices,IX,Index,1972,,1.49523460852481,,A,Normal value,0,Units,S,"Seasonally adjusted, not calendar adjusted",1,One,2015,
DATAFLOW,OECD.ECO.MPD:DSD_AN_HOUSE_PRICES@DF_HOUSE_PRICES(1.0),Analytical house prices indicators,I,ZAF,South Africa,A,Annual,HPI,Nominal house price indices,IX,Index,1973,,1.69913023696002,,A,Normal value,0,Units,S,"Seasonally adjusted, not calendar adjusted",1,One,2015,
DATAFLOW,OECD.ECO.MPD:DSD_AN_HOUSE_PRICES@DF_HOUSE_PRICES(1.0),Analytical house prices indicators,I,ZAF,South Africa,A,Annual,HPI,Nominal house price indices,IX,Index,1974,,1.88037079556909,,A,Normal value,0,Units,S,"Seasonally adjusted, not calendar adjusted",1,One,2015,
DATAFLOW,OECD.ECO.MPD:DSD_AN_HOUSE_PRICES@DF_HOUSE_PRICES(1.0),Analytical house prices indicators,I,ZAF,South Africa,A,Annual,HPI,Nominal house price indices,IX,Index,1975,,2.01630121452589,,A,Normal value,0,Units,S,"Seasonally adjusted, not calendar adjusted",1,One,2015,
DATAFLOW,OECD.ECO.MPD:DSD_AN_HOUSE_PRICES@DF_HOUSE_PRICES(1.0),Analytical house prices indicators,I,ZAF,South Africa,A,Annual,HPI,Nominal house price indices,IX,Index,1976,,2.15223163348269,,A,Normal value,0,Units,S,"Seasonally adjusted, not calendar adjusted",1,One,2015,
DATAFLOW,OECD.ECO.MPD:DSD_AN_HOUSE_PRICES@DF_HOUSE_PRICES(1.0),Analytical house prices indicators,I,ZAF,South Africa,A,Annual,HPI,Nominal house price indices,IX,Index,1977,,2.17488670330882,,A,Normal value,0,Units,S,"Seasonally adjusted, not calendar adjusted",1,One,2015,
DATAFLOW,OECD.ECO.MPD:DSD_AN_HOUSE_PRICES@DF_HOUSE_PRICES(1.0),Analytical house prices indicators,I,ZAF,South Africa,A,Annual,HPI,Nominal house price indices,IX,Index,1978,,2.28816205243949,,A,Normal value,0,Units,S,"Seasonally adjusted, not calendar adjusted",1,One,2015,
DATAFLOW,OECD.ECO.MPD:DSD_AN_HOUSE_PRICES@DF_HOUSE_PRICES(1.0),Analytical house prices indicators,I,ZAF,South Africa,A,Annual,HPI,Nominal house price indices,IX,Index,1979,,2.58267796017923,,A,Normal value,0,Units,S,"Seasonally adjusted, not calendar adjusted",1,One,2015,
DATAFLOW,OECD.ECO.MPD:DSD_AN_HOUSE_PRICES@DF_HOUSE_PRICES(1.0),Analytical house prices indicators,I,ZAF,South Africa,A,Annual,HPI,Nominal house price indices,IX,Index,1980,,3.1717097756587,,A,Normal value,0,Units,S,"Seasonally adjusted, not calendar adjusted",1,One,2015,
DATAFLOW,OECD.ECO.MPD:DSD_AN_HOUSE_PRICES@DF_HOUSE_PRICES(1.0),Analytical house prices indicators,I,ZAF,South Africa,A,Annual,HPI,Nominal house price indices,IX,Index,1981,,4.37242847644378,,A,Normal value,0,Units,S,"Seasonally adjusted, not calendar adjusted",1,One,2015,
DATAFLOW,OECD.ECO.MPD:DSD_AN_HOUSE_PRICES@DF_HOUSE_PRICES(1.0),Analytical house prices indicators,I,ZAF,South Africa,A,Annual,HPI,Nominal house price indices,IX,Index,1982,,5.25597619966299,,A,Normal value,0,Units,S,"Seasonally adjusted, not calendar adjusted",1,One,2015,
DATAFLOW,OECD.ECO.MPD:DSD_AN_HOUSE_PRICES@DF_HOUSE_PRICES(1.0),Analytical house prices indicators,I,ZAF,South Africa,A,Annual,HPI,Nominal house price indices,IX,Index,1983,,6.3434195513174,,A,Normal value,0,Units,S,"Seasonally adjusted, not calendar adjusted",1,One,2015,
DATAFLOW,OECD.ECO.MPD:DSD_AN_HOUSE_PRICES@DF_HOUSE_PRICES(1.0),Analytical house prices indicators,I,ZAF,South Africa,A,Annual,HPI,Nominal house price indices,IX,Index,1984,,6.88714122714461,,A,Normal value,0,Units,S,"Seasonally adjusted, not calendar adjusted",1,One,2015,
DATAFLOW,OECD.ECO.MPD:DSD_AN_HOUSE_PRICES@DF_HOUSE_PRICES(1.0),Analytical house prices indicators,I,ZAF,South Africa,A,Annual,HPI,Nominal house price indices,IX,Index,1985,,6.38872969096967,,A,Normal value,0,Units,S,"Seasonally adjusted, not calendar adjusted",1,One,2015,
DATAFLOW,OECD.ECO.MPD:DSD_AN_HOUSE_PRICES@DF_HOUSE_PRICES(1.0),Analytical house prices indicators,I,ZAF,South Africa,A,Annual,HPI,Nominal house price indices,IX,Index,1986,,6.11686885305607,,A,Normal value,0,Units,S,"Seasonally adjusted, not calendar adjusted",1,One,2015,
DATAFLOW,OECD.ECO.MPD:DSD_AN_HOUSE_PRICES@DF_HOUSE_PRICES(1.0),Analytical house prices indicators,I,ZAF,South Africa,A,Annual,HPI,Nominal house price indices,IX,Index,1987,,6.72855573836167,,A,Normal value,0,Units,S,"Seasonally adjusted, not calendar adjusted",1,One,2015,
DATAFLOW,OECD.ECO.MPD:DSD_AN_HOUSE_PRICES@DF_HOUSE_PRICES(1.0),Analytical house prices indicators,I,ZAF,South Africa,A,Annual,HPI,Nominal house price indices,IX,Index,1988,,7.77068895036382,,A,Normal value,0,Units,S,"Seasonally adjusted, not calendar adjusted",1,One,2015,
DATAFLOW,OECD.ECO.MPD:DSD_AN_HOUSE_PRICES@DF_HOUSE_PRICES(1.0),Analytical house prices indicators,I,ZAF,South Africa,A,Annual,HPI,Nominal house price indices,IX,Index,1989,,8.85813230201823,,A,Normal value,0,Units,S,"Seasonally adjusted, not calendar adjusted",1,One,2015,
DATAFLOW,OECD.ECO.MPD:DSD_AN_HOUSE_PRICES@DF_HOUSE_PRICES(1.0),Analytical house prices indicators,I,ZAF,South Africa,A,Annual,HPI,Nominal house price indices,IX,Index,1990,,10.1947814217601,,A,Normal value,0,Units,S,"Seasonally adjusted, not calendar adjusted",1,One,2015,
DATAFLOW,OECD.ECO.MPD:DSD_AN_HOUSE_PRICES@DF_HOUSE_PRICES(1.0),Analytical house prices indicators,I,ZAF,South Africa,A,Annual,HPI,Nominal house price indices,IX,Index,1991,,11.531430541502,,A,Normal value,0,Units,S,"Seasonally adjusted, not calendar adjusted",1,One,2015,
DATAFLOW,OECD.ECO.MPD:DSD_AN_HOUSE_PRICES@DF_HOUSE_PRICES(1.0),Analytical house prices indicators,I,ZAF,South Africa,A,Annual,HPI,Nominal house price indices,IX,Index,1992,,12.0298420776769,,A,Normal value,0,Units,S,"Seasonally adjusted, not calendar adjusted",1,One,2015,
DATAFLOW,OECD.ECO.MPD:DSD_AN_HOUSE_PRICES@DF_HOUSE_PRICES(1.0),Analytical house prices indicators,I,ZAF,South Africa,A,Annual,HPI,Nominal house price indices,IX,Index,1993,,12.6641840328087,,A,Normal value,0,Units,S,"Seasonally adjusted, not calendar adjusted",1,One,2015,
DATAFLOW,OECD.ECO.MPD:DSD_AN_HOUSE_PRICES@DF_HOUSE_PRICES(1.0),Analytical house prices indicators,I,ZAF,South Africa,A,Annual,HPI,Nominal house price indices,IX,Index,1994,,13.9781780827244,,A,Normal value,0,Units,S,"Seasonally adjusted, not calendar adjusted",1,One,2015,
DATAFLOW,OECD.ECO.MPD:DSD_AN_HOUSE_PRICES@DF_HOUSE_PRICES(1.0),Analytical house prices indicators,I,ZAF,South Africa,A,Annual,HPI,Nominal house price indices,IX,Index,1995,,15.0429663645527,,A,Normal value,0,Units,S,"Seasonally adjusted, not calendar adjusted",1,One,2015,
DATAFLOW,OECD.ECO.MPD:DSD_AN_HOUSE_PRICES@DF_HOUSE_PRICES(1.0),Analytical house prices indicators,I,ZAF,South Africa,A,Annual,HPI,Nominal house price indices,IX,Index,1996,,15.609343110206,,A,Normal value,0,Units,S,"Seasonally adjusted, not calendar adjusted",1,One,2015,
DATAFLOW,OECD.ECO.MPD:DSD_AN_HOUSE_PRICES@DF_HOUSE_PRICES(1.0),Analytical house prices indicators,I,ZAF,South Africa,A,Annual,HPI,Nominal house price indices,IX,Index,1997,,16.9913023696002,,A,Normal value,0,Units,S,"Seasonally adjusted, not calendar adjusted",1,One,2015,
DATAFLOW,OECD.ECO.MPD:DSD_AN_HOUSE_PRICES@DF_HOUSE_PRICES(1.0),Analytical house prices indicators,I,ZAF,South Africa,A,Annual,HPI,Nominal house price indices,IX,Index,1998,,19.3474296315181,,A,Normal value,0,Units,S,"Seasonally adjusted, not calendar adjusted",1,One,2015,
DATAFLOW,OECD.ECO.MPD:DSD_AN_HOUSE_PRICES@DF_HOUSE_PRICES(1.0),Analytical house prices indicators,I,ZAF,South Africa,A,Annual,HPI,Nominal house price indices,IX,Index,1999,,20.2989425642157,,A,Normal value,0,Units,S,"Seasonally adjusted, not calendar adjusted",1,One,2015,
DATAFLOW,OECD.ECO.MPD:DSD_AN_HOUSE_PRICES@DF_HOUSE_PRICES(1.0),Analytical house prices indicators,I,ZAF,South Africa,A,Annual,HPI,Nominal house price indices,IX,Index,2000,,22.8508758791674,,A,Normal value,0,Units,S,"Seasonally adjusted, not calendar adjusted",1,One,2015,
DATAFLOW,OECD.ECO.MPD:DSD_AN_HOUSE_PRICES@DF_HOUSE_PRICES(1.0),Analytical house prices indicators,I,ZAF,South Africa,A,Annual,HPI,Nominal house price indices,IX,Index,2001,,23.96225,,A,Normal value,0,Units,S,"Seasonally adjusted, not calendar adjusted",1,One,2015,
DATAFLOW,OECD.ECO.MPD:DSD_AN_HOUSE_PRICES@DF_HOUSE_PRICES(1.0),Analytical house prices indicators,I,ZAF,South Africa,A,Annual,HPI,Nominal house price indices,IX,Index,2002,,27.17475,,A,Normal value,0,Units,S,"Seasonally adjusted, not calendar adjusted",1,One,2015,
DATAFLOW,OECD.ECO.MPD:DSD_AN_HOUSE_PRICES@DF_HOUSE_PRICES(1.0),Analytical house prices indicators,I,ZAF,South Africa,A,Annual,HPI,Nominal house price indices,IX,Index,2003,,32.46675,,A,Normal value,0,Units,S,"Seasonally adjusted, not calendar adjusted",1,One,2015,
DATAFLOW,OECD.ECO.MPD:DSD_AN_HOUSE_PRICES@DF_HOUSE_PRICES(1.0),Analytical house prices indicators,I,ZAF,South Africa,A,Annual,HPI,Nominal house price indices,IX,Index,2004,,43.41125,,A,Normal value,0,Units,S,"Seasonally adjusted, not calendar adjusted",1,One,2015,
DATAFLOW,OECD.ECO.MPD:DSD_AN_HOUSE_PRICES@DF_HOUSE_PRICES(1.0),Analytical house prices indicators,I,ZAF,South Africa,A,Annual,HPI,Nominal house price indices,IX,Index,2005,,55.825,,A,Normal value,0,Units,S,"Seasonally adjusted, not calendar adjusted",1,One,2015,
DATAFLOW,OECD.ECO.MPD:DSD_AN_HOUSE_PRICES@DF_HOUSE_PRICES(1.0),Analytical house prices indicators,I,ZAF,South Africa,A,Annual,HPI,Nominal house price indices,IX,Index,2006,,65.16675,,A,Normal value,0,Units,S,"Seasonally adjusted, not calendar adjusted",1,One,2015,
DATAFLOW,OECD.ECO.MPD:DSD_AN_HOUSE_PRICES@DF_HOUSE_PRICES(1.0),Analytical house prices indicators,I,ZAF,South Africa,A,Annual,HPI,Nominal house price indices,IX,Index,2007,,74.59725,,A,Normal value,0,Units,S,"Seasonally adjusted, not calendar adjusted",1,One,2015,
DATAFLOW,OECD.ECO.MPD:DSD_AN_HOUSE_PRICES@DF_HOUSE_PRICES(1.0),Analytical house prices indicators,I,ZAF,South Africa,A,Annual,HPI,Nominal house price indices,IX,Index,2008,,73.80625,,A,Normal value,0,Units,S,"Seasonally adjusted, not calendar adjusted",1,One,2015,
DATAFLOW,OECD.ECO.MPD:DSD_AN_HOUSE_PRICES@DF_HOUSE_PRICES(1.0),Analytical house prices indicators,I,ZAF,South Africa,A,Annual,HPI,Nominal house price indices,IX,Index,2009,,72.66675,,A,Normal value,0,Units,S,"Seasonally adjusted, not calendar adjusted",1,One,2015,
DATAFLOW,OECD.ECO.MPD:DSD_AN_HOUSE_PRICES@DF_HOUSE_PRICES(1.0),Analytical house prices indicators,I,ZAF,South Africa,A,Annual,HPI,Nominal house price indices,IX,Index,2010,,75.87425,,A,Normal value,0,Units,S,"Seasonally adjusted, not calendar adjusted",1,One,2015,
DATAFLOW,OECD.ECO.MPD:DSD_AN_HOUSE_PRICES@DF_HOUSE_PRICES(1.0),Analytical house prices indicators,I,ZAF,South Africa,A,Annual,HPI,Nominal house price indices,IX,Index,2011,,78.59775,,A,Normal value,0,Units,S,"Seasonally adjusted, not calendar adjusted",1,One,2015,
DATAFLOW,OECD.ECO.MPD:DSD_AN_HOUSE_PRICES@DF_HOUSE_PRICES(1.0),Analytical house prices indicators,I,ZAF,South Africa,A,Annual,HPI,Nominal house price indices,IX,Index,2012,,82.25175,,A,Normal value,0,Units,S,"Seasonally adjusted, not calendar adjusted",1,One,2015,
DATAFLOW,OECD.ECO.MPD:DSD_AN_HOUSE_PRICES@DF_HOUSE_PRICES(1.0),Analytical house prices indicators,I,ZAF,South Africa,A,Annual,HPI,Nominal house price indices,IX,Index,2013,,87.56275,,A,Normal value,0,Units,S,"Seasonally adjusted, not calendar adjusted",1,One,2015,
DATAFLOW,OECD.ECO.MPD:DSD_AN_HOUSE_PRICES@DF_HOUSE_PRICES(1.0),Analytical house prices indicators,I,ZAF,South Africa,A,Annual,HPI,Nominal house price indices,IX,Index,2014,,94.07525,,A,Normal value,0,Units,S,"Seasonally adjusted, not calendar adjusted",1,One,2015,
DATAFLOW,OECD.ECO.MPD:DSD_AN_HOUSE_PRICES@DF_HOUSE_PRICES(1.0),Analytical house prices indicators,I,ZAF,South Africa,A,Annual,HPI,Nominal house price indices,IX,Index,2016,,104.878,,A,Normal value,0,Units,S,"Seasonally adjusted, not calendar adjusted",1,One,2015,
DATAFLOW,OECD.ECO.MPD:DSD_AN_HOUSE_PRICES@DF_HOUSE_PRICES(1.0),Analytical house prices indicators,I,ZAF,South Africa,A,Annual,HPI,Nominal house price indices,IX,Index,2017,,109.211,,A,Normal value,0,Units,S,"Seasonally adjusted, not calendar adjusted",1,One,2015,
DATAFLOW,OECD.ECO.MPD:DSD_AN_HOUSE_PRICES@DF_HOUSE_PRICES(1.0),Analytical house prices indicators,I,ZAF,South Africa,A,Annual,HPI,Nominal house price indices,IX,Index,2018,,113.02175,,A,Normal value,0,Units,S,"Seasonally adjusted, not calendar adjusted",1,One,2015,
DATAFLOW,OECD.ECO.MPD:DSD_AN_HOUSE_PRICES@DF_HOUSE_PRICES(1.0),Analytical house prices indicators,I,ZAF,South Africa,A,Annual,HPI,Nominal house price indices,IX,Index,2019,,115.85,,A,Normal value,0,Units,S,"Seasonally adjusted, not calendar adjusted",1,One,2015,
DATAFLOW,OECD.ECO.MPD:DSD_AN_HOUSE_PRICES@DF_HOUSE_PRICES(1.0),Analytical house prices indicators,I,ZAF,South Africa,A,Annual,HPI,Nominal house price indices,IX,Index,2020,,118.59675,,A,Normal value,0,Units,S,"Seasonally adjusted, not calendar adjusted",1,One,2015,
DATAFLOW,OECD.ECO.MPD:DSD_AN_HOUSE_PRICES@DF_HOUSE_PRICES(1.0),Analytical house prices indicators,I,ZAF,South Africa,A,Annual,HPI,Nominal house price indices,IX,Index,2021,,126.57225,,A,Normal value,0,Units,S,"Seasonally adjusted, not calendar adjusted",1,One,2015,
DATAFLOW,OECD.ECO.MPD:DSD_AN_HOUSE_PRICES@DF_HOUSE_PRICES(1.0),Analytical house prices indicators,I,ZAF,South Africa,A,Annual,HPI,Nominal house price indices,IX,Index,2022,,132.0445,,A,Normal value,0,Units,S,"Seasonally adjusted, not calendar adjusted",1,One,2015,
DATAFLOW,OECD.ECO.MPD:DSD_AN_HOUSE_PRICES@DF_HOUSE_PRICES(1.0),Analytical house prices indicators,I,ZAF,South Africa,A,Annual,HPI,Nominal house price indices,IX,Index,2023,,134.0065,,A,Normal value,0,Units,S,"Seasonally adjusted, not calendar adjusted",1,One,2015,
DATAFLOW,OECD.ECO.MPD:DSD_AN_HOUSE_PRICES@DF_HOUSE_PRICES(1.0),Analytical house prices indicators,I,ZAF,South Africa,A,Annual,HPI,Nominal house price indices,IX,Index,2024,,135.12775,,A,Normal value,0,Units,S,"Seasonally adjusted, not calendar adjusted",1,One,2015,
DATAFLOW,OECD.ECO.MPD:DSD_AN_HOUSE_PRICES@DF_HOUSE_PRICES(1.0),Analytical house prices indicators,I,JPN,Japan,A,Annual,HPI,Nominal house price indices,IX,Index,1960,,6.37322696872765,,A,Normal value,0,Units,S,"Seasonally adjusted, not calendar adjusted",1,One,2015,
DATAFLOW,OECD.ECO.MPD:DSD_AN_HOUSE_PRICES@DF_HOUSE_PRICES(1.0),Analytical house prices indicators,I,JPN,Japan,A,Annual,HPI,Nominal house price indices,IX,Index,1961,,8.779323346854,,A,Normal value,0,Units,S,"Seasonally adjusted, not calendar adjusted",1,One,2015,
DATAFLOW,OECD.ECO.MPD:DSD_AN_HOUSE_PRICES@DF_HOUSE_PRICES(1.0),Analytical house prices indicators,I,JPN,Japan,A,Annual,HPI,Nominal house price indices,IX,Index,1962,,10.5794133346501,,A,Normal value,0,Units,S,"Seasonally adjusted, not calendar adjusted",1,One,2015,
DATAFLOW,OECD.ECO.MPD:DSD_AN_HOUSE_PRICES@DF_HOUSE_PRICES(1.0),Analytical house prices indicators,I,JPN,Japan,A,Annual,HPI,Nominal house price indices,IX,Index,1963,,12.0340677271785,,A,Normal value,0,Units,S,"Seasonally adjusted, not calendar adjusted",1,One,2015,
DATAFLOW,OECD.ECO.MPD:DSD_AN_HOUSE_PRICES@DF_HOUSE_PRICES(1.0),Analytical house prices indicators,I,JPN,Japan,A,Annual,HPI,Nominal house price indices,IX,Index,1964,,13.7492929147531,,A,Normal value,0,Units,S,"Seasonally adjusted, not calendar adjusted",1,One,2015,
DATAFLOW,OECD.ECO.MPD:DSD_AN_HOUSE_PRICES@DF_HOUSE_PRICES(1.0),Analytical house prices indicators,I,JPN,Japan,A,Annual,HPI,Nominal house price indices,IX,Index,1965,,15.2744687609867,,A,Normal value,0,Units,S,"Seasonally adjusted, not calendar adjusted",1,One,2015,
DATAFLOW,OECD.ECO.MPD:DSD_AN_HOUSE_PRICES@DF_HOUSE_PRICES(1.0),Analytical house prices indicators,I,JPN,Japan,A,Annual,HPI,Nominal house price indices,IX,Index,1966,,16.3478291919567,,A,Normal value,0,Units,S,"Seasonally adjusted, not calendar adjusted",1,One,2015,
DATAFLOW,OECD.ECO.MPD:DSD_AN_HOUSE_PRICES@DF_HOUSE_PRICES(1.0),Analytical house prices indicators,I,JPN,Japan,A,Annual,HPI,Nominal house price indices,IX,Index,1967,,18.5088934004131,,A,Normal value,0,Units,S,"Seasonally adjusted, not calendar adjusted",1,One,2015,
DATAFLOW,OECD.ECO.MPD:DSD_AN_HOUSE_PRICES@DF_HOUSE_PRICES(1.0),Analytical house prices indicators,I,JPN,Japan,A,Annual,HPI,Nominal house price indices,IX,Index,1968,,21.768418896243,,A,Normal value,0,Units,S,"Seasonally adjusted, not calendar adjusted",1,One,2015,
DATAFLOW,OECD.ECO.MPD:DSD_AN_HOUSE_PRICES@DF_HOUSE_PRICES(1.0),Analytical house prices indicators,I,JPN,Japan,A,Annual,HPI,Nominal house price indices,IX,Index,1969,,26.3738284068527,,A,Normal value,0,Units,S,"Seasonally adjusted, not calendar adjusted",1,One,2015,
DATAFLOW,OECD.ECO.MPD:DSD_AN_HOUSE_PRICES@DF_HOUSE_PRICES(1.0),Analytical house prices indicators,I,JPN,Japan,A,Annual,HPI,Nominal house price indices,IX,Index,1970,,31.8302764774298,,A,Normal value,0,Units,S,"Seasonally adjusted, not calendar adjusted",1,One,2015,
DATAFLOW,OECD.ECO.MPD:DSD_AN_HOUSE_PRICES@DF_HOUSE_PRICES(1.0),Analytical house prices indicators,I,JPN,Japan,A,Annual,HPI,Nominal house price indices,IX,Index,1971,,37.0058340120626,,A,Normal value,0,Units,S,"Seasonally adjusted, not calendar adjusted",1,One,2015,
DATAFLOW,OECD.ECO.MPD:DSD_AN_HOUSE_PRICES@DF_HOUSE_PRICES(1.0),Analytical house prices indicators,I,JPN,Japan,A,Annual,HPI,Nominal house price indices,IX,Index,1972,,43.4280674147374,,A,Normal value,0,Units,S,"Seasonally adjusted, not calendar adjusted",1,One,2015,
DATAFLOW,OECD.ECO.MPD:DSD_AN_HOUSE_PRICES@DF_HOUSE_PRICES(1.0),Analytical house prices indicators,I,JPN,Japan,A,Annual,HPI,Nominal house price indices,IX,Index,1973,,57.7152358238518,,A,Normal value,0,Units,S,"Seasonally adjusted, not calendar adjusted",1,One,2015,
DATAFLOW,OECD.ECO.MPD:DSD_AN_HOUSE_PRICES@DF_HOUSE_PRICES(1.0),Analytical house prices indicators,I,JPN,Japan,A,Annual,HPI,Nominal house price indices,IX,Index,1974,,65.5443124640007,,A,Normal value,0,Units,S,"Seasonally adjusted, not calendar adjusted",1,One,2015,
DATAFLOW,OECD.ECO.MPD:DSD_AN_HOUSE_PRICES@DF_HOUSE_PRICES(1.0),Analytical house prices indicators,I,JPN,Japan,A,Annual,HPI,Nominal house price indices,IX,Index,1975,,62.9457761867971,,A,Normal value,0,Units,S,"Seasonally adjusted, not calendar adjusted",1,One,2015,
DATAFLOW,OECD.ECO.MPD:DSD_AN_HOUSE_PRICES@DF_HOUSE_PRICES(1.0),Analytical house prices indicators,I,JPN,Japan,A,Annual,HPI,Nominal house price indices,IX,Index,1976,,64.455413407638,,A,Normal value,0,Units,S,"Seasonally adjusted, not calendar adjusted",1,One,2015,
DATAFLOW,OECD.ECO.MPD:DSD_AN_HOUSE_PRICES@DF_HOUSE_PRICES(1.0),Analytical house prices indicators,I,JPN,Japan,A,Annual,HPI,Nominal house price indices,IX,Index,1977,,67.2428037473063,,A,Normal value,0,Units,S,"Seasonally adjusted, not calendar adjusted",1,One,2015,
DATAFLOW,OECD.ECO.MPD:DSD_AN_HOUSE_PRICES@DF_HOUSE_PRICES(1.0),Analytical house prices indicators,I,JPN,Japan,A,Annual,HPI,Nominal house price indices,IX,Index,1978,,71.0186897177232,,A,Normal value,0,Units,S,"Seasonally adjusted, not calendar adjusted",1,One,2015,
DATAFLOW,OECD.ECO.MPD:DSD_AN_HOUSE_PRICES@DF_HOUSE_PRICES(1.0),Analytical house prices indicators,I,JPN,Japan,A,Annual,HPI,Nominal house price indices,IX,Index,1979,,77.7349617239822,,A,Normal value,0,Units,S,"Seasonally adjusted, not calendar adjusted",1,One,2015,
DATAFLOW,OECD.ECO.MPD:DSD_AN_HOUSE_PRICES@DF_HOUSE_PRICES(1.0),Analytical house prices indicators,I,JPN,Japan,A,Annual,HPI,Nominal house price indices,IX,Index,1980,,87.9354716548266,,A,Normal value,0,Units,S,"Seasonally adjusted, not calendar adjusted",1,One,2015,
DATAFLOW,OECD.ECO.MPD:DSD_AN_HOUSE_PRICES@DF_HOUSE_PRICES(1.0),Analytical house prices indicators,I,JPN,Japan,A,Annual,HPI,Nominal house price indices,IX,Index,1981,,97.5658335616478,,A,Normal value,0,Units,S,"Seasonally adjusted, not calendar adjusted",1,One,2015,
DATAFLOW,OECD.ECO.MPD:DSD_AN_HOUSE_PRICES@DF_HOUSE_PRICES(1.0),Analytical house prices indicators,I,JPN,Japan,A,Annual,HPI,Nominal house price indices,IX,Index,1982,,105.202470302703,,A,Normal value,0,Units,S,"Seasonally adjusted, not calendar adjusted",1,One,2015,
DATAFLOW,OECD.ECO.MPD:DSD_AN_HOUSE_PRICES@DF_HOUSE_PRICES(1.0),Analytical house prices indicators,I,JPN,Japan,A,Annual,HPI,Nominal house price indices,IX,Index,1983,,110.272843296216,,A,Normal value,0,Units,S,"Seasonally adjusted, not calendar adjusted",1,One,2015,
DATAFLOW,OECD.ECO.MPD:DSD_AN_HOUSE_PRICES@DF_HOUSE_PRICES(1.0),Analytical house prices indicators,I,JPN,Japan,A,Annual,HPI,Nominal house price indices,IX,Index,1984,,113.837164905518,,A,Normal value,0,Units,S,"Seasonally adjusted, not calendar adjusted",1,One,2015,
DATAFLOW,OECD.ECO.MPD:DSD_AN_HOUSE_PRICES@DF_HOUSE_PRICES(1.0),Analytical house prices indicators,I,JPN,Japan,A,Annual,HPI,Nominal house price indices,IX,Index,1985,,116.612602456422,,A,Normal value,0,Units,S,"Seasonally adjusted, not calendar adjusted",1,One,2015,
DATAFLOW,OECD.ECO.MPD:DSD_AN_HOUSE_PRICES@DF_HOUSE_PRICES(1.0),Analytical house prices indicators,I,JPN,Japan,A,Annual,HPI,Nominal house price indices,IX,Index,1986,,119.659368312261,,A,Normal value,0,Units,S,"Seasonally adjusted, not calendar adjusted",1,One,2015,
DATAFLOW,OECD.ECO.MPD:DSD_AN_HOUSE_PRICES@DF_HOUSE_PRICES(1.0),Analytical house prices indicators,I,JPN,Japan,A,Annual,HPI,Nominal house price indices,IX,Index,1987,,128.61081181731,,A,Normal value,0,Units,S,"Seasonally adjusted, not calendar adjusted",1,One,2015,
DATAFLOW,OECD.ECO.MPD:DSD_AN_HOUSE_PRICES@DF_HOUSE_PRICES(1.0),Analytical house prices indicators,I,JPN,Japan,A,Annual,HPI,Nominal house price indices,IX,Index,1988,,136.127920670729,,A,Normal value,0,Units,S,"Seasonally adjusted, not calendar adjusted",1,One,2015,
DATAFLOW,OECD.ECO.MPD:DSD_AN_HOUSE_PRICES@DF_HOUSE_PRICES(1.0),Analytical house prices indicators,I,JPN,Japan,A,Annual,HPI,Nominal house price indices,IX,Index,1989,,146.740801813918,,A,Normal value,0,Units,S,"Seasonally adjusted, not calendar adjusted",1,One,2015,
DATAFLOW,OECD.ECO.MPD:DSD_AN_HOUSE_PRICES@DF_HOUSE_PRICES(1.0),Analytical house prices indicators,I,JPN,Japan,A,Annual,HPI,Nominal house price indices,IX,Index,1990,,166.725864626633,,A,Normal value,0,Units,S,"Seasonally adjusted, not calendar adjusted",1,One,2015,
DATAFLOW,OECD.ECO.MPD:DSD_AN_HOUSE_PRICES@DF_HOUSE_PRICES(1.0),Analytical house prices indicators,I,JPN,Japan,A,Annual,HPI,Nominal house price indices,IX,Index,1991,,173.878413422763,,A,Normal value,0,Units,S,"Seasonally adjusted, not calendar adjusted",1,One,2015,
DATAFLOW,OECD.ECO.MPD:DSD_AN_HOUSE_PRICES@DF_HOUSE_PRICES(1.0),Analytical house prices indicators,I,JPN,Japan,A,Annual,HPI,Nominal house price indices,IX,Index,1992,,167.195609225042,,A,Normal value,0,Units,S,"Seasonally adjusted, not calendar adjusted",1,One,2015,
DATAFLOW,OECD.ECO.MPD:DSD_AN_HOUSE_PRICES@DF_HOUSE_PRICES(1.0),Analytical house prices indicators,I,JPN,Japan,A,Annual,HPI,Nominal house price indices,IX,Index,1993,,160.041865150036,,A,Normal value,0,Units,S,"Seasonally adjusted, not calendar adjusted",1,One,2015,
DATAFLOW,OECD.ECO.MPD:DSD_AN_HOUSE_PRICES@DF_HOUSE_PRICES(1.0),Analytical house prices indicators,I,JPN,Japan,A,Annual,HPI,Nominal house price indices,IX,Index,1994,,156.316180892427,,A,Normal value,0,Units,S,"Seasonally adjusted, not calendar adjusted",1,One,2015,
DATAFLOW,OECD.ECO.MPD:DSD_AN_HOUSE_PRICES@DF_HOUSE_PRICES(1.0),Analytical house prices indicators,I,JPN,Japan,A,Annual,HPI,Nominal house price indices,IX,Index,1995,,153.822829156343,,A,Normal value,0,Units,S,"Seasonally adjusted, not calendar adjusted",1,One,2015,
DATAFLOW,OECD.ECO.MPD:DSD_AN_HOUSE_PRICES@DF_HOUSE_PRICES(1.0),Analytical house prices indicators,I,JPN,Japan,A,Annual,HPI,Nominal house price indices,IX,Index,1996,,150.985237103867,,A,Normal value,0,Units,S,"Seasonally adjusted, not calendar adjusted",1,One,2015,
DATAFLOW,OECD.ECO.MPD:DSD_AN_HOUSE_PRICES@DF_HOUSE_PRICES(1.0),Analytical house prices indicators,I,JPN,Japan,A,Annual,HPI,Nominal house price indices,IX,Index,1997,,148.871984050465,,A,Normal value,0,Units,S,"Seasonally adjusted, not calendar adjusted",1,One,2015,
DATAFLOW,OECD.ECO.MPD:DSD_AN_HOUSE_PRICES@DF_HOUSE_PRICES(1.0),Analytical house prices indicators,I,JPN,Japan,A,Annual,HPI,Nominal house price indices,IX,Index,1998,,146.358312573483,,A,Normal value,0,Units,S,"Seasonally adjusted, not calendar adjusted",1,One,2015,
DATAFLOW,OECD.ECO.MPD:DSD_AN_HOUSE_PRICES@DF_HOUSE_PRICES(1.0),Analytical house prices indicators,I,JPN,Japan,A,Annual,HPI,Nominal house price indices,IX,Index,1999,,141.774418082648,,A,Normal value,0,Units,S,"Seasonally adjusted, not calendar adjusted",1,One,2015,
DATAFLOW,OECD.ECO.MPD:DSD_AN_HOUSE_PRICES@DF_HOUSE_PRICES(1.0),Analytical house prices indicators,I,JPN,Japan,A,Annual,HPI,Nominal house price indices,IX,Index,2000,,136.441083736336,,A,Normal value,0,Units,S,"Seasonally adjusted, not calendar adjusted",1,One,2015,
DATAFLOW,OECD.ECO.MPD:DSD_AN_HOUSE_PRICES@DF_HOUSE_PRICES(1.0),Analytical house prices indicators,I,JPN,Japan,A,Annual,HPI,Nominal house price indices,IX,Index,2001,,130.428830988251,,A,Normal value,0,Units,S,"Seasonally adjusted, not calendar adjusted",1,One,2015,
DATAFLOW,OECD.ECO.MPD:DSD_AN_HOUSE_PRICES@DF_HOUSE_PRICES(1.0),Analytical house prices indicators,I,JPN,Japan,A,Annual,HPI,Nominal house price indices,IX,Index,2002,,123.469917370091,,A,Normal value,0,Units,S,"Seasonally adjusted, not calendar adjusted",1,One,2015,
DATAFLOW,OECD.ECO.MPD:DSD_AN_HOUSE_PRICES@DF_HOUSE_PRICES(1.0),Analytical house prices indicators,I,JPN,Japan,A,Annual,HPI,Nominal house price indices,IX,Index,2003,,115.830890071284,,A,Normal value,0,Units,S,"Seasonally adjusted, not calendar adjusted",1,One,2015,
DATAFLOW,OECD.ECO.MPD:DSD_AN_HOUSE_PRICES@DF_HOUSE_PRICES(1.0),Analytical house prices indicators,I,JPN,Japan,A,Annual,HPI,Nominal house price indices,IX,Index,2004,,108.766791912004,,A,Normal value,0,Units,S,"Seasonally adjusted, not calendar adjusted",1,One,2015,
DATAFLOW,OECD.ECO.MPD:DSD_AN_HOUSE_PRICES@DF_HOUSE_PRICES(1.0),Analytical house prices indicators,I,JPN,Japan,A,Annual,HPI,Nominal house price indices,IX,Index,2005,,103.468120653107,,A,Normal value,0,Units,S,"Seasonally adjusted, not calendar adjusted",1,One,2015,
DATAFLOW,OECD.ECO.MPD:DSD_AN_HOUSE_PRICES@DF_HOUSE_PRICES(1.0),Analytical house prices indicators,I,JPN,Japan,A,Annual,HPI,Nominal house price indices,IX,Index,2006,,100.385496430978,,A,Normal value,0,Units,S,"Seasonally adjusted, not calendar adjusted",1,One,2015,
DATAFLOW,OECD.ECO.MPD:DSD_AN_HOUSE_PRICES@DF_HOUSE_PRICES(1.0),Analytical house prices indicators,I,JPN,Japan,A,Annual,HPI,Nominal house price indices,IX,Index,2007,,99.3838527325891,,A,Normal value,0,Units,S,"Seasonally adjusted, not calendar adjusted",1,One,2015,
DATAFLOW,OECD.ECO.MPD:DSD_AN_HOUSE_PRICES@DF_HOUSE_PRICES(1.0),Analytical house prices indicators,I,JPN,Japan,A,Annual,HPI,Nominal house price indices,IX,Index,2008,,99.8732094062632,,A,Normal value,0,Units,S,"Seasonally adjusted, not calendar adjusted",1,One,2015,
DATAFLOW,OECD.ECO.MPD:DSD_AN_HOUSE_PRICES@DF_HOUSE_PRICES(1.0),Analytical house prices indicators,I,JPN,Japan,A,Annual,HPI,Nominal house price indices,IX,Index,2009,,93.97775,,A,Normal value,0,Units,S,"Seasonally adjusted, not calendar adjusted",1,One,2015,
DATAFLOW,OECD.ECO.MPD:DSD_AN_HOUSE_PRICES@DF_HOUSE_PRICES(1.0),Analytical house prices indicators,I,JPN,Japan,A,Annual,HPI,Nominal house price indices,IX,Index,2010,,95.34025,,A,Normal value,0,Units,S,"Seasonally adjusted, not calendar adjusted",1,One,2015,
DATAFLOW,OECD.ECO.MPD:DSD_AN_HOUSE_PRICES@DF_HOUSE_PRICES(1.0),Analytical house prices indicators,I,JPN,Japan,A,Annual,HPI,Nominal house price indices,IX,Index,2011,,95.4195,,A,Normal value,0,Units,S,"Seasonally adjusted, not calendar adjusted",1,One,2015,
DATAFLOW,OECD.ECO.MPD:DSD_AN_HOUSE_PRICES@DF_HOUSE_PRICES(1.0),Analytical house prices indicators,I,JPN,Japan,A,Annual,HPI,Nominal house price indices,IX,Index,2012,,94.588,,A,Normal value,0,Units,S,"Seasonally adjusted, not calendar adjusted",1,One,2015,
DATAFLOW,OECD.ECO.MPD:DSD_AN_HOUSE_PRICES@DF_HOUSE_PRICES(1.0),Analytical house prices indicators,I,JPN,Japan,A,Annual,HPI,Nominal house price indices,IX,Index,2013,,96.14825,,A,Normal value,0,Units,S,"Seasonally adjusted, not calendar adjusted",1,One,2015,
DATAFLOW,OECD.ECO.MPD:DSD_AN_HOUSE_PRICES@DF_HOUSE_PRICES(1.0),Analytical house prices indicators,I,JPN,Japan,A,Annual,HPI,Nominal house price indices,IX,Index,2014,,97.647,,A,Normal value,0,Units,S,"Seasonally adjusted, not calendar adjusted",1,One,2015,
DATAFLOW,OECD.ECO.MPD:DSD_AN_HOUSE_PRICES@DF_HOUSE_PRICES(1.0),Analytical house prices indicators,I,JPN,Japan,A,Annual,HPI,Nominal house price indices,IX,Index,2016,,102.21225,,A,Normal value,0,Units,S,"Seasonally adjusted, not calendar adjusted",1,One,2015,
DATAFLOW,OECD.ECO.MPD:DSD_AN_HOUSE_PRICES@DF_HOUSE_PRICES(1.0),Analytical house prices indicators,I,JPN,Japan,A,Annual,HPI,Nominal house price indices,IX,Index,2017,,104.80325,,A,Normal value,0,Units,S,"Seasonally adjusted, not calendar adjusted",1,One,2015,
DATAFLOW,OECD.ECO.MPD:DSD_AN_HOUSE_PRICES@DF_HOUSE_PRICES(1.0),Analytical house prices indicators,I,JPN,Japan,A,Annual,HPI,Nominal house price indices,IX,Index,2018,,106.84725,,A,Normal value,0,Units,S,"Seasonally adjusted, not calendar adjusted",1,One,2015,
DATAFLOW,OECD.ECO.MPD:DSD_AN_HOUSE_PRICES@DF_HOUSE_PRICES(1.0),Analytical house prices indicators,I,JPN,Japan,A,Annual,HPI,Nominal house price indices,IX,Index,2019,,108.5525,,A,Normal value,0,Units,S,"Seasonally adjusted, not calendar adjusted",1,One,2015,
DATAFLOW,OECD.ECO.MPD:DSD_AN_HOUSE_PRICES@DF_HOUSE_PRICES(1.0),Analytical house prices indicators,I,JPN,Japan,A,Annual,HPI,Nominal house price indices,IX,Index,2020,,108.63225,,A,Normal value,0,Units,S,"Seasonally adjusted, not calendar adjusted",1,One,2015,
DATAFLOW,OECD.ECO.MPD:DSD_AN_HOUSE_PRICES@DF_HOUSE_PRICES(1.0),Analytical house prices indicators,I,JPN,Japan,A,Annual,HPI,Nominal house price indices,IX,Index,2021,,115.1085,,A,Normal value,0,Units,S,"Seasonally adjusted, not calendar adjusted",1,One,2015,
DATAFLOW,OECD.ECO.MPD:DSD_AN_HOUSE_PRICES@DF_HOUSE_PRICES(1.0),Analytical house prices indicators,I,JPN,Japan,A,Annual,HPI,Nominal house price indices,IX,Index,2022,,124.7645,,A,Normal value,0,Units,S,"Seasonally adjusted, not calendar adjusted",1,One,2015,
DATAFLOW,OECD.ECO.MPD:DSD_AN_HOUSE_PRICES@DF_HOUSE_PRICES(1.0),Analytical house prices indicators,I,JPN,Japan,A,Annual,HPI,Nominal house price indices,IX,Index,2023,,128.53425,,A,Normal value,0,Units,S,"Seasonally adjusted, not calendar adjusted",1,One,2015,
DATAFLOW,OECD.ECO.MPD:DSD_AN_HOUSE_PRICES@DF_HOUSE_PRICES(1.0),Analytical house prices indicators,I,JPN,Japan,A,Annual,HPI,Nominal house price indices,IX,Index,2024,,132.14825,,A,Normal value,0,Units,S,"Seasonally adjusted, not calendar adjusted",1,One,2015,
DATAFLOW,OECD.ECO.MPD:DSD_AN_HOUSE_PRICES@DF_HOUSE_PRICES(1.0),Analytical house prices indicators,I,JPN,Japan,A,Annual,HPI,Nominal house price indices,IX,Index,2025,,138.001,,A,Normal value,0,Units,S,"Seasonally adjusted, not calendar adjusted",1,One,2015,
DATAFLOW,OECD.ECO.MPD:DSD_AN_HOUSE_PRICES@DF_HOUSE_PRICES(1.0),Analytical house prices indicators,I,AUS,Australia,A,Annual,HPI,Nominal house price indices,IX,Index,1983,,10.6296361962251,,A,Normal value,0,Units,S,"Seasonally adjusted, not calendar adjusted",1,One,2015,
DATAFLOW,OECD.ECO.MPD:DSD_AN_HOUSE_PRICES@DF_HOUSE_PRICES(1.0),Analytical house prices indicators,I,AUS,Australia,A,Annual,HPI,Nominal house price indices,IX,Index,1986,,13.9702528799424,,A,Normal value,0,Units,S,"Seasonally adjusted, not calendar adjusted",1,One,2015,
DATAFLOW,OECD.ECO.MPD:DSD_AN_HOUSE_PRICES@DF_HOUSE_PRICES(1.0),Analytical house prices indicators,I,AUS,Australia,A,Annual,HPI,Nominal house price indices,IX,Index,1990,,22.9336440702782,,A,Normal value,0,Units,S,"Seasonally adjusted, not calendar adjusted",1,One,2015,
DATAFLOW,OECD.ECO.MPD:DSD_AN_HOUSE_PRICES@DF_HOUSE_PRICES(1.0),Analytical house prices indicators,I,AUS,Australia,A,Annual,HPI,Nominal house price indices,IX,Index,1991,,23.5288352122987,,A,Normal value,0,Units,S,"Seasonally adjusted, not calendar adjusted",1,One,2015,
DATAFLOW,OECD.ECO.MPD:DSD_AN_HOUSE_PRICES@DF_HOUSE_PRICES(1.0),Analytical house prices indicators,I,AUS,Australia,A,Annual,HPI,Nominal house price indices,IX,Index,1992,,23.8887182284041,,A,Normal value,0,Units,S,"Seasonally adjusted, not calendar adjusted",1,One,2015,
DATAFLOW,OECD.ECO.MPD:DSD_AN_HOUSE_PRICES@DF_HOUSE_PRICES(1.0),Analytical house prices indicators,I,AUS,Australia,A,Annual,HPI,Nominal house price indices,IX,Index,2015,,100,,A,Normal value,0,Units,S,"Seasonally adjusted, not calendar adjusted",1,One,2015,
DATAFLOW,OECD.ECO.MPD:DSD_AN_HOUSE_PRICES@DF_HOUSE_PRICES(1.0),Analytical house prices indicators,I,AUS,Australia,A,Annual,HPI,Nominal house price indices,IX,Index,2016,,105.5,,A,Normal value,0,Units,S,"Seasonally adjusted, not calendar adjusted",1,One,2015,
DATAFLOW,OECD.ECO.MPD:DSD_AN_HOUSE_PRICES@DF_HOUSE_PRICES(1.0),Analytical house prices indicators,I,AUS,Australia,A,Annual,HPI,Nominal house price indices,IX,Index,2017,,114.30825,,A,Normal value,0,Units,S,"Seasonally adjusted, not calendar adjusted",1,One,2015,
DATAFLOW,OECD.ECO.MPD:DSD_AN_HOUSE_PRICES@DF_HOUSE_PRICES(1.0),Analytical house prices indicators,I,AUS,Australia,A,Annual,HPI,Nominal house price indices,IX,Index,2018,,112.66375,,A,Normal value,0,Units,S,"Seasonally adjusted, not calendar adjusted",1,One,2015,
DATAFLOW,OECD.ECO.MPD:DSD_AN_HOUSE_PRICES@DF_HOUSE_PRICES(1.0),Analytical house prices indicators,I,AUS,Australia,A,Annual,HPI,Nominal house price indices,IX,Index,2019,,108.08375,,A,Normal value,0,Units,S,"Seasonally adjusted, not calendar adjusted",1,One,2015,
DATAFLOW,OECD.ECO.MPD:DSD_AN_HOUSE_PRICES@DF_HOUSE_PRICES(1.0),Analytical house prices indicators,I,AUS,Australia,A,Annual,HPI,Nominal house price indices,IX,Index,2020,,113.9165,,A,Normal value,0,Units,S,"Seasonally adjusted, not calendar adjusted",1,One,2015,
DATAFLOW,OECD.ECO.MPD:DSD_AN_HOUSE_PRICES@DF_HOUSE_PRICES(1.0),Analytical house prices indicators,I,AUS,Australia,A,Annual,HPI,Nominal house price indices,IX,Index,2021,,133.76375,,A,Normal value,0,Units,S,"Seasonally adjusted, not calendar adjusted",1,One,2015,
DATAFLOW,OECD.ECO.MPD:DSD_AN_HOUSE_PRICES@DF_HOUSE_PRICES(1.0),Analytical house prices indicators,I,AUT,Austria,A,Annual,HPI,Nominal house price indices,IX,Index,2015,,100,,A,Normal value,0,Units,S,"Seasonally adjusted, not calendar adjusted",1,One,2015,
DATAFLOW,OECD.ECO.MPD:DSD_AN_HOUSE_PRICES@DF_HOUSE_PRICES(1.0),Analytical house prices indicators,I,BEL,Belgium,A,Annual,HPI,Nominal house price indices,IX,Index,2015,,100,,A,Normal value,0,Units,S,"Seasonally adjusted, not calendar adjusted",1,One,2015,
DATAFLOW,OECD.ECO.MPD:DSD_AN_HOUSE_PRICES@DF_HOUSE_PRICES(1.0),Analytical house prices indicators,I,CAN,Canada,A,Annual,HPI,Nominal house price indices,IX,Index,2015,,100,,A,Normal value,0,Units,S,"Seasonally adjusted, not calendar adjusted",1,One,2015,
DATAFLOW,OECD.ECO.MPD:DSD_AN_HOUSE_PRICES@DF_HOUSE_PRICES(1.0),Analytical house prices indicators,I,CHL,Chile,A,Annual,HPI,Nominal house price indices,IX,Index,2015,,100,,A,Normal value,0,Units,S,"Seasonally adjusted, not calendar adjusted",1,One,2015,
DATAFLOW,OECD.ECO.MPD:DSD_AN_HOUSE_PRICES@DF_HOUSE_PRICES(1.0),Analytical house prices indicators,I,CHL,Chile,A,Annual,HPI,Nominal house price indices,IX,Index,2016,,106.573016432541,,A,Normal value,0,Units,S,"Seasonally adjusted, not calendar adjusted",1,One,2015,
DATAFLOW,OECD.ECO.MPD:DSD_AN_HOUSE_PRICES@DF_HOUSE_PRICES(1.0),Analytical house prices indicators,I,COL,Colombia,A,Annual,HPI,Nominal house price indices,IX,Index,2015,,100,,A,Normal value,0,Units,S,"Seasonally adjusted, not calendar adjusted",1,One,2015,
DATAFLOW,OECD.ECO.MPD:DSD_AN_HOUSE_PRICES@DF_HOUSE_PRICES(1.0),Analytical house prices indicators,I,CZE,Czechia,A,Annual,HPI,Nominal house price indices,IX,Index,2015,,100,,A,Normal value,0,Units,S,"Seasonally adjusted, not calendar adjusted",1,One,2015,
DATAFLOW,OECD.ECO.MPD:DSD_AN_HOUSE_PRICES@DF_HOUSE_PRICES(1.0),Analytical house prices indicators,I,CZE,Czechia,A,Annual,HPI,Nominal house price indices,IX,Index,2018,,130,,A,Normal value,0,Units,S,"Seasonally adjusted, not calendar adjusted",1,One,2015,
DATAFLOW,OECD.ECO.MPD:DSD_AN_HOUSE_PRICES@DF_HOUSE_PRICES(1.0),Analytical house prices indicators,I,DNK,Denmark,A,Annual,HPI,Nominal house price indices,IX,Index,2015,,100,,A,Normal value,0,Units,S,"Seasonally adjusted, not calendar adjusted",1,One,2015,
DATAFLOW,OECD.ECO.MPD:DSD_AN_HOUSE_PRICES@DF_HOUSE_PRICES(1.0),Analytical house prices indicators,I,EST,Estonia,A,Annual,HPI,Nominal house price indices,IX,Index,2015,,100,,A,Normal value,0,Units,S,"Seasonally adjusted, not calendar adjusted",1,One,2015,
DATAFLOW,OECD.ECO.MPD:DSD_AN_HOUSE_PRICES@DF_HOUSE_PRICES(1.0),Analytical house prices indicators,I,EST,Estonia,A,Annual,HPI,Nominal house price indices,IX,Index,2019,,125.267186832033,,A,Normal value,0,Units,S,"Seasonally adjusted, not calendar adjusted",1,One,2015,
DATAFLOW,OECD.ECO.MPD:DSD_AN_HOUSE_PRICES@DF_HOUSE_PRICES(1.0),Analytical house prices indicators,I,FIN,Finland,A,Annual,HPI,Nominal house price indices,IX,Index,1974,,11.6271696161157,,A,Normal value,0,Units,S,"Seasonally adjusted, not calendar adjusted",1,One,2015,
DATAFLOW,OECD.ECO.MPD:DSD_AN_HOUSE_PRICES@DF_HOUSE_PRICES(1.0),Analytical house prices indicators,I,FIN,Finland,A,Annual,HPI,Nominal house price indices,IX,Index,1976,,12.941616303771,,A,Normal value,0,Units,S,"Seasonally adjusted, not calendar adjusted",1,One,2015,
DATAFLOW,OECD.ECO.MPD:DSD_AN_HOUSE_PRICES@DF_HOUSE_PRICES(1.0),Analytical house prices indicators,I,FIN,Finland,A,Annual,HPI,Nominal house price indices,IX,Index,1979,,14.5226119828064,,A,Normal value,0,Units,S,"Seasonally adjusted, not calendar adjusted",1,One,2015,
DATAFLOW,OECD.ECO.MPD:DSD_AN_HOUSE_PRICES@DF_HOUSE_PRICES(1.0),Analytical house prices indicators,I,FIN,Finland,A,Annual,HPI,Nominal house price indices,IX,Index,1980,,16.5211365675963,,A,Normal value,0,Units,S,"Seasonally adjusted, not calendar adjusted",1,One,2015,
DATAFLOW,OECD.ECO.MPD:DSD_AN_HOUSE_PRICES@DF_HOUSE_PRICES(1.0),Analytical house prices indicators,I,FIN,Finland,A,Annual,HPI,Nominal house price indices,IX,Index,1983,,26.7802294361843,,A,Normal value,0,Units,S,"Seasonally adjusted, not calendar adjusted",1,One,2015,
DATAFLOW,OECD.ECO.MPD:DSD_AN_HOUSE_PRICES@DF_HOUSE_PRICES(1.0),Analytical house prices indicators,I,FIN,Finland,A,Annual,HPI,Nominal house price indices,IX,Index,2013,,100.3525,,A,Normal value,0,Units,S,"Seasonally adjusted, not calendar adjusted",1,One,2015,
DATAFLOW,OECD.ECO.MPD:DSD_AN_HOUSE_PRICES@DF_HOUSE_PRICES(1.0),Analytical house prices indicators,I,FIN,Finland,A,Annual,HPI,Nominal house price indices,IX,Index,2015,,100,,A,Normal value,0,Units,S,"Seasonally adjusted, not calendar adjusted",1,One,2015,
DATAFLOW,OECD.ECO.MPD:DSD_AN_HOUSE_PRICES@DF_HOUSE_PRICES(1.0),Analytical house prices indicators,I,FIN,Finland,A,Annual,HPI,Nominal house price indices,IX,Index,2016,,101.285,,A,Normal value,0,Units,S,"Seasonally adjusted, not calendar adjusted",1,One,2015,
DATAFLOW,OECD.ECO.MPD:DSD_AN_HOUSE_PRICES@DF_HOUSE_PRICES(1.0),Analytical house prices indicators,I,FIN,Finland,A,Annual,HPI,Nominal house price indices,IX,Index,2017,,102.3875,,A,Normal value,0,Units,S,"Seasonally adjusted, not calendar adjusted",1,One,2015,
DATAFLOW,OECD.ECO.MPD:DSD_AN_HOUSE_PRICES@DF_HOUSE_PRICES(1.0),Analytical house prices indicators,I,FIN,Finland,A,Annual,HPI,Nominal house price indices,IX,Index,2018,,103.335,,A,Normal value,0,Units,S,"Seasonally adjusted, not calendar adjusted",1,One,2015,
DATAFLOW,OECD.ECO.MPD:DSD_AN_HOUSE_PRICES@DF_HOUSE_PRICES(1.0),Analytical house prices indicators,I,FIN,Finland,A,Annual,HPI,Nominal house price indices,IX,Index,2019,,103.77,,A,Normal value,0,Units,S,"Seasonally adjusted, not calendar adjusted",1,One,2015,
DATAFLOW,OECD.ECO.MPD:DSD_AN_HOUSE_PRICES@DF_HOUSE_PRICES(1.0),Analytical house prices indicators,I,FIN,Finland,A,Annual,HPI,Nominal house price indices,IX,Index,2020,,105.595,,A,Normal value,0,Units,S,"Seasonally adjusted, not calendar adjusted",1,One,2015,
DATAFLOW,OECD.ECO.MPD:DSD_AN_HOUSE_PRICES@DF_HOUSE_PRICES(1.0),Analytical house prices indicators,I,FRA,France,A,Annual,HPI,Nominal house price indices,IX,Index,1970,,6.53984031282981,,A,Normal value,0,Units,S,"Seasonally adjusted, not calendar adjusted",1,One,2015,
DATAFLOW,OECD.ECO.MPD:DSD_AN_HOUSE_PRICES@DF_HOUSE_PRICES(1.0),Analytical house prices indicators,I,FRA,France,A,Annual,HPI,Nominal house price indices,IX,Index,1971,,6.66560149524887,,A,Normal value,0,Units,S,"Seasonally adjusted, not calendar adjusted",1,One,2015,
DATAFLOW,OECD.ECO.MPD:DSD_AN_HOUSE_PRICES@DF_HOUSE_PRICES(1.0),Analytical house prices indicators,I,FRA,France,A,Annual,HPI,Nominal house price indices,IX,Index,1972,,7.50405730897571,,A,Normal value,0,Units,S,"Seasonally adjusted, not calendar adjusted",1,One,2015,
DATAFLOW,OECD.ECO.MPD:DSD_AN_HOUSE_PRICES@DF_HOUSE_PRICES(1.0),Analytical house prices indicators,I,FRA,France,A,Annual,HPI,Nominal house price indices,IX,Index,1973,,8.34248436414267,,A,Normal value,0,Units,S,"Seasonally adjusted, not calendar adjusted",1,One,2015,
DATAFLOW,OECD.ECO.MPD:DSD_AN_HOUSE_PRICES@DF_HOUSE_PRICES(1.0),Analytical house prices indicators,I,FRA,France,A,Annual,HPI,Nominal house price indices,IX,Index,1974,,9.85170482885098,,A,Normal value,0,Units,S,"Seasonally adjusted, not calendar adjusted",1,One,2015,
DATAFLOW,OECD.ECO.MPD:DSD_AN_HOUSE_PRICES@DF_HOUSE_PRICES(1.0),Analytical house prices indicators,I,FRA,France,A,Annual,HPI,Nominal house price indices,IX,Index,1975,,10.8997530270896,,A,Normal value,0,Units,S,"Seasonally adjusted, not calendar adjusted",1,One,2015,
DATAFLOW,OECD.ECO.MPD:DSD_AN_HOUSE_PRICES@DF_HOUSE_PRICES(1.0),Analytical house prices indicators,I,FRA,France,A,Annual,HPI,Nominal house price indices,IX,Index,1976,,12.5347059156571,,A,Normal value,0,Units,S,"Seasonally adjusted, not calendar adjusted",1,One,2015,
DATAFLOW,OECD.ECO.MPD:DSD_AN_HOUSE_PRICES@DF_HOUSE_PRICES(1.0),Analytical house prices indicators,I,FRA,France,A,Annual,HPI,Nominal house price indices,IX,Index,1977,,14.33734996697,,A,Normal value,0,Units,S,"Seasonally adjusted, not calendar adjusted",1,One,2015,
DATAFLOW,OECD.ECO.MPD:DSD_AN_HOUSE_PRICES@DF_HOUSE_PRICES(1.0),Analytical house prices indicators,I,FRA,France,A,Annual,HPI,Nominal house price indices,IX,Index,1978,,15.8465416731184,,A,Normal value,0,Units,S,"Seasonally adjusted, not calendar adjusted",1,One,2015,
DATAFLOW,OECD.ECO.MPD:DSD_AN_HOUSE_PRICES@DF_HOUSE_PRICES(1.0),Analytical house prices indicators,I,FRA,France,A,Annual,HPI,Nominal house price indices,IX,Index,1979,,18.0264980302483,,A,Normal value,0,Units,S,"Seasonally adjusted, not calendar adjusted",1,One,2015,
DATAFLOW,OECD.ECO.MPD:DSD_AN_HOUSE_PRICES@DF_HOUSE_PRICES(1.0),Analytical house prices indicators,I,FRA,France,A,Annual,HPI,Nominal house price indices,IX,Index,1980,,21.6737161132003,,A,Normal value,0,Units,S,"Seasonally adjusted, not calendar adjusted",1,One,2015,
DATAFLOW,OECD.ECO.MPD:DSD_AN_HOUSE_PRICES@DF_HOUSE_PRICES(1.0),Analytical house prices indicators,I,FRA,France,A,Annual,HPI,Nominal house price indices,IX,Index,1981,,24.4825071409854,,A,Normal value,0,Units,S,"Seasonally adjusted, not calendar adjusted",1,One,2015,
DATAFLOW,OECD.ECO.MPD:DSD_AN_HOUSE_PRICES@DF_HOUSE_PRICES(1.0),Analytical house prices indicators,I,FRA,France,A,Annual,HPI,Nominal house price indices,IX,Index,1982,,25.7401764822957,,A,Normal value,0,Units,S,"Seasonally adjusted, not calendar adjusted",1,One,2015,
DATAFLOW,OECD.ECO.MPD:DSD_AN_HOUSE_PRICES@DF_HOUSE_PRICES(1.0),Analytical house prices indicators,I,FRA,France,A,Annual,HPI,Nominal house price indices,IX,Index,1983,,26.5786035374626,,A,Normal value,0,Units,S,"Seasonally adjusted, not calendar adjusted",1,One,2015,
DATAFLOW,OECD.ECO.MPD:DSD_AN_HOUSE_PRICES@DF_HOUSE_PRICES(1.0),Analytical house prices indicators,I,FRA,France,A,Annual,HPI,Nominal house price indices,IX,Index,1984,,27.0816770256987,,A,Normal value,0,Units,S,"Seasonally adjusted, not calendar adjusted",1,One,2015,
DATAFLOW,OECD.ECO.MPD:DSD_AN_HOUSE_PRICES@DF_HOUSE_PRICES(1.0),Analytical house prices indicators,I,FRA,France,A,Annual,HPI,Nominal house price indices,IX,Index,1985,,28.7585598945925,,A,Normal value,0,Units,S,"Seasonally adjusted, not calendar adjusted",1,One,2015,
DATAFLOW,OECD.ECO.MPD:DSD_AN_HOUSE_PRICES@DF_HOUSE_PRICES(1.0),Analytical house prices indicators,I,FRA,France,A,Annual,HPI,Nominal house price indices,IX,Index,1986,,30.9804174734888,,A,Normal value,0,Units,S,"Seasonally adjusted, not calendar adjusted",1,One,2015,
DATAFLOW,OECD.ECO.MPD:DSD_AN_HOUSE_PRICES@DF_HOUSE_PRICES(1.0),Analytical house prices indicators,I,FRA,France,A,Annual,HPI,Nominal house price indices,IX,Index,1987,,34.040730866112,,A,Normal value,0,Units,S,"Seasonally adjusted, not calendar adjusted",1,One,2015,
DATAFLOW,OECD.ECO.MPD:DSD_AN_HOUSE_PRICES@DF_HOUSE_PRICES(1.0),Analytical house prices indicators,I,FRA,France,A,Annual,HPI,Nominal house price indices,IX,Index,1988,,37.3525953821333,,A,Normal value,0,Units,S,"Seasonally adjusted, not calendar adjusted",1,One,2015,
DATAFLOW,OECD.ECO.MPD:DSD_AN_HOUSE_PRICES@DF_HOUSE_PRICES(1.0),Analytical house prices indicators,I,FRA,France,A,Annual,HPI,Nominal house price indices,IX,Index,1989,,40.5805999375018,,A,Normal value,0,Units,S,"Seasonally adjusted, not calendar adjusted",1,One,2015,
DATAFLOW,OECD.ECO.MPD:DSD_AN_HOUSE_PRICES@DF_HOUSE_PRICES(1.0),Analytical house prices indicators,I,FRA,France,A,Annual,HPI,Nominal house price indices,IX,Index,1990,,43.5989833497986,,A,Normal value,0,Units,S,"Seasonally adjusted, not calendar adjusted",1,One,2015,
DATAFLOW,OECD.ECO.MPD:DSD_AN_HOUSE_PRICES@DF_HOUSE_PRICES(1.0),Analytical house prices indicators,I,FRA,France,A,Annual,HPI,Nominal house price indices,IX,Index,1991,,45.0662450756206,,A,Normal value,0,Units,S,"Seasonally adjusted, not calendar adjusted",1,One,2015,
DATAFLOW,OECD.ECO.MPD:DSD_AN_HOUSE_PRICES@DF_HOUSE_PRICES(1.0),Analytical house prices indicators,I,FRA,France,A,Annual,HPI,Nominal house price indices,IX,Index,1992,,44.1858880401274,,A,Normal value,0,Units,S,"Seasonally adjusted, not calendar adjusted",1,One,2015,
DATAFLOW,OECD.ECO.MPD:DSD_AN_HOUSE_PRICES@DF_HOUSE_PRICES(1.0),Analytical house prices indicators,I,FRA,France,A,Annual,HPI,Nominal house price indices,IX,Index,1993,,43.8086044928704,,A,Normal value,0,Units,S,"Seasonally adjusted, not calendar adjusted",1,One,2015,
DATAFLOW,OECD.ECO.MPD:DSD_AN_HOUSE_PRICES@DF_HOUSE_PRICES(1.0),Analytical house prices indicators,I,FRA,France,A,Annual,HPI,Nominal house price indices,IX,Index,1994,,43.6828145518914,,A,Normal value,0,Units,S,"Seasonally adjusted, not calendar adjusted",1,One,2015,
DATAFLOW,OECD.ECO.MPD:DSD_AN_HOUSE_PRICES@DF_HOUSE_PRICES(1.0),Analytical house prices indicators,I,FRA,France,A,Annual,HPI,Nominal house price indices,IX,Index,1995,,41.9657001234463,,A,Normal value,0,Units,S,"Seasonally adjusted, not calendar adjusted",1,One,2015,
DATAFLOW,OECD.ECO.MPD:DSD_AN_HOUSE_PRICES@DF_HOUSE_PRICES(1.0),Analytical house prices indicators,I,FRA,France,A,Annual,HPI,Nominal house price indices,IX,Index,1996,,41.55,,A,Normal value,0,Units,S,"Seasonally adjusted, not calendar adjusted",1,One,2015,
DATAFLOW,OECD.ECO.MPD:DSD_AN_HOUSE_PRICES@DF_HOUSE_PRICES(1.0),Analytical house prices indicators,I,FRA,France,A,Annual,HPI,Nominal house price indices,IX,Index,1997,,41.4,,A,Normal value,0,Units,S,"Seasonally adjusted, not calendar adjusted",1,One,2015,
DATAFLOW,OECD.ECO.MPD:DSD_AN_HOUSE_PRICES@DF_HOUSE_PRICES(1.0),Analytical house prices indicators,I,FRA,France,A,Annual,HPI,Nominal house price indices,IX,Index,1998,,42.225,,A,Normal value,0,Units,S,"Seasonally adjusted, not calendar adjusted",1,One,2015,
DATAFLOW,OECD.ECO.MPD:DSD_AN_HOUSE_PRICES@DF_HOUSE_PRICES(1.0),Analytical house prices indicators,I,FRA,France,A,Annual,HPI,Nominal house price indices,IX,Index,1999,,45.15,,A,Normal value,0,Units,S,"Seasonally adjusted, not calendar adjusted",1,One,2015,
DATAFLOW,OECD.ECO.MPD:DSD_AN_HOUSE_PRICES@DF_HOUSE_PRICES(1.0),Analytical house prices indicators,I,FRA,France,A,Annual,HPI,Nominal house price indices,IX,Index,2000,,49.1,,A,Normal value,0,Units,S,"Seasonally adjusted, not calendar adjusted",1,One,2015,
DATAFLOW,OECD.ECO.MPD:DSD_AN_HOUSE_PRICES@DF_HOUSE_PRICES(1.0),Analytical house prices indicators,I,FRA,France,A,Annual,HPI,Nominal house price indices,IX,Index,2001,,52.975,,A,Normal value,0,Units,S,"Seasonally adjusted, not calendar adjusted",1,One,2015,
DATAFLOW,OECD.ECO.MPD:DSD_AN_HOUSE_PRICES@DF_HOUSE_PRICES(1.0),Analytical house prices indicators,I,FRA,France,A,Annual,HPI,Nominal house price indices,IX,Index,2002,,57.55,,A,Normal value,0,Units,S,"Seasonally adjusted, not calendar adjusted",1,One,2015,
DATAFLOW,OECD.ECO.MPD:DSD_AN_HOUSE_PRICES@DF_HOUSE_PRICES(1.0),Analytical house prices indicators,I,FRA,France,A,Annual,HPI,Nominal house price indices,IX,Index,2003,,64.4,,A,Normal value,0,Units,S,"Seasonally adjusted, not calendar adjusted",1,One,2015,
DATAFLOW,OECD.ECO.MPD:DSD_AN_HOUSE_PRICES@DF_HOUSE_PRICES(1.0),Analytical house prices indicators,I,FRA,France,A,Annual,HPI,Nominal house price indices,IX,Index,2004,,74.075,,A,Normal value,0,Units,S,"Seasonally adjusted, not calendar adjusted",1,One,2015,
DATAFLOW,OECD.ECO.MPD:DSD_AN_HOUSE_PRICES@DF_HOUSE_PRICES(1.0),Analytical house prices indicators,I,FRA,France,A,Annual,HPI,Nominal house price indices,IX,Index,2005,,85.525,,A,Normal value,0,Units,S,"Seasonally adjusted, not calendar adjusted",1,One,2015,
DATAFLOW,OECD.ECO.MPD:DSD_AN_HOUSE_PRICES@DF_HOUSE_PRICES(1.0),Analytical house prices indicators,I,FRA,France,A,Annual,HPI,Nominal house price indices,IX,Index,2006,,95.825,,A,Normal value,0,Units,S,"Seasonally adjusted, not calendar adjusted",1,One,2015,
DATAFLOW,OECD.ECO.MPD:DSD_AN_HOUSE_PRICES@DF_HOUSE_PRICES(1.0),Analytical house prices indicators,I,FRA,France,A,Annual,HPI,Nominal house price indices,IX,Index,2007,,102.075,,A,Normal value,0,Units,S,"Seasonally adjusted, not calendar adjusted",1,One,2015,
DATAFLOW,OECD.ECO.MPD:DSD_AN_HOUSE_PRICES@DF_HOUSE_PRICES(1.0),Analytical house prices indicators,I,FRA,France,A,Annual,HPI,Nominal house price indices,IX,Index,2008,,103.025,,A,Normal value,0,Units,S,"Seasonally adjusted, not calendar adjusted",1,One,2015,
DATAFLOW,OECD.ECO.MPD:DSD_AN_HOUSE_PRICES@DF_HOUSE_PRICES(1.0),Analytical house prices indicators,I,FRA,France,A,Annual,HPI,Nominal house price indices,IX,Index,2009,,95.7,,A,Normal value,0,Units,S,"Seasonally adjusted, not calendar adjusted",1,One,2015,
DATAFLOW,OECD.ECO.MPD:DSD_AN_HOUSE_PRICES@DF_HOUSE_PRICES(1.0),Analytical house prices indicators,I,FRA,France,A,Annual,HPI,Nominal house price indices,IX,Index,2010,,100.575,,A,Normal value,0,Units,S,"Seasonally adjusted, not calendar adjusted",1,One,2015,
DATAFLOW,OECD.ECO.MPD:DSD_AN_HOUSE_PRICES@DF_HOUSE_PRICES(1.0),Analytical house prices indicators,I,FRA,France,A,Annual,HPI,Nominal house price indices,IX,Index,2011,,106.55,,A,Normal value,0,Units,S,"Seasonally adjusted, not calendar adjusted",1,One,2015,
DATAFLOW,OECD.ECO.MPD:DSD_AN_HOUSE_PRICES@DF_HOUSE_PRICES(1.0),Analytical house prices indicators,I,FRA,France,A,Annual,HPI,Nominal house price indices,IX,Index,2012,,105.975,,A,Normal value,0,Units,S,"Seasonally adjusted, not calendar adjusted",1,One,2015,
DATAFLOW,OECD.ECO.MPD:DSD_AN_HOUSE_PRICES@DF_HOUSE_PRICES(1.0),Analytical house prices indicators,I,FRA,France,A,Annual,HPI,Nominal house price indices,IX,Index,2013,,103.8,,A,Normal value,0,Units,S,"Seasonally adjusted, not calendar adjusted",1,One,2015,
DATAFLOW,OECD.ECO.MPD:DSD_AN_HOUSE_PRICES@DF_HOUSE_PRICES(1.0),Analytical house prices indicators,I,FRA,France,A,Annual,HPI,Nominal house price indices,IX,Index,2014,,101.925,,A,Normal value,0,Units,S,"Seasonally adjusted, not calendar adjusted",1,One,2015,
DATAFLOW,OECD.ECO.MPD:DSD_AN_HOUSE_PRICES@DF_HOUSE_PRICES(1.0),Analytical house prices indicators,I,FRA,France,A,Annual,HPI,Nominal house price indices,IX,Index,2015,,100,,A,Normal value,0,Units,S,"Seasonally adjusted, not calendar adjusted",1,One,2015,
DATAFLOW,OECD.ECO.MPD:DSD_AN_HOUSE_PRICES@DF_HOUSE_PRICES(1.0),Analytical house prices indicators,I,FRA,France,A,Annual,HPI,Nominal house price indices,IX,Index,2016,,100.925,,A,Normal value,0,Units,S,"Seasonally adjusted, not calendar adjusted",1,One,2015,
DATAFLOW,OECD.ECO.MPD:DSD_AN_HOUSE_PRICES@DF_HOUSE_PRICES(1.0),Analytical house prices indicators,I,FRA,France,A,Annual,HPI,Nominal house price indices,IX,Index,2017,,103.975,,A,Normal value,0,Units,S,"Seasonally adjusted, not calendar adjusted",1,One,2015,
DATAFLOW,OECD.ECO.MPD:DSD_AN_HOUSE_PRICES@DF_HOUSE_PRICES(1.0),Analytical house prices indicators,I,DEU,Germany,A,Annual,HPI,Nominal house price indices,IX,Index,2015,,100,,A,Normal value,0,Units,S,"Seasonally adjusted, not calendar adjusted",1,One,2015,
DATAFLOW,OECD.ECO.MPD:DSD_AN_HOUSE_PRICES@DF_HOUSE_PRICES(1.0),Analytical house prices indicators,I,GRC,Greece,A,Annual,HPI,Nominal house price indices,IX,Index,2002,,114.154803224307,,A,Normal value,0,Units,S,"Seasonally adjusted, not calendar adjusted",1,One,2015,
DATAFLOW,OECD.ECO.MPD:DSD_AN_HOUSE_PRICES@DF_HOUSE_PRICES(1.0),Analytical house prices indicators,I,GRC,Greece,A,Annual,HPI,Nominal house price indices,IX,Index,2003,,120.30972455919,,A,Normal value,0,Units,S,"Seasonally adjusted, not calendar adjusted",1,One,2015,
DATAFLOW,OECD.ECO.MPD:DSD_AN_HOUSE_PRICES@DF_HOUSE_PRICES(1.0),Analytical house prices indicators,I,GRC,Greece,A,Annual,HPI,Nominal house price indices,IX,Index,2004,,123.094481235265,,A,Normal value,0,Units,S,"Seasonally adjusted, not calendar adjusted",1,One,2015,
DATAFLOW,OECD.ECO.MPD:DSD_AN_HOUSE_PRICES@DF_HOUSE_PRICES(1.0),Analytical house prices indicators,I,GRC,Greece,A,Annual,HPI,Nominal house price indices,IX,Index,2006,,154.57875,,A,Normal value,0,Units,S,"Seasonally adjusted, not calendar adjusted",1,One,2015,
DATAFLOW,OECD.ECO.MPD:DSD_AN_HOUSE_PRICES@DF_HOUSE_PRICES(1.0),Analytical house prices indicators,I,GRC,Greece,A,Annual,HPI,Nominal house price indices,IX,Index,2009,,160.344,,A,Normal value,0,Units,S,"Seasonally adjusted, not calendar adjusted",1,One,2015,
DATAFLOW,OECD.ECO.MPD:DSD_AN_HOUSE_PRICES@DF_HOUSE_PRICES(1.0),Analytical house prices indicators,I,GRC,Greece,A,Annual,HPI,Nominal house price indices,IX,Index,2011,,144.52275,,A,Normal value,0,Units,S,"Seasonally adjusted, not calendar adjusted",1,One,2015,
DATAFLOW,OECD.ECO.MPD:DSD_AN_HOUSE_PRICES@DF_HOUSE_PRICES(1.0),Analytical house prices indicators,I,GRC,Greece,A,Annual,HPI,Nominal house price indices,IX,Index,2012,,127.67075,,A,Normal value,0,Units,S,"Seasonally adjusted, not calendar adjusted",1,One,2015,
DATAFLOW,OECD.ECO.MPD:DSD_AN_HOUSE_PRICES@DF_HOUSE_PRICES(1.0),Analytical house prices indicators,I,GRC,Greece,A,Annual,HPI,Nominal house price indices,IX,Index,2014,,105.32025,,A,Normal value,0,Units,S,"Seasonally adjusted, not calendar adjusted",1,One,2015,
DATAFLOW,OECD.ECO.MPD:DSD_AN_HOUSE_PRICES@DF_HOUSE_PRICES(1.0),Analytical house prices indicators,I,GRC,Greece,A,Annual,HPI,Nominal house price indices,IX,Index,2015,,100,,A,Normal value,0,Units,S,"Seasonally adjusted, not calendar adjusted",1,One,2015,
DATAFLOW,OECD.ECO.MPD:DSD_AN_HOUSE_PRICES@DF_HOUSE_PRICES(1.0),Analytical house prices indicators,I,GRC,Greece,A,Annual,HPI,Nominal house price indices,IX,Index,2019,,105.4815,,A,Normal value,0,Units,S,"Seasonally adjusted, not calendar adjusted",1,One,2015,
DATAFLOW,OECD.ECO.MPD:DSD_AN_HOUSE_PRICES@DF_HOUSE_PRICES(1.0),Analytical house prices indicators,I,GRC,Greece,A,Annual,HPI,Nominal house price indices,IX,Index,2020,,110.22325,,A,Normal value,0,Units,S,"Seasonally adjusted, not calendar adjusted",1,One,2015,
DATAFLOW,OECD.ECO.MPD:DSD_AN_HOUSE_PRICES@DF_HOUSE_PRICES(1.0),Analytical house prices indicators,I,GRC,Greece,A,Annual,HPI,Nominal house price indices,IX,Index,2021,,118.60575,,A,Normal value,0,Units,S,"Seasonally adjusted, not calendar adjusted",1,One,2015,
DATAFLOW,OECD.ECO.MPD:DSD_AN_HOUSE_PRICES@DF_HOUSE_PRICES(1.0),Analytical house prices indicators,I,HUN,Hungary,A,Annual,HPI,Nominal house price indices,IX,Index,2008,,101.2575,,A,Normal value,0,Units,S,"Seasonally adjusted, not calendar adjusted",1,One,2015,
DATAFLOW,OECD.ECO.MPD:DSD_AN_HOUSE_PRICES@DF_HOUSE_PRICES(1.0),Analytical house prices indicators,I,HUN,Hungary,A,Annual,HPI,Nominal house price indices,IX,Index,2015,,100,,A,Normal value,0,Units,S,"Seasonally adjusted, not calendar adjusted",1,One,2015,
DATAFLOW,OECD.ECO.MPD:DSD_AN_HOUSE_PRICES@DF_HOUSE_PRICES(1.0),Analytical house prices indicators,I,HUN,Hungary,A,Annual,HPI,Nominal house price indices,IX,Index,2016,,113.3775,,A,Normal value,0,Units,S,"Seasonally adjusted, not calendar adjusted",1,One,2015,
DATAFLOW,OECD.ECO.MPD:DSD_AN_HOUSE_PRICES@DF_HOUSE_PRICES(1.0),Analytical house prices indicators,I,HUN,Hungary,A,Annual,HPI,Nominal house price indices,IX,Index,2017,,127.24,,A,Normal value,0,Units,S,"Seasonally adjusted, not calendar adjusted",1,One,2015,
DATAFLOW,OECD.ECO.MPD:DSD_AN_HOUSE_PRICES@DF_HOUSE_PRICES(1.0),Analytical house prices indicators,I,HUN,Hungary,A,Annual,HPI,Nominal house price indices,IX,Index,2020,,178.5775,,A,Normal value,0,Units,S,"Seasonally adjusted, not calendar adjusted",1,One,2015,
DATAFLOW,OECD.ECO.MPD:DSD_AN_HOUSE_PRICES@DF_HOUSE_PRICES(1.0),Analytical house prices indicators,I,ISL,Iceland,A,Annual,HPI,Nominal house price indices,IX,Index,2015,,100,,A,Normal value,0,Units,S,"Seasonally adjusted, not calendar adjusted",1,One,2015,
DATAFLOW,OECD.ECO.MPD:DSD_AN_HOUSE_PRICES@DF_HOUSE_PRICES(1.0),Analytical house prices indicators,I,ISL,Iceland,A,Annual,HPI,Nominal house price indices,IX,Index,2016,,109.766774416936,,A,Normal value,0,Units,S,"Seasonally adjusted, not calendar adjusted",1,One,2015,
DATAFLOW,OECD.ECO.MPD:DSD_AN_HOUSE_PRICES@DF_HOUSE_PRICES(1.0),Analytical house prices indicators,I,ISL,Iceland,A,Annual,HPI,Nominal house price indices,IX,Index,2017,,131.19582798957,,A,Normal value,0,Units,S,"Seasonally adjusted, not calendar adjusted",1,One,2015,
DATAFLOW,OECD.ECO.MPD:DSD_AN_HOUSE_PRICES@DF_HOUSE_PRICES(1.0),Analytical house prices indicators,I,ISL,Iceland,A,Annual,HPI,Nominal house price indices,IX,Index,2021,,177.56294390736,,A,Normal value,0,Units,S,"Seasonally adjusted, not calendar adjusted",1,One,2015,
DATAFLOW,OECD.ECO.MPD:DSD_AN_HOUSE_PRICES@DF_HOUSE_PRICES(1.0),Analytical house prices indicators,I,IRL,Ireland,A,Annual,HPI,Nominal house price indices,IX,Index,1978,,10.4206157239643,,A,Normal value,0,Units,S,"Seasonally adjusted, not calendar adjusted",1,One,2015,
DATAFLOW,OECD.ECO.MPD:DSD_AN_HOUSE_PRICES@DF_HOUSE_PRICES(1.0),Analytical house prices indicators,I,IRL,Ireland,A,Annual,HPI,Nominal house price indices,IX,Index,1980,,14.597226396919,,A,Normal value,0,Units,S,"Seasonally adjusted, not calendar adjusted",1,One,2015,
DATAFLOW,OECD.ECO.MPD:DSD_AN_HOUSE_PRICES@DF_HOUSE_PRICES(1.0),Analytical house prices indicators,I,IRL,Ireland,A,Annual,HPI,Nominal house price indices,IX,Index,1981,,17.7200126921969,,A,Normal value,0,Units,S,"Seasonally adjusted, not calendar adjusted",1,One,2015,
DATAFLOW,OECD.ECO.MPD:DSD_AN_HOUSE_PRICES@DF_HOUSE_PRICES(1.0),Analytical house prices indicators,I,IRL,Ireland,A,Annual,HPI,Nominal house price indices,IX,Index,1988,,23.9479034552835,,A,Normal value,0,Units,S,"Seasonally adjusted, not calendar adjusted",1,One,2015,
DATAFLOW,OECD.ECO.MPD:DSD_AN_HOUSE_PRICES@DF_HOUSE_PRICES(1.0),Analytical house prices indicators,I,IRL,Ireland,A,Annual,HPI,Nominal house price indices,IX,Index,2005,,131.81375,,A,Normal value,0,Units,S,"Seasonally adjusted, not calendar adjusted",1,One,2015,
DATAFLOW,OECD.ECO.MPD:DSD_AN_HOUSE_PRICES@DF_HOUSE_PRICES(1.0),Analytical house prices indicators,I,IRL,Ireland,A,Annual,HPI,Nominal house price indices,IX,Index,2006,,151.417,,A,Normal value,0,Units,S,"Seasonally adjusted, not calendar adjusted",1,One,2015,
DATAFLOW,OECD.ECO.MPD:DSD_AN_HOUSE_PRICES@DF_HOUSE_PRICES(1.0),Analytical house prices indicators,I,IRL,Ireland,A,Annual,HPI,Nominal house price indices,IX,Index,2007,,162.69375,,A,Normal value,0,Units,S,"Seasonally adjusted, not calendar adjusted",1,One,2015,
DATAFLOW,OECD.ECO.MPD:DSD_AN_HOUSE_PRICES@DF_HOUSE_PRICES(1.0),Analytical house prices indicators,I,IRL,Ireland,A,Annual,HPI,Nominal house price indices,IX,Index,2008,,151.4,,A,Normal value,0,Units,S,"Seasonally adjusted, not calendar adjusted",1,One,2015,
DATAFLOW,OECD.ECO.MPD:DSD_AN_HOUSE_PRICES@DF_HOUSE_PRICES(1.0),Analytical house prices indicators,I,IRL,Ireland,A,Annual,HPI,Nominal house price indices,IX,Index,2009,,122.412,,A,Normal value,0,Units,S,"Seasonally adjusted, not calendar adjusted",1,One,2015,
DATAFLOW,OECD.ECO.MPD:DSD_AN_HOUSE_PRICES@DF_HOUSE_PRICES(1.0),Analytical house prices indicators,I,IRL,Ireland,A,Annual,HPI,Nominal house price indices,IX,Index,2010,,105.976,,A,Normal value,0,Units,S,"Seasonally adjusted, not calendar adjusted",1,One,2015,
DATAFLOW,OECD.ECO.MPD:DSD_AN_HOUSE_PRICES@DF_HOUSE_PRICES(1.0),Analytical house prices indicators,I,IRL,Ireland,A,Annual,HPI,Nominal house price indices,IX,Index,2015,,100,,A,Normal value,0,Units,S,"Seasonally adjusted, not calendar adjusted",1,One,2015,
DATAFLOW,OECD.ECO.MPD:DSD_AN_HOUSE_PRICES@DF_HOUSE_PRICES(1.0),Analytical house prices indicators,I,IRL,Ireland,A,Annual,HPI,Nominal house price indices,IX,Index,2016,,107.4845,,A,Normal value,0,Units,S,"Seasonally adjusted, not calendar adjusted",1,One,2015,
DATAFLOW,OECD.ECO.MPD:DSD_AN_HOUSE_PRICES@DF_HOUSE_PRICES(1.0),Analytical house prices indicators,I,IRL,Ireland,A,Annual,HPI,Nominal house price indices,IX,Index,2017,,119.16175,,A,Normal value,0,Units,S,"Seasonally adjusted, not calendar adjusted",1,One,2015,
DATAFLOW,OECD.ECO.MPD:DSD_AN_HOUSE_PRICES@DF_HOUSE_PRICES(1.0),Analytical house prices indicators,I,IRL,Ireland,A,Annual,HPI,Nominal house price indices,IX,Index,2018,,131.3635,,A,Normal value,0,Units,S,"Seasonally adjusted, not calendar adjusted",1,One,2015,
DATAFLOW,OECD.ECO.MPD:DSD_AN_HOUSE_PRICES@DF_HOUSE_PRICES(1.0),Analytical house prices indicators,I,IRL,Ireland,A,Annual,HPI,Nominal house price indices,IX,Index,2019,,134.43075,,A,Normal value,0,Units,S,"Seasonally adjusted, not calendar adjusted",1,One,2015,
DATAFLOW,OECD.ECO.MPD:DSD_AN_HOUSE_PRICES@DF_HOUSE_PRICES(1.0),Analytical house prices indicators,I,IRL,Ireland,A,Annual,HPI,Nominal house price indices,IX,Index,2020,,134.84725,,A,Normal value,0,Units,S,"Seasonally adjusted, not calendar adjusted",1,One,2015,
DATAFLOW,OECD.ECO.MPD:DSD_AN_HOUSE_PRICES@DF_HOUSE_PRICES(1.0),Analytical house prices indicators,I,IRL,Ireland,A,Annual,HPI,Nominal house price indices,IX,Index,2021,,145.9995,,A,Normal value,0,Units,S,"Seasonally adjusted, not calendar adjusted",1,One,2015,
DATAFLOW,OECD.ECO.MPD:DSD_AN_HOUSE_PRICES@DF_HOUSE_PRICES(1.0),Analytical house prices indicators,I,ISR,Israel,A,Annual,HPI,Nominal house price indices,IX,Index,2015,,100,,A,Normal value,0,Units,S,"Seasonally adjusted, not calendar adjusted",1,One,2015,
DATAFLOW,OECD.ECO.MPD:DSD_AN_HOUSE_PRICES@DF_HOUSE_PRICES(1.0),Analytical house prices indicators,I,ISR,Israel,A,Annual,HPI,Nominal house price indices,IX,Index,2016,,107.4585,,A,Normal value,0,Units,S,"Seasonally adjusted, not calendar adjusted",1,One,2015,
DATAFLOW,OECD.ECO.MPD:DSD_AN_HOUSE_PRICES@DF_HOUSE_PRICES(1.0),Analytical house prices indicators,I,ISR,Israel,A,Annual,HPI,Nominal house price indices,IX,Index,2017,,111.64925,,A,Normal value,0,Units,S,"Seasonally adjusted, not calendar adjusted",1,One,2015,
DATAFLOW,OECD.ECO.MPD:DSD_AN_HOUSE_PRICES@DF_HOUSE_PRICES(1.0),Analytical house prices indicators,I,ISR,Israel,A,Annual,HPI,Nominal house price indices,IX,Index,2018,,110.724,,A,Normal value,0,Units,S,"Seasonally adjusted, not calendar adjusted",1,One,2015,
DATAFLOW,OECD.ECO.MPD:DSD_AN_HOUSE_PRICES@DF_HOUSE_PRICES(1.0),Analytical house prices indicators,I,ISR,Israel,A,Annual,HPI,Nominal house price indices,IX,Index,2019,,112.81225,,A,Normal value,0,Units,S,"Seasonally adjusted, not calendar adjusted",1,One,2015,
DATAFLOW,OECD.ECO.MPD:DSD_AN_HOUSE_PRICES@DF_HOUSE_PRICES(1.0),Analytical house prices indicators,I,ISR,Israel,A,Annual,HPI,Nominal house price indices,IX,Index,2020,,116.2615,,A,Normal value,0,Units,S,"Seasonally adjusted, not calendar adjusted",1,One,2015,
DATAFLOW,OECD.ECO.MPD:DSD_AN_HOUSE_PRICES@DF_HOUSE_PRICES(1.0),Analytical house prices indicators,I,ISR,Israel,A,Annual,HPI,Nominal house price indices,IX,Index,2021,,126.07625,,A,Normal value,0,Units,S,"Seasonally adjusted, not calendar adjusted",1,One,2015,
DATAFLOW,OECD.ECO.MPD:DSD_AN_HOUSE_PRICES@DF_HOUSE_PRICES(1.0),Analytical house prices indicators,I,ITA,Italy,A,Annual,HPI,Nominal house price indices,IX,Index,2015,,100,,A,Normal value,0,Units,S,"Seasonally adjusted, not calendar adjusted",1,One,2015,
DATAFLOW,OECD.ECO.MPD:DSD_AN_HOUSE_PRICES@DF_HOUSE_PRICES(1.0),Analytical house prices indicators,I,JPN,Japan,A,Annual,HPI,Nominal house price indices,IX,Index,2015,,100,,A,Normal value,0,Units,S,"Seasonally adjusted, not calendar adjusted",1,One,2015,
DATAFLOW,OECD.ECO.MPD:DSD_AN_HOUSE_PRICES@DF_HOUSE_PRICES(1.0),Analytical house prices indicators,I,KOR,Korea,A,Annual,HPI,Nominal house price indices,IX,Index,1986,,36.4304552361072,,A,Normal value,0,Units,S,"Seasonally adjusted, not calendar adjusted",1,One,2015,
DATAFLOW,OECD.ECO.MPD:DSD_AN_HOUSE_PRICES@DF_HOUSE_PRICES(1.0),Analytical house prices indicators,I,KOR,Korea,A,Annual,HPI,Nominal house price indices,IX,Index,1987,,36.5634209783744,,A,Normal value,0,Units,S,"Seasonally adjusted, not calendar adjusted",1,One,2015,
DATAFLOW,OECD.ECO.MPD:DSD_AN_HOUSE_PRICES@DF_HOUSE_PRICES(1.0),Analytical house prices indicators,I,KOR,Korea,A,Annual,HPI,Nominal house price indices,IX,Index,1988,,42.2805960212674,,A,Normal value,0,Units,S,"Seasonally adjusted, not calendar adjusted",1,One,2015,
DATAFLOW,OECD.ECO.MPD:DSD_AN_HOUSE_PRICES@DF_HOUSE_PRICES(1.0),Analytical house prices indicators,I,KOR,Korea,A,Annual,HPI,Nominal house price indices,IX,Index,1989,,48.2324261559827,,A,Normal value,0,Units,S,"Seasonally adjusted, not calendar adjusted",1,One,2015,
DATAFLOW,OECD.ECO.MPD:DSD_AN_HOUSE_PRICES@DF_HOUSE_PRICES(1.0),Analytical house prices indicators,I,KOR,Korea,A,Annual,HPI,Nominal house price indices,IX,Index,1990,,56.522759344058,,A,Normal value,0,Units,S,"Seasonally adjusted, not calendar adjusted",1,One,2015,
DATAFLOW,OECD.ECO.MPD:DSD_AN_HOUSE_PRICES@DF_HOUSE_PRICES(1.0),Analytical house prices indicators,I,KOR,Korea,A,Annual,HPI,Nominal house price indices,IX,Index,1991,,62.3729001309123,,A,Normal value,0,Units,S,"Seasonally adjusted, not calendar adjusted",1,One,2015,
DATAFLOW,OECD.ECO.MPD:DSD_AN_HOUSE_PRICES@DF_HOUSE_PRICES(1.0),Analytical house prices indicators,I,KOR,Korea,A,Annual,HPI,Nominal house price indices,IX,Index,1992,,58.2981464886353,,A,Normal value,0,Units,S,"Seasonally adjusted, not calendar adjusted",1,One,2015,
DATAFLOW,OECD.ECO.MPD:DSD_AN_HOUSE_PRICES@DF_HOUSE_PRICES(1.0),Analytical house prices indicators,I,KOR,Korea,A,Annual,HPI,Nominal house price indices,IX,Index,1993,,56.2802910190013,,A,Normal value,0,Units,S,"Seasonally adjusted, not calendar adjusted",1,One,2015,
DATAFLOW,OECD.ECO.MPD:DSD_AN_HOUSE_PRICES@DF_HOUSE_PRICES(1.0),Analytical house prices indicators,I,KOR,Korea,A,Annual,HPI,Nominal house price indices,IX,Index,1995,,55.2948381786317,,A,Normal value,0,Units,S,"Seasonally adjusted, not calendar adjusted",1,One,2015,
DATAFLOW,OECD.ECO.MPD:DSD_AN_HOUSE_PRICES@DF_HOUSE_PRICES(1.0),Analytical house prices indicators,I,KOR,Korea,A,Annual,HPI,Nominal house price indices,IX,Index,1996,,55.6858987141184,,A,Normal value,0,Units,S,"Seasonally adjusted, not calendar adjusted",1,One,2015,
DATAFLOW,OECD.ECO.MPD:DSD_AN_HOUSE_PRICES@DF_HOUSE_PRICES(1.0),Analytical house prices indicators,I,KOR,Korea,A,Annual,HPI,Nominal house price indices,IX,Index,1997,,57.3361333479688,,A,Normal value,0,Units,S,"Seasonally adjusted, not calendar adjusted",1,One,2015,
DATAFLOW,OECD.ECO.MPD:DSD_AN_HOUSE_PRICES@DF_HOUSE_PRICES(1.0),Analytical house prices indicators,I,KOR,Korea,A,Annual,HPI,Nominal house price indices,IX,Index,1998,,52.0569217031315,,A,Normal value,0,Units,S,"Seasonally adjusted, not calendar adjusted",1,One,2015,
DATAFLOW,OECD.ECO.MPD:DSD_AN_HOUSE_PRICES@DF_HOUSE_PRICES(1.0),Analytical house prices indicators,I,KOR,Korea,A,Annual,HPI,Nominal house price indices,IX,Index,1999,,51.3921633728136,,A,Normal value,0,Units,S,"Seasonally adjusted, not calendar adjusted",1,One,2015,
DATAFLOW,OECD.ECO.MPD:DSD_AN_HOUSE_PRICES@DF_HOUSE_PRICES(1.0),Analytical house prices indicators,I,KOR,Korea,A,Annual,HPI,Nominal house price indices,IX,Index,2000,,52.3306664242884,,A,Normal value,0,Units,S,"Seasonally adjusted, not calendar adjusted",1,One,2015,
DATAFLOW,OECD.ECO.MPD:DSD_AN_HOUSE_PRICES@DF_HOUSE_PRICES(1.0),Analytical house prices indicators,I,KOR,Korea,A,Annual,HPI,Nominal house price indices,IX,Index,2001,,54.3954012933286,,A,Normal value,0,Units,S,"Seasonally adjusted, not calendar adjusted",1,One,2015,
DATAFLOW,OECD.ECO.MPD:DSD_AN_HOUSE_PRICES@DF_HOUSE_PRICES(1.0),Analytical house prices indicators,I,KOR,Korea,A,Annual,HPI,Nominal house price indices,IX,Index,2002,,63.4443923895113,,A,Normal value,0,Units,S,"Seasonally adjusted, not calendar adjusted",1,One,2015,
DATAFLOW,OECD.ECO.MPD:DSD_AN_HOUSE_PRICES@DF_HOUSE_PRICES(1.0),Analytical house prices indicators,I,KOR,Korea,A,Annual,HPI,Nominal house price indices,IX,Index,2005,,70.3786163330851,,A,Normal value,0,Units,S,"Seasonally adjusted, not calendar adjusted",1,One,2015,
DATAFLOW,OECD.ECO.MPD:DSD_AN_HOUSE_PRICES@DF_HOUSE_PRICES(1.0),Analytical house prices indicators,I,KOR,Korea,A,Annual,HPI,Nominal house price indices,IX,Index,2006,,75.0773797763965,,A,Normal value,0,Units,S,"Seasonally adjusted, not calendar adjusted",1,One,2015,
DATAFLOW,OECD.ECO.MPD:DSD_AN_HOUSE_PRICES@DF_HOUSE_PRICES(1.0),Analytical house prices indicators,I,KOR,Korea,A,Annual,HPI,Nominal house price indices,IX,Index,2009,,89.2179956738246,,A,Normal value,0,Units,S,"Seasonally adjusted, not calendar adjusted",1,One,2015,
DATAFLOW,OECD.ECO.MPD:DSD_AN_HOUSE_PRICES@DF_HOUSE_PRICES(1.0),Analytical house prices indicators,I,KOR,Korea,A,Annual,HPI,Nominal house price indices,IX,Index,2011,,95.6411503371276,,A,Normal value,0,Units,S,"Seasonally adjusted, not calendar adjusted",1,One,2015,
DATAFLOW,OECD.ECO.MPD:DSD_AN_HOUSE_PRICES@DF_HOUSE_PRICES(1.0),Analytical house prices indicators,I,KOR,Korea,A,Annual,HPI,Nominal house price indices,IX,Index,2012,,96.8184374097658,,A,Normal value,0,Units,S,"Seasonally adjusted, not calendar adjusted",1,One,2015,
DATAFLOW,OECD.ECO.MPD:DSD_AN_HOUSE_PRICES@DF_HOUSE_PRICES(1.0),Analytical house prices indicators,I,KOR,Korea,A,Annual,HPI,Nominal house price indices,IX,Index,2013,,95.7695678383814,,A,Normal value,0,Units,S,"Seasonally adjusted, not calendar adjusted",1,One,2015,
DATAFLOW,OECD.ECO.MPD:DSD_AN_HOUSE_PRICES@DF_HOUSE_PRICES(1.0),Analytical house prices indicators,I,KOR,Korea,A,Annual,HPI,Nominal house price indices,IX,Index,2014,,97.2715713540321,,A,Normal value,0,Units,S,"Seasonally adjusted, not calendar adjusted",1,One,2015,
DATAFLOW,OECD.ECO.MPD:DSD_AN_HOUSE_PRICES@DF_HOUSE_PRICES(1.0),Analytical house prices indicators,I,KOR,Korea,A,Annual,HPI,Nominal house price indices,IX,Index,2015,,100,,A,Normal value,0,Units,S,"Seasonally adjusted, not calendar adjusted",1,One,2015,
DATAFLOW,OECD.ECO.MPD:DSD_AN_HOUSE_PRICES@DF_HOUSE_PRICES(1.0),Analytical house prices indicators,I,KOR,Korea,A,Annual,HPI,Nominal house price indices,IX,Index,2019,,103.968278091012,,A,Normal value,0,Units,S,"Seasonally adjusted, not calendar adjusted",1,One,2015,
DATAFLOW,OECD.ECO.MPD:DSD_AN_HOUSE_PRICES@DF_HOUSE_PRICES(1.0),Analytical house prices indicators,I,KOR,Korea,A,Annual,HPI,Nominal house price indices,IX,Index,2021,,116.889814237879,,A,Normal value,0,Units,S,"Seasonally adjusted, not calendar adjusted",1,One,2015,
DATAFLOW,OECD.ECO.MPD:DSD_AN_HOUSE_PRICES@DF_HOUSE_PRICES(1.0),Analytical house prices indicators,I,LVA,Latvia,A,Annual,HPI,Nominal house price indices,IX,Index,2007,,142.3675,,A,Normal value,0,Units,S,"Seasonally adjusted, not calendar adjusted",1,One,2015,
DATAFLOW,OECD.ECO.MPD:DSD_AN_HOUSE_PRICES@DF_HOUSE_PRICES(1.0),Analytical house prices indicators,I,LVA,Latvia,A,Annual,HPI,Nominal house price indices,IX,Index,2008,,143.9425,,A,Normal value,0,Units,S,"Seasonally adjusted, not calendar adjusted",1,One,2015,
DATAFLOW,OECD.ECO.MPD:DSD_AN_HOUSE_PRICES@DF_HOUSE_PRICES(1.0),Analytical house prices indicators,I,LVA,Latvia,A,Annual,HPI,Nominal house price indices,IX,Index,2014,,103.475,,A,Normal value,0,Units,S,"Seasonally adjusted, not calendar adjusted",1,One,2015,
DATAFLOW,OECD.ECO.MPD:DSD_AN_HOUSE_PRICES@DF_HOUSE_PRICES(1.0),Analytical house prices indicators,I,LVA,Latvia,A,Annual,HPI,Nominal house price indices,IX,Index,2015,,100,,A,Normal value,0,Units,S,"Seasonally adjusted, not calendar adjusted",1,One,2015,
DATAFLOW,OECD.ECO.MPD:DSD_AN_HOUSE_PRICES@DF_HOUSE_PRICES(1.0),Analytical house prices indicators,I,LVA,Latvia,A,Annual,HPI,Nominal house price indices,IX,Index,2016,,108.4875,,A,Normal value,0,Units,S,"Seasonally adjusted, not calendar adjusted",1,One,2015,
DATAFLOW,OECD.ECO.MPD:DSD_AN_HOUSE_PRICES@DF_HOUSE_PRICES(1.0),Analytical house prices indicators,I,LVA,Latvia,A,Annual,HPI,Nominal house price indices,IX,Index,2017,,118.0125,,A,Normal value,0,Units,S,"Seasonally adjusted, not calendar adjusted",1,One,2015,
DATAFLOW,OECD.ECO.MPD:DSD_AN_HOUSE_PRICES@DF_HOUSE_PRICES(1.0),Analytical house prices indicators,I,LVA,Latvia,A,Annual,HPI,Nominal house price indices,IX,Index,2018,,129.3,,A,Normal value,0,Units,S,"Seasonally adjusted, not calendar adjusted",1,One,2015,
DATAFLOW,OECD.ECO.MPD:DSD_AN_HOUSE_PRICES@DF_HOUSE_PRICES(1.0),Analytical house prices indicators,I,LVA,Latvia,A,Annual,HPI,Nominal house price indices,IX,Index,2019,,140.875,,A,Normal value,0,Units,S,"Seasonally adjusted, not calendar adjusted",1,One,2015,
DATAFLOW,OECD.ECO.MPD:DSD_AN_HOUSE_PRICES@DF_HOUSE_PRICES(1.0),Analytical house prices indicators,I,LVA,Latvia,A,Annual,HPI,Nominal house price indices,IX,Index,2020,,145.7675,,A,Normal value,0,Units,S,"Seasonally adjusted, not calendar adjusted",1,One,2015,
DATAFLOW,OECD.ECO.MPD:DSD_AN_HOUSE_PRICES@DF_HOUSE_PRICES(1.0),Analytical house prices indicators,I,LVA,Latvia,A,Annual,HPI,Nominal house price indices,IX,Index,2021,,161.645,,A,Normal value,0,Units,S,"Seasonally adjusted, not calendar adjusted",1,One,2015,
DATAFLOW,OECD.ECO.MPD:DSD_AN_HOUSE_PRICES@DF_HOUSE_PRICES(1.0),Analytical house prices indicators,I,LTU,Lithuania,A,Annual,HPI,Nominal house price indices,IX,Index,2015,,100,,A,Normal value,0,Units,S,"Seasonally adjusted, not calendar adjusted",1,One,2015,
DATAFLOW,OECD.ECO.MPD:DSD_AN_HOUSE_PRICES@DF_HOUSE_PRICES(1.0),Analytical house prices indicators,I,LUX,Luxembourg,A,Annual,HPI,Nominal house price indices,IX,Index,2015,,100,,A,Normal value,0,Units,S,"Seasonally adjusted, not calendar adjusted",1,One,2015,
DATAFLOW,OECD.ECO.MPD:DSD_AN_HOUSE_PRICES@DF_HOUSE_PRICES(1.0),Analytical house prices indicators,I,MEX,Mexico,A,Annual,HPI,Nominal house price indices,IX,Index,2015,,100,,A,Normal value,0,Units,S,"Seasonally adjusted, not calendar adjusted",1,One,2015,
DATAFLOW,OECD.ECO.MPD:DSD_AN_HOUSE_PRICES@DF_HOUSE_PRICES(1.0),Analytical house prices indicators,I,NLD,Netherlands,A,Annual,HPI,Nominal house price indices,IX,Index,1971,,10.8583757730214,,A,Normal value,0,Units,S,"Seasonally adjusted, not calendar adjusted",1,One,2015,
DATAFLOW,OECD.ECO.MPD:DSD_AN_HOUSE_PRICES@DF_HOUSE_PRICES(1.0),Analytical house prices indicators,I,NLD,Netherlands,A,Annual,HPI,Nominal house price indices,IX,Index,1975,,16.9252713139334,,A,Normal value,0,Units,S,"Seasonally adjusted, not calendar adjusted",1,One,2015,
DATAFLOW,OECD.ECO.MPD:DSD_AN_HOUSE_PRICES@DF_HOUSE_PRICES(1.0),Analytical house prices indicators,I,NLD,Netherlands,A,Annual,HPI,Nominal house price indices,IX,Index,1976,,22.1491280494601,,A,Normal value,0,Units,S,"Seasonally adjusted, not calendar adjusted",1,One,2015,
DATAFLOW,OECD.ECO.MPD:DSD_AN_HOUSE_PRICES@DF_HOUSE_PRICES(1.0),Analytical house prices indicators,I,NLD,Netherlands,A,Annual,HPI,Nominal house price indices,IX,Index,1981,,25.9760625235133,,A,Normal value,0,Units,S,"Seasonally adjusted, not calendar adjusted",1,One,2015,
DATAFLOW,OECD.ECO.MPD:DSD_AN_HOUSE_PRICES@DF_HOUSE_PRICES(1.0),Analytical house prices indicators,I,NLD,Netherlands,A,Annual,HPI,Nominal house price indices,IX,Index,1982,,23.1186736824744,,A,Normal value,0,Units,S,"Seasonally adjusted, not calendar adjusted",1,One,2015,
DATAFLOW,OECD.ECO.MPD:DSD_AN_HOUSE_PRICES@DF_HOUSE_PRICES(1.0),Analytical house prices indicators,I,NLD,Netherlands,A,Annual,HPI,Nominal house price indices,IX,Index,1984,,23.3680715003336,,A,Normal value,0,Units,S,"Seasonally adjusted, not calendar adjusted",1,One,2015,
DATAFLOW,OECD.ECO.MPD:DSD_AN_HOUSE_PRICES@DF_HOUSE_PRICES(1.0),Analytical house prices indicators,I,NLD,Netherlands,A,Annual,HPI,Nominal house price indices,IX,Index,1985,,23.4077183477476,,A,Normal value,0,Units,S,"Seasonally adjusted, not calendar adjusted",1,One,2015,
DATAFLOW,OECD.ECO.MPD:DSD_AN_HOUSE_PRICES@DF_HOUSE_PRICES(1.0),Analytical house prices indicators,I,NLD,Netherlands,A,Annual,HPI,Nominal house price indices,IX,Index,1988,,26.8630199430399,,A,Normal value,0,Units,S,"Seasonally adjusted, not calendar adjusted",1,One,2015,
DATAFLOW,OECD.ECO.MPD:DSD_AN_HOUSE_PRICES@DF_HOUSE_PRICES(1.0),Analytical house prices indicators,I,NLD,Netherlands,A,Annual,HPI,Nominal house price indices,IX,Index,1991,,29.9698629184826,,A,Normal value,0,Units,S,"Seasonally adjusted, not calendar adjusted",1,One,2015,
DATAFLOW,OECD.ECO.MPD:DSD_AN_HOUSE_PRICES@DF_HOUSE_PRICES(1.0),Analytical house prices indicators,I,NLD,Netherlands,A,Annual,HPI,Nominal house price indices,IX,Index,2004,,102.289598443191,,A,Normal value,0,Units,S,"Seasonally adjusted, not calendar adjusted",1,One,2015,
DATAFLOW,OECD.ECO.MPD:DSD_AN_HOUSE_PRICES@DF_HOUSE_PRICES(1.0),Analytical house prices indicators,I,NLD,Netherlands,A,Annual,HPI,Nominal house price indices,IX,Index,2005,,106.2215,,A,Normal value,0,Units,S,"Seasonally adjusted, not calendar adjusted",1,One,2015,
DATAFLOW,OECD.ECO.MPD:DSD_AN_HOUSE_PRICES@DF_HOUSE_PRICES(1.0),Analytical house prices indicators,I,NLD,Netherlands,A,Annual,HPI,Nominal house price indices,IX,Index,2006,,110.76025,,A,Normal value,0,Units,S,"Seasonally adjusted, not calendar adjusted",1,One,2015,
DATAFLOW,OECD.ECO.MPD:DSD_AN_HOUSE_PRICES@DF_HOUSE_PRICES(1.0),Analytical house prices indicators,I,NLD,Netherlands,A,Annual,HPI,Nominal house price indices,IX,Index,2007,,116.124,,A,Normal value,0,Units,S,"Seasonally adjusted, not calendar adjusted",1,One,2015,
DATAFLOW,OECD.ECO.MPD:DSD_AN_HOUSE_PRICES@DF_HOUSE_PRICES(1.0),Analytical house prices indicators,I,NLD,Netherlands,A,Annual,HPI,Nominal house price indices,IX,Index,2008,,118.66975,,A,Normal value,0,Units,S,"Seasonally adjusted, not calendar adjusted",1,One,2015,
DATAFLOW,OECD.ECO.MPD:DSD_AN_HOUSE_PRICES@DF_HOUSE_PRICES(1.0),Analytical house prices indicators,I,NLD,Netherlands,A,Annual,HPI,Nominal house price indices,IX,Index,2009,,113.37825,,A,Normal value,0,Units,S,"Seasonally adjusted, not calendar adjusted",1,One,2015,
DATAFLOW,OECD.ECO.MPD:DSD_AN_HOUSE_PRICES@DF_HOUSE_PRICES(1.0),Analytical house prices indicators,I,NLD,Netherlands,A,Annual,HPI,Nominal house price indices,IX,Index,2010,,111.428,,A,Normal value,0,Units,S,"Seasonally adjusted, not calendar adjusted",1,One,2015,
DATAFLOW,OECD.ECO.MPD:DSD_AN_HOUSE_PRICES@DF_HOUSE_PRICES(1.0),Analytical house prices indicators,I,NLD,Netherlands,A,Annual,HPI,Nominal house price indices,IX,Index,2011,,109.21725,,A,Normal value,0,Units,S,"Seasonally adjusted, not calendar adjusted",1,One,2015,
DATAFLOW,OECD.ECO.MPD:DSD_AN_HOUSE_PRICES@DF_HOUSE_PRICES(1.0),Analytical house prices indicators,I,NLD,Netherlands,A,Annual,HPI,Nominal house price indices,IX,Index,2012,,101.8855,,A,Normal value,0,Units,S,"Seasonally adjusted, not calendar adjusted",1,One,2015,
DATAFLOW,OECD.ECO.MPD:DSD_AN_HOUSE_PRICES@DF_HOUSE_PRICES(1.0),Analytical house prices indicators,I,NLD,Netherlands,A,Annual,HPI,Nominal house price indices,IX,Index,2015,,100,,A,Normal value,0,Units,S,"Seasonally adjusted, not calendar adjusted",1,One,2015,
DATAFLOW,OECD.ECO.MPD:DSD_AN_HOUSE_PRICES@DF_HOUSE_PRICES(1.0),Analytical house prices indicators,I,NZL,New Zealand,A,Annual,HPI,Nominal house price indices,IX,Index,1973,,3.01022420305613,,A,Normal value,0,Units,S,"Seasonally adjusted, not calendar adjusted",1,One,2015,
DATAFLOW,OECD.ECO.MPD:DSD_AN_HOUSE_PRICES@DF_HOUSE_PRICES(1.0),Analytical house prices indicators,I,NZL,New Zealand,A,Annual,HPI,Nominal house price indices,IX,Index,1982,,10.0099749750626,,A,Normal value,0,Units,S,"Seasonally adjusted, not calendar adjusted",1,One,2015,
DATAFLOW,OECD.ECO.MPD:DSD_AN_HOUSE_PRICES@DF_HOUSE_PRICES(1.0),Analytical house prices indicators,I,NZL,New Zealand,A,Annual,HPI,Nominal house price indices,IX,Index,1983,,11.0077224806938,,A,Normal value,0,Units,S,"Seasonally adjusted, not calendar adjusted",1,One,2015,
DATAFLOW,OECD.ECO.MPD:DSD_AN_HOUSE_PRICES@DF_HOUSE_PRICES(1.0),Analytical house prices indicators,I,NZL,New Zealand,A,Annual,HPI,Nominal house price indices,IX,Index,1986,,15.6397109007227,,A,Normal value,0,Units,S,"Seasonally adjusted, not calendar adjusted",1,One,2015,
DATAFLOW,OECD.ECO.MPD:DSD_AN_HOUSE_PRICES@DF_HOUSE_PRICES(1.0),Analytical house prices indicators,I,NZL,New Zealand,A,Annual,HPI,Nominal house price indices,IX,Index,1988,,20.7046982382544,,A,Normal value,0,Units,S,"Seasonally adjusted, not calendar adjusted",1,One,2015,
DATAFLOW,OECD.ECO.MPD:DSD_AN_HOUSE_PRICES@DF_HOUSE_PRICES(1.0),Analytical house prices indicators,I,NZL,New Zealand,A,Annual,HPI,Nominal house price indices,IX,Index,1989,,22.0009449976375,,A,Normal value,0,Units,S,"Seasonally adjusted, not calendar adjusted",1,One,2015,
DATAFLOW,OECD.ECO.MPD:DSD_AN_HOUSE_PRICES@DF_HOUSE_PRICES(1.0),Analytical house prices indicators,I,NZL,New Zealand,A,Annual,HPI,Nominal house price indices,IX,Index,1990,,23.200441998895,,A,Normal value,0,Units,S,"Seasonally adjusted, not calendar adjusted",1,One,2015,
DATAFLOW,OECD.ECO.MPD:DSD_AN_HOUSE_PRICES@DF_HOUSE_PRICES(1.0),Analytical house prices indicators,I,NZL,New Zealand,A,Annual,HPI,Nominal house price indices,IX,Index,1991,,22.6589433526416,,A,Normal value,0,Units,S,"Seasonally adjusted, not calendar adjusted",1,One,2015,
DATAFLOW,OECD.ECO.MPD:DSD_AN_HOUSE_PRICES@DF_HOUSE_PRICES(1.0),Analytical house prices indicators,I,NZL,New Zealand,A,Annual,HPI,Nominal house price indices,IX,Index,1993,,23.7589406026485,,A,Normal value,0,Units,S,"Seasonally adjusted, not calendar adjusted",1,One,2015,
DATAFLOW,OECD.ECO.MPD:DSD_AN_HOUSE_PRICES@DF_HOUSE_PRICES(1.0),Analytical house prices indicators,I,NZL,New Zealand,A,Annual,HPI,Nominal house price indices,IX,Index,1995,,29.4906762733093,,A,Normal value,0,Units,S,"Seasonally adjusted, not calendar adjusted",1,One,2015,
DATAFLOW,OECD.ECO.MPD:DSD_AN_HOUSE_PRICES@DF_HOUSE_PRICES(1.0),Analytical house prices indicators,I,NZL,New Zealand,A,Annual,HPI,Nominal house price indices,IX,Index,2015,,100,,A,Normal value,0,Units,S,"Seasonally adjusted, not calendar adjusted",1,One,2015,
DATAFLOW,OECD.ECO.MPD:DSD_AN_HOUSE_PRICES@DF_HOUSE_PRICES(1.0),Analytical house prices indicators,I,NZL,New Zealand,A,Annual,HPI,Nominal house price indices,IX,Index,2017,,121.59619600951,,A,Normal value,0,Units,S,"Seasonally adjusted, not calendar adjusted",1,One,2015,
DATAFLOW,OECD.ECO.MPD:DSD_AN_HOUSE_PRICES@DF_HOUSE_PRICES(1.0),Analytical house prices indicators,I,NZL,New Zealand,A,Annual,HPI,Nominal house price indices,IX,Index,2018,,125.965685085787,,A,Normal value,0,Units,S,"Seasonally adjusted, not calendar adjusted",1,One,2015,
DATAFLOW,OECD.ECO.MPD:DSD_AN_HOUSE_PRICES@DF_HOUSE_PRICES(1.0),Analytical house prices indicators,I,NZL,New Zealand,A,Annual,HPI,Nominal house price indices,IX,Index,2021,,180.981047547381,,A,Normal value,0,Units,S,"Seasonally adjusted, not calendar adjusted",1,One,2015,
DATAFLOW,OECD.ECO.MPD:DSD_AN_HOUSE_PRICES@DF_HOUSE_PRICES(1.0),Analytical house prices indicators,I,NOR,Norway,A,Annual,HPI,Nominal house price indices,IX,Index,1981,,10.3469090554788,,A,Normal value,0,Units,S,"Seasonally adjusted, not calendar adjusted",1,One,2015,
DATAFLOW,OECD.ECO.MPD:DSD_AN_HOUSE_PRICES@DF_HOUSE_PRICES(1.0),Analytical house prices indicators,I,NOR,Norway,A,Annual,HPI,Nominal house price indices,IX,Index,1982,,11.3056180904276,,A,Normal value,0,Units,S,"Seasonally adjusted, not calendar adjusted",1,One,2015,
DATAFLOW,OECD.ECO.MPD:DSD_AN_HOUSE_PRICES@DF_HOUSE_PRICES(1.0),Analytical house prices indicators,I,NOR,Norway,A,Annual,HPI,Nominal house price indices,IX,Index,1983,,12.0821551139249,,A,Normal value,0,Units,S,"Seasonally adjusted, not calendar adjusted",1,One,2015,
DATAFLOW,OECD.ECO.MPD:DSD_AN_HOUSE_PRICES@DF_HOUSE_PRICES(1.0),Analytical house prices indicators,I,NOR,Norway,A,Annual,HPI,Nominal house price indices,IX,Index,1985,,16.6364554002121,,A,Normal value,0,Units,S,"Seasonally adjusted, not calendar adjusted",1,One,2015,
DATAFLOW,OECD.ECO.MPD:DSD_AN_HOUSE_PRICES@DF_HOUSE_PRICES(1.0),Analytical house prices indicators,I,NOR,Norway,A,Annual,HPI,Nominal house price indices,IX,Index,2015,,100,,A,Normal value,0,Units,S,"Seasonally adjusted, not calendar adjusted",1,One,2015,
DATAFLOW,OECD.ECO.MPD:DSD_AN_HOUSE_PRICES@DF_HOUSE_PRICES(1.0),Analytical house prices indicators,I,NOR,Norway,A,Annual,HPI,Nominal house price indices,IX,Index,2016,,107.025,,A,Normal value,0,Units,S,"Seasonally adjusted, not calendar adjusted",1,One,2015,
DATAFLOW,OECD.ECO.MPD:DSD_AN_HOUSE_PRICES@DF_HOUSE_PRICES(1.0),Analytical house prices indicators,I,NOR,Norway,A,Annual,HPI,Nominal house price indices,IX,Index,2017,,112.35,,A,Normal value,0,Units,S,"Seasonally adjusted, not calendar adjusted",1,One,2015,
DATAFLOW,OECD.ECO.MPD:DSD_AN_HOUSE_PRICES@DF_HOUSE_PRICES(1.0),Analytical house prices indicators,I,NOR,Norway,A,Annual,HPI,Nominal house price indices,IX,Index,2019,,116.8,,A,Normal value,0,Units,S,"Seasonally adjusted, not calendar adjusted",1,One,2015,
DATAFLOW,OECD.ECO.MPD:DSD_AN_HOUSE_PRICES@DF_HOUSE_PRICES(1.0),Analytical house prices indicators,I,NOR,Norway,A,Annual,HPI,Nominal house price indices,IX,Index,2020,,121.775,,A,Normal value,0,Units,S,"Seasonally adjusted, not calendar adjusted",1,One,2015,
DATAFLOW,OECD.ECO.MPD:DSD_AN_HOUSE_PRICES@DF_HOUSE_PRICES(1.0),Analytical house prices indicators,I,POL,Poland,A,Annual,HPI,Nominal house price indices,IX,Index,2007,,113.8175,,A,Normal value,0,Units,S,"Seasonally adjusted, not calendar adjusted",1,One,2015,
DATAFLOW,OECD.ECO.MPD:DSD_AN_HOUSE_PRICES@DF_HOUSE_PRICES(1.0),Analytical house prices indicators,I,POL,Poland,A,Annual,HPI,Nominal house price indices,IX,Index,2008,,112.9175,,A,Normal value,0,Units,S,"Seasonally adjusted, not calendar adjusted",1,One,2015,
DATAFLOW,OECD.ECO.MPD:DSD_AN_HOUSE_PRICES@DF_HOUSE_PRICES(1.0),Analytical house prices indicators,I,POL,Poland,A,Annual,HPI,Nominal house price indices,IX,Index,2009,,109.77,,A,Normal value,0,Units,S,"Seasonally adjusted, not calendar adjusted",1,One,2015,
DATAFLOW,OECD.ECO.MPD:DSD_AN_HOUSE_PRICES@DF_HOUSE_PRICES(1.0),Analytical house prices indicators,I,POL,Poland,A,Annual,HPI,Nominal house price indices,IX,Index,2015,,100,,A,Normal value,0,Units,S,"Seasonally adjusted, not calendar adjusted",1,One,2015,
DATAFLOW,OECD.ECO.MPD:DSD_AN_HOUSE_PRICES@DF_HOUSE_PRICES(1.0),Analytical house prices indicators,I,PRT,Portugal,A,Annual,HPI,Nominal house price indices,IX,Index,2015,,100,,A,Normal value,0,Units,S,"Seasonally adjusted, not calendar adjusted",1,One,2015,
DATAFLOW,OECD.ECO.MPD:DSD_AN_HOUSE_PRICES@DF_HOUSE_PRICES(1.0),Analytical house prices indicators,I,SVK,Slovak Republic,A,Annual,HPI,Nominal house price indices,IX,Index,2008,,115.552711118222,,A,Normal value,0,Units,S,"Seasonally adjusted, not calendar adjusted",1,One,2015,
DATAFLOW,OECD.ECO.MPD:DSD_AN_HOUSE_PRICES@DF_HOUSE_PRICES(1.0),Analytical house prices indicators,I,SVK,Slovak Republic,A,Annual,HPI,Nominal house price indices,IX,Index,2009,,100.81724795688,,A,Normal value,0,Units,S,"Seasonally adjusted, not calendar adjusted",1,One,2015,
DATAFLOW,OECD.ECO.MPD:DSD_AN_HOUSE_PRICES@DF_HOUSE_PRICES(1.0),Analytical house prices indicators,I,SVK,Slovak Republic,A,Annual,HPI,Nominal house price indices,IX,Index,2015,,100,,A,Normal value,0,Units,S,"Seasonally adjusted, not calendar adjusted",1,One,2015,
DATAFLOW,OECD.ECO.MPD:DSD_AN_HOUSE_PRICES@DF_HOUSE_PRICES(1.0),Analytical house prices indicators,I,SVN,Slovenia,A,Annual,HPI,Nominal house price indices,IX,Index,2015,,100,,A,Normal value,0,Units,S,"Seasonally adjusted, not calendar adjusted",1,One,2015,
DATAFLOW,OECD.ECO.MPD:DSD_AN_HOUSE_PRICES@DF_HOUSE_PRICES(1.0),Analytical house prices indicators,I,ESP,Spain,A,Annual,HPI,Nominal house price indices,IX,Index,1983,,10.7734834373248,,A,Normal value,0,Units,S,"Seasonally adjusted, not calendar adjusted",1,One,2015,
DATAFLOW,OECD.ECO.MPD:DSD_AN_HOUSE_PRICES@DF_HOUSE_PRICES(1.0),Analytical house prices indicators,I,ESP,Spain,A,Annual,HPI,Nominal house price indices,IX,Index,1984,,11.5896564250009,,A,Normal value,0,Units,S,"Seasonally adjusted, not calendar adjusted",1,One,2015,
DATAFLOW,OECD.ECO.MPD:DSD_AN_HOUSE_PRICES@DF_HOUSE_PRICES(1.0),Analytical house prices indicators,I,ESP,Spain,A,Annual,HPI,Nominal house price indices,IX,Index,1985,,12.7543573371441,,A,Normal value,0,Units,S,"Seasonally adjusted, not calendar adjusted",1,One,2015,
DATAFLOW,OECD.ECO.MPD:DSD_AN_HOUSE_PRICES@DF_HOUSE_PRICES(1.0),Analytical house prices indicators,I,ESP,Spain,A,Annual,HPI,Nominal house price indices,IX,Index,1986,,14.7131725075668,,A,Normal value,0,Units,S,"Seasonally adjusted, not calendar adjusted",1,One,2015,
DATAFLOW,OECD.ECO.MPD:DSD_AN_HOUSE_PRICES@DF_HOUSE_PRICES(1.0),Analytical house prices indicators,I,ESP,Spain,A,Annual,HPI,Nominal house price indices,IX,Index,2004,,104.07644680877,,A,Normal value,0,Units,S,"Seasonally adjusted, not calendar adjusted",1,One,2015,
DATAFLOW,OECD.ECO.MPD:DSD_AN_HOUSE_PRICES@DF_HOUSE_PRICES(1.0),Analytical house prices indicators,I,ESP,Spain,A,Annual,HPI,Nominal house price indices,IX,Index,2005,,119.271747930548,,A,Normal value,0,Units,S,"Seasonally adjusted, not calendar adjusted",1,One,2015,
DATAFLOW,OECD.ECO.MPD:DSD_AN_HOUSE_PRICES@DF_HOUSE_PRICES(1.0),Analytical house prices indicators,I,ESP,Spain,A,Annual,HPI,Nominal house price indices,IX,Index,2006,,135.500411248972,,A,Normal value,0,Units,S,"Seasonally adjusted, not calendar adjusted",1,One,2015,
DATAFLOW,OECD.ECO.MPD:DSD_AN_HOUSE_PRICES@DF_HOUSE_PRICES(1.0),Analytical house prices indicators,I,ESP,Spain,A,Annual,HPI,Nominal house price indices,IX,Index,2007,,148.79112802218,,A,Normal value,0,Units,S,"Seasonally adjusted, not calendar adjusted",1,One,2015,
DATAFLOW,OECD.ECO.MPD:DSD_AN_HOUSE_PRICES@DF_HOUSE_PRICES(1.0),Analytical house prices indicators,I,ESP,Spain,A,Annual,HPI,Nominal house price indices,IX,Index,2015,,100,,A,Normal value,0,Units,S,"Seasonally adjusted, not calendar adjusted",1,One,2015,
DATAFLOW,OECD.ECO.MPD:DSD_AN_HOUSE_PRICES@DF_HOUSE_PRICES(1.0),Analytical house prices indicators,I,ESP,Spain,A,Annual,HPI,Nominal house price indices,IX,Index,2016,,104.622738443154,,A,Normal value,0,Units,S,"Seasonally adjusted, not calendar adjusted",1,One,2015,
DATAFLOW,OECD.ECO.MPD:DSD_AN_HOUSE_PRICES@DF_HOUSE_PRICES(1.0),Analytical house prices indicators,I,ESP,Spain,A,Annual,HPI,Nominal house price indices,IX,Index,2018,,118.580203549491,,A,Normal value,0,Units,S,"Seasonally adjusted, not calendar adjusted",1,One,2015,
DATAFLOW,OECD.ECO.MPD:DSD_AN_HOUSE_PRICES@DF_HOUSE_PRICES(1.0),Analytical house prices indicators,I,SWE,Sweden,A,Annual,HPI,Nominal house price indices,IX,Index,1978,,11.5860370879121,,A,Normal value,0,Units,S,"Seasonally adjusted, not calendar adjusted",1,One,2015,
DATAFLOW,OECD.ECO.MPD:DSD_AN_HOUSE_PRICES@DF_HOUSE_PRICES(1.0),Analytical house prices indicators,I,SWE,Sweden,A,Annual,HPI,Nominal house price indices,IX,Index,1979,,12.8601614010989,,A,Normal value,0,Units,S,"Seasonally adjusted, not calendar adjusted",1,One,2015,
DATAFLOW,OECD.ECO.MPD:DSD_AN_HOUSE_PRICES@DF_HOUSE_PRICES(1.0),Analytical house prices indicators,I,SWE,Sweden,A,Annual,HPI,Nominal house price indices,IX,Index,1980,,13.5736710164835,,A,Normal value,0,Units,S,"Seasonally adjusted, not calendar adjusted",1,One,2015,
DATAFLOW,OECD.ECO.MPD:DSD_AN_HOUSE_PRICES@DF_HOUSE_PRICES(1.0),Analytical house prices indicators,I,SWE,Sweden,A,Annual,HPI,Nominal house price indices,IX,Index,1981,,13.6416243131868,,A,Normal value,0,Units,S,"Seasonally adjusted, not calendar adjusted",1,One,2015,
DATAFLOW,OECD.ECO.MPD:DSD_AN_HOUSE_PRICES@DF_HOUSE_PRICES(1.0),Analytical house prices indicators,I,SWE,Sweden,A,Annual,HPI,Nominal house price indices,IX,Index,1982,,13.6756009615385,,A,Normal value,0,Units,S,"Seasonally adjusted, not calendar adjusted",1,One,2015,
DATAFLOW,OECD.ECO.MPD:DSD_AN_HOUSE_PRICES@DF_HOUSE_PRICES(1.0),Analytical house prices indicators,I,SWE,Sweden,A,Annual,HPI,Nominal house price indices,IX,Index,1983,,13.7265659340659,,A,Normal value,0,Units,S,"Seasonally adjusted, not calendar adjusted",1,One,2015,
DATAFLOW,OECD.ECO.MPD:DSD_AN_HOUSE_PRICES@DF_HOUSE_PRICES(1.0),Analytical house prices indicators,I,SWE,Sweden,A,Annual,HPI,Nominal house price indices,IX,Index,1984,,14.0663324175824,,A,Normal value,0,Units,S,"Seasonally adjusted, not calendar adjusted",1,One,2015,
DATAFLOW,OECD.ECO.MPD:DSD_AN_HOUSE_PRICES@DF_HOUSE_PRICES(1.0),Analytical house prices indicators,I,SWE,Sweden,A,Annual,HPI,Nominal house price indices,IX,Index,1985,,14.6099587912088,,A,Normal value,0,Units,S,"Seasonally adjusted, not calendar adjusted",1,One,2015,
DATAFLOW,OECD.ECO.MPD:DSD_AN_HOUSE_PRICES@DF_HOUSE_PRICES(1.0),Analytical house prices indicators,I,SWE,Sweden,A,Annual,HPI,Nominal house price indices,IX,Index,1986,,15.5952815934066,,A,Normal value,0,Units,S,"Seasonally adjusted, not calendar adjusted",1,One,2015,
DATAFLOW,OECD.ECO.MPD:DSD_AN_HOUSE_PRICES@DF_HOUSE_PRICES(1.0),Analytical house prices indicators,I,SWE,Sweden,A,Annual,HPI,Nominal house price indices,IX,Index,1987,,17.5999038461538,,A,Normal value,0,Units,S,"Seasonally adjusted, not calendar adjusted",1,One,2015,
DATAFLOW,OECD.ECO.MPD:DSD_AN_HOUSE_PRICES@DF_HOUSE_PRICES(1.0),Analytical house prices indicators,I,SWE,Sweden,A,Annual,HPI,Nominal house price indices,IX,Index,1988,,20.7937087912088,,A,Normal value,0,Units,S,"Seasonally adjusted, not calendar adjusted",1,One,2015,
DATAFLOW,OECD.ECO.MPD:DSD_AN_HOUSE_PRICES@DF_HOUSE_PRICES(1.0),Analytical house prices indicators,I,SWE,Sweden,A,Annual,HPI,Nominal house price indices,IX,Index,1994,,24.8709065934066,,A,Normal value,0,Units,S,"Seasonally adjusted, not calendar adjusted",1,One,2015,
DATAFLOW,OECD.ECO.MPD:DSD_AN_HOUSE_PRICES@DF_HOUSE_PRICES(1.0),Analytical house prices indicators,I,SWE,Sweden,A,Annual,HPI,Nominal house price indices,IX,Index,1996,,25.1427197802198,,A,Normal value,0,Units,S,"Seasonally adjusted, not calendar adjusted",1,One,2015,
DATAFLOW,OECD.ECO.MPD:DSD_AN_HOUSE_PRICES@DF_HOUSE_PRICES(1.0),Analytical house prices indicators,I,SWE,Sweden,A,Annual,HPI,Nominal house price indices,IX,Index,2000,,35.7094574175824,,A,Normal value,0,Units,S,"Seasonally adjusted, not calendar adjusted",1,One,2015,
DATAFLOW,OECD.ECO.MPD:DSD_AN_HOUSE_PRICES@DF_HOUSE_PRICES(1.0),Analytical house prices indicators,I,SWE,Sweden,A,Annual,HPI,Nominal house price indices,IX,Index,2015,,100,,A,Normal value,0,Units,S,"Seasonally adjusted, not calendar adjusted",1,One,2015,
DATAFLOW,OECD.ECO.MPD:DSD_AN_HOUSE_PRICES@DF_HOUSE_PRICES(1.0),Analytical house prices indicators,I,SWE,Sweden,A,Annual,HPI,Nominal house price indices,IX,Index,2016,,108.2425,,A,Normal value,0,Units,S,"Seasonally adjusted, not calendar adjusted",1,One,2015,
DATAFLOW,OECD.ECO.MPD:DSD_AN_HOUSE_PRICES@DF_HOUSE_PRICES(1.0),Analytical house prices indicators,I,SWE,Sweden,A,Annual,HPI,Nominal house price indices,IX,Index,2017,,115.4275,,A,Normal value,0,Units,S,"Seasonally adjusted, not calendar adjusted",1,One,2015,
DATAFLOW,OECD.ECO.MPD:DSD_AN_HOUSE_PRICES@DF_HOUSE_PRICES(1.0),Analytical house prices indicators,I,SWE,Sweden,A,Annual,HPI,Nominal house price indices,IX,Index,2018,,114.35,,A,Normal value,0,Units,S,"Seasonally adjusted, not calendar adjusted",1,One,2015,
DATAFLOW,OECD.ECO.MPD:DSD_AN_HOUSE_PRICES@DF_HOUSE_PRICES(1.0),Analytical house prices indicators,I,SWE,Sweden,A,Annual,HPI,Nominal house price indices,IX,Index,2019,,117.1875,,A,Normal value,0,Units,S,"Seasonally adjusted, not calendar adjusted",1,One,2015,
DATAFLOW,OECD.ECO.MPD:DSD_AN_HOUSE_PRICES@DF_HOUSE_PRICES(1.0),Analytical house prices indicators,I,SWE,Sweden,A,Annual,HPI,Nominal house price indices,IX,Index,2020,,122.11,,A,Normal value,0,Units,S,"Seasonally adjusted, not calendar adjusted",1,One,2015,
DATAFLOW,OECD.ECO.MPD:DSD_AN_HOUSE_PRICES@DF_HOUSE_PRICES(1.0),Analytical house prices indicators,I,SWE,Sweden,A,Annual,HPI,Nominal house price indices,IX,Index,2021,,134.4625,,A,Normal value,0,Units,S,"Seasonally adjusted, not calendar adjusted",1,One,2015,
DATAFLOW,OECD.ECO.MPD:DSD_AN_HOUSE_PRICES@DF_HOUSE_PRICES(1.0),Analytical house prices indicators,I,CHE,Switzerland,A,Annual,HPI,Nominal house price indices,IX,Index,2015,,100,,A,Normal value,0,Units,S,"Seasonally adjusted, not calendar adjusted",1,One,2015,
DATAFLOW,OECD.ECO.MPD:DSD_AN_HOUSE_PRICES@DF_HOUSE_PRICES(1.0),Analytical house prices indicators,I,TUR,Türkiye,A,Annual,HPI,Nominal house price indices,IX,Index,2015,,100,,A,Normal value,0,Units,S,"Seasonally adjusted, not calendar adjusted",1,One,2015,
DATAFLOW,OECD.ECO.MPD:DSD_AN_HOUSE_PRICES@DF_HOUSE_PRICES(1.0),Analytical house prices indicators,I,GBR,United Kingdom,A,Annual,HPI,Nominal house price indices,IX,Index,2015,,100,,A,Normal value,0,Units,S,"Seasonally adjusted, not calendar adjusted",1,One,2015,
DATAFLOW,OECD.ECO.MPD:DSD_AN_HOUSE_PRICES@DF_HOUSE_PRICES(1.0),Analytical house prices indicators,I,USA,United States,A,Annual,HPI,Nominal house price indices,IX,Index,2015,,100,,A,Normal value,0,Units,S,"Seasonally adjusted, not calendar adjusted",1,One,2015,
DATAFLOW,OECD.ECO.MPD:DSD_AN_HOUSE_PRICES@DF_HOUSE_PRICES(1.0),Analytical house prices indicators,I,EA,Euro area,A,Annual,HPI,Nominal house price indices,IX,Index,2015,,100,,A,Normal value,0,Units,S,"Seasonally adjusted, not calendar adjusted",1,One,2015,
DATAFLOW,OECD.ECO.MPD:DSD_AN_HOUSE_PRICES@DF_HOUSE_PRICES(1.0),Analytical house prices indicators,I,EA17,Euro area (17 countries),A,Annual,HPI,Nominal house price indices,IX,Index,2015,,100,,A,Normal value,0,Units,S,"Seasonally adjusted, not calendar adjusted",1,One,2015,
DATAFLOW,OECD.ECO.MPD:DSD_AN_HOUSE_PRICES@DF_HOUSE_PRICES(1.0),Analytical house prices indicators,I,OECD,OECD,A,Annual,HPI,Nominal house price indices,IX,Index,2015,,100,,A,Normal value,0,Units,S,"Seasonally adjusted, not calendar adjusted",1,One,2015,
DATAFLOW,OECD.ECO.MPD:DSD_AN_HOUSE_PRICES@DF_HOUSE_PRICES(1.0),Analytical house prices indicators,I,BRA,Brazil,A,Annual,HPI,Nominal house price indices,IX,Index,2015,,100,,A,Normal value,0,Units,S,"Seasonally adjusted, not calendar adjusted",1,One,2015,
DATAFLOW,OECD.ECO.MPD:DSD_AN_HOUSE_PRICES@DF_HOUSE_PRICES(1.0),Analytical house prices indicators,I,BGR,Bulgaria,A,Annual,HPI,Nominal house price indices,IX,Index,2007,,118.42,,A,Normal value,0,Units,S,"Seasonally adjusted, not calendar adjusted",1,One,2015,
DATAFLOW,OECD.ECO.MPD:DSD_AN_HOUSE_PRICES@DF_HOUSE_PRICES(1.0),Analytical house prices indicators,I,BGR,Bulgaria,A,Annual,HPI,Nominal house price indices,IX,Index,2008,,147.9725,,A,Normal value,0,Units,S,"Seasonally adjusted, not calendar adjusted",1,One,2015,
DATAFLOW,OECD.ECO.MPD:DSD_AN_HOUSE_PRICES@DF_HOUSE_PRICES(1.0),Analytical house prices indicators,I,BGR,Bulgaria,A,Annual,HPI,Nominal house price indices,IX,Index,2009,,117.785,,A,Normal value,0,Units,S,"Seasonally adjusted, not calendar adjusted",1,One,2015,
DATAFLOW,OECD.ECO.MPD:DSD_AN_HOUSE_PRICES@DF_HOUSE_PRICES(1.0),Analytical house prices indicators,I,BGR,Bulgaria,A,Annual,HPI,Nominal house price indices,IX,Index,2010,,105.8075,,A,Normal value,0,Units,S,"Seasonally adjusted, not calendar adjusted",1,One,2015,
DATAFLOW,OECD.ECO.MPD:DSD_AN_HOUSE_PRICES@DF_HOUSE_PRICES(1.0),Analytical house prices indicators,I,BGR,Bulgaria,A,Annual,HPI,Nominal house price indices,IX,Index,2015,,100,,A,Normal value,0,Units,S,"Seasonally adjusted, not calendar adjusted",1,One,2015,
DATAFLOW,OECD.ECO.MPD:DSD_AN_HOUSE_PRICES@DF_HOUSE_PRICES(1.0),Analytical house prices indicators,I,BGR,Bulgaria,A,Annual,HPI,Nominal house price indices,IX,Index,2016,,107.02,,A,Normal value,0,Units,S,"Seasonally adjusted, not calendar adjusted",1,One,2015,
DATAFLOW,OECD.ECO.MPD:DSD_AN_HOUSE_PRICES@DF_HOUSE_PRICES(1.0),Analytical house prices indicators,I,BGR,Bulgaria,A,Annual,HPI,Nominal house price indices,IX,Index,2017,,116.295,,A,Normal value,0,Units,S,"Seasonally adjusted, not calendar adjusted",1,One,2015,
DATAFLOW,OECD.ECO.MPD:DSD_AN_HOUSE_PRICES@DF_HOUSE_PRICES(1.0),Analytical house prices indicators,I,BGR,Bulgaria,A,Annual,HPI,Nominal house price indices,IX,Index,2018,,123.955,,A,Normal value,0,Units,S,"Seasonally adjusted, not calendar adjusted",1,One,2015,
DATAFLOW,OECD.ECO.MPD:DSD_AN_HOUSE_PRICES@DF_HOUSE_PRICES(1.0),Analytical house prices indicators,I,BGR,Bulgaria,A,Annual,HPI,Nominal house price indices,IX,Index,2019,,131.4175,,A,Normal value,0,Units,S,"Seasonally adjusted, not calendar adjusted",1,One,2015,
DATAFLOW,OECD.ECO.MPD:DSD_AN_HOUSE_PRICES@DF_HOUSE_PRICES(1.0),Analytical house prices indicators,I,BGR,Bulgaria,A,Annual,HPI,Nominal house price indices,IX,Index,2020,,137.4125,,A,Normal value,0,Units,S,"Seasonally adjusted, not calendar adjusted",1,One,2015,
DATAFLOW,OECD.ECO.MPD:DSD_AN_HOUSE_PRICES@DF_HOUSE_PRICES(1.0),Analytical house prices indicators,I,BGR,Bulgaria,A,Annual,HPI,Nominal house price indices,IX,Index,2021,,149.3325,,A,Normal value,0,Units,S,"Seasonally adjusted, not calendar adjusted",1,One,2015,
DATAFLOW,OECD.ECO.MPD:DSD_AN_HOUSE_PRICES@DF_HOUSE_PRICES(1.0),Analytical house prices indicators,I,CHN,China (People’s Republic of),A,Annual,HPI,Nominal house price indices,IX,Index,2015,,100,,A,Normal value,0,Units,S,"Seasonally adjusted, not calendar adjusted",1,One,2015,
DATAFLOW,OECD.ECO.MPD:DSD_AN_HOUSE_PRICES@DF_HOUSE_PRICES(1.0),Analytical house prices indicators,I,CHN,China (People’s Republic of),A,Annual,HPI,Nominal house price indices,IX,Index,2017,,126.98929589754,,A,Normal value,0,Units,S,"Seasonally adjusted, not calendar adjusted",1,One,2015,
DATAFLOW,OECD.ECO.MPD:DSD_AN_HOUSE_PRICES@DF_HOUSE_PRICES(1.0),Analytical house prices indicators,I,CHN,China (People’s Republic of),A,Annual,HPI,Nominal house price indices,IX,Index,2019,,139.503123977501,,A,Normal value,0,Units,S,"Seasonally adjusted, not calendar adjusted",1,One,2015,
DATAFLOW,OECD.ECO.MPD:DSD_AN_HOUSE_PRICES@DF_HOUSE_PRICES(1.0),Analytical house prices indicators,I,HRV,Croatia,A,Annual,HPI,Nominal house price indices,IX,Index,2015,,100,,A,Normal value,0,Units,S,"Seasonally adjusted, not calendar adjusted",1,One,2015,
DATAFLOW,OECD.ECO.MPD:DSD_AN_HOUSE_PRICES@DF_HOUSE_PRICES(1.0),Analytical house prices indicators,I,IND,India,A,Annual,HPI,Nominal house price indices,IX,Index,2015,,100,,A,Normal value,0,Units,S,"Seasonally adjusted, not calendar adjusted",1,One,2015,
DATAFLOW,OECD.ECO.MPD:DSD_AN_HOUSE_PRICES@DF_HOUSE_PRICES(1.0),Analytical house prices indicators,I,IDN,Indonesia,A,Annual,HPI,Nominal house price indices,IX,Index,2015,,100,,A,Normal value,0,Units,S,"Seasonally adjusted, not calendar adjusted",1,One,2015,
DATAFLOW,OECD.ECO.MPD:DSD_AN_HOUSE_PRICES@DF_HOUSE_PRICES(1.0),Analytical house prices indicators,I,IDN,Indonesia,A,Annual,HPI,Nominal house price indices,IX,Index,2017,,106.415233961915,,A,Normal value,0,Units,S,"Seasonally adjusted, not calendar adjusted",1,One,2015,
DATAFLOW,OECD.ECO.MPD:DSD_AN_HOUSE_PRICES@DF_HOUSE_PRICES(1.0),Analytical house prices indicators,I,IDN,Indonesia,A,Annual,HPI,Nominal house price indices,IX,Index,2018,,109.894975262562,,A,Normal value,0,Units,S,"Seasonally adjusted, not calendar adjusted",1,One,2015,
DATAFLOW,OECD.ECO.MPD:DSD_AN_HOUSE_PRICES@DF_HOUSE_PRICES(1.0),Analytical house prices indicators,I,IDN,Indonesia,A,Annual,HPI,Nominal house price indices,IX,Index,2020,,113.64571588571,,A,Normal value,0,Units,S,"Seasonally adjusted, not calendar adjusted",1,One,2015,
DATAFLOW,OECD.ECO.MPD:DSD_AN_HOUSE_PRICES@DF_HOUSE_PRICES(1.0),Analytical house prices indicators,I,ROU,Romania,A,Annual,HPI,Nominal house price indices,IX,Index,2010,,119.5425,,A,Normal value,0,Units,S,"Seasonally adjusted, not calendar adjusted",1,One,2015,
DATAFLOW,OECD.ECO.MPD:DSD_AN_HOUSE_PRICES@DF_HOUSE_PRICES(1.0),Analytical house prices indicators,I,ROU,Romania,A,Annual,HPI,Nominal house price indices,IX,Index,2011,,104.8275,,A,Normal value,0,Units,S,"Seasonally adjusted, not calendar adjusted",1,One,2015,
DATAFLOW,OECD.ECO.MPD:DSD_AN_HOUSE_PRICES@DF_HOUSE_PRICES(1.0),Analytical house prices indicators,I,ROU,Romania,A,Annual,HPI,Nominal house price indices,IX,Index,2015,,100,,A,Normal value,0,Units,S,"Seasonally adjusted, not calendar adjusted",1,One,2015,
DATAFLOW,OECD.ECO.MPD:DSD_AN_HOUSE_PRICES@DF_HOUSE_PRICES(1.0),Analytical house prices indicators,I,ROU,Romania,A,Annual,HPI,Nominal house price indices,IX,Index,2016,,105.95,,A,Normal value,0,Units,S,"Seasonally adjusted, not calendar adjusted",1,One,2015,
DATAFLOW,OECD.ECO.MPD:DSD_AN_HOUSE_PRICES@DF_HOUSE_PRICES(1.0),Analytical house prices indicators,I,ROU,Romania,A,Annual,HPI,Nominal house price indices,IX,Index,2017,,112.355,,A,Normal value,0,Units,S,"Seasonally adjusted, not calendar adjusted",1,One,2015,
DATAFLOW,OECD.ECO.MPD:DSD_AN_HOUSE_PRICES@DF_HOUSE_PRICES(1.0),Analytical house prices indicators,I,ROU,Romania,A,Annual,HPI,Nominal house price indices,IX,Index,2018,,118.6175,,A,Normal value,0,Units,S,"Seasonally adjusted, not calendar adjusted",1,One,2015,
DATAFLOW,OECD.ECO.MPD:DSD_AN_HOUSE_PRICES@DF_HOUSE_PRICES(1.0),Analytical house prices indicators,I,ROU,Romania,A,Annual,HPI,Nominal house price indices,IX,Index,2019,,122.69,,A,Normal value,0,Units,S,"Seasonally adjusted, not calendar adjusted",1,One,2015,
DATAFLOW,OECD.ECO.MPD:DSD_AN_HOUSE_PRICES@DF_HOUSE_PRICES(1.0),Analytical house prices indicators,I,ROU,Romania,A,Annual,HPI,Nominal house price indices,IX,Index,2020,,128.435,,A,Normal value,0,Units,S,"Seasonally adjusted, not calendar adjusted",1,One,2015,
DATAFLOW,OECD.ECO.MPD:DSD_AN_HOUSE_PRICES@DF_HOUSE_PRICES(1.0),Analytical house prices indicators,I,ROU,Romania,A,Annual,HPI,Nominal house price indices,IX,Index,2021,,134.0875,,A,Normal value,0,Units,S,"Seasonally adjusted, not calendar adjusted",1,One,2015,
DATAFLOW,OECD.ECO.MPD:DSD_AN_HOUSE_PRICES@DF_HOUSE_PRICES(1.0),Analytical house prices indicators,I,RUS,Russia,A,Annual,HPI,Nominal house price indices,IX,Index,2002,,23.4905,,A,Normal value,0,Units,S,"Seasonally adjusted, not calendar adjusted",1,One,2015,
DATAFLOW,OECD.ECO.MPD:DSD_AN_HOUSE_PRICES@DF_HOUSE_PRICES(1.0),Analytical house prices indicators,I,RUS,Russia,A,Annual,HPI,Nominal house price indices,IX,Index,2015,,100,,A,Normal value,0,Units,S,"Seasonally adjusted, not calendar adjusted",1,One,2015,
DATAFLOW,OECD.ECO.MPD:DSD_AN_HOUSE_PRICES@DF_HOUSE_PRICES(1.0),Analytical house prices indicators,I,RUS,Russia,A,Annual,HPI,Nominal house price indices,IX,Index,2016,,102.8555,,A,Normal value,0,Units,S,"Seasonally adjusted, not calendar adjusted",1,One,2015,
DATAFLOW,OECD.ECO.MPD:DSD_AN_HOUSE_PRICES@DF_HOUSE_PRICES(1.0),Analytical house prices indicators,I,RUS,Russia,A,Annual,HPI,Nominal house price indices,IX,Index,2017,,108.782,,A,Normal value,0,Units,S,"Seasonally adjusted, not calendar adjusted",1,One,2015,
DATAFLOW,OECD.ECO.MPD:DSD_AN_HOUSE_PRICES@DF_HOUSE_PRICES(1.0),Analytical house prices indicators,I,RUS,Russia,A,Annual,HPI,Nominal house price indices,IX,Index,2018,,116.1475,,A,Normal value,0,Units,S,"Seasonally adjusted, not calendar adjusted",1,One,2015,
DATAFLOW,OECD.ECO.MPD:DSD_AN_HOUSE_PRICES@DF_HOUSE_PRICES(1.0),Analytical house prices indicators,I,RUS,Russia,A,Annual,HPI,Nominal house price indices,IX,Index,2019,,119.822,,A,Normal value,0,Units,S,"Seasonally adjusted, not calendar adjusted",1,One,2015,
DATAFLOW,OECD.ECO.MPD:DSD_AN_HOUSE_PRICES@DF_HOUSE_PRICES(1.0),Analytical house prices indicators,I,RUS,Russia,A,Annual,HPI,Nominal house price indices,IX,Index,2020,,144.2595,,A,Normal value,0,Units,S,"Seasonally adjusted, not calendar adjusted",1,One,2015,
DATAFLOW,OECD.ECO.MPD:DSD_AN_HOUSE_PRICES@DF_HOUSE_PRICES(1.0),Analytical house prices indicators,I,RUS,Russia,A,Annual,HPI,Nominal house price indices,IX,Index,2021,,175.268,,A,Normal value,0,Units,S,"Seasonally adjusted, not calendar adjusted",1,One,2015,
DATAFLOW,OECD.ECO.MPD:DSD_AN_HOUSE_PRICES@DF_HOUSE_PRICES(1.0),Analytical house prices indicators,I,SAU,Saudi Arabia,A,Annual,HPI,Nominal house price indices,IX,Index,2015,,100,,A,Normal value,0,Units,S,"Seasonally adjusted, not calendar adjusted",1,One,2015,
DATAFLOW,OECD.ECO.MPD:DSD_AN_HOUSE_PRICES@DF_HOUSE_PRICES(1.0),Analytical house prices indicators,I,ZAF,South Africa,A,Annual,HPI,Nominal house price indices,IX,Index,2015,,100,,A,Normal value,0,Units,S,"Seasonally adjusted, not calendar adjusted",1,One,2015,
