STRUCTURE,STRUCTURE_ID,STRUCTURE_NAME,ACTION,REF_AREA,Reference area,FREQ,Frequency of observation,MEASURE,Measure,UNIT_MEASURE,Unit of measure,TIME_PERIOD,Time period,OBS_VALUE,Observation value,OBS_STATUS,Observation status,UNIT_MULT,Unit multiplier,ADJUSTMENT,Adjustment,DECIMALS,Decimals,BASE_PER,Base period
DATAFLOW,OECD.ECO.MPD:DSD_AN_HOUSE_PRICES@DF_HOUSE_PRICES(1.0),Analytical house prices indicators,I,AUS,Australia,A,Annual,RPI,Rent prices,IX,Index,1973,,9.366454920838,,A,Normal value,0,Units,S,"Seasonally adjusted, not calendar adjusted",1,One,2015,
DATAFLOW,OECD.ECO.MPD:DSD_AN_HOUSE_PRICES@DF_HOUSE_PRICES(1.0),Analytical house prices indicators,I,AUS,Australia,A,Annual,RPI,Rent prices,IX,Index,1974,,10.4147668018458,,A,Normal value,0,Units,S,"Seasonally adjusted, not calendar adjusted",1,One,2015,
DATAFLOW,OECD.ECO.MPD:DSD_AN_HOUSE_PRICES@DF_HOUSE_PRICES(1.0),Analytical house prices indicators,I,AUS,Australia,A,Annual,RPI,Rent prices,IX,Index,1975,,12.1239765154971,,A,Normal value,0,Units,S,"Seasonally adjusted, not calendar adjusted",1,One,2015,
DATAFLOW,OECD.ECO.MPD:DSD_AN_HOUSE_PRICES@DF_HOUSE_PRICES(1.0),Analytical house prices indicators,I,AUS,Australia,A,Annual,RPI,Rent prices,IX,Index,1976,,13.901551737694,,A,Normal value,0,Units,S,"Seasonally adjusted, not calendar adjusted",1,One,2015,
DATAFLOW,OECD.ECO.MPD:DSD_AN_HOUSE_PRICES@DF_HOUSE_PRICES(1.0),Analytical house prices indicators,I,AUS,Australia,A,Annual,RPI,Rent prices,IX,Index,1977,,15.4284444285555,,A,Normal value,0,Units,S,"Seasonally adjusted, not calendar adjusted",1,One,2015,
DATAFLOW,OECD.ECO.MPD:DSD_AN_HOUSE_PRICES@DF_HOUSE_PRICES(1.0),Analytical house prices indicators,I,AUS,Australia,A,Annual,RPI,Rent prices,IX,Index,1978,,16.7046520880815,,A,Normal value,0,Units,S,"Seasonally adjusted, not calendar adjusted",1,One,2015,
DATAFLOW,OECD.ECO.MPD:DSD_AN_HOUSE_PRICES@DF_HOUSE_PRICES(1.0),Analytical house prices indicators,I,AUS,Australia,A,Annual,RPI,Rent prices,IX,Index,1979,,18.1175972646996,,A,Normal value,0,Units,S,"Seasonally adjusted, not calendar adjusted",1,One,2015,
DATAFLOW,OECD.ECO.MPD:DSD_AN_HOUSE_PRICES@DF_HOUSE_PRICES(1.0),Analytical house prices indicators,I,AUS,Australia,A,Annual,RPI,Rent prices,IX,Index,1980,,19.3482274185284,,A,Normal value,0,Units,S,"Seasonally adjusted, not calendar adjusted",1,One,2015,
DATAFLOW,OECD.ECO.MPD:DSD_AN_HOUSE_PRICES@DF_HOUSE_PRICES(1.0),Analytical house prices indicators,I,AUS,Australia,A,Annual,RPI,Rent prices,IX,Index,1981,,20.9206951150868,,A,Normal value,0,Units,S,"Seasonally adjusted, not calendar adjusted",1,One,2015,
DATAFLOW,OECD.ECO.MPD:DSD_AN_HOUSE_PRICES@DF_HOUSE_PRICES(1.0),Analytical house prices indicators,I,AUS,Australia,A,Annual,RPI,Rent prices,IX,Index,1982,,23.3819529227441,,A,Normal value,0,Units,S,"Seasonally adjusted, not calendar adjusted",1,One,2015,
DATAFLOW,OECD.ECO.MPD:DSD_AN_HOUSE_PRICES@DF_HOUSE_PRICES(1.0),Analytical house prices indicators,I,AUS,Australia,A,Annual,RPI,Rent prices,IX,Index,1983,,25.4557906819738,,A,Normal value,0,Units,S,"Seasonally adjusted, not calendar adjusted",1,One,2015,
DATAFLOW,OECD.ECO.MPD:DSD_AN_HOUSE_PRICES@DF_HOUSE_PRICES(1.0),Analytical house prices indicators,I,AUS,Australia,A,Annual,RPI,Rent prices,IX,Index,1984,,27.3245234155654,,A,Normal value,0,Units,S,"Seasonally adjusted, not calendar adjusted",1,One,2015,
DATAFLOW,OECD.ECO.MPD:DSD_AN_HOUSE_PRICES@DF_HOUSE_PRICES(1.0),Analytical house prices indicators,I,AUS,Australia,A,Annual,RPI,Rent prices,IX,Index,1985,,29.6490487061311,,A,Normal value,0,Units,S,"Seasonally adjusted, not calendar adjusted",1,One,2015,
DATAFLOW,OECD.ECO.MPD:DSD_AN_HOUSE_PRICES@DF_HOUSE_PRICES(1.0),Analytical house prices indicators,I,AUS,Australia,A,Annual,RPI,Rent prices,IX,Index,1986,,32.7028265878533,,A,Normal value,0,Units,S,"Seasonally adjusted, not calendar adjusted",1,One,2015,
DATAFLOW,OECD.ECO.MPD:DSD_AN_HOUSE_PRICES@DF_HOUSE_PRICES(1.0),Analytical house prices indicators,I,AUS,Australia,A,Annual,RPI,Rent prices,IX,Index,1987,,36.0756670094584,,A,Normal value,0,Units,S,"Seasonally adjusted, not calendar adjusted",1,One,2015,
DATAFLOW,OECD.ECO.MPD:DSD_AN_HOUSE_PRICES@DF_HOUSE_PRICES(1.0),Analytical house prices indicators,I,AUS,Australia,A,Annual,RPI,Rent prices,IX,Index,1988,,40.200552525069,,A,Normal value,0,Units,S,"Seasonally adjusted, not calendar adjusted",1,One,2015,
DATAFLOW,OECD.ECO.MPD:DSD_AN_HOUSE_PRICES@DF_HOUSE_PRICES(1.0),Analytical house prices indicators,I,AUS,Australia,A,Annual,RPI,Rent prices,IX,Index,1989,,44.0063855007982,,A,Normal value,0,Units,S,"Seasonally adjusted, not calendar adjusted",1,One,2015,
DATAFLOW,OECD.ECO.MPD:DSD_AN_HOUSE_PRICES@DF_HOUSE_PRICES(1.0),Analytical house prices indicators,I,AUS,Australia,A,Annual,RPI,Rent prices,IX,Index,1990,,46.6271708283963,,A,Normal value,0,Units,S,"Seasonally adjusted, not calendar adjusted",1,One,2015,
DATAFLOW,OECD.ECO.MPD:DSD_AN_HOUSE_PRICES@DF_HOUSE_PRICES(1.0),Analytical house prices indicators,I,AUS,Australia,A,Annual,RPI,Rent prices,IX,Index,1991,,48.1540635192579,,A,Normal value,0,Units,S,"Seasonally adjusted, not calendar adjusted",1,One,2015,
DATAFLOW,OECD.ECO.MPD:DSD_AN_HOUSE_PRICES@DF_HOUSE_PRICES(1.0),Analytical house prices indicators,I,AUS,Australia,A,Annual,RPI,Rent prices,IX,Index,1992,,48.6098560762319,,A,Normal value,0,Units,S,"Seasonally adjusted, not calendar adjusted",1,One,2015,
DATAFLOW,OECD.ECO.MPD:DSD_AN_HOUSE_PRICES@DF_HOUSE_PRICES(1.0),Analytical house prices indicators,I,AUS,Australia,A,Annual,RPI,Rent prices,IX,Index,1993,,48.8377461047182,,A,Normal value,0,Units,S,"Seasonally adjusted, not calendar adjusted",1,One,2015,
DATAFLOW,OECD.ECO.MPD:DSD_AN_HOUSE_PRICES@DF_HOUSE_PRICES(1.0),Analytical house prices indicators,I,AUS,Australia,A,Annual,RPI,Rent prices,IX,Index,1994,,49.1795861474482,,A,Normal value,0,Units,S,"Seasonally adjusted, not calendar adjusted",1,One,2015,
DATAFLOW,OECD.ECO.MPD:DSD_AN_HOUSE_PRICES@DF_HOUSE_PRICES(1.0),Analytical house prices indicators,I,AUS,Australia,A,Annual,RPI,Rent prices,IX,Index,1995,,50.0227937528492,,A,Normal value,0,Units,S,"Seasonally adjusted, not calendar adjusted",1,One,2015,
DATAFLOW,OECD.ECO.MPD:DSD_AN_HOUSE_PRICES@DF_HOUSE_PRICES(1.0),Analytical house prices indicators,I,AUS,Australia,A,Annual,RPI,Rent prices,IX,Index,1996,,51.5496864437107,,A,Normal value,0,Units,S,"Seasonally adjusted, not calendar adjusted",1,One,2015,
DATAFLOW,OECD.ECO.MPD:DSD_AN_HOUSE_PRICES@DF_HOUSE_PRICES(1.0),Analytical house prices indicators,I,AUS,Australia,A,Annual,RPI,Rent prices,IX,Index,1997,,53.0537916317239,,A,Normal value,0,Units,S,"Seasonally adjusted, not calendar adjusted",1,One,2015,
DATAFLOW,OECD.ECO.MPD:DSD_AN_HOUSE_PRICES@DF_HOUSE_PRICES(1.0),Analytical house prices indicators,I,AUS,Australia,A,Annual,RPI,Rent prices,IX,Index,1998,,54.6718393339799,,A,Normal value,0,Units,S,"Seasonally adjusted, not calendar adjusted",1,One,2015,
DATAFLOW,OECD.ECO.MPD:DSD_AN_HOUSE_PRICES@DF_HOUSE_PRICES(1.0),Analytical house prices indicators,I,AUS,Australia,A,Annual,RPI,Rent prices,IX,Index,1999,,56.1303620162952,,A,Normal value,0,Units,S,"Seasonally adjusted, not calendar adjusted",1,One,2015,
DATAFLOW,OECD.ECO.MPD:DSD_AN_HOUSE_PRICES@DF_HOUSE_PRICES(1.0),Analytical house prices indicators,I,AUS,Australia,A,Annual,RPI,Rent prices,IX,Index,2000,,57.8623622327952,,A,Normal value,0,Units,S,"Seasonally adjusted, not calendar adjusted",1,One,2015,
DATAFLOW,OECD.ECO.MPD:DSD_AN_HOUSE_PRICES@DF_HOUSE_PRICES(1.0),Analytical house prices indicators,I,AUS,Australia,A,Annual,RPI,Rent prices,IX,Index,2001,,59.6627224578402,,A,Normal value,0,Units,S,"Seasonally adjusted, not calendar adjusted",1,One,2015,
DATAFLOW,OECD.ECO.MPD:DSD_AN_HOUSE_PRICES@DF_HOUSE_PRICES(1.0),Analytical house prices indicators,I,AUS,Australia,A,Annual,RPI,Rent prices,IX,Index,2002,,61.1440351430043,,A,Normal value,0,Units,S,"Seasonally adjusted, not calendar adjusted",1,One,2015,
DATAFLOW,OECD.ECO.MPD:DSD_AN_HOUSE_PRICES@DF_HOUSE_PRICES(1.0),Analytical house prices indicators,I,AUS,Australia,A,Annual,RPI,Rent prices,IX,Index,2003,,62.2835102854387,,A,Normal value,0,Units,S,"Seasonally adjusted, not calendar adjusted",1,One,2015,
DATAFLOW,OECD.ECO.MPD:DSD_AN_HOUSE_PRICES@DF_HOUSE_PRICES(1.0),Analytical house prices indicators,I,AUS,Australia,A,Annual,RPI,Rent prices,IX,Index,2004,,63.8559779819972,,A,Normal value,0,Units,S,"Seasonally adjusted, not calendar adjusted",1,One,2015,
DATAFLOW,OECD.ECO.MPD:DSD_AN_HOUSE_PRICES@DF_HOUSE_PRICES(1.0),Analytical house prices indicators,I,AUS,Australia,A,Annual,RPI,Rent prices,IX,Index,2005,,65.2689231586153,,A,Normal value,0,Units,S,"Seasonally adjusted, not calendar adjusted",1,One,2015,
DATAFLOW,OECD.ECO.MPD:DSD_AN_HOUSE_PRICES@DF_HOUSE_PRICES(1.0),Analytical house prices indicators,I,AUS,Australia,A,Annual,RPI,Rent prices,IX,Index,2006,,67.3883384235422,,A,Normal value,0,Units,S,"Seasonally adjusted, not calendar adjusted",1,One,2015,
DATAFLOW,OECD.ECO.MPD:DSD_AN_HOUSE_PRICES@DF_HOUSE_PRICES(1.0),Analytical house prices indicators,I,AUS,Australia,A,Annual,RPI,Rent prices,IX,Index,2007,,71.0802288850285,,A,Normal value,0,Units,S,"Seasonally adjusted, not calendar adjusted",1,One,2015,
DATAFLOW,OECD.ECO.MPD:DSD_AN_HOUSE_PRICES@DF_HOUSE_PRICES(1.0),Analytical house prices indicators,I,AUS,Australia,A,Annual,RPI,Rent prices,IX,Index,2008,,76.6408470801058,,A,Normal value,0,Units,S,"Seasonally adjusted, not calendar adjusted",1,One,2015,
DATAFLOW,OECD.ECO.MPD:DSD_AN_HOUSE_PRICES@DF_HOUSE_PRICES(1.0),Analytical house prices indicators,I,AUS,Australia,A,Annual,RPI,Rent prices,IX,Index,2009,,81.7456827182102,,A,Normal value,0,Units,S,"Seasonally adjusted, not calendar adjusted",1,One,2015,
DATAFLOW,OECD.ECO.MPD:DSD_AN_HOUSE_PRICES@DF_HOUSE_PRICES(1.0),Analytical house prices indicators,I,AUS,Australia,A,Annual,RPI,Rent prices,IX,Index,2010,,85.3008331626041,,A,Normal value,0,Units,S,"Seasonally adjusted, not calendar adjusted",1,One,2015,
DATAFLOW,OECD.ECO.MPD:DSD_AN_HOUSE_PRICES@DF_HOUSE_PRICES(1.0),Analytical house prices indicators,I,AUS,Australia,A,Annual,RPI,Rent prices,IX,Index,2011,,89.2206111525763,,A,Normal value,0,Units,S,"Seasonally adjusted, not calendar adjusted",1,One,2015,
DATAFLOW,OECD.ECO.MPD:DSD_AN_HOUSE_PRICES@DF_HOUSE_PRICES(1.0),Analytical house prices indicators,I,AUS,Australia,A,Annual,RPI,Rent prices,IX,Index,2012,,92.9125016140626,,A,Normal value,0,Units,S,"Seasonally adjusted, not calendar adjusted",1,One,2015,
DATAFLOW,OECD.ECO.MPD:DSD_AN_HOUSE_PRICES@DF_HOUSE_PRICES(1.0),Analytical house prices indicators,I,AUS,Australia,A,Annual,RPI,Rent prices,IX,Index,2013,,95.9662819957851,,A,Normal value,0,Units,S,"Seasonally adjusted, not calendar adjusted",1,One,2015,
DATAFLOW,OECD.ECO.MPD:DSD_AN_HOUSE_PRICES@DF_HOUSE_PRICES(1.0),Analytical house prices indicators,I,AUS,Australia,A,Annual,RPI,Rent prices,IX,Index,2014,,98.3819622977452,,A,Normal value,0,Units,S,"Seasonally adjusted, not calendar adjusted",1,One,2015,
DATAFLOW,OECD.ECO.MPD:DSD_AN_HOUSE_PRICES@DF_HOUSE_PRICES(1.0),Analytical house prices indicators,I,AUS,Australia,A,Annual,RPI,Rent prices,IX,Index,2015,,100,,A,Normal value,0,Units,S,"Seasonally adjusted, not calendar adjusted",1,One,2015,
DATAFLOW,OECD.ECO.MPD:DSD_AN_HOUSE_PRICES@DF_HOUSE_PRICES(1.0),Analytical house prices indicators,I,AUS,Australia,A,Annual,RPI,Rent prices,IX,Index,2016,,100.752062594008,,A,Normal value,0,Units,S,"Seasonally adjusted, not calendar adjusted",1,One,2015,
DATAFLOW,OECD.ECO.MPD:DSD_AN_HOUSE_PRICES@DF_HOUSE_PRICES(1.0),Analytical house prices indicators,I,AUS,Australia,A,Annual,RPI,Rent prices,IX,Index,2017,,101.39016267377,,A,Normal value,0,Units,S,"Seasonally adjusted, not calendar adjusted",1,One,2015,
DATAFLOW,OECD.ECO.MPD:DSD_AN_HOUSE_PRICES@DF_HOUSE_PRICES(1.0),Analytical house prices indicators,I,AUS,Australia,A,Annual,RPI,Rent prices,IX,Index,2018,,102.05103775638,,A,Normal value,0,Units,S,"Seasonally adjusted, not calendar adjusted",1,One,2015,
DATAFLOW,OECD.ECO.MPD:DSD_AN_HOUSE_PRICES@DF_HOUSE_PRICES(1.0),Analytical house prices indicators,I,AUS,Australia,A,Annual,RPI,Rent prices,IX,Index,2019,,102.415712801964,,A,Normal value,0,Units,S,"Seasonally adjusted, not calendar adjusted",1,One,2015,
DATAFLOW,OECD.ECO.MPD:DSD_AN_HOUSE_PRICES@DF_HOUSE_PRICES(1.0),Analytical house prices indicators,I,AUS,Australia,A,Annual,RPI,Rent prices,IX,Index,2020,,101.458537682317,,A,Normal value,0,Units,S,"Seasonally adjusted, not calendar adjusted",1,One,2015,
DATAFLOW,OECD.ECO.MPD:DSD_AN_HOUSE_PRICES@DF_HOUSE_PRICES(1.0),Analytical house prices indicators,I,AUS,Australia,A,Annual,RPI,Rent prices,IX,Index,2021,,101.27623765953,,A,Normal value,0,Units,S,"Seasonally adjusted, not calendar adjusted",1,One,2015,
DATAFLOW,OECD.ECO.MPD:DSD_AN_HOUSE_PRICES@DF_HOUSE_PRICES(1.0),Analytical house prices indicators,I,AUS,Australia,A,Annual,RPI,Rent prices,IX,Index,2022,,103.646337955792,,A,Normal value,0,Units,S,"Seasonally adjusted, not calendar adjusted",1,One,2015,
DATAFLOW,OECD.ECO.MPD:DSD_AN_HOUSE_PRICES@DF_HOUSE_PRICES(1.0),Analytical house prices indicators,I,AUS,Australia,A,Annual,RPI,Rent prices,IX,Index,2023,,110.528738816092,,A,Normal value,0,Units,S,"Seasonally adjusted, not calendar adjusted",1,One,2015,
DATAFLOW,OECD.ECO.MPD:DSD_AN_HOUSE_PRICES@DF_HOUSE_PRICES(1.0),Analytical house prices indicators,I,AUS,Australia,A,Annual,RPI,Rent prices,IX,Index,2024,,118.345489793157,,A,Normal value,0,Units,S,"Seasonally adjusted, not calendar adjusted",1,One,2015,
DATAFLOW,OECD.ECO.MPD:DSD_AN_HOUSE_PRICES@DF_HOUSE_PRICES(1.0),Analytical house prices indicators,I,AUT,Austria,A,Annual,RPI,Rent prices,IX,Index,1966,,6.67705693946615,,A,Normal value,0,Units,S,"Seasonally adjusted, not calendar adjusted",1,One,2015,
DATAFLOW,OECD.ECO.MPD:DSD_AN_HOUSE_PRICES@DF_HOUSE_PRICES(1.0),Analytical house prices indicators,I,AUT,Austria,A,Annual,RPI,Rent prices,IX,Index,1967,,7.07486512479098,,A,Normal value,0,Units,S,"Seasonally adjusted, not calendar adjusted",1,One,2015,
DATAFLOW,OECD.ECO.MPD:DSD_AN_HOUSE_PRICES@DF_HOUSE_PRICES(1.0),Analytical house prices indicators,I,AUT,Austria,A,Annual,RPI,Rent prices,IX,Index,1968,,7.57059493197715,,A,Normal value,0,Units,S,"Seasonally adjusted, not calendar adjusted",1,One,2015,
DATAFLOW,OECD.ECO.MPD:DSD_AN_HOUSE_PRICES@DF_HOUSE_PRICES(1.0),Analytical house prices indicators,I,AUT,Austria,A,Annual,RPI,Rent prices,IX,Index,1969,,8.1230753851017,,A,Normal value,0,Units,S,"Seasonally adjusted, not calendar adjusted",1,One,2015,
DATAFLOW,OECD.ECO.MPD:DSD_AN_HOUSE_PRICES@DF_HOUSE_PRICES(1.0),Analytical house prices indicators,I,AUT,Austria,A,Annual,RPI,Rent prices,IX,Index,1970,,9.04276350199559,,A,Normal value,0,Units,S,"Seasonally adjusted, not calendar adjusted",1,One,2015,
DATAFLOW,OECD.ECO.MPD:DSD_AN_HOUSE_PRICES@DF_HOUSE_PRICES(1.0),Analytical house prices indicators,I,AUT,Austria,A,Annual,RPI,Rent prices,IX,Index,1971,,10.2022482155196,,A,Normal value,0,Units,S,"Seasonally adjusted, not calendar adjusted",1,One,2015,
DATAFLOW,OECD.ECO.MPD:DSD_AN_HOUSE_PRICES@DF_HOUSE_PRICES(1.0),Analytical house prices indicators,I,AUT,Austria,A,Annual,RPI,Rent prices,IX,Index,1972,,11.2382178923437,,A,Normal value,0,Units,S,"Seasonally adjusted, not calendar adjusted",1,One,2015,
DATAFLOW,OECD.ECO.MPD:DSD_AN_HOUSE_PRICES@DF_HOUSE_PRICES(1.0),Analytical house prices indicators,I,AUT,Austria,A,Annual,RPI,Rent prices,IX,Index,1973,,12.5412488811004,,A,Normal value,0,Units,S,"Seasonally adjusted, not calendar adjusted",1,One,2015,
DATAFLOW,OECD.ECO.MPD:DSD_AN_HOUSE_PRICES@DF_HOUSE_PRICES(1.0),Analytical house prices indicators,I,AUT,Austria,A,Annual,RPI,Rent prices,IX,Index,1974,,13.1888690479556,,A,Normal value,0,Units,S,"Seasonally adjusted, not calendar adjusted",1,One,2015,
DATAFLOW,OECD.ECO.MPD:DSD_AN_HOUSE_PRICES@DF_HOUSE_PRICES(1.0),Analytical house prices indicators,I,AUT,Austria,A,Annual,RPI,Rent prices,IX,Index,1975,,14.5792490953968,,A,Normal value,0,Units,S,"Seasonally adjusted, not calendar adjusted",1,One,2015,
DATAFLOW,OECD.ECO.MPD:DSD_AN_HOUSE_PRICES@DF_HOUSE_PRICES(1.0),Analytical house prices indicators,I,AUT,Austria,A,Annual,RPI,Rent prices,IX,Index,1976,,17.1491460321163,,A,Normal value,0,Units,S,"Seasonally adjusted, not calendar adjusted",1,One,2015,
DATAFLOW,OECD.ECO.MPD:DSD_AN_HOUSE_PRICES@DF_HOUSE_PRICES(1.0),Analytical house prices indicators,I,AUT,Austria,A,Annual,RPI,Rent prices,IX,Index,1977,,18.9640429733743,,A,Normal value,0,Units,S,"Seasonally adjusted, not calendar adjusted",1,One,2015,
DATAFLOW,OECD.ECO.MPD:DSD_AN_HOUSE_PRICES@DF_HOUSE_PRICES(1.0),Analytical house prices indicators,I,AUT,Austria,A,Annual,RPI,Rent prices,IX,Index,1978,,19.9877725353227,,A,Normal value,0,Units,S,"Seasonally adjusted, not calendar adjusted",1,One,2015,
DATAFLOW,OECD.ECO.MPD:DSD_AN_HOUSE_PRICES@DF_HOUSE_PRICES(1.0),Analytical house prices indicators,I,AUT,Austria,A,Annual,RPI,Rent prices,IX,Index,1979,,20.7016027263277,,A,Normal value,0,Units,S,"Seasonally adjusted, not calendar adjusted",1,One,2015,
DATAFLOW,OECD.ECO.MPD:DSD_AN_HOUSE_PRICES@DF_HOUSE_PRICES(1.0),Analytical house prices indicators,I,AUT,Austria,A,Annual,RPI,Rent prices,IX,Index,1980,,21.393178589023,,A,Normal value,0,Units,S,"Seasonally adjusted, not calendar adjusted",1,One,2015,
DATAFLOW,OECD.ECO.MPD:DSD_AN_HOUSE_PRICES@DF_HOUSE_PRICES(1.0),Analytical house prices indicators,I,AUT,Austria,A,Annual,RPI,Rent prices,IX,Index,1981,,22.6895318734543,,A,Normal value,0,Units,S,"Seasonally adjusted, not calendar adjusted",1,One,2015,
DATAFLOW,OECD.ECO.MPD:DSD_AN_HOUSE_PRICES@DF_HOUSE_PRICES(1.0),Analytical house prices indicators,I,AUT,Austria,A,Annual,RPI,Rent prices,IX,Index,1982,,25.2928103026383,,A,Normal value,0,Units,S,"Seasonally adjusted, not calendar adjusted",1,One,2015,
DATAFLOW,OECD.ECO.MPD:DSD_AN_HOUSE_PRICES@DF_HOUSE_PRICES(1.0),Analytical house prices indicators,I,AUT,Austria,A,Annual,RPI,Rent prices,IX,Index,1983,,28.9081311396744,,A,Normal value,0,Units,S,"Seasonally adjusted, not calendar adjusted",1,One,2015,
DATAFLOW,OECD.ECO.MPD:DSD_AN_HOUSE_PRICES@DF_HOUSE_PRICES(1.0),Analytical house prices indicators,I,AUT,Austria,A,Annual,RPI,Rent prices,IX,Index,1984,,31.1052598765176,,A,Normal value,0,Units,S,"Seasonally adjusted, not calendar adjusted",1,One,2015,
DATAFLOW,OECD.ECO.MPD:DSD_AN_HOUSE_PRICES@DF_HOUSE_PRICES(1.0),Analytical house prices indicators,I,AUT,Austria,A,Annual,RPI,Rent prices,IX,Index,1985,,33.2845814018264,,A,Normal value,0,Units,S,"Seasonally adjusted, not calendar adjusted",1,One,2015,
DATAFLOW,OECD.ECO.MPD:DSD_AN_HOUSE_PRICES@DF_HOUSE_PRICES(1.0),Analytical house prices indicators,I,AUT,Austria,A,Annual,RPI,Rent prices,IX,Index,1986,,34.5926148111918,,A,Normal value,0,Units,S,"Seasonally adjusted, not calendar adjusted",1,One,2015,
DATAFLOW,OECD.ECO.MPD:DSD_AN_HOUSE_PRICES@DF_HOUSE_PRICES(1.0),Analytical house prices indicators,I,AUT,Austria,A,Annual,RPI,Rent prices,IX,Index,1987,,35.7738022980787,,A,Normal value,0,Units,S,"Seasonally adjusted, not calendar adjusted",1,One,2015,
DATAFLOW,OECD.ECO.MPD:DSD_AN_HOUSE_PRICES@DF_HOUSE_PRICES(1.0),Analytical house prices indicators,I,AUT,Austria,A,Annual,RPI,Rent prices,IX,Index,1988,,36.5488330634623,,A,Normal value,0,Units,S,"Seasonally adjusted, not calendar adjusted",1,One,2015,
DATAFLOW,OECD.ECO.MPD:DSD_AN_HOUSE_PRICES@DF_HOUSE_PRICES(1.0),Analytical house prices indicators,I,AUT,Austria,A,Annual,RPI,Rent prices,IX,Index,1989,,37.516369157749,,A,Normal value,0,Units,S,"Seasonally adjusted, not calendar adjusted",1,One,2015,
DATAFLOW,OECD.ECO.MPD:DSD_AN_HOUSE_PRICES@DF_HOUSE_PRICES(1.0),Analytical house prices indicators,I,AUT,Austria,A,Annual,RPI,Rent prices,IX,Index,1990,,39.0820096555547,,A,Normal value,0,Units,S,"Seasonally adjusted, not calendar adjusted",1,One,2015,
DATAFLOW,OECD.ECO.MPD:DSD_AN_HOUSE_PRICES@DF_HOUSE_PRICES(1.0),Analytical house prices indicators,I,AUT,Austria,A,Annual,RPI,Rent prices,IX,Index,1991,,40.9731261482881,,A,Normal value,0,Units,S,"Seasonally adjusted, not calendar adjusted",1,One,2015,
DATAFLOW,OECD.ECO.MPD:DSD_AN_HOUSE_PRICES@DF_HOUSE_PRICES(1.0),Analytical house prices indicators,I,AUT,Austria,A,Annual,RPI,Rent prices,IX,Index,1992,,43.6281485853044,,A,Normal value,0,Units,S,"Seasonally adjusted, not calendar adjusted",1,One,2015,
DATAFLOW,OECD.ECO.MPD:DSD_AN_HOUSE_PRICES@DF_HOUSE_PRICES(1.0),Analytical house prices indicators,I,AUT,Austria,A,Annual,RPI,Rent prices,IX,Index,1993,,45.8970427276853,,A,Normal value,0,Units,S,"Seasonally adjusted, not calendar adjusted",1,One,2015,
DATAFLOW,OECD.ECO.MPD:DSD_AN_HOUSE_PRICES@DF_HOUSE_PRICES(1.0),Analytical house prices indicators,I,AUT,Austria,A,Annual,RPI,Rent prices,IX,Index,1994,,48.8207947311884,,A,Normal value,0,Units,S,"Seasonally adjusted, not calendar adjusted",1,One,2015,
DATAFLOW,OECD.ECO.MPD:DSD_AN_HOUSE_PRICES@DF_HOUSE_PRICES(1.0),Analytical house prices indicators,I,AUT,Austria,A,Annual,RPI,Rent prices,IX,Index,1995,,52.5134574426373,,A,Normal value,0,Units,S,"Seasonally adjusted, not calendar adjusted",1,One,2015,
DATAFLOW,OECD.ECO.MPD:DSD_AN_HOUSE_PRICES@DF_HOUSE_PRICES(1.0),Analytical house prices indicators,I,AUT,Austria,A,Annual,RPI,Rent prices,IX,Index,1996,,55.7009295628561,,A,Normal value,0,Units,S,"Seasonally adjusted, not calendar adjusted",1,One,2015,
DATAFLOW,OECD.ECO.MPD:DSD_AN_HOUSE_PRICES@DF_HOUSE_PRICES(1.0),Analytical house prices indicators,I,AUT,Austria,A,Annual,RPI,Rent prices,IX,Index,1997,,57.7345754900708,,A,Normal value,0,Units,S,"Seasonally adjusted, not calendar adjusted",1,One,2015,
DATAFLOW,OECD.ECO.MPD:DSD_AN_HOUSE_PRICES@DF_HOUSE_PRICES(1.0),Analytical house prices indicators,I,AUT,Austria,A,Annual,RPI,Rent prices,IX,Index,1998,,59.4790558827876,,A,Normal value,0,Units,S,"Seasonally adjusted, not calendar adjusted",1,One,2015,
DATAFLOW,OECD.ECO.MPD:DSD_AN_HOUSE_PRICES@DF_HOUSE_PRICES(1.0),Analytical house prices indicators,I,AUT,Austria,A,Annual,RPI,Rent prices,IX,Index,1999,,60.7006586576483,,A,Normal value,0,Units,S,"Seasonally adjusted, not calendar adjusted",1,One,2015,
DATAFLOW,OECD.ECO.MPD:DSD_AN_HOUSE_PRICES@DF_HOUSE_PRICES(1.0),Analytical house prices indicators,I,AUT,Austria,A,Annual,RPI,Rent prices,IX,Index,2000,,61.7281013888229,,A,Normal value,0,Units,S,"Seasonally adjusted, not calendar adjusted",1,One,2015,
DATAFLOW,OECD.ECO.MPD:DSD_AN_HOUSE_PRICES@DF_HOUSE_PRICES(1.0),Analytical house prices indicators,I,AUT,Austria,A,Annual,RPI,Rent prices,IX,Index,2001,,63.4719167811813,,A,Normal value,0,Units,S,"Seasonally adjusted, not calendar adjusted",1,One,2015,
DATAFLOW,OECD.ECO.MPD:DSD_AN_HOUSE_PRICES@DF_HOUSE_PRICES(1.0),Analytical house prices indicators,I,AUT,Austria,A,Annual,RPI,Rent prices,IX,Index,2002,,64.5470195230795,,A,Normal value,0,Units,S,"Seasonally adjusted, not calendar adjusted",1,One,2015,
DATAFLOW,OECD.ECO.MPD:DSD_AN_HOUSE_PRICES@DF_HOUSE_PRICES(1.0),Analytical house prices indicators,I,AUT,Austria,A,Annual,RPI,Rent prices,IX,Index,2003,,67.3556451550202,,A,Normal value,0,Units,S,"Seasonally adjusted, not calendar adjusted",1,One,2015,
DATAFLOW,OECD.ECO.MPD:DSD_AN_HOUSE_PRICES@DF_HOUSE_PRICES(1.0),Analytical house prices indicators,I,AUT,Austria,A,Annual,RPI,Rent prices,IX,Index,2004,,69.7013156827961,,A,Normal value,0,Units,S,"Seasonally adjusted, not calendar adjusted",1,One,2015,
DATAFLOW,OECD.ECO.MPD:DSD_AN_HOUSE_PRICES@DF_HOUSE_PRICES(1.0),Analytical house prices indicators,I,AUT,Austria,A,Annual,RPI,Rent prices,IX,Index,2005,,72.0904837203589,,A,Normal value,0,Units,S,"Seasonally adjusted, not calendar adjusted",1,One,2015,
DATAFLOW,OECD.ECO.MPD:DSD_AN_HOUSE_PRICES@DF_HOUSE_PRICES(1.0),Analytical house prices indicators,I,AUT,Austria,A,Annual,RPI,Rent prices,IX,Index,2006,,73.7066490839961,,A,Normal value,0,Units,S,"Seasonally adjusted, not calendar adjusted",1,One,2015,
DATAFLOW,OECD.ECO.MPD:DSD_AN_HOUSE_PRICES@DF_HOUSE_PRICES(1.0),Analytical house prices indicators,I,AUT,Austria,A,Annual,RPI,Rent prices,IX,Index,2007,,75.1545894097827,,A,Normal value,0,Units,S,"Seasonally adjusted, not calendar adjusted",1,One,2015,
DATAFLOW,OECD.ECO.MPD:DSD_AN_HOUSE_PRICES@DF_HOUSE_PRICES(1.0),Analytical house prices indicators,I,AUT,Austria,A,Annual,RPI,Rent prices,IX,Index,2008,,76.0978496220162,,A,Normal value,0,Units,S,"Seasonally adjusted, not calendar adjusted",1,One,2015,
DATAFLOW,OECD.ECO.MPD:DSD_AN_HOUSE_PRICES@DF_HOUSE_PRICES(1.0),Analytical house prices indicators,I,AUT,Austria,A,Annual,RPI,Rent prices,IX,Index,2009,,79.6726304263419,,A,Normal value,0,Units,S,"Seasonally adjusted, not calendar adjusted",1,One,2015,
DATAFLOW,OECD.ECO.MPD:DSD_AN_HOUSE_PRICES@DF_HOUSE_PRICES(1.0),Analytical house prices indicators,I,AUT,Austria,A,Annual,RPI,Rent prices,IX,Index,2010,,82.808831131987,,A,Normal value,0,Units,S,"Seasonally adjusted, not calendar adjusted",1,One,2015,
DATAFLOW,OECD.ECO.MPD:DSD_AN_HOUSE_PRICES@DF_HOUSE_PRICES(1.0),Analytical house prices indicators,I,AUT,Austria,A,Annual,RPI,Rent prices,IX,Index,2011,,85.5564717502062,,A,Normal value,0,Units,S,"Seasonally adjusted, not calendar adjusted",1,One,2015,
DATAFLOW,OECD.ECO.MPD:DSD_AN_HOUSE_PRICES@DF_HOUSE_PRICES(1.0),Analytical house prices indicators,I,AUT,Austria,A,Annual,RPI,Rent prices,IX,Index,2012,,89.3258500983163,,A,Normal value,0,Units,S,"Seasonally adjusted, not calendar adjusted",1,One,2015,
DATAFLOW,OECD.ECO.MPD:DSD_AN_HOUSE_PRICES@DF_HOUSE_PRICES(1.0),Analytical house prices indicators,I,AUT,Austria,A,Annual,RPI,Rent prices,IX,Index,2013,,92.1010982227472,,A,Normal value,0,Units,S,"Seasonally adjusted, not calendar adjusted",1,One,2015,
DATAFLOW,OECD.ECO.MPD:DSD_AN_HOUSE_PRICES@DF_HOUSE_PRICES(1.0),Analytical house prices indicators,I,AUT,Austria,A,Annual,RPI,Rent prices,IX,Index,2014,,95.7600140460032,,A,Normal value,0,Units,S,"Seasonally adjusted, not calendar adjusted",1,One,2015,
DATAFLOW,OECD.ECO.MPD:DSD_AN_HOUSE_PRICES@DF_HOUSE_PRICES(1.0),Analytical house prices indicators,I,AUT,Austria,A,Annual,RPI,Rent prices,IX,Index,2015,,100,,A,Normal value,0,Units,S,"Seasonally adjusted, not calendar adjusted",1,One,2015,
DATAFLOW,OECD.ECO.MPD:DSD_AN_HOUSE_PRICES@DF_HOUSE_PRICES(1.0),Analytical house prices indicators,I,AUT,Austria,A,Annual,RPI,Rent prices,IX,Index,2016,,103.082848193641,,A,Normal value,0,Units,S,"Seasonally adjusted, not calendar adjusted",1,One,2015,
DATAFLOW,OECD.ECO.MPD:DSD_AN_HOUSE_PRICES@DF_HOUSE_PRICES(1.0),Analytical house prices indicators,I,AUT,Austria,A,Annual,RPI,Rent prices,IX,Index,2017,,107.340474151607,,A,Normal value,0,Units,S,"Seasonally adjusted, not calendar adjusted",1,One,2015,
DATAFLOW,OECD.ECO.MPD:DSD_AN_HOUSE_PRICES@DF_HOUSE_PRICES(1.0),Analytical house prices indicators,I,AUT,Austria,A,Annual,RPI,Rent prices,IX,Index,2018,,111.331500049588,,A,Normal value,0,Units,S,"Seasonally adjusted, not calendar adjusted",1,One,2015,
DATAFLOW,OECD.ECO.MPD:DSD_AN_HOUSE_PRICES@DF_HOUSE_PRICES(1.0),Analytical house prices indicators,I,AUT,Austria,A,Annual,RPI,Rent prices,IX,Index,2019,,114.639250793831,,A,Normal value,0,Units,S,"Seasonally adjusted, not calendar adjusted",1,One,2015,
DATAFLOW,OECD.ECO.MPD:DSD_AN_HOUSE_PRICES@DF_HOUSE_PRICES(1.0),Analytical house prices indicators,I,AUT,Austria,A,Annual,RPI,Rent prices,IX,Index,2020,,119.344851852592,,A,Normal value,0,Units,S,"Seasonally adjusted, not calendar adjusted",1,One,2015,
DATAFLOW,OECD.ECO.MPD:DSD_AN_HOUSE_PRICES@DF_HOUSE_PRICES(1.0),Analytical house prices indicators,I,AUT,Austria,A,Annual,RPI,Rent prices,IX,Index,2021,,121.702277383012,,A,Normal value,0,Units,S,"Seasonally adjusted, not calendar adjusted",1,One,2015,
DATAFLOW,OECD.ECO.MPD:DSD_AN_HOUSE_PRICES@DF_HOUSE_PRICES(1.0),Analytical house prices indicators,I,AUT,Austria,A,Annual,RPI,Rent prices,IX,Index,2022,,122.716877611297,,A,Normal value,0,Units,S,"Seasonally adjusted, not calendar adjusted",1,One,2015,
DATAFLOW,OECD.ECO.MPD:DSD_AN_HOUSE_PRICES@DF_HOUSE_PRICES(1.0),Analytical house prices indicators,I,AUT,Austria,A,Annual,RPI,Rent prices,IX,Index,2023,,132.345679777778,,A,Normal value,0,Units,S,"Seasonally adjusted, not calendar adjusted",1,One,2015,
DATAFLOW,OECD.ECO.MPD:DSD_AN_HOUSE_PRICES@DF_HOUSE_PRICES(1.0),Analytical house prices indicators,I,AUT,Austria,A,Annual,RPI,Rent prices,IX,Index,2024,,141.168731762965,,A,Normal value,0,Units,S,"Seasonally adjusted, not calendar adjusted",1,One,2015,
DATAFLOW,OECD.ECO.MPD:DSD_AN_HOUSE_PRICES@DF_HOUSE_PRICES(1.0),Analytical house prices indicators,I,AUT,Austria,A,Annual,RPI,Rent prices,IX,Index,2025,,147.266233134918,,A,Normal value,0,Units,S,"Seasonally adjusted, not calendar adjusted",1,One,2015,
DATAFLOW,OECD.ECO.MPD:DSD_AN_HOUSE_PRICES@DF_HOUSE_PRICES(1.0),Analytical house prices indicators,I,BEL,Belgium,A,Annual,RPI,Rent prices,IX,Index,1977,,26.795784951984,,A,Normal value,0,Units,S,"Seasonally adjusted, not calendar adjusted",1,One,2015,
DATAFLOW,OECD.ECO.MPD:DSD_AN_HOUSE_PRICES@DF_HOUSE_PRICES(1.0),Analytical house prices indicators,I,BEL,Belgium,A,Annual,RPI,Rent prices,IX,Index,1978,,28.7323952987231,,A,Normal value,0,Units,S,"Seasonally adjusted, not calendar adjusted",1,One,2015,
DATAFLOW,OECD.ECO.MPD:DSD_AN_HOUSE_PRICES@DF_HOUSE_PRICES(1.0),Analytical house prices indicators,I,BEL,Belgium,A,Annual,RPI,Rent prices,IX,Index,1979,,30.4495081188969,,A,Normal value,0,Units,S,"Seasonally adjusted, not calendar adjusted",1,One,2015,
DATAFLOW,OECD.ECO.MPD:DSD_AN_HOUSE_PRICES@DF_HOUSE_PRICES(1.0),Analytical house prices indicators,I,BEL,Belgium,A,Annual,RPI,Rent prices,IX,Index,1980,,32.7513217936859,,A,Normal value,0,Units,S,"Seasonally adjusted, not calendar adjusted",1,One,2015,
DATAFLOW,OECD.ECO.MPD:DSD_AN_HOUSE_PRICES@DF_HOUSE_PRICES(1.0),Analytical house prices indicators,I,BEL,Belgium,A,Annual,RPI,Rent prices,IX,Index,1981,,36.0971100205347,,A,Normal value,0,Units,S,"Seasonally adjusted, not calendar adjusted",1,One,2015,
DATAFLOW,OECD.ECO.MPD:DSD_AN_HOUSE_PRICES@DF_HOUSE_PRICES(1.0),Analytical house prices indicators,I,BEL,Belgium,A,Annual,RPI,Rent prices,IX,Index,1982,,39.0331945656738,,A,Normal value,0,Units,S,"Seasonally adjusted, not calendar adjusted",1,One,2015,
DATAFLOW,OECD.ECO.MPD:DSD_AN_HOUSE_PRICES@DF_HOUSE_PRICES(1.0),Analytical house prices indicators,I,BEL,Belgium,A,Annual,RPI,Rent prices,IX,Index,1983,,42.5507879568058,,A,Normal value,0,Units,S,"Seasonally adjusted, not calendar adjusted",1,One,2015,
DATAFLOW,OECD.ECO.MPD:DSD_AN_HOUSE_PRICES@DF_HOUSE_PRICES(1.0),Analytical house prices indicators,I,BEL,Belgium,A,Annual,RPI,Rent prices,IX,Index,1984,,44.7404431297559,,A,Normal value,0,Units,S,"Seasonally adjusted, not calendar adjusted",1,One,2015,
DATAFLOW,OECD.ECO.MPD:DSD_AN_HOUSE_PRICES@DF_HOUSE_PRICES(1.0),Analytical house prices indicators,I,BEL,Belgium,A,Annual,RPI,Rent prices,IX,Index,1985,,46.9563716396083,,A,Normal value,0,Units,S,"Seasonally adjusted, not calendar adjusted",1,One,2015,
DATAFLOW,OECD.ECO.MPD:DSD_AN_HOUSE_PRICES@DF_HOUSE_PRICES(1.0),Analytical house prices indicators,I,BEL,Belgium,A,Annual,RPI,Rent prices,IX,Index,1986,,48.7153250967769,,A,Normal value,0,Units,S,"Seasonally adjusted, not calendar adjusted",1,One,2015,
DATAFLOW,OECD.ECO.MPD:DSD_AN_HOUSE_PRICES@DF_HOUSE_PRICES(1.0),Analytical house prices indicators,I,BEL,Belgium,A,Annual,RPI,Rent prices,IX,Index,1987,,50.7945725863692,,A,Normal value,0,Units,S,"Seasonally adjusted, not calendar adjusted",1,One,2015,
DATAFLOW,OECD.ECO.MPD:DSD_AN_HOUSE_PRICES@DF_HOUSE_PRICES(1.0),Analytical house prices indicators,I,BEL,Belgium,A,Annual,RPI,Rent prices,IX,Index,1988,,52.6438525656423,,A,Normal value,0,Units,S,"Seasonally adjusted, not calendar adjusted",1,One,2015,
DATAFLOW,OECD.ECO.MPD:DSD_AN_HOUSE_PRICES@DF_HOUSE_PRICES(1.0),Analytical house prices indicators,I,BEL,Belgium,A,Annual,RPI,Rent prices,IX,Index,1989,,54.5905914898026,,A,Normal value,0,Units,S,"Seasonally adjusted, not calendar adjusted",1,One,2015,
DATAFLOW,OECD.ECO.MPD:DSD_AN_HOUSE_PRICES@DF_HOUSE_PRICES(1.0),Analytical house prices indicators,I,BEL,Belgium,A,Annual,RPI,Rent prices,IX,Index,1990,,56.3406325434589,,A,Normal value,0,Units,S,"Seasonally adjusted, not calendar adjusted",1,One,2015,
DATAFLOW,OECD.ECO.MPD:DSD_AN_HOUSE_PRICES@DF_HOUSE_PRICES(1.0),Analytical house prices indicators,I,BEL,Belgium,A,Annual,RPI,Rent prices,IX,Index,1991,,58.0354091954202,,A,Normal value,0,Units,S,"Seasonally adjusted, not calendar adjusted",1,One,2015,
DATAFLOW,OECD.ECO.MPD:DSD_AN_HOUSE_PRICES@DF_HOUSE_PRICES(1.0),Analytical house prices indicators,I,BEL,Belgium,A,Annual,RPI,Rent prices,IX,Index,1992,,61.4493247355918,,A,Normal value,0,Units,S,"Seasonally adjusted, not calendar adjusted",1,One,2015,
DATAFLOW,OECD.ECO.MPD:DSD_AN_HOUSE_PRICES@DF_HOUSE_PRICES(1.0),Analytical house prices indicators,I,BEL,Belgium,A,Annual,RPI,Rent prices,IX,Index,1993,,64.6915096349584,,A,Normal value,0,Units,S,"Seasonally adjusted, not calendar adjusted",1,One,2015,
DATAFLOW,OECD.ECO.MPD:DSD_AN_HOUSE_PRICES@DF_HOUSE_PRICES(1.0),Analytical house prices indicators,I,BEL,Belgium,A,Annual,RPI,Rent prices,IX,Index,1994,,67.6389427253754,,A,Normal value,0,Units,S,"Seasonally adjusted, not calendar adjusted",1,One,2015,
DATAFLOW,OECD.ECO.MPD:DSD_AN_HOUSE_PRICES@DF_HOUSE_PRICES(1.0),Analytical house prices indicators,I,BEL,Belgium,A,Annual,RPI,Rent prices,IX,Index,1995,,69.5856816495357,,A,Normal value,0,Units,S,"Seasonally adjusted, not calendar adjusted",1,One,2015,
DATAFLOW,OECD.ECO.MPD:DSD_AN_HOUSE_PRICES@DF_HOUSE_PRICES(1.0),Analytical house prices indicators,I,BEL,Belgium,A,Annual,RPI,Rent prices,IX,Index,1996,,71.307268011249,,A,Normal value,0,Units,S,"Seasonally adjusted, not calendar adjusted",1,One,2015,
DATAFLOW,OECD.ECO.MPD:DSD_AN_HOUSE_PRICES@DF_HOUSE_PRICES(1.0),Analytical house prices indicators,I,BEL,Belgium,A,Annual,RPI,Rent prices,IX,Index,1997,,72.5089575014844,,A,Normal value,0,Units,S,"Seasonally adjusted, not calendar adjusted",1,One,2015,
DATAFLOW,OECD.ECO.MPD:DSD_AN_HOUSE_PRICES@DF_HOUSE_PRICES(1.0),Analytical house prices indicators,I,BEL,Belgium,A,Annual,RPI,Rent prices,IX,Index,1998,,73.3556658348269,,A,Normal value,0,Units,S,"Seasonally adjusted, not calendar adjusted",1,One,2015,
DATAFLOW,OECD.ECO.MPD:DSD_AN_HOUSE_PRICES@DF_HOUSE_PRICES(1.0),Analytical house prices indicators,I,BEL,Belgium,A,Annual,RPI,Rent prices,IX,Index,1999,,74.4304716987333,,A,Normal value,0,Units,S,"Seasonally adjusted, not calendar adjusted",1,One,2015,
DATAFLOW,OECD.ECO.MPD:DSD_AN_HOUSE_PRICES@DF_HOUSE_PRICES(1.0),Analytical house prices indicators,I,BEL,Belgium,A,Annual,RPI,Rent prices,IX,Index,2000,,75.5406946792061,,A,Normal value,0,Units,S,"Seasonally adjusted, not calendar adjusted",1,One,2015,
DATAFLOW,OECD.ECO.MPD:DSD_AN_HOUSE_PRICES@DF_HOUSE_PRICES(1.0),Analytical house prices indicators,I,BEL,Belgium,A,Annual,RPI,Rent prices,IX,Index,2001,,77.0001888783889,,A,Normal value,0,Units,S,"Seasonally adjusted, not calendar adjusted",1,One,2015,
DATAFLOW,OECD.ECO.MPD:DSD_AN_HOUSE_PRICES@DF_HOUSE_PRICES(1.0),Analytical house prices indicators,I,BEL,Belgium,A,Annual,RPI,Rent prices,IX,Index,2002,,78.9499452698815,,A,Normal value,0,Units,S,"Seasonally adjusted, not calendar adjusted",1,One,2015,
DATAFLOW,OECD.ECO.MPD:DSD_AN_HOUSE_PRICES@DF_HOUSE_PRICES(1.0),Analytical house prices indicators,I,BEL,Belgium,A,Annual,RPI,Rent prices,IX,Index,2003,,80.6926789026495,,A,Normal value,0,Units,S,"Seasonally adjusted, not calendar adjusted",1,One,2015,
DATAFLOW,OECD.ECO.MPD:DSD_AN_HOUSE_PRICES@DF_HOUSE_PRICES(1.0),Analytical house prices indicators,I,BEL,Belgium,A,Annual,RPI,Rent prices,IX,Index,2004,,82.2320422371509,,A,Normal value,0,Units,S,"Seasonally adjusted, not calendar adjusted",1,One,2015,
DATAFLOW,OECD.ECO.MPD:DSD_AN_HOUSE_PRICES@DF_HOUSE_PRICES(1.0),Analytical house prices indicators,I,BEL,Belgium,A,Annual,RPI,Rent prices,IX,Index,2005,,83.8680595252545,,A,Normal value,0,Units,S,"Seasonally adjusted, not calendar adjusted",1,One,2015,
DATAFLOW,OECD.ECO.MPD:DSD_AN_HOUSE_PRICES@DF_HOUSE_PRICES(1.0),Analytical house prices indicators,I,BEL,Belgium,A,Annual,RPI,Rent prices,IX,Index,2006,,86.7941840095639,,A,Normal value,0,Units,S,"Seasonally adjusted, not calendar adjusted",1,One,2015,
DATAFLOW,OECD.ECO.MPD:DSD_AN_HOUSE_PRICES@DF_HOUSE_PRICES(1.0),Analytical house prices indicators,I,BEL,Belgium,A,Annual,RPI,Rent prices,IX,Index,2007,,88.4864816364862,,A,Normal value,0,Units,S,"Seasonally adjusted, not calendar adjusted",1,One,2015,
DATAFLOW,OECD.ECO.MPD:DSD_AN_HOUSE_PRICES@DF_HOUSE_PRICES(1.0),Analytical house prices indicators,I,BEL,Belgium,A,Annual,RPI,Rent prices,IX,Index,2008,,90.2293467672011,,A,Normal value,0,Units,S,"Seasonally adjusted, not calendar adjusted",1,One,2015,
DATAFLOW,OECD.ECO.MPD:DSD_AN_HOUSE_PRICES@DF_HOUSE_PRICES(1.0),Analytical house prices indicators,I,BEL,Belgium,A,Annual,RPI,Rent prices,IX,Index,2009,,92.1077494080813,,A,Normal value,0,Units,S,"Seasonally adjusted, not calendar adjusted",1,One,2015,
DATAFLOW,OECD.ECO.MPD:DSD_AN_HOUSE_PRICES@DF_HOUSE_PRICES(1.0),Analytical house prices indicators,I,BEL,Belgium,A,Annual,RPI,Rent prices,IX,Index,2010,,93.1940144895512,,A,Normal value,0,Units,S,"Seasonally adjusted, not calendar adjusted",1,One,2015,
DATAFLOW,OECD.ECO.MPD:DSD_AN_HOUSE_PRICES@DF_HOUSE_PRICES(1.0),Analytical house prices indicators,I,BEL,Belgium,A,Annual,RPI,Rent prices,IX,Index,2011,,94.2818895711418,,A,Normal value,0,Units,S,"Seasonally adjusted, not calendar adjusted",1,One,2015,
DATAFLOW,OECD.ECO.MPD:DSD_AN_HOUSE_PRICES@DF_HOUSE_PRICES(1.0),Analytical house prices indicators,I,BEL,Belgium,A,Annual,RPI,Rent prices,IX,Index,2012,,95.7371096802833,,A,Normal value,0,Units,S,"Seasonally adjusted, not calendar adjusted",1,One,2015,
DATAFLOW,OECD.ECO.MPD:DSD_AN_HOUSE_PRICES@DF_HOUSE_PRICES(1.0),Analytical house prices indicators,I,BEL,Belgium,A,Annual,RPI,Rent prices,IX,Index,2013,,96.9976297748224,,A,Normal value,0,Units,S,"Seasonally adjusted, not calendar adjusted",1,One,2015,
DATAFLOW,OECD.ECO.MPD:DSD_AN_HOUSE_PRICES@DF_HOUSE_PRICES(1.0),Analytical house prices indicators,I,BEL,Belgium,A,Annual,RPI,Rent prices,IX,Index,2014,,99.0280749271057,,A,Normal value,0,Units,S,"Seasonally adjusted, not calendar adjusted",1,One,2015,
DATAFLOW,OECD.ECO.MPD:DSD_AN_HOUSE_PRICES@DF_HOUSE_PRICES(1.0),Analytical house prices indicators,I,BEL,Belgium,A,Annual,RPI,Rent prices,IX,Index,2015,,100,,A,Normal value,0,Units,S,"Seasonally adjusted, not calendar adjusted",1,One,2015,
DATAFLOW,OECD.ECO.MPD:DSD_AN_HOUSE_PRICES@DF_HOUSE_PRICES(1.0),Analytical house prices indicators,I,BEL,Belgium,A,Annual,RPI,Rent prices,IX,Index,2016,,100.941807570635,,A,Normal value,0,Units,S,"Seasonally adjusted, not calendar adjusted",1,One,2015,
DATAFLOW,OECD.ECO.MPD:DSD_AN_HOUSE_PRICES@DF_HOUSE_PRICES(1.0),Analytical house prices indicators,I,BEL,Belgium,A,Annual,RPI,Rent prices,IX,Index,2017,,102.03240765243,,A,Normal value,0,Units,S,"Seasonally adjusted, not calendar adjusted",1,One,2015,
DATAFLOW,OECD.ECO.MPD:DSD_AN_HOUSE_PRICES@DF_HOUSE_PRICES(1.0),Analytical house prices indicators,I,BEL,Belgium,A,Annual,RPI,Rent prices,IX,Index,2018,,103.081607731121,,A,Normal value,0,Units,S,"Seasonally adjusted, not calendar adjusted",1,One,2015,
DATAFLOW,OECD.ECO.MPD:DSD_AN_HOUSE_PRICES@DF_HOUSE_PRICES(1.0),Analytical house prices indicators,I,BEL,Belgium,A,Annual,RPI,Rent prices,IX,Index,2019,,104.189607814221,,A,Normal value,0,Units,S,"Seasonally adjusted, not calendar adjusted",1,One,2015,
DATAFLOW,OECD.ECO.MPD:DSD_AN_HOUSE_PRICES@DF_HOUSE_PRICES(1.0),Analytical house prices indicators,I,BEL,Belgium,A,Annual,RPI,Rent prices,IX,Index,2020,,106.984108023808,,A,Normal value,0,Units,S,"Seasonally adjusted, not calendar adjusted",1,One,2015,
DATAFLOW,OECD.ECO.MPD:DSD_AN_HOUSE_PRICES@DF_HOUSE_PRICES(1.0),Analytical house prices indicators,I,BEL,Belgium,A,Annual,RPI,Rent prices,IX,Index,2021,,109.152858186464,,A,Normal value,0,Units,S,"Seasonally adjusted, not calendar adjusted",1,One,2015,
DATAFLOW,OECD.ECO.MPD:DSD_AN_HOUSE_PRICES@DF_HOUSE_PRICES(1.0),Analytical house prices indicators,I,BEL,Belgium,A,Annual,RPI,Rent prices,IX,Index,2022,,112.988208474115,,A,Normal value,0,Units,S,"Seasonally adjusted, not calendar adjusted",1,One,2015,
DATAFLOW,OECD.ECO.MPD:DSD_AN_HOUSE_PRICES@DF_HOUSE_PRICES(1.0),Analytical house prices indicators,I,BEL,Belgium,A,Annual,RPI,Rent prices,IX,Index,2023,,119.708958978172,,A,Normal value,0,Units,S,"Seasonally adjusted, not calendar adjusted",1,One,2015,
DATAFLOW,OECD.ECO.MPD:DSD_AN_HOUSE_PRICES@DF_HOUSE_PRICES(1.0),Analytical house prices indicators,I,BEL,Belgium,A,Annual,RPI,Rent prices,IX,Index,2024,,125.652884423966,,A,Normal value,0,Units,S,"Seasonally adjusted, not calendar adjusted",1,One,2015,
DATAFLOW,OECD.ECO.MPD:DSD_AN_HOUSE_PRICES@DF_HOUSE_PRICES(1.0),Analytical house prices indicators,I,BEL,Belgium,A,Annual,RPI,Rent prices,IX,Index,2025,,130.354834774691,,A,Normal value,0,Units,S,"Seasonally adjusted, not calendar adjusted",1,One,2015,
DATAFLOW,OECD.ECO.MPD:DSD_AN_HOUSE_PRICES@DF_HOUSE_PRICES(1.0),Analytical house prices indicators,I,CAN,Canada,A,Annual,RPI,Rent prices,IX,Index,1959,,22.5504697550371,,A,Normal value,0,Units,S,"Seasonally adjusted, not calendar adjusted",1,One,2015,
DATAFLOW,OECD.ECO.MPD:DSD_AN_HOUSE_PRICES@DF_HOUSE_PRICES(1.0),Analytical house prices indicators,I,CAN,Canada,A,Annual,RPI,Rent prices,IX,Index,1960,,22.6208122619986,,A,Normal value,0,Units,S,"Seasonally adjusted, not calendar adjusted",1,One,2015,
DATAFLOW,OECD.ECO.MPD:DSD_AN_HOUSE_PRICES@DF_HOUSE_PRICES(1.0),Analytical house prices indicators,I,CAN,Canada,A,Annual,RPI,Rent prices,IX,Index,1961,,22.6489447648622,,A,Normal value,0,Units,S,"Seasonally adjusted, not calendar adjusted",1,One,2015,
DATAFLOW,OECD.ECO.MPD:DSD_AN_HOUSE_PRICES@DF_HOUSE_PRICES(1.0),Analytical house prices indicators,I,CAN,Canada,A,Annual,RPI,Rent prices,IX,Index,1962,,22.7966522795876,,A,Normal value,0,Units,S,"Seasonally adjusted, not calendar adjusted",1,One,2015,
DATAFLOW,OECD.ECO.MPD:DSD_AN_HOUSE_PRICES@DF_HOUSE_PRICES(1.0),Analytical house prices indicators,I,CAN,Canada,A,Annual,RPI,Rent prices,IX,Index,1963,,22.8740222872722,,A,Normal value,0,Units,S,"Seasonally adjusted, not calendar adjusted",1,One,2015,
DATAFLOW,OECD.ECO.MPD:DSD_AN_HOUSE_PRICES@DF_HOUSE_PRICES(1.0),Analytical house prices indicators,I,CAN,Canada,A,Annual,RPI,Rent prices,IX,Index,1964,,23.000632300113,,A,Normal value,0,Units,S,"Seasonally adjusted, not calendar adjusted",1,One,2015,
DATAFLOW,OECD.ECO.MPD:DSD_AN_HOUSE_PRICES@DF_HOUSE_PRICES(1.0),Analytical house prices indicators,I,CAN,Canada,A,Annual,RPI,Rent prices,IX,Index,1965,,23.1342773133653,,A,Normal value,0,Units,S,"Seasonally adjusted, not calendar adjusted",1,One,2015,
DATAFLOW,OECD.ECO.MPD:DSD_AN_HOUSE_PRICES@DF_HOUSE_PRICES(1.0),Analytical house prices indicators,I,CAN,Canada,A,Annual,RPI,Rent prices,IX,Index,1966,,23.5352073534868,,A,Normal value,0,Units,S,"Seasonally adjusted, not calendar adjusted",1,One,2015,
DATAFLOW,OECD.ECO.MPD:DSD_AN_HOUSE_PRICES@DF_HOUSE_PRICES(1.0),Analytical house prices indicators,I,CAN,Canada,A,Annual,RPI,Rent prices,IX,Index,1967,,24.3229949321548,,A,Normal value,0,Units,S,"Seasonally adjusted, not calendar adjusted",1,One,2015,
DATAFLOW,OECD.ECO.MPD:DSD_AN_HOUSE_PRICES@DF_HOUSE_PRICES(1.0),Analytical house prices indicators,I,CAN,Canada,A,Annual,RPI,Rent prices,IX,Index,1968,,25.3851050385105,,A,Normal value,0,Units,S,"Seasonally adjusted, not calendar adjusted",1,One,2015,
DATAFLOW,OECD.ECO.MPD:DSD_AN_HOUSE_PRICES@DF_HOUSE_PRICES(1.0),Analytical house prices indicators,I,CAN,Canada,A,Annual,RPI,Rent prices,IX,Index,1969,,26.4331451433145,,A,Normal value,0,Units,S,"Seasonally adjusted, not calendar adjusted",1,One,2015,
DATAFLOW,OECD.ECO.MPD:DSD_AN_HOUSE_PRICES@DF_HOUSE_PRICES(1.0),Analytical house prices indicators,I,CAN,Canada,A,Annual,RPI,Rent prices,IX,Index,1970,,27.3123752312375,,A,Normal value,0,Units,S,"Seasonally adjusted, not calendar adjusted",1,One,2015,
DATAFLOW,OECD.ECO.MPD:DSD_AN_HOUSE_PRICES@DF_HOUSE_PRICES(1.0),Analytical house prices indicators,I,CAN,Canada,A,Annual,RPI,Rent prices,IX,Index,1971,,27.818810281881,,A,Normal value,0,Units,S,"Seasonally adjusted, not calendar adjusted",1,One,2015,
DATAFLOW,OECD.ECO.MPD:DSD_AN_HOUSE_PRICES@DF_HOUSE_PRICES(1.0),Analytical house prices indicators,I,CAN,Canada,A,Annual,RPI,Rent prices,IX,Index,1972,,28.1916053191605,,A,Normal value,0,Units,S,"Seasonally adjusted, not calendar adjusted",1,One,2015,
DATAFLOW,OECD.ECO.MPD:DSD_AN_HOUSE_PRICES@DF_HOUSE_PRICES(1.0),Analytical house prices indicators,I,CAN,Canada,A,Annual,RPI,Rent prices,IX,Index,1973,,28.6980403698041,,A,Normal value,0,Units,S,"Seasonally adjusted, not calendar adjusted",1,One,2015,
DATAFLOW,OECD.ECO.MPD:DSD_AN_HOUSE_PRICES@DF_HOUSE_PRICES(1.0),Analytical house prices indicators,I,CAN,Canada,A,Annual,RPI,Rent prices,IX,Index,1974,,29.5421004542101,,A,Normal value,0,Units,S,"Seasonally adjusted, not calendar adjusted",1,One,2015,
DATAFLOW,OECD.ECO.MPD:DSD_AN_HOUSE_PRICES@DF_HOUSE_PRICES(1.0),Analytical house prices indicators,I,CAN,Canada,A,Annual,RPI,Rent prices,IX,Index,1975,,31.1317481131748,,A,Normal value,0,Units,S,"Seasonally adjusted, not calendar adjusted",1,One,2015,
DATAFLOW,OECD.ECO.MPD:DSD_AN_HOUSE_PRICES@DF_HOUSE_PRICES(1.0),Analytical house prices indicators,I,CAN,Canada,A,Annual,RPI,Rent prices,IX,Index,1976,,33.3544383354439,,A,Normal value,0,Units,S,"Seasonally adjusted, not calendar adjusted",1,One,2015,
DATAFLOW,OECD.ECO.MPD:DSD_AN_HOUSE_PRICES@DF_HOUSE_PRICES(1.0),Analytical house prices indicators,I,CAN,Canada,A,Annual,RPI,Rent prices,IX,Index,1977,,35.4927260492726,,A,Normal value,0,Units,S,"Seasonally adjusted, not calendar adjusted",1,One,2015,
DATAFLOW,OECD.ECO.MPD:DSD_AN_HOUSE_PRICES@DF_HOUSE_PRICES(1.0),Analytical house prices indicators,I,CAN,Canada,A,Annual,RPI,Rent prices,IX,Index,1978,,37.3707587370759,,A,Normal value,0,Units,S,"Seasonally adjusted, not calendar adjusted",1,One,2015,
DATAFLOW,OECD.ECO.MPD:DSD_AN_HOUSE_PRICES@DF_HOUSE_PRICES(1.0),Analytical house prices indicators,I,CAN,Canada,A,Annual,RPI,Rent prices,IX,Index,1979,,39.1292139129214,,A,Normal value,0,Units,S,"Seasonally adjusted, not calendar adjusted",1,One,2015,
DATAFLOW,OECD.ECO.MPD:DSD_AN_HOUSE_PRICES@DF_HOUSE_PRICES(1.0),Analytical house prices indicators,I,CAN,Canada,A,Annual,RPI,Rent prices,IX,Index,1980,,41.0494516049452,,A,Normal value,0,Units,S,"Seasonally adjusted, not calendar adjusted",1,One,2015,
DATAFLOW,OECD.ECO.MPD:DSD_AN_HOUSE_PRICES@DF_HOUSE_PRICES(1.0),Analytical house prices indicators,I,CAN,Canada,A,Annual,RPI,Rent prices,IX,Index,1981,,43.7926468792647,,A,Normal value,0,Units,S,"Seasonally adjusted, not calendar adjusted",1,One,2015,
DATAFLOW,OECD.ECO.MPD:DSD_AN_HOUSE_PRICES@DF_HOUSE_PRICES(1.0),Analytical house prices indicators,I,CAN,Canada,A,Annual,RPI,Rent prices,IX,Index,1982,,47.6964222696422,,A,Normal value,0,Units,S,"Seasonally adjusted, not calendar adjusted",1,One,2015,
DATAFLOW,OECD.ECO.MPD:DSD_AN_HOUSE_PRICES@DF_HOUSE_PRICES(1.0),Analytical house prices indicators,I,CAN,Canada,A,Annual,RPI,Rent prices,IX,Index,1983,,51.3047801304781,,A,Normal value,0,Units,S,"Seasonally adjusted, not calendar adjusted",1,One,2015,
DATAFLOW,OECD.ECO.MPD:DSD_AN_HOUSE_PRICES@DF_HOUSE_PRICES(1.0),Analytical house prices indicators,I,CAN,Canada,A,Annual,RPI,Rent prices,IX,Index,1984,,53.8650953865096,,A,Normal value,0,Units,S,"Seasonally adjusted, not calendar adjusted",1,One,2015,
DATAFLOW,OECD.ECO.MPD:DSD_AN_HOUSE_PRICES@DF_HOUSE_PRICES(1.0),Analytical house prices indicators,I,CAN,Canada,A,Annual,RPI,Rent prices,IX,Index,1985,,56.1792256179226,,A,Normal value,0,Units,S,"Seasonally adjusted, not calendar adjusted",1,One,2015,
DATAFLOW,OECD.ECO.MPD:DSD_AN_HOUSE_PRICES@DF_HOUSE_PRICES(1.0),Analytical house prices indicators,I,CAN,Canada,A,Annual,RPI,Rent prices,IX,Index,1986,,58.4300533430054,,A,Normal value,0,Units,S,"Seasonally adjusted, not calendar adjusted",1,One,2015,
DATAFLOW,OECD.ECO.MPD:DSD_AN_HOUSE_PRICES@DF_HOUSE_PRICES(1.0),Analytical house prices indicators,I,CAN,Canada,A,Annual,RPI,Rent prices,IX,Index,1987,,60.5331710533171,,A,Normal value,0,Units,S,"Seasonally adjusted, not calendar adjusted",1,One,2015,
DATAFLOW,OECD.ECO.MPD:DSD_AN_HOUSE_PRICES@DF_HOUSE_PRICES(1.0),Analytical house prices indicators,I,CAN,Canada,A,Annual,RPI,Rent prices,IX,Index,1988,,62.9176412917642,,A,Normal value,0,Units,S,"Seasonally adjusted, not calendar adjusted",1,One,2015,
DATAFLOW,OECD.ECO.MPD:DSD_AN_HOUSE_PRICES@DF_HOUSE_PRICES(1.0),Analytical house prices indicators,I,CAN,Canada,A,Annual,RPI,Rent prices,IX,Index,1989,,66.1039666103967,,A,Normal value,0,Units,S,"Seasonally adjusted, not calendar adjusted",1,One,2015,
DATAFLOW,OECD.ECO.MPD:DSD_AN_HOUSE_PRICES@DF_HOUSE_PRICES(1.0),Analytical house prices indicators,I,CAN,Canada,A,Annual,RPI,Rent prices,IX,Index,1990,,68.748689374869,,A,Normal value,0,Units,S,"Seasonally adjusted, not calendar adjusted",1,One,2015,
DATAFLOW,OECD.ECO.MPD:DSD_AN_HOUSE_PRICES@DF_HOUSE_PRICES(1.0),Analytical house prices indicators,I,CAN,Canada,A,Annual,RPI,Rent prices,IX,Index,1991,,71.1331571133158,,A,Normal value,0,Units,S,"Seasonally adjusted, not calendar adjusted",1,One,2015,
DATAFLOW,OECD.ECO.MPD:DSD_AN_HOUSE_PRICES@DF_HOUSE_PRICES(1.0),Analytical house prices indicators,I,CAN,Canada,A,Annual,RPI,Rent prices,IX,Index,1992,,73.0744923074493,,A,Normal value,0,Units,S,"Seasonally adjusted, not calendar adjusted",1,One,2015,
DATAFLOW,OECD.ECO.MPD:DSD_AN_HOUSE_PRICES@DF_HOUSE_PRICES(1.0),Analytical house prices indicators,I,CAN,Canada,A,Annual,RPI,Rent prices,IX,Index,1993,,74.6360049636006,,A,Normal value,0,Units,S,"Seasonally adjusted, not calendar adjusted",1,One,2015,
DATAFLOW,OECD.ECO.MPD:DSD_AN_HOUSE_PRICES@DF_HOUSE_PRICES(1.0),Analytical house prices indicators,I,CAN,Canada,A,Annual,RPI,Rent prices,IX,Index,1994,,75.8669250866925,,A,Normal value,0,Units,S,"Seasonally adjusted, not calendar adjusted",1,One,2015,
DATAFLOW,OECD.ECO.MPD:DSD_AN_HOUSE_PRICES@DF_HOUSE_PRICES(1.0),Analytical house prices indicators,I,CAN,Canada,A,Annual,RPI,Rent prices,IX,Index,1995,,76.9571726957173,,A,Normal value,0,Units,S,"Seasonally adjusted, not calendar adjusted",1,One,2015,
DATAFLOW,OECD.ECO.MPD:DSD_AN_HOUSE_PRICES@DF_HOUSE_PRICES(1.0),Analytical house prices indicators,I,CAN,Canada,A,Annual,RPI,Rent prices,IX,Index,1996,,77.9419077941908,,A,Normal value,0,Units,S,"Seasonally adjusted, not calendar adjusted",1,One,2015,
DATAFLOW,OECD.ECO.MPD:DSD_AN_HOUSE_PRICES@DF_HOUSE_PRICES(1.0),Analytical house prices indicators,I,CAN,Canada,A,Annual,RPI,Rent prices,IX,Index,1997,,78.8774078877408,,A,Normal value,0,Units,S,"Seasonally adjusted, not calendar adjusted",1,One,2015,
DATAFLOW,OECD.ECO.MPD:DSD_AN_HOUSE_PRICES@DF_HOUSE_PRICES(1.0),Analytical house prices indicators,I,CAN,Canada,A,Annual,RPI,Rent prices,IX,Index,1998,,79.7355354735536,,A,Normal value,0,Units,S,"Seasonally adjusted, not calendar adjusted",1,One,2015,
DATAFLOW,OECD.ECO.MPD:DSD_AN_HOUSE_PRICES@DF_HOUSE_PRICES(1.0),Analytical house prices indicators,I,CAN,Canada,A,Annual,RPI,Rent prices,IX,Index,1999,,80.5584955558496,,A,Normal value,0,Units,S,"Seasonally adjusted, not calendar adjusted",1,One,2015,
DATAFLOW,OECD.ECO.MPD:DSD_AN_HOUSE_PRICES@DF_HOUSE_PRICES(1.0),Analytical house prices indicators,I,CAN,Canada,A,Annual,RPI,Rent prices,IX,Index,2000,,81.4447531444754,,A,Normal value,0,Units,S,"Seasonally adjusted, not calendar adjusted",1,One,2015,
DATAFLOW,OECD.ECO.MPD:DSD_AN_HOUSE_PRICES@DF_HOUSE_PRICES(1.0),Analytical house prices indicators,I,CAN,Canada,A,Annual,RPI,Rent prices,IX,Index,2001,,82.7600857760087,,A,Normal value,0,Units,S,"Seasonally adjusted, not calendar adjusted",1,One,2015,
DATAFLOW,OECD.ECO.MPD:DSD_AN_HOUSE_PRICES@DF_HOUSE_PRICES(1.0),Analytical house prices indicators,I,CAN,Canada,A,Annual,RPI,Rent prices,IX,Index,2002,,84.3989659398967,,A,Normal value,0,Units,S,"Seasonally adjusted, not calendar adjusted",1,One,2015,
DATAFLOW,OECD.ECO.MPD:DSD_AN_HOUSE_PRICES@DF_HOUSE_PRICES(1.0),Analytical house prices indicators,I,CAN,Canada,A,Annual,RPI,Rent prices,IX,Index,2003,,85.6791260679127,,A,Normal value,0,Units,S,"Seasonally adjusted, not calendar adjusted",1,One,2015,
DATAFLOW,OECD.ECO.MPD:DSD_AN_HOUSE_PRICES@DF_HOUSE_PRICES(1.0),Analytical house prices indicators,I,CAN,Canada,A,Annual,RPI,Rent prices,IX,Index,2004,,86.5653886565389,,A,Normal value,0,Units,S,"Seasonally adjusted, not calendar adjusted",1,One,2015,
DATAFLOW,OECD.ECO.MPD:DSD_AN_HOUSE_PRICES@DF_HOUSE_PRICES(1.0),Analytical house prices indicators,I,CAN,Canada,A,Annual,RPI,Rent prices,IX,Index,2005,,87.2758062275807,,A,Normal value,0,Units,S,"Seasonally adjusted, not calendar adjusted",1,One,2015,
DATAFLOW,OECD.ECO.MPD:DSD_AN_HOUSE_PRICES@DF_HOUSE_PRICES(1.0),Analytical house prices indicators,I,CAN,Canada,A,Annual,RPI,Rent prices,IX,Index,2006,,88.1128338112834,,A,Normal value,0,Units,S,"Seasonally adjusted, not calendar adjusted",1,One,2015,
DATAFLOW,OECD.ECO.MPD:DSD_AN_HOUSE_PRICES@DF_HOUSE_PRICES(1.0),Analytical house prices indicators,I,CAN,Canada,A,Annual,RPI,Rent prices,IX,Index,2007,,89.4773914477392,,A,Normal value,0,Units,S,"Seasonally adjusted, not calendar adjusted",1,One,2015,
DATAFLOW,OECD.ECO.MPD:DSD_AN_HOUSE_PRICES@DF_HOUSE_PRICES(1.0),Analytical house prices indicators,I,CAN,Canada,A,Annual,RPI,Rent prices,IX,Index,2008,,91.0248366024837,,A,Normal value,0,Units,S,"Seasonally adjusted, not calendar adjusted",1,One,2015,
DATAFLOW,OECD.ECO.MPD:DSD_AN_HOUSE_PRICES@DF_HOUSE_PRICES(1.0),Analytical house prices indicators,I,CAN,Canada,A,Annual,RPI,Rent prices,IX,Index,2009,,92.3894017389402,,A,Normal value,0,Units,S,"Seasonally adjusted, not calendar adjusted",1,One,2015,
DATAFLOW,OECD.ECO.MPD:DSD_AN_HOUSE_PRICES@DF_HOUSE_PRICES(1.0),Analytical house prices indicators,I,CAN,Canada,A,Annual,RPI,Rent prices,IX,Index,2010,,93.5218468521848,,A,Normal value,0,Units,S,"Seasonally adjusted, not calendar adjusted",1,One,2015,
DATAFLOW,OECD.ECO.MPD:DSD_AN_HOUSE_PRICES@DF_HOUSE_PRICES(1.0),Analytical house prices indicators,I,CAN,Canada,A,Annual,RPI,Rent prices,IX,Index,2011,,94.5628569562858,,A,Normal value,0,Units,S,"Seasonally adjusted, not calendar adjusted",1,One,2015,
DATAFLOW,OECD.ECO.MPD:DSD_AN_HOUSE_PRICES@DF_HOUSE_PRICES(1.0),Analytical house prices indicators,I,CAN,Canada,A,Annual,RPI,Rent prices,IX,Index,2012,,95.8852170885218,,A,Normal value,0,Units,S,"Seasonally adjusted, not calendar adjusted",1,One,2015,
DATAFLOW,OECD.ECO.MPD:DSD_AN_HOUSE_PRICES@DF_HOUSE_PRICES(1.0),Analytical house prices indicators,I,CAN,Canada,A,Annual,RPI,Rent prices,IX,Index,2013,,97.432659743266,,A,Normal value,0,Units,S,"Seasonally adjusted, not calendar adjusted",1,One,2015,
DATAFLOW,OECD.ECO.MPD:DSD_AN_HOUSE_PRICES@DF_HOUSE_PRICES(1.0),Analytical house prices indicators,I,CAN,Canada,A,Annual,RPI,Rent prices,IX,Index,2014,,98.8394273839428,,A,Normal value,0,Units,S,"Seasonally adjusted, not calendar adjusted",1,One,2015,
DATAFLOW,OECD.ECO.MPD:DSD_AN_HOUSE_PRICES@DF_HOUSE_PRICES(1.0),Analytical house prices indicators,I,CAN,Canada,A,Annual,RPI,Rent prices,IX,Index,2015,,100,,A,Normal value,0,Units,S,"Seasonally adjusted, not calendar adjusted",1,One,2015,
DATAFLOW,OECD.ECO.MPD:DSD_AN_HOUSE_PRICES@DF_HOUSE_PRICES(1.0),Analytical house prices indicators,I,CAN,Canada,A,Annual,RPI,Rent prices,IX,Index,2016,,100.661185066119,,A,Normal value,0,Units,S,"Seasonally adjusted, not calendar adjusted",1,One,2015,
DATAFLOW,OECD.ECO.MPD:DSD_AN_HOUSE_PRICES@DF_HOUSE_PRICES(1.0),Analytical house prices indicators,I,CAN,Canada,A,Annual,RPI,Rent prices,IX,Index,2017,,101.301285130129,,A,Normal value,0,Units,S,"Seasonally adjusted, not calendar adjusted",1,One,2015,
DATAFLOW,OECD.ECO.MPD:DSD_AN_HOUSE_PRICES@DF_HOUSE_PRICES(1.0),Analytical house prices indicators,I,CAN,Canada,A,Annual,RPI,Rent prices,IX,Index,2018,,102.454810245481,,A,Normal value,0,Units,S,"Seasonally adjusted, not calendar adjusted",1,One,2015,
DATAFLOW,OECD.ECO.MPD:DSD_AN_HOUSE_PRICES@DF_HOUSE_PRICES(1.0),Analytical house prices indicators,I,CAN,Canada,A,Annual,RPI,Rent prices,IX,Index,2019,,105.254260525426,,A,Normal value,0,Units,S,"Seasonally adjusted, not calendar adjusted",1,One,2015,
DATAFLOW,OECD.ECO.MPD:DSD_AN_HOUSE_PRICES@DF_HOUSE_PRICES(1.0),Analytical house prices indicators,I,CAN,Canada,A,Annual,RPI,Rent prices,IX,Index,2020,,107.012760701276,,A,Normal value,0,Units,S,"Seasonally adjusted, not calendar adjusted",1,One,2015,
DATAFLOW,OECD.ECO.MPD:DSD_AN_HOUSE_PRICES@DF_HOUSE_PRICES(1.0),Analytical house prices indicators,I,CAN,Canada,A,Annual,RPI,Rent prices,IX,Index,2021,,108.820435882044,,A,Normal value,0,Units,S,"Seasonally adjusted, not calendar adjusted",1,One,2015,
DATAFLOW,OECD.ECO.MPD:DSD_AN_HOUSE_PRICES@DF_HOUSE_PRICES(1.0),Analytical house prices indicators,I,CAN,Canada,A,Annual,RPI,Rent prices,IX,Index,2022,,113.891836389184,,A,Normal value,0,Units,S,"Seasonally adjusted, not calendar adjusted",1,One,2015,
DATAFLOW,OECD.ECO.MPD:DSD_AN_HOUSE_PRICES@DF_HOUSE_PRICES(1.0),Analytical house prices indicators,I,CAN,Canada,A,Annual,RPI,Rent prices,IX,Index,2023,,121.073387107339,,A,Normal value,0,Units,S,"Seasonally adjusted, not calendar adjusted",1,One,2015,
DATAFLOW,OECD.ECO.MPD:DSD_AN_HOUSE_PRICES@DF_HOUSE_PRICES(1.0),Analytical house prices indicators,I,CAN,Canada,A,Annual,RPI,Rent prices,IX,Index,2024,,130.660488066049,,A,Normal value,0,Units,S,"Seasonally adjusted, not calendar adjusted",1,One,2015,
DATAFLOW,OECD.ECO.MPD:DSD_AN_HOUSE_PRICES@DF_HOUSE_PRICES(1.0),Analytical house prices indicators,I,CAN,Canada,A,Annual,RPI,Rent prices,IX,Index,2025,,137.068313704285,,A,Normal value,0,Units,S,"Seasonally adjusted, not calendar adjusted",1,One,2015,
DATAFLOW,OECD.ECO.MPD:DSD_AN_HOUSE_PRICES@DF_HOUSE_PRICES(1.0),Analytical house prices indicators,I,CHL,Chile,A,Annual,RPI,Rent prices,IX,Index,1990,,24.4588053244437,,A,Normal value,0,Units,S,"Seasonally adjusted, not calendar adjusted",1,One,2015,
DATAFLOW,OECD.ECO.MPD:DSD_AN_HOUSE_PRICES@DF_HOUSE_PRICES(1.0),Analytical house prices indicators,I,CHL,Chile,A,Annual,RPI,Rent prices,IX,Index,1991,,30.0102440717371,,A,Normal value,0,Units,S,"Seasonally adjusted, not calendar adjusted",1,One,2015,
DATAFLOW,OECD.ECO.MPD:DSD_AN_HOUSE_PRICES@DF_HOUSE_PRICES(1.0),Analytical house prices indicators,I,CHL,Chile,A,Annual,RPI,Rent prices,IX,Index,1992,,34.6661146737046,,A,Normal value,0,Units,S,"Seasonally adjusted, not calendar adjusted",1,One,2015,
DATAFLOW,OECD.ECO.MPD:DSD_AN_HOUSE_PRICES@DF_HOUSE_PRICES(1.0),Analytical house prices indicators,I,CHL,Chile,A,Annual,RPI,Rent prices,IX,Index,1993,,39.9404777088809,,A,Normal value,0,Units,S,"Seasonally adjusted, not calendar adjusted",1,One,2015,
DATAFLOW,OECD.ECO.MPD:DSD_AN_HOUSE_PRICES@DF_HOUSE_PRICES(1.0),Analytical house prices indicators,I,CHL,Chile,A,Annual,RPI,Rent prices,IX,Index,1994,,45.337788899793,,A,Normal value,0,Units,S,"Seasonally adjusted, not calendar adjusted",1,One,2015,
DATAFLOW,OECD.ECO.MPD:DSD_AN_HOUSE_PRICES@DF_HOUSE_PRICES(1.0),Analytical house prices indicators,I,CHL,Chile,A,Annual,RPI,Rent prices,IX,Index,1995,,49.1262004870413,,A,Normal value,0,Units,S,"Seasonally adjusted, not calendar adjusted",1,One,2015,
DATAFLOW,OECD.ECO.MPD:DSD_AN_HOUSE_PRICES@DF_HOUSE_PRICES(1.0),Analytical house prices indicators,I,CHL,Chile,A,Annual,RPI,Rent prices,IX,Index,1996,,53.2195814585944,,A,Normal value,0,Units,S,"Seasonally adjusted, not calendar adjusted",1,One,2015,
DATAFLOW,OECD.ECO.MPD:DSD_AN_HOUSE_PRICES@DF_HOUSE_PRICES(1.0),Analytical house prices indicators,I,CHL,Chile,A,Annual,RPI,Rent prices,IX,Index,1997,,56.4698662775076,,A,Normal value,0,Units,S,"Seasonally adjusted, not calendar adjusted",1,One,2015,
DATAFLOW,OECD.ECO.MPD:DSD_AN_HOUSE_PRICES@DF_HOUSE_PRICES(1.0),Analytical house prices indicators,I,CHL,Chile,A,Annual,RPI,Rent prices,IX,Index,1998,,59.0531780220124,,A,Normal value,0,Units,S,"Seasonally adjusted, not calendar adjusted",1,One,2015,
DATAFLOW,OECD.ECO.MPD:DSD_AN_HOUSE_PRICES@DF_HOUSE_PRICES(1.0),Analytical house prices indicators,I,CHL,Chile,A,Annual,RPI,Rent prices,IX,Index,1999,,60.4020957770971,,A,Normal value,0,Units,S,"Seasonally adjusted, not calendar adjusted",1,One,2015,
DATAFLOW,OECD.ECO.MPD:DSD_AN_HOUSE_PRICES@DF_HOUSE_PRICES(1.0),Analytical house prices indicators,I,CHL,Chile,A,Annual,RPI,Rent prices,IX,Index,2000,,61.7049298561879,,A,Normal value,0,Units,S,"Seasonally adjusted, not calendar adjusted",1,One,2015,
DATAFLOW,OECD.ECO.MPD:DSD_AN_HOUSE_PRICES@DF_HOUSE_PRICES(1.0),Analytical house prices indicators,I,CHL,Chile,A,Annual,RPI,Rent prices,IX,Index,2001,,63.1435264285974,,A,Normal value,0,Units,S,"Seasonally adjusted, not calendar adjusted",1,One,2015,
DATAFLOW,OECD.ECO.MPD:DSD_AN_HOUSE_PRICES@DF_HOUSE_PRICES(1.0),Analytical house prices indicators,I,CHL,Chile,A,Annual,RPI,Rent prices,IX,Index,2002,,63.9072076227876,,A,Normal value,0,Units,S,"Seasonally adjusted, not calendar adjusted",1,One,2015,
DATAFLOW,OECD.ECO.MPD:DSD_AN_HOUSE_PRICES@DF_HOUSE_PRICES(1.0),Analytical house prices indicators,I,CHL,Chile,A,Annual,RPI,Rent prices,IX,Index,2003,,65.110823501679,,A,Normal value,0,Units,S,"Seasonally adjusted, not calendar adjusted",1,One,2015,
DATAFLOW,OECD.ECO.MPD:DSD_AN_HOUSE_PRICES@DF_HOUSE_PRICES(1.0),Analytical house prices indicators,I,CHL,Chile,A,Annual,RPI,Rent prices,IX,Index,2004,,66.2132659031356,,A,Normal value,0,Units,S,"Seasonally adjusted, not calendar adjusted",1,One,2015,
DATAFLOW,OECD.ECO.MPD:DSD_AN_HOUSE_PRICES@DF_HOUSE_PRICES(1.0),Analytical house prices indicators,I,CHL,Chile,A,Annual,RPI,Rent prices,IX,Index,2005,,66.8261725994494,,A,Normal value,0,Units,S,"Seasonally adjusted, not calendar adjusted",1,One,2015,
DATAFLOW,OECD.ECO.MPD:DSD_AN_HOUSE_PRICES@DF_HOUSE_PRICES(1.0),Analytical house prices indicators,I,CHL,Chile,A,Annual,RPI,Rent prices,IX,Index,2006,,68.7445177179484,,A,Normal value,0,Units,S,"Seasonally adjusted, not calendar adjusted",1,One,2015,
DATAFLOW,OECD.ECO.MPD:DSD_AN_HOUSE_PRICES@DF_HOUSE_PRICES(1.0),Analytical house prices indicators,I,CHL,Chile,A,Annual,RPI,Rent prices,IX,Index,2007,,71.5518702990437,,A,Normal value,0,Units,S,"Seasonally adjusted, not calendar adjusted",1,One,2015,
DATAFLOW,OECD.ECO.MPD:DSD_AN_HOUSE_PRICES@DF_HOUSE_PRICES(1.0),Analytical house prices indicators,I,CHL,Chile,A,Annual,RPI,Rent prices,IX,Index,2008,,76.374820148725,,A,Normal value,0,Units,S,"Seasonally adjusted, not calendar adjusted",1,One,2015,
DATAFLOW,OECD.ECO.MPD:DSD_AN_HOUSE_PRICES@DF_HOUSE_PRICES(1.0),Analytical house prices indicators,I,CHL,Chile,A,Annual,RPI,Rent prices,IX,Index,2009,,79.3722686098529,,A,Normal value,0,Units,S,"Seasonally adjusted, not calendar adjusted",1,One,2015,
DATAFLOW,OECD.ECO.MPD:DSD_AN_HOUSE_PRICES@DF_HOUSE_PRICES(1.0),Analytical house prices indicators,I,CHL,Chile,A,Annual,RPI,Rent prices,IX,Index,2010,,80.9843608277368,,A,Normal value,0,Units,S,"Seasonally adjusted, not calendar adjusted",1,One,2015,
DATAFLOW,OECD.ECO.MPD:DSD_AN_HOUSE_PRICES@DF_HOUSE_PRICES(1.0),Analytical house prices indicators,I,CHL,Chile,A,Annual,RPI,Rent prices,IX,Index,2011,,83.1630679464631,,A,Normal value,0,Units,S,"Seasonally adjusted, not calendar adjusted",1,One,2015,
DATAFLOW,OECD.ECO.MPD:DSD_AN_HOUSE_PRICES@DF_HOUSE_PRICES(1.0),Analytical house prices indicators,I,CHL,Chile,A,Annual,RPI,Rent prices,IX,Index,2012,,86.0240349457938,,A,Normal value,0,Units,S,"Seasonally adjusted, not calendar adjusted",1,One,2015,
DATAFLOW,OECD.ECO.MPD:DSD_AN_HOUSE_PRICES@DF_HOUSE_PRICES(1.0),Analytical house prices indicators,I,CHL,Chile,A,Annual,RPI,Rent prices,IX,Index,2013,,89.4730293422198,,A,Normal value,0,Units,S,"Seasonally adjusted, not calendar adjusted",1,One,2015,
DATAFLOW,OECD.ECO.MPD:DSD_AN_HOUSE_PRICES@DF_HOUSE_PRICES(1.0),Analytical house prices indicators,I,CHL,Chile,A,Annual,RPI,Rent prices,IX,Index,2014,,94.5993934451061,,A,Normal value,0,Units,S,"Seasonally adjusted, not calendar adjusted",1,One,2015,
DATAFLOW,OECD.ECO.MPD:DSD_AN_HOUSE_PRICES@DF_HOUSE_PRICES(1.0),Analytical house prices indicators,I,CHL,Chile,A,Annual,RPI,Rent prices,IX,Index,2015,,100,,A,Normal value,0,Units,S,"Seasonally adjusted, not calendar adjusted",1,One,2015,
DATAFLOW,OECD.ECO.MPD:DSD_AN_HOUSE_PRICES@DF_HOUSE_PRICES(1.0),Analytical house prices indicators,I,CHL,Chile,A,Annual,RPI,Rent prices,IX,Index,2016,,104.193431766149,,A,Normal value,0,Units,S,"Seasonally adjusted, not calendar adjusted",1,One,2015,
DATAFLOW,OECD.ECO.MPD:DSD_AN_HOUSE_PRICES@DF_HOUSE_PRICES(1.0),Analytical house prices indicators,I,CHL,Chile,A,Annual,RPI,Rent prices,IX,Index,2017,,108.260581054398,,A,Normal value,0,Units,S,"Seasonally adjusted, not calendar adjusted",1,One,2015,
DATAFLOW,OECD.ECO.MPD:DSD_AN_HOUSE_PRICES@DF_HOUSE_PRICES(1.0),Analytical house prices indicators,I,CHL,Chile,A,Annual,RPI,Rent prices,IX,Index,2018,,113.203205189439,,A,Normal value,0,Units,S,"Seasonally adjusted, not calendar adjusted",1,One,2015,
DATAFLOW,OECD.ECO.MPD:DSD_AN_HOUSE_PRICES@DF_HOUSE_PRICES(1.0),Analytical house prices indicators,I,CHL,Chile,A,Annual,RPI,Rent prices,IX,Index,2019,,118.358779287214,,A,Normal value,0,Units,S,"Seasonally adjusted, not calendar adjusted",1,One,2015,
DATAFLOW,OECD.ECO.MPD:DSD_AN_HOUSE_PRICES@DF_HOUSE_PRICES(1.0),Analytical house prices indicators,I,CHL,Chile,A,Annual,RPI,Rent prices,IX,Index,2020,,122.388253582056,,A,Normal value,0,Units,S,"Seasonally adjusted, not calendar adjusted",1,One,2015,
DATAFLOW,OECD.ECO.MPD:DSD_AN_HOUSE_PRICES@DF_HOUSE_PRICES(1.0),Analytical house prices indicators,I,CHL,Chile,A,Annual,RPI,Rent prices,IX,Index,2021,,125.653478010641,,A,Normal value,0,Units,S,"Seasonally adjusted, not calendar adjusted",1,One,2015,
DATAFLOW,OECD.ECO.MPD:DSD_AN_HOUSE_PRICES@DF_HOUSE_PRICES(1.0),Analytical house prices indicators,I,CHL,Chile,A,Annual,RPI,Rent prices,IX,Index,2022,,130.843952102308,,A,Normal value,0,Units,S,"Seasonally adjusted, not calendar adjusted",1,One,2015,
DATAFLOW,OECD.ECO.MPD:DSD_AN_HOUSE_PRICES@DF_HOUSE_PRICES(1.0),Analytical house prices indicators,I,CHL,Chile,A,Annual,RPI,Rent prices,IX,Index,2023,,141.477400242662,,A,Normal value,0,Units,S,"Seasonally adjusted, not calendar adjusted",1,One,2015,
DATAFLOW,OECD.ECO.MPD:DSD_AN_HOUSE_PRICES@DF_HOUSE_PRICES(1.0),Analytical house prices indicators,I,COL,Colombia,A,Annual,RPI,Rent prices,IX,Index,1999,,56.5889610103406,,A,Normal value,0,Units,S,"Seasonally adjusted, not calendar adjusted",1,One,2015,
DATAFLOW,OECD.ECO.MPD:DSD_AN_HOUSE_PRICES@DF_HOUSE_PRICES(1.0),Analytical house prices indicators,I,COL,Colombia,A,Annual,RPI,Rent prices,IX,Index,2000,,58.2565366941564,,A,Normal value,0,Units,S,"Seasonally adjusted, not calendar adjusted",1,One,2015,
DATAFLOW,OECD.ECO.MPD:DSD_AN_HOUSE_PRICES@DF_HOUSE_PRICES(1.0),Analytical house prices indicators,I,COL,Colombia,A,Annual,RPI,Rent prices,IX,Index,2001,,59.2856895763138,,A,Normal value,0,Units,S,"Seasonally adjusted, not calendar adjusted",1,One,2015,
DATAFLOW,OECD.ECO.MPD:DSD_AN_HOUSE_PRICES@DF_HOUSE_PRICES(1.0),Analytical house prices indicators,I,COL,Colombia,A,Annual,RPI,Rent prices,IX,Index,2002,,60.7585601184043,,A,Normal value,0,Units,S,"Seasonally adjusted, not calendar adjusted",1,One,2015,
DATAFLOW,OECD.ECO.MPD:DSD_AN_HOUSE_PRICES@DF_HOUSE_PRICES(1.0),Analytical house prices indicators,I,COL,Colombia,A,Annual,RPI,Rent prices,IX,Index,2003,,62.8910429740244,,A,Normal value,0,Units,S,"Seasonally adjusted, not calendar adjusted",1,One,2015,
DATAFLOW,OECD.ECO.MPD:DSD_AN_HOUSE_PRICES@DF_HOUSE_PRICES(1.0),Analytical house prices indicators,I,COL,Colombia,A,Annual,RPI,Rent prices,IX,Index,2004,,65.4659186746329,,A,Normal value,0,Units,S,"Seasonally adjusted, not calendar adjusted",1,One,2015,
DATAFLOW,OECD.ECO.MPD:DSD_AN_HOUSE_PRICES@DF_HOUSE_PRICES(1.0),Analytical house prices indicators,I,COL,Colombia,A,Annual,RPI,Rent prices,IX,Index,2005,,68.0785440738068,,A,Normal value,0,Units,S,"Seasonally adjusted, not calendar adjusted",1,One,2015,
DATAFLOW,OECD.ECO.MPD:DSD_AN_HOUSE_PRICES@DF_HOUSE_PRICES(1.0),Analytical house prices indicators,I,COL,Colombia,A,Annual,RPI,Rent prices,IX,Index,2006,,71.1249485117097,,A,Normal value,0,Units,S,"Seasonally adjusted, not calendar adjusted",1,One,2015,
DATAFLOW,OECD.ECO.MPD:DSD_AN_HOUSE_PRICES@DF_HOUSE_PRICES(1.0),Analytical house prices indicators,I,COL,Colombia,A,Annual,RPI,Rent prices,IX,Index,2007,,74.2495019766325,,A,Normal value,0,Units,S,"Seasonally adjusted, not calendar adjusted",1,One,2015,
DATAFLOW,OECD.ECO.MPD:DSD_AN_HOUSE_PRICES@DF_HOUSE_PRICES(1.0),Analytical house prices indicators,I,COL,Colombia,A,Annual,RPI,Rent prices,IX,Index,2008,,77.7455857417195,,A,Normal value,0,Units,S,"Seasonally adjusted, not calendar adjusted",1,One,2015,
DATAFLOW,OECD.ECO.MPD:DSD_AN_HOUSE_PRICES@DF_HOUSE_PRICES(1.0),Analytical house prices indicators,I,COL,Colombia,A,Annual,RPI,Rent prices,IX,Index,2009,,81.0377706037772,,A,Normal value,0,Units,S,"Seasonally adjusted, not calendar adjusted",1,One,2015,
DATAFLOW,OECD.ECO.MPD:DSD_AN_HOUSE_PRICES@DF_HOUSE_PRICES(1.0),Analytical house prices indicators,I,COL,Colombia,A,Annual,RPI,Rent prices,IX,Index,2010,,84.1048734104875,,A,Normal value,0,Units,S,"Seasonally adjusted, not calendar adjusted",1,One,2015,
DATAFLOW,OECD.ECO.MPD:DSD_AN_HOUSE_PRICES@DF_HOUSE_PRICES(1.0),Analytical house prices indicators,I,COL,Colombia,A,Annual,RPI,Rent prices,IX,Index,2011,,86.885778688578,,A,Normal value,0,Units,S,"Seasonally adjusted, not calendar adjusted",1,One,2015,
DATAFLOW,OECD.ECO.MPD:DSD_AN_HOUSE_PRICES@DF_HOUSE_PRICES(1.0),Analytical house prices indicators,I,COL,Colombia,A,Annual,RPI,Rent prices,IX,Index,2012,,90.1806315180633,,A,Normal value,0,Units,S,"Seasonally adjusted, not calendar adjusted",1,One,2015,
DATAFLOW,OECD.ECO.MPD:DSD_AN_HOUSE_PRICES@DF_HOUSE_PRICES(1.0),Analytical house prices indicators,I,COL,Colombia,A,Annual,RPI,Rent prices,IX,Index,2013,,93.6057118605713,,A,Normal value,0,Units,S,"Seasonally adjusted, not calendar adjusted",1,One,2015,
DATAFLOW,OECD.ECO.MPD:DSD_AN_HOUSE_PRICES@DF_HOUSE_PRICES(1.0),Analytical house prices indicators,I,COL,Colombia,A,Annual,RPI,Rent prices,IX,Index,2014,,96.6956021695603,,A,Normal value,0,Units,S,"Seasonally adjusted, not calendar adjusted",1,One,2015,
DATAFLOW,OECD.ECO.MPD:DSD_AN_HOUSE_PRICES@DF_HOUSE_PRICES(1.0),Analytical house prices indicators,I,COL,Colombia,A,Annual,RPI,Rent prices,IX,Index,2015,,100,,A,Normal value,0,Units,S,"Seasonally adjusted, not calendar adjusted",1,One,2015,
DATAFLOW,OECD.ECO.MPD:DSD_AN_HOUSE_PRICES@DF_HOUSE_PRICES(1.0),Analytical house prices indicators,I,COL,Colombia,A,Annual,RPI,Rent prices,IX,Index,2016,,104.018885401889,,A,Normal value,0,Units,S,"Seasonally adjusted, not calendar adjusted",1,One,2015,
DATAFLOW,OECD.ECO.MPD:DSD_AN_HOUSE_PRICES@DF_HOUSE_PRICES(1.0),Analytical house prices indicators,I,COL,Colombia,A,Annual,RPI,Rent prices,IX,Index,2017,,108.341960834196,,A,Normal value,0,Units,S,"Seasonally adjusted, not calendar adjusted",1,One,2015,
DATAFLOW,OECD.ECO.MPD:DSD_AN_HOUSE_PRICES@DF_HOUSE_PRICES(1.0),Analytical house prices indicators,I,COL,Colombia,A,Annual,RPI,Rent prices,IX,Index,2018,,112.259436225944,,A,Normal value,0,Units,S,"Seasonally adjusted, not calendar adjusted",1,One,2015,
DATAFLOW,OECD.ECO.MPD:DSD_AN_HOUSE_PRICES@DF_HOUSE_PRICES(1.0),Analytical house prices indicators,I,COL,Colombia,A,Annual,RPI,Rent prices,IX,Index,2019,,115.612136561214,,A,Normal value,0,Units,S,"Seasonally adjusted, not calendar adjusted",1,One,2015,
DATAFLOW,OECD.ECO.MPD:DSD_AN_HOUSE_PRICES@DF_HOUSE_PRICES(1.0),Analytical house prices indicators,I,COL,Colombia,A,Annual,RPI,Rent prices,IX,Index,2020,,117.878861787886,,A,Normal value,0,Units,S,"Seasonally adjusted, not calendar adjusted",1,One,2015,
DATAFLOW,OECD.ECO.MPD:DSD_AN_HOUSE_PRICES@DF_HOUSE_PRICES(1.0),Analytical house prices indicators,I,COL,Colombia,A,Annual,RPI,Rent prices,IX,Index,2021,,119.578861957886,,A,Normal value,0,Units,S,"Seasonally adjusted, not calendar adjusted",1,One,2015,
DATAFLOW,OECD.ECO.MPD:DSD_AN_HOUSE_PRICES@DF_HOUSE_PRICES(1.0),Analytical house prices indicators,I,COL,Colombia,A,Annual,RPI,Rent prices,IX,Index,2022,,123.091737309174,,A,Normal value,0,Units,S,"Seasonally adjusted, not calendar adjusted",1,One,2015,
DATAFLOW,OECD.ECO.MPD:DSD_AN_HOUSE_PRICES@DF_HOUSE_PRICES(1.0),Analytical house prices indicators,I,COL,Colombia,A,Annual,RPI,Rent prices,IX,Index,2023,,130.391288039129,,A,Normal value,0,Units,S,"Seasonally adjusted, not calendar adjusted",1,One,2015,
DATAFLOW,OECD.ECO.MPD:DSD_AN_HOUSE_PRICES@DF_HOUSE_PRICES(1.0),Analytical house prices indicators,I,COL,Colombia,A,Annual,RPI,Rent prices,IX,Index,2024,,140.900439090044,,A,Normal value,0,Units,S,"Seasonally adjusted, not calendar adjusted",1,One,2015,
DATAFLOW,OECD.ECO.MPD:DSD_AN_HOUSE_PRICES@DF_HOUSE_PRICES(1.0),Analytical house prices indicators,I,COL,Colombia,A,Annual,RPI,Rent prices,IX,Index,2025,,149.449914945374,,A,Normal value,0,Units,S,"Seasonally adjusted, not calendar adjusted",1,One,2015,
DATAFLOW,OECD.ECO.MPD:DSD_AN_HOUSE_PRICES@DF_HOUSE_PRICES(1.0),Analytical house prices indicators,I,CRI,Costa Rica,A,Annual,RPI,Rent prices,IX,Index,1995,,25.0394531182769,,A,Normal value,0,Units,S,"Seasonally adjusted, not calendar adjusted",1,One,2015,
DATAFLOW,OECD.ECO.MPD:DSD_AN_HOUSE_PRICES@DF_HOUSE_PRICES(1.0),Analytical house prices indicators,I,CRI,Costa Rica,A,Annual,RPI,Rent prices,IX,Index,1996,,29.3281173675795,,A,Normal value,0,Units,S,"Seasonally adjusted, not calendar adjusted",1,One,2015,
DATAFLOW,OECD.ECO.MPD:DSD_AN_HOUSE_PRICES@DF_HOUSE_PRICES(1.0),Analytical house prices indicators,I,CRI,Costa Rica,A,Annual,RPI,Rent prices,IX,Index,1997,,33.4727116422755,,A,Normal value,0,Units,S,"Seasonally adjusted, not calendar adjusted",1,One,2015,
DATAFLOW,OECD.ECO.MPD:DSD_AN_HOUSE_PRICES@DF_HOUSE_PRICES(1.0),Analytical house prices indicators,I,CRI,Costa Rica,A,Annual,RPI,Rent prices,IX,Index,1998,,37.1841134927802,,A,Normal value,0,Units,S,"Seasonally adjusted, not calendar adjusted",1,One,2015,
DATAFLOW,OECD.ECO.MPD:DSD_AN_HOUSE_PRICES@DF_HOUSE_PRICES(1.0),Analytical house prices indicators,I,CRI,Costa Rica,A,Annual,RPI,Rent prices,IX,Index,1999,,40.9857803274885,,A,Normal value,0,Units,S,"Seasonally adjusted, not calendar adjusted",1,One,2015,
DATAFLOW,OECD.ECO.MPD:DSD_AN_HOUSE_PRICES@DF_HOUSE_PRICES(1.0),Analytical house prices indicators,I,CRI,Costa Rica,A,Annual,RPI,Rent prices,IX,Index,2000,,44.0201647964712,,A,Normal value,0,Units,S,"Seasonally adjusted, not calendar adjusted",1,One,2015,
DATAFLOW,OECD.ECO.MPD:DSD_AN_HOUSE_PRICES@DF_HOUSE_PRICES(1.0),Analytical house prices indicators,I,CRI,Costa Rica,A,Annual,RPI,Rent prices,IX,Index,2001,,47.5853116725705,,A,Normal value,0,Units,S,"Seasonally adjusted, not calendar adjusted",1,One,2015,
DATAFLOW,OECD.ECO.MPD:DSD_AN_HOUSE_PRICES@DF_HOUSE_PRICES(1.0),Analytical house prices indicators,I,CRI,Costa Rica,A,Annual,RPI,Rent prices,IX,Index,2002,,51.4397734980397,,A,Normal value,0,Units,S,"Seasonally adjusted, not calendar adjusted",1,One,2015,
DATAFLOW,OECD.ECO.MPD:DSD_AN_HOUSE_PRICES@DF_HOUSE_PRICES(1.0),Analytical house prices indicators,I,CRI,Costa Rica,A,Annual,RPI,Rent prices,IX,Index,2003,,54.3643779862339,,A,Normal value,0,Units,S,"Seasonally adjusted, not calendar adjusted",1,One,2015,
DATAFLOW,OECD.ECO.MPD:DSD_AN_HOUSE_PRICES@DF_HOUSE_PRICES(1.0),Analytical house prices indicators,I,CRI,Costa Rica,A,Annual,RPI,Rent prices,IX,Index,2004,,56.825880055471,,A,Normal value,0,Units,S,"Seasonally adjusted, not calendar adjusted",1,One,2015,
DATAFLOW,OECD.ECO.MPD:DSD_AN_HOUSE_PRICES@DF_HOUSE_PRICES(1.0),Analytical house prices indicators,I,CRI,Costa Rica,A,Annual,RPI,Rent prices,IX,Index,2005,,60.0127194977742,,A,Normal value,0,Units,S,"Seasonally adjusted, not calendar adjusted",1,One,2015,
DATAFLOW,OECD.ECO.MPD:DSD_AN_HOUSE_PRICES@DF_HOUSE_PRICES(1.0),Analytical house prices indicators,I,CRI,Costa Rica,A,Annual,RPI,Rent prices,IX,Index,2006,,63.5644613762194,,A,Normal value,0,Units,S,"Seasonally adjusted, not calendar adjusted",1,One,2015,
DATAFLOW,OECD.ECO.MPD:DSD_AN_HOUSE_PRICES@DF_HOUSE_PRICES(1.0),Analytical house prices indicators,I,CRI,Costa Rica,A,Annual,RPI,Rent prices,IX,Index,2007,,67.6341981640154,,A,Normal value,0,Units,S,"Seasonally adjusted, not calendar adjusted",1,One,2015,
DATAFLOW,OECD.ECO.MPD:DSD_AN_HOUSE_PRICES@DF_HOUSE_PRICES(1.0),Analytical house prices indicators,I,CRI,Costa Rica,A,Annual,RPI,Rent prices,IX,Index,2008,,71.8522874258498,,A,Normal value,0,Units,S,"Seasonally adjusted, not calendar adjusted",1,One,2015,
DATAFLOW,OECD.ECO.MPD:DSD_AN_HOUSE_PRICES@DF_HOUSE_PRICES(1.0),Analytical house prices indicators,I,CRI,Costa Rica,A,Annual,RPI,Rent prices,IX,Index,2009,,75.8464342268741,,A,Normal value,0,Units,S,"Seasonally adjusted, not calendar adjusted",1,One,2015,
DATAFLOW,OECD.ECO.MPD:DSD_AN_HOUSE_PRICES@DF_HOUSE_PRICES(1.0),Analytical house prices indicators,I,CRI,Costa Rica,A,Annual,RPI,Rent prices,IX,Index,2010,,80.8763008466475,,A,Normal value,0,Units,S,"Seasonally adjusted, not calendar adjusted",1,One,2015,
DATAFLOW,OECD.ECO.MPD:DSD_AN_HOUSE_PRICES@DF_HOUSE_PRICES(1.0),Analytical house prices indicators,I,CRI,Costa Rica,A,Annual,RPI,Rent prices,IX,Index,2011,,84.9400201354966,,A,Normal value,0,Units,S,"Seasonally adjusted, not calendar adjusted",1,One,2015,
DATAFLOW,OECD.ECO.MPD:DSD_AN_HOUSE_PRICES@DF_HOUSE_PRICES(1.0),Analytical house prices indicators,I,CRI,Costa Rica,A,Annual,RPI,Rent prices,IX,Index,2012,,89.522011833648,,A,Normal value,0,Units,S,"Seasonally adjusted, not calendar adjusted",1,One,2015,
DATAFLOW,OECD.ECO.MPD:DSD_AN_HOUSE_PRICES@DF_HOUSE_PRICES(1.0),Analytical house prices indicators,I,CRI,Costa Rica,A,Annual,RPI,Rent prices,IX,Index,2013,,93.8391185781544,,A,Normal value,0,Units,S,"Seasonally adjusted, not calendar adjusted",1,One,2015,
DATAFLOW,OECD.ECO.MPD:DSD_AN_HOUSE_PRICES@DF_HOUSE_PRICES(1.0),Analytical house prices indicators,I,CRI,Costa Rica,A,Annual,RPI,Rent prices,IX,Index,2014,,97.134920501389,,A,Normal value,0,Units,S,"Seasonally adjusted, not calendar adjusted",1,One,2015,
DATAFLOW,OECD.ECO.MPD:DSD_AN_HOUSE_PRICES@DF_HOUSE_PRICES(1.0),Analytical house prices indicators,I,CRI,Costa Rica,A,Annual,RPI,Rent prices,IX,Index,2015,,100,,A,Normal value,0,Units,S,"Seasonally adjusted, not calendar adjusted",1,One,2015,
DATAFLOW,OECD.ECO.MPD:DSD_AN_HOUSE_PRICES@DF_HOUSE_PRICES(1.0),Analytical house prices indicators,I,CRI,Costa Rica,A,Annual,RPI,Rent prices,IX,Index,2016,,102.605357044063,,A,Normal value,0,Units,S,"Seasonally adjusted, not calendar adjusted",1,One,2015,
DATAFLOW,OECD.ECO.MPD:DSD_AN_HOUSE_PRICES@DF_HOUSE_PRICES(1.0),Analytical house prices indicators,I,CRI,Costa Rica,A,Annual,RPI,Rent prices,IX,Index,2017,,105.098531607757,,A,Normal value,0,Units,S,"Seasonally adjusted, not calendar adjusted",1,One,2015,
DATAFLOW,OECD.ECO.MPD:DSD_AN_HOUSE_PRICES@DF_HOUSE_PRICES(1.0),Analytical house prices indicators,I,CRI,Costa Rica,A,Annual,RPI,Rent prices,IX,Index,2018,,107.041731267697,,A,Normal value,0,Units,S,"Seasonally adjusted, not calendar adjusted",1,One,2015,
DATAFLOW,OECD.ECO.MPD:DSD_AN_HOUSE_PRICES@DF_HOUSE_PRICES(1.0),Analytical house prices indicators,I,CRI,Costa Rica,A,Annual,RPI,Rent prices,IX,Index,2019,,108.124881078146,,A,Normal value,0,Units,S,"Seasonally adjusted, not calendar adjusted",1,One,2015,
DATAFLOW,OECD.ECO.MPD:DSD_AN_HOUSE_PRICES@DF_HOUSE_PRICES(1.0),Analytical house prices indicators,I,CRI,Costa Rica,A,Annual,RPI,Rent prices,IX,Index,2020,,109.282780875513,,A,Normal value,0,Units,S,"Seasonally adjusted, not calendar adjusted",1,One,2015,
DATAFLOW,OECD.ECO.MPD:DSD_AN_HOUSE_PRICES@DF_HOUSE_PRICES(1.0),Analytical house prices indicators,I,CRI,Costa Rica,A,Annual,RPI,Rent prices,IX,Index,2021,,110.527905657606,,A,Normal value,0,Units,S,"Seasonally adjusted, not calendar adjusted",1,One,2015,
DATAFLOW,OECD.ECO.MPD:DSD_AN_HOUSE_PRICES@DF_HOUSE_PRICES(1.0),Analytical house prices indicators,I,CRI,Costa Rica,A,Annual,RPI,Rent prices,IX,Index,2022,,113.957762472989,,A,Normal value,0,Units,S,"Seasonally adjusted, not calendar adjusted",1,One,2015,
DATAFLOW,OECD.ECO.MPD:DSD_AN_HOUSE_PRICES@DF_HOUSE_PRICES(1.0),Analytical house prices indicators,I,CRI,Costa Rica,A,Annual,RPI,Rent prices,IX,Index,2023,,120.259980663756,,A,Normal value,0,Units,S,"Seasonally adjusted, not calendar adjusted",1,One,2015,
DATAFLOW,OECD.ECO.MPD:DSD_AN_HOUSE_PRICES@DF_HOUSE_PRICES(1.0),Analytical house prices indicators,I,CZE,Czechia,A,Annual,RPI,Rent prices,IX,Index,1994,,16.645030452,,A,Normal value,0,Units,S,"Seasonally adjusted, not calendar adjusted",1,One,2015,
DATAFLOW,OECD.ECO.MPD:DSD_AN_HOUSE_PRICES@DF_HOUSE_PRICES(1.0),Analytical house prices indicators,I,CZE,Czechia,A,Annual,RPI,Rent prices,IX,Index,1995,,18.5169267837228,,A,Normal value,0,Units,S,"Seasonally adjusted, not calendar adjusted",1,One,2015,
DATAFLOW,OECD.ECO.MPD:DSD_AN_HOUSE_PRICES@DF_HOUSE_PRICES(1.0),Analytical house prices indicators,I,CZE,Czechia,A,Annual,RPI,Rent prices,IX,Index,1996,,22.2902816343869,,A,Normal value,0,Units,S,"Seasonally adjusted, not calendar adjusted",1,One,2015,
DATAFLOW,OECD.ECO.MPD:DSD_AN_HOUSE_PRICES@DF_HOUSE_PRICES(1.0),Analytical house prices indicators,I,CZE,Czechia,A,Annual,RPI,Rent prices,IX,Index,1997,,29.2122662103436,,A,Normal value,0,Units,S,"Seasonally adjusted, not calendar adjusted",1,One,2015,
DATAFLOW,OECD.ECO.MPD:DSD_AN_HOUSE_PRICES@DF_HOUSE_PRICES(1.0),Analytical house prices indicators,I,CZE,Czechia,A,Annual,RPI,Rent prices,IX,Index,1998,,38.616498548234,,A,Normal value,0,Units,S,"Seasonally adjusted, not calendar adjusted",1,One,2015,
DATAFLOW,OECD.ECO.MPD:DSD_AN_HOUSE_PRICES@DF_HOUSE_PRICES(1.0),Analytical house prices indicators,I,CZE,Czechia,A,Annual,RPI,Rent prices,IX,Index,1999,,44.1724062216359,,A,Normal value,0,Units,S,"Seasonally adjusted, not calendar adjusted",1,One,2015,
DATAFLOW,OECD.ECO.MPD:DSD_AN_HOUSE_PRICES@DF_HOUSE_PRICES(1.0),Analytical house prices indicators,I,CZE,Czechia,A,Annual,RPI,Rent prices,IX,Index,2000,,47.4293212355005,,A,Normal value,0,Units,S,"Seasonally adjusted, not calendar adjusted",1,One,2015,
DATAFLOW,OECD.ECO.MPD:DSD_AN_HOUSE_PRICES@DF_HOUSE_PRICES(1.0),Analytical house prices indicators,I,CZE,Czechia,A,Annual,RPI,Rent prices,IX,Index,2001,,50.3780356221122,,A,Normal value,0,Units,S,"Seasonally adjusted, not calendar adjusted",1,One,2015,
DATAFLOW,OECD.ECO.MPD:DSD_AN_HOUSE_PRICES@DF_HOUSE_PRICES(1.0),Analytical house prices indicators,I,CZE,Czechia,A,Annual,RPI,Rent prices,IX,Index,2002,,53.8182032394627,,A,Normal value,0,Units,S,"Seasonally adjusted, not calendar adjusted",1,One,2015,
DATAFLOW,OECD.ECO.MPD:DSD_AN_HOUSE_PRICES@DF_HOUSE_PRICES(1.0),Analytical house prices indicators,I,CZE,Czechia,A,Annual,RPI,Rent prices,IX,Index,2003,,56.0255733456227,,A,Normal value,0,Units,S,"Seasonally adjusted, not calendar adjusted",1,One,2015,
DATAFLOW,OECD.ECO.MPD:DSD_AN_HOUSE_PRICES@DF_HOUSE_PRICES(1.0),Analytical house prices indicators,I,CZE,Czechia,A,Annual,RPI,Rent prices,IX,Index,2004,,57.2500394892157,,A,Normal value,0,Units,S,"Seasonally adjusted, not calendar adjusted",1,One,2015,
DATAFLOW,OECD.ECO.MPD:DSD_AN_HOUSE_PRICES@DF_HOUSE_PRICES(1.0),Analytical house prices indicators,I,CZE,Czechia,A,Annual,RPI,Rent prices,IX,Index,2005,,57.9080850871561,,A,Normal value,0,Units,S,"Seasonally adjusted, not calendar adjusted",1,One,2015,
DATAFLOW,OECD.ECO.MPD:DSD_AN_HOUSE_PRICES@DF_HOUSE_PRICES(1.0),Analytical house prices indicators,I,CZE,Czechia,A,Annual,RPI,Rent prices,IX,Index,2006,,58.5161524751539,,A,Normal value,0,Units,S,"Seasonally adjusted, not calendar adjusted",1,One,2015,
DATAFLOW,OECD.ECO.MPD:DSD_AN_HOUSE_PRICES@DF_HOUSE_PRICES(1.0),Analytical house prices indicators,I,CZE,Czechia,A,Annual,RPI,Rent prices,IX,Index,2007,,62.3728085072398,,A,Normal value,0,Units,S,"Seasonally adjusted, not calendar adjusted",1,One,2015,
DATAFLOW,OECD.ECO.MPD:DSD_AN_HOUSE_PRICES@DF_HOUSE_PRICES(1.0),Analytical house prices indicators,I,CZE,Czechia,A,Annual,RPI,Rent prices,IX,Index,2008,,71.1772998269089,,A,Normal value,0,Units,S,"Seasonally adjusted, not calendar adjusted",1,One,2015,
DATAFLOW,OECD.ECO.MPD:DSD_AN_HOUSE_PRICES@DF_HOUSE_PRICES(1.0),Analytical house prices indicators,I,CZE,Czechia,A,Annual,RPI,Rent prices,IX,Index,2009,,82.9055189271288,,A,Normal value,0,Units,S,"Seasonally adjusted, not calendar adjusted",1,One,2015,
DATAFLOW,OECD.ECO.MPD:DSD_AN_HOUSE_PRICES@DF_HOUSE_PRICES(1.0),Analytical house prices indicators,I,CZE,Czechia,A,Annual,RPI,Rent prices,IX,Index,2010,,89.8691478465201,,A,Normal value,0,Units,S,"Seasonally adjusted, not calendar adjusted",1,One,2015,
DATAFLOW,OECD.ECO.MPD:DSD_AN_HOUSE_PRICES@DF_HOUSE_PRICES(1.0),Analytical house prices indicators,I,CZE,Czechia,A,Annual,RPI,Rent prices,IX,Index,2011,,92.3014273941533,,A,Normal value,0,Units,S,"Seasonally adjusted, not calendar adjusted",1,One,2015,
DATAFLOW,OECD.ECO.MPD:DSD_AN_HOUSE_PRICES@DF_HOUSE_PRICES(1.0),Analytical house prices indicators,I,CZE,Czechia,A,Annual,RPI,Rent prices,IX,Index,2012,,96.2663587191693,,A,Normal value,0,Units,S,"Seasonally adjusted, not calendar adjusted",1,One,2015,
DATAFLOW,OECD.ECO.MPD:DSD_AN_HOUSE_PRICES@DF_HOUSE_PRICES(1.0),Analytical house prices indicators,I,CZE,Czechia,A,Annual,RPI,Rent prices,IX,Index,2013,,98.2155114058401,,A,Normal value,0,Units,S,"Seasonally adjusted, not calendar adjusted",1,One,2015,
DATAFLOW,OECD.ECO.MPD:DSD_AN_HOUSE_PRICES@DF_HOUSE_PRICES(1.0),Analytical house prices indicators,I,CZE,Czechia,A,Annual,RPI,Rent prices,IX,Index,2014,,99.10679281503,,A,Normal value,0,Units,S,"Seasonally adjusted, not calendar adjusted",1,One,2015,
DATAFLOW,OECD.ECO.MPD:DSD_AN_HOUSE_PRICES@DF_HOUSE_PRICES(1.0),Analytical house prices indicators,I,CZE,Czechia,A,Annual,RPI,Rent prices,IX,Index,2015,,100,,A,Normal value,0,Units,S,"Seasonally adjusted, not calendar adjusted",1,One,2015,
DATAFLOW,OECD.ECO.MPD:DSD_AN_HOUSE_PRICES@DF_HOUSE_PRICES(1.0),Analytical house prices indicators,I,CZE,Czechia,A,Annual,RPI,Rent prices,IX,Index,2016,,101.186792410991,,A,Normal value,0,Units,S,"Seasonally adjusted, not calendar adjusted",1,One,2015,
DATAFLOW,OECD.ECO.MPD:DSD_AN_HOUSE_PRICES@DF_HOUSE_PRICES(1.0),Analytical house prices indicators,I,CZE,Czechia,A,Annual,RPI,Rent prices,IX,Index,2017,,103.337842249662,,A,Normal value,0,Units,S,"Seasonally adjusted, not calendar adjusted",1,One,2015,
DATAFLOW,OECD.ECO.MPD:DSD_AN_HOUSE_PRICES@DF_HOUSE_PRICES(1.0),Analytical house prices indicators,I,CZE,Czechia,A,Annual,RPI,Rent prices,IX,Index,2018,,106.453192016011,,A,Normal value,0,Units,S,"Seasonally adjusted, not calendar adjusted",1,One,2015,
DATAFLOW,OECD.ECO.MPD:DSD_AN_HOUSE_PRICES@DF_HOUSE_PRICES(1.0),Analytical house prices indicators,I,CZE,Czechia,A,Annual,RPI,Rent prices,IX,Index,2019,,110.396841720237,,A,Normal value,0,Units,S,"Seasonally adjusted, not calendar adjusted",1,One,2015,
DATAFLOW,OECD.ECO.MPD:DSD_AN_HOUSE_PRICES@DF_HOUSE_PRICES(1.0),Analytical house prices indicators,I,CZE,Czechia,A,Annual,RPI,Rent prices,IX,Index,2020,,113.833591462481,,A,Normal value,0,Units,S,"Seasonally adjusted, not calendar adjusted",1,One,2015,
DATAFLOW,OECD.ECO.MPD:DSD_AN_HOUSE_PRICES@DF_HOUSE_PRICES(1.0),Analytical house prices indicators,I,CZE,Czechia,A,Annual,RPI,Rent prices,IX,Index,2021,,116.528566260358,,A,Normal value,0,Units,S,"Seasonally adjusted, not calendar adjusted",1,One,2015,
DATAFLOW,OECD.ECO.MPD:DSD_AN_HOUSE_PRICES@DF_HOUSE_PRICES(1.0),Analytical house prices indicators,I,CZE,Czechia,A,Annual,RPI,Rent prices,IX,Index,2022,,122.277165829213,,A,Normal value,0,Units,S,"Seasonally adjusted, not calendar adjusted",1,One,2015,
DATAFLOW,OECD.ECO.MPD:DSD_AN_HOUSE_PRICES@DF_HOUSE_PRICES(1.0),Analytical house prices indicators,I,CZE,Czechia,A,Annual,RPI,Rent prices,IX,Index,2023,,131.017440173692,,A,Normal value,0,Units,S,"Seasonally adjusted, not calendar adjusted",1,One,2015,
DATAFLOW,OECD.ECO.MPD:DSD_AN_HOUSE_PRICES@DF_HOUSE_PRICES(1.0),Analytical house prices indicators,I,CZE,Czechia,A,Annual,RPI,Rent prices,IX,Index,2024,,139.86893950983,,A,Normal value,0,Units,S,"Seasonally adjusted, not calendar adjusted",1,One,2015,
DATAFLOW,OECD.ECO.MPD:DSD_AN_HOUSE_PRICES@DF_HOUSE_PRICES(1.0),Analytical house prices indicators,I,CZE,Czechia,A,Annual,RPI,Rent prices,IX,Index,2025,,148.337238876149,,A,Normal value,0,Units,S,"Seasonally adjusted, not calendar adjusted",1,One,2015,
DATAFLOW,OECD.ECO.MPD:DSD_AN_HOUSE_PRICES@DF_HOUSE_PRICES(1.0),Analytical house prices indicators,I,DNK,Denmark,A,Annual,RPI,Rent prices,IX,Index,1967,,9.05651994817066,,A,Normal value,0,Units,S,"Seasonally adjusted, not calendar adjusted",1,One,2015,
DATAFLOW,OECD.ECO.MPD:DSD_AN_HOUSE_PRICES@DF_HOUSE_PRICES(1.0),Analytical house prices indicators,I,DNK,Denmark,A,Annual,RPI,Rent prices,IX,Index,1968,,10.0738264178266,,A,Normal value,0,Units,S,"Seasonally adjusted, not calendar adjusted",1,One,2015,
DATAFLOW,OECD.ECO.MPD:DSD_AN_HOUSE_PRICES@DF_HOUSE_PRICES(1.0),Analytical house prices indicators,I,DNK,Denmark,A,Annual,RPI,Rent prices,IX,Index,1969,,10.8554179601865,,A,Normal value,0,Units,S,"Seasonally adjusted, not calendar adjusted",1,One,2015,
DATAFLOW,OECD.ECO.MPD:DSD_AN_HOUSE_PRICES@DF_HOUSE_PRICES(1.0),Analytical house prices indicators,I,DNK,Denmark,A,Annual,RPI,Rent prices,IX,Index,1970,,11.6742258867226,,A,Normal value,0,Units,S,"Seasonally adjusted, not calendar adjusted",1,One,2015,
DATAFLOW,OECD.ECO.MPD:DSD_AN_HOUSE_PRICES@DF_HOUSE_PRICES(1.0),Analytical house prices indicators,I,DNK,Denmark,A,Annual,RPI,Rent prices,IX,Index,1971,,12.8155941330053,,A,Normal value,0,Units,S,"Seasonally adjusted, not calendar adjusted",1,One,2015,
DATAFLOW,OECD.ECO.MPD:DSD_AN_HOUSE_PRICES@DF_HOUSE_PRICES(1.0),Analytical house prices indicators,I,DNK,Denmark,A,Annual,RPI,Rent prices,IX,Index,1972,,13.7088398252264,,A,Normal value,0,Units,S,"Seasonally adjusted, not calendar adjusted",1,One,2015,
DATAFLOW,OECD.ECO.MPD:DSD_AN_HOUSE_PRICES@DF_HOUSE_PRICES(1.0),Analytical house prices indicators,I,DNK,Denmark,A,Annual,RPI,Rent prices,IX,Index,1973,,14.7385551709809,,A,Normal value,0,Units,S,"Seasonally adjusted, not calendar adjusted",1,One,2015,
DATAFLOW,OECD.ECO.MPD:DSD_AN_HOUSE_PRICES@DF_HOUSE_PRICES(1.0),Analytical house prices indicators,I,DNK,Denmark,A,Annual,RPI,Rent prices,IX,Index,1974,,16.0145340631214,,A,Normal value,0,Units,S,"Seasonally adjusted, not calendar adjusted",1,One,2015,
DATAFLOW,OECD.ECO.MPD:DSD_AN_HOUSE_PRICES@DF_HOUSE_PRICES(1.0),Analytical house prices indicators,I,DNK,Denmark,A,Annual,RPI,Rent prices,IX,Index,1975,,17.6323005116552,,A,Normal value,0,Units,S,"Seasonally adjusted, not calendar adjusted",1,One,2015,
DATAFLOW,OECD.ECO.MPD:DSD_AN_HOUSE_PRICES@DF_HOUSE_PRICES(1.0),Analytical house prices indicators,I,DNK,Denmark,A,Annual,RPI,Rent prices,IX,Index,1976,,19.98203374187,,A,Normal value,0,Units,S,"Seasonally adjusted, not calendar adjusted",1,One,2015,
DATAFLOW,OECD.ECO.MPD:DSD_AN_HOUSE_PRICES@DF_HOUSE_PRICES(1.0),Analytical house prices indicators,I,DNK,Denmark,A,Annual,RPI,Rent prices,IX,Index,1977,,22.2765589417128,,A,Normal value,0,Units,S,"Seasonally adjusted, not calendar adjusted",1,One,2015,
DATAFLOW,OECD.ECO.MPD:DSD_AN_HOUSE_PRICES@DF_HOUSE_PRICES(1.0),Analytical house prices indicators,I,DNK,Denmark,A,Annual,RPI,Rent prices,IX,Index,1978,,24.1796705751502,,A,Normal value,0,Units,S,"Seasonally adjusted, not calendar adjusted",1,One,2015,
DATAFLOW,OECD.ECO.MPD:DSD_AN_HOUSE_PRICES@DF_HOUSE_PRICES(1.0),Analytical house prices indicators,I,DNK,Denmark,A,Annual,RPI,Rent prices,IX,Index,1979,,26.0870999038345,,A,Normal value,0,Units,S,"Seasonally adjusted, not calendar adjusted",1,One,2015,
DATAFLOW,OECD.ECO.MPD:DSD_AN_HOUSE_PRICES@DF_HOUSE_PRICES(1.0),Analytical house prices indicators,I,DNK,Denmark,A,Annual,RPI,Rent prices,IX,Index,1980,,28.0281912639816,,A,Normal value,0,Units,S,"Seasonally adjusted, not calendar adjusted",1,One,2015,
DATAFLOW,OECD.ECO.MPD:DSD_AN_HOUSE_PRICES@DF_HOUSE_PRICES(1.0),Analytical house prices indicators,I,DNK,Denmark,A,Annual,RPI,Rent prices,IX,Index,1981,,30.0495947541226,,A,Normal value,0,Units,S,"Seasonally adjusted, not calendar adjusted",1,One,2015,
DATAFLOW,OECD.ECO.MPD:DSD_AN_HOUSE_PRICES@DF_HOUSE_PRICES(1.0),Analytical house prices indicators,I,DNK,Denmark,A,Annual,RPI,Rent prices,IX,Index,1982,,32.9892305987938,,A,Normal value,0,Units,S,"Seasonally adjusted, not calendar adjusted",1,One,2015,
DATAFLOW,OECD.ECO.MPD:DSD_AN_HOUSE_PRICES@DF_HOUSE_PRICES(1.0),Analytical house prices indicators,I,DNK,Denmark,A,Annual,RPI,Rent prices,IX,Index,1983,,36.255489594503,,A,Normal value,0,Units,S,"Seasonally adjusted, not calendar adjusted",1,One,2015,
DATAFLOW,OECD.ECO.MPD:DSD_AN_HOUSE_PRICES@DF_HOUSE_PRICES(1.0),Analytical house prices indicators,I,DNK,Denmark,A,Annual,RPI,Rent prices,IX,Index,1984,,39.1484628473119,,A,Normal value,0,Units,S,"Seasonally adjusted, not calendar adjusted",1,One,2015,
DATAFLOW,OECD.ECO.MPD:DSD_AN_HOUSE_PRICES@DF_HOUSE_PRICES(1.0),Analytical house prices indicators,I,DNK,Denmark,A,Annual,RPI,Rent prices,IX,Index,1985,,41.1548818360662,,A,Normal value,0,Units,S,"Seasonally adjusted, not calendar adjusted",1,One,2015,
DATAFLOW,OECD.ECO.MPD:DSD_AN_HOUSE_PRICES@DF_HOUSE_PRICES(1.0),Analytical house prices indicators,I,DNK,Denmark,A,Annual,RPI,Rent prices,IX,Index,1986,,42.8813302709796,,A,Normal value,0,Units,S,"Seasonally adjusted, not calendar adjusted",1,One,2015,
DATAFLOW,OECD.ECO.MPD:DSD_AN_HOUSE_PRICES@DF_HOUSE_PRICES(1.0),Analytical house prices indicators,I,DNK,Denmark,A,Annual,RPI,Rent prices,IX,Index,1987,,45.0743946298501,,A,Normal value,0,Units,S,"Seasonally adjusted, not calendar adjusted",1,One,2015,
DATAFLOW,OECD.ECO.MPD:DSD_AN_HOUSE_PRICES@DF_HOUSE_PRICES(1.0),Analytical house prices indicators,I,DNK,Denmark,A,Annual,RPI,Rent prices,IX,Index,1988,,47.780725011209,,A,Normal value,0,Units,S,"Seasonally adjusted, not calendar adjusted",1,One,2015,
DATAFLOW,OECD.ECO.MPD:DSD_AN_HOUSE_PRICES@DF_HOUSE_PRICES(1.0),Analytical house prices indicators,I,DNK,Denmark,A,Annual,RPI,Rent prices,IX,Index,1989,,50.5803730802935,,A,Normal value,0,Units,S,"Seasonally adjusted, not calendar adjusted",1,One,2015,
DATAFLOW,OECD.ECO.MPD:DSD_AN_HOUSE_PRICES@DF_HOUSE_PRICES(1.0),Analytical house prices indicators,I,DNK,Denmark,A,Annual,RPI,Rent prices,IX,Index,1990,,53.3333685521807,,A,Normal value,0,Units,S,"Seasonally adjusted, not calendar adjusted",1,One,2015,
DATAFLOW,OECD.ECO.MPD:DSD_AN_HOUSE_PRICES@DF_HOUSE_PRICES(1.0),Analytical house prices indicators,I,DNK,Denmark,A,Annual,RPI,Rent prices,IX,Index,1991,,55.4797653218567,,A,Normal value,0,Units,S,"Seasonally adjusted, not calendar adjusted",1,One,2015,
DATAFLOW,OECD.ECO.MPD:DSD_AN_HOUSE_PRICES@DF_HOUSE_PRICES(1.0),Analytical house prices indicators,I,DNK,Denmark,A,Annual,RPI,Rent prices,IX,Index,1992,,57.2062187541025,,A,Normal value,0,Units,S,"Seasonally adjusted, not calendar adjusted",1,One,2015,
DATAFLOW,OECD.ECO.MPD:DSD_AN_HOUSE_PRICES@DF_HOUSE_PRICES(1.0),Analytical house prices indicators,I,DNK,Denmark,A,Annual,RPI,Rent prices,IX,Index,1993,,58.9793322795444,,A,Normal value,0,Units,S,"Seasonally adjusted, not calendar adjusted",1,One,2015,
DATAFLOW,OECD.ECO.MPD:DSD_AN_HOUSE_PRICES@DF_HOUSE_PRICES(1.0),Analytical house prices indicators,I,DNK,Denmark,A,Annual,RPI,Rent prices,IX,Index,1994,,60.5658004348699,,A,Normal value,0,Units,S,"Seasonally adjusted, not calendar adjusted",1,One,2015,
DATAFLOW,OECD.ECO.MPD:DSD_AN_HOUSE_PRICES@DF_HOUSE_PRICES(1.0),Analytical house prices indicators,I,DNK,Denmark,A,Annual,RPI,Rent prices,IX,Index,1995,,61.7323227540992,,A,Normal value,0,Units,S,"Seasonally adjusted, not calendar adjusted",1,One,2015,
DATAFLOW,OECD.ECO.MPD:DSD_AN_HOUSE_PRICES@DF_HOUSE_PRICES(1.0),Analytical house prices indicators,I,DNK,Denmark,A,Annual,RPI,Rent prices,IX,Index,1996,,62.6655371113499,,A,Normal value,0,Units,S,"Seasonally adjusted, not calendar adjusted",1,One,2015,
DATAFLOW,OECD.ECO.MPD:DSD_AN_HOUSE_PRICES@DF_HOUSE_PRICES(1.0),Analytical house prices indicators,I,DNK,Denmark,A,Annual,RPI,Rent prices,IX,Index,1997,,64.3453279517336,,A,Normal value,0,Units,S,"Seasonally adjusted, not calendar adjusted",1,One,2015,
DATAFLOW,OECD.ECO.MPD:DSD_AN_HOUSE_PRICES@DF_HOUSE_PRICES(1.0),Analytical house prices indicators,I,DNK,Denmark,A,Annual,RPI,Rent prices,IX,Index,1998,,65.605172956021,,A,Normal value,0,Units,S,"Seasonally adjusted, not calendar adjusted",1,One,2015,
DATAFLOW,OECD.ECO.MPD:DSD_AN_HOUSE_PRICES@DF_HOUSE_PRICES(1.0),Analytical house prices indicators,I,DNK,Denmark,A,Annual,RPI,Rent prices,IX,Index,1999,,67.3549564348649,,A,Normal value,0,Units,S,"Seasonally adjusted, not calendar adjusted",1,One,2015,
DATAFLOW,OECD.ECO.MPD:DSD_AN_HOUSE_PRICES@DF_HOUSE_PRICES(1.0),Analytical house prices indicators,I,DNK,Denmark,A,Annual,RPI,Rent prices,IX,Index,2000,,69.2007111849718,,A,Normal value,0,Units,S,"Seasonally adjusted, not calendar adjusted",1,One,2015,
DATAFLOW,OECD.ECO.MPD:DSD_AN_HOUSE_PRICES@DF_HOUSE_PRICES(1.0),Analytical house prices indicators,I,DNK,Denmark,A,Annual,RPI,Rent prices,IX,Index,2001,,71.081960391804,,A,Normal value,0,Units,S,"Seasonally adjusted, not calendar adjusted",1,One,2015,
DATAFLOW,OECD.ECO.MPD:DSD_AN_HOUSE_PRICES@DF_HOUSE_PRICES(1.0),Analytical house prices indicators,I,DNK,Denmark,A,Annual,RPI,Rent prices,IX,Index,2002,,72.8632202136781,,A,Normal value,0,Units,S,"Seasonally adjusted, not calendar adjusted",1,One,2015,
DATAFLOW,OECD.ECO.MPD:DSD_AN_HOUSE_PRICES@DF_HOUSE_PRICES(1.0),Analytical house prices indicators,I,DNK,Denmark,A,Annual,RPI,Rent prices,IX,Index,2003,,74.8627225137278,,A,Normal value,0,Units,S,"Seasonally adjusted, not calendar adjusted",1,One,2015,
DATAFLOW,OECD.ECO.MPD:DSD_AN_HOUSE_PRICES@DF_HOUSE_PRICES(1.0),Analytical house prices indicators,I,DNK,Denmark,A,Annual,RPI,Rent prices,IX,Index,2004,,76.9493423050658,,A,Normal value,0,Units,S,"Seasonally adjusted, not calendar adjusted",1,One,2015,
DATAFLOW,OECD.ECO.MPD:DSD_AN_HOUSE_PRICES@DF_HOUSE_PRICES(1.0),Analytical house prices indicators,I,DNK,Denmark,A,Annual,RPI,Rent prices,IX,Index,2005,,78.7814921218509,,A,Normal value,0,Units,S,"Seasonally adjusted, not calendar adjusted",1,One,2015,
DATAFLOW,OECD.ECO.MPD:DSD_AN_HOUSE_PRICES@DF_HOUSE_PRICES(1.0),Analytical house prices indicators,I,DNK,Denmark,A,Annual,RPI,Rent prices,IX,Index,2006,,80.3670044632997,,A,Normal value,0,Units,S,"Seasonally adjusted, not calendar adjusted",1,One,2015,
DATAFLOW,OECD.ECO.MPD:DSD_AN_HOUSE_PRICES@DF_HOUSE_PRICES(1.0),Analytical house prices indicators,I,DNK,Denmark,A,Annual,RPI,Rent prices,IX,Index,2007,,82.0229892977011,,A,Normal value,0,Units,S,"Seasonally adjusted, not calendar adjusted",1,One,2015,
DATAFLOW,OECD.ECO.MPD:DSD_AN_HOUSE_PRICES@DF_HOUSE_PRICES(1.0),Analytical house prices indicators,I,DNK,Denmark,A,Annual,RPI,Rent prices,IX,Index,2008,,84.0714340928567,,A,Normal value,0,Units,S,"Seasonally adjusted, not calendar adjusted",1,One,2015,
DATAFLOW,OECD.ECO.MPD:DSD_AN_HOUSE_PRICES@DF_HOUSE_PRICES(1.0),Analytical house prices indicators,I,DNK,Denmark,A,Annual,RPI,Rent prices,IX,Index,2009,,86.9899588010042,,A,Normal value,0,Units,S,"Seasonally adjusted, not calendar adjusted",1,One,2015,
DATAFLOW,OECD.ECO.MPD:DSD_AN_HOUSE_PRICES@DF_HOUSE_PRICES(1.0),Analytical house prices indicators,I,DNK,Denmark,A,Annual,RPI,Rent prices,IX,Index,2010,,89.42010105799,,A,Normal value,0,Units,S,"Seasonally adjusted, not calendar adjusted",1,One,2015,
DATAFLOW,OECD.ECO.MPD:DSD_AN_HOUSE_PRICES@DF_HOUSE_PRICES(1.0),Analytical house prices indicators,I,DNK,Denmark,A,Annual,RPI,Rent prices,IX,Index,2011,,92.1066682893332,,A,Normal value,0,Units,S,"Seasonally adjusted, not calendar adjusted",1,One,2015,
DATAFLOW,OECD.ECO.MPD:DSD_AN_HOUSE_PRICES@DF_HOUSE_PRICES(1.0),Analytical house prices indicators,I,DNK,Denmark,A,Annual,RPI,Rent prices,IX,Index,2012,,94.4663455533655,,A,Normal value,0,Units,S,"Seasonally adjusted, not calendar adjusted",1,One,2015,
DATAFLOW,OECD.ECO.MPD:DSD_AN_HOUSE_PRICES@DF_HOUSE_PRICES(1.0),Analytical house prices indicators,I,DNK,Denmark,A,Annual,RPI,Rent prices,IX,Index,2013,,96.4521553547846,,A,Normal value,0,Units,S,"Seasonally adjusted, not calendar adjusted",1,One,2015,
DATAFLOW,OECD.ECO.MPD:DSD_AN_HOUSE_PRICES@DF_HOUSE_PRICES(1.0),Analytical house prices indicators,I,DNK,Denmark,A,Annual,RPI,Rent prices,IX,Index,2014,,98.1472851852716,,A,Normal value,0,Units,S,"Seasonally adjusted, not calendar adjusted",1,One,2015,
DATAFLOW,OECD.ECO.MPD:DSD_AN_HOUSE_PRICES@DF_HOUSE_PRICES(1.0),Analytical house prices indicators,I,DNK,Denmark,A,Annual,RPI,Rent prices,IX,Index,2015,,100,,A,Normal value,0,Units,S,"Seasonally adjusted, not calendar adjusted",1,One,2015,
DATAFLOW,OECD.ECO.MPD:DSD_AN_HOUSE_PRICES@DF_HOUSE_PRICES(1.0),Analytical house prices indicators,I,DNK,Denmark,A,Annual,RPI,Rent prices,IX,Index,2016,,101.375039862496,,A,Normal value,0,Units,S,"Seasonally adjusted, not calendar adjusted",1,One,2015,
DATAFLOW,OECD.ECO.MPD:DSD_AN_HOUSE_PRICES@DF_HOUSE_PRICES(1.0),Analytical house prices indicators,I,DNK,Denmark,A,Annual,RPI,Rent prices,IX,Index,2017,,103.016364698364,,A,Normal value,0,Units,S,"Seasonally adjusted, not calendar adjusted",1,One,2015,
DATAFLOW,OECD.ECO.MPD:DSD_AN_HOUSE_PRICES@DF_HOUSE_PRICES(1.0),Analytical house prices indicators,I,DNK,Denmark,A,Annual,RPI,Rent prices,IX,Index,2018,,104.218214578179,,A,Normal value,0,Units,S,"Seasonally adjusted, not calendar adjusted",1,One,2015,
DATAFLOW,OECD.ECO.MPD:DSD_AN_HOUSE_PRICES@DF_HOUSE_PRICES(1.0),Analytical house prices indicators,I,DNK,Denmark,A,Annual,RPI,Rent prices,IX,Index,2019,,105.133314486668,,A,Normal value,0,Units,S,"Seasonally adjusted, not calendar adjusted",1,One,2015,
DATAFLOW,OECD.ECO.MPD:DSD_AN_HOUSE_PRICES@DF_HOUSE_PRICES(1.0),Analytical house prices indicators,I,DNK,Denmark,A,Annual,RPI,Rent prices,IX,Index,2020,,106.144339385566,,A,Normal value,0,Units,S,"Seasonally adjusted, not calendar adjusted",1,One,2015,
DATAFLOW,OECD.ECO.MPD:DSD_AN_HOUSE_PRICES@DF_HOUSE_PRICES(1.0),Analytical house prices indicators,I,DNK,Denmark,A,Annual,RPI,Rent prices,IX,Index,2021,,107.489089251091,,A,Normal value,0,Units,S,"Seasonally adjusted, not calendar adjusted",1,One,2015,
DATAFLOW,OECD.ECO.MPD:DSD_AN_HOUSE_PRICES@DF_HOUSE_PRICES(1.0),Analytical house prices indicators,I,DNK,Denmark,A,Annual,RPI,Rent prices,IX,Index,2022,,109.729364027064,,A,Normal value,0,Units,S,"Seasonally adjusted, not calendar adjusted",1,One,2015,
DATAFLOW,OECD.ECO.MPD:DSD_AN_HOUSE_PRICES@DF_HOUSE_PRICES(1.0),Analytical house prices indicators,I,DNK,Denmark,A,Annual,RPI,Rent prices,IX,Index,2023,,112.737963726204,,A,Normal value,0,Units,S,"Seasonally adjusted, not calendar adjusted",1,One,2015,
DATAFLOW,OECD.ECO.MPD:DSD_AN_HOUSE_PRICES@DF_HOUSE_PRICES(1.0),Analytical house prices indicators,I,DNK,Denmark,A,Annual,RPI,Rent prices,IX,Index,2024,,114.966488503351,,A,Normal value,0,Units,S,"Seasonally adjusted, not calendar adjusted",1,One,2015,
DATAFLOW,OECD.ECO.MPD:DSD_AN_HOUSE_PRICES@DF_HOUSE_PRICES(1.0),Analytical house prices indicators,I,DNK,Denmark,A,Annual,RPI,Rent prices,IX,Index,2025,,117.445563255977,,A,Normal value,0,Units,S,"Seasonally adjusted, not calendar adjusted",1,One,2015,
DATAFLOW,OECD.ECO.MPD:DSD_AN_HOUSE_PRICES@DF_HOUSE_PRICES(1.0),Analytical house prices indicators,I,EST,Estonia,A,Annual,RPI,Rent prices,IX,Index,1998,,40.0276059952615,,A,Normal value,0,Units,S,"Seasonally adjusted, not calendar adjusted",1,One,2015,
DATAFLOW,OECD.ECO.MPD:DSD_AN_HOUSE_PRICES@DF_HOUSE_PRICES(1.0),Analytical house prices indicators,I,EST,Estonia,A,Annual,RPI,Rent prices,IX,Index,1999,,43.3784085844603,,A,Normal value,0,Units,S,"Seasonally adjusted, not calendar adjusted",1,One,2015,
DATAFLOW,OECD.ECO.MPD:DSD_AN_HOUSE_PRICES@DF_HOUSE_PRICES(1.0),Analytical house prices indicators,I,EST,Estonia,A,Annual,RPI,Rent prices,IX,Index,2000,,44.5392511134813,,A,Normal value,0,Units,S,"Seasonally adjusted, not calendar adjusted",1,One,2015,
DATAFLOW,OECD.ECO.MPD:DSD_AN_HOUSE_PRICES@DF_HOUSE_PRICES(1.0),Analytical house prices indicators,I,EST,Estonia,A,Annual,RPI,Rent prices,IX,Index,2001,,48.9237837230946,,A,Normal value,0,Units,S,"Seasonally adjusted, not calendar adjusted",1,One,2015,
DATAFLOW,OECD.ECO.MPD:DSD_AN_HOUSE_PRICES@DF_HOUSE_PRICES(1.0),Analytical house prices indicators,I,EST,Estonia,A,Annual,RPI,Rent prices,IX,Index,2002,,49.1644462291112,,A,Normal value,0,Units,S,"Seasonally adjusted, not calendar adjusted",1,One,2015,
DATAFLOW,OECD.ECO.MPD:DSD_AN_HOUSE_PRICES@DF_HOUSE_PRICES(1.0),Analytical house prices indicators,I,EST,Estonia,A,Annual,RPI,Rent prices,IX,Index,2003,,50.5825662645642,,A,Normal value,0,Units,S,"Seasonally adjusted, not calendar adjusted",1,One,2015,
DATAFLOW,OECD.ECO.MPD:DSD_AN_HOUSE_PRICES@DF_HOUSE_PRICES(1.0),Analytical house prices indicators,I,EST,Estonia,A,Annual,RPI,Rent prices,IX,Index,2004,,53.4382188359555,,A,Normal value,0,Units,S,"Seasonally adjusted, not calendar adjusted",1,One,2015,
DATAFLOW,OECD.ECO.MPD:DSD_AN_HOUSE_PRICES@DF_HOUSE_PRICES(1.0),Analytical house prices indicators,I,EST,Estonia,A,Annual,RPI,Rent prices,IX,Index,2005,,56.0198489004963,,A,Normal value,0,Units,S,"Seasonally adjusted, not calendar adjusted",1,One,2015,
DATAFLOW,OECD.ECO.MPD:DSD_AN_HOUSE_PRICES@DF_HOUSE_PRICES(1.0),Analytical house prices indicators,I,EST,Estonia,A,Annual,RPI,Rent prices,IX,Index,2006,,68.6156142153904,,A,Normal value,0,Units,S,"Seasonally adjusted, not calendar adjusted",1,One,2015,
DATAFLOW,OECD.ECO.MPD:DSD_AN_HOUSE_PRICES@DF_HOUSE_PRICES(1.0),Analytical house prices indicators,I,EST,Estonia,A,Annual,RPI,Rent prices,IX,Index,2007,,86.999277174982,,A,Normal value,0,Units,S,"Seasonally adjusted, not calendar adjusted",1,One,2015,
DATAFLOW,OECD.ECO.MPD:DSD_AN_HOUSE_PRICES@DF_HOUSE_PRICES(1.0),Analytical house prices indicators,I,EST,Estonia,A,Annual,RPI,Rent prices,IX,Index,2008,,82.9473345736835,,A,Normal value,0,Units,S,"Seasonally adjusted, not calendar adjusted",1,One,2015,
DATAFLOW,OECD.ECO.MPD:DSD_AN_HOUSE_PRICES@DF_HOUSE_PRICES(1.0),Analytical house prices indicators,I,EST,Estonia,A,Annual,RPI,Rent prices,IX,Index,2009,,54.8685138717129,,A,Normal value,0,Units,S,"Seasonally adjusted, not calendar adjusted",1,One,2015,
DATAFLOW,OECD.ECO.MPD:DSD_AN_HOUSE_PRICES@DF_HOUSE_PRICES(1.0),Analytical house prices indicators,I,EST,Estonia,A,Annual,RPI,Rent prices,IX,Index,2010,,48.5272187131805,,A,Normal value,0,Units,S,"Seasonally adjusted, not calendar adjusted",1,One,2015,
DATAFLOW,OECD.ECO.MPD:DSD_AN_HOUSE_PRICES@DF_HOUSE_PRICES(1.0),Analytical house prices indicators,I,EST,Estonia,A,Annual,RPI,Rent prices,IX,Index,2011,,60.51079651277,,A,Normal value,0,Units,S,"Seasonally adjusted, not calendar adjusted",1,One,2015,
DATAFLOW,OECD.ECO.MPD:DSD_AN_HOUSE_PRICES@DF_HOUSE_PRICES(1.0),Analytical house prices indicators,I,EST,Estonia,A,Annual,RPI,Rent prices,IX,Index,2012,,72.4778243119457,,A,Normal value,0,Units,S,"Seasonally adjusted, not calendar adjusted",1,One,2015,
DATAFLOW,OECD.ECO.MPD:DSD_AN_HOUSE_PRICES@DF_HOUSE_PRICES(1.0),Analytical house prices indicators,I,EST,Estonia,A,Annual,RPI,Rent prices,IX,Index,2013,,83.5217845880447,,A,Normal value,0,Units,S,"Seasonally adjusted, not calendar adjusted",1,One,2015,
DATAFLOW,OECD.ECO.MPD:DSD_AN_HOUSE_PRICES@DF_HOUSE_PRICES(1.0),Analytical house prices indicators,I,EST,Estonia,A,Annual,RPI,Rent prices,IX,Index,2014,,93.3419223335482,,A,Normal value,0,Units,S,"Seasonally adjusted, not calendar adjusted",1,One,2015,
DATAFLOW,OECD.ECO.MPD:DSD_AN_HOUSE_PRICES@DF_HOUSE_PRICES(1.0),Analytical house prices indicators,I,EST,Estonia,A,Annual,RPI,Rent prices,IX,Index,2015,,100,,A,Normal value,0,Units,S,"Seasonally adjusted, not calendar adjusted",1,One,2015,
DATAFLOW,OECD.ECO.MPD:DSD_AN_HOUSE_PRICES@DF_HOUSE_PRICES(1.0),Analytical house prices indicators,I,EST,Estonia,A,Annual,RPI,Rent prices,IX,Index,2016,,106.47720266193,,A,Normal value,0,Units,S,"Seasonally adjusted, not calendar adjusted",1,One,2015,
DATAFLOW,OECD.ECO.MPD:DSD_AN_HOUSE_PRICES@DF_HOUSE_PRICES(1.0),Analytical house prices indicators,I,EST,Estonia,A,Annual,RPI,Rent prices,IX,Index,2017,,114.281427857036,,A,Normal value,0,Units,S,"Seasonally adjusted, not calendar adjusted",1,One,2015,
DATAFLOW,OECD.ECO.MPD:DSD_AN_HOUSE_PRICES@DF_HOUSE_PRICES(1.0),Analytical house prices indicators,I,EST,Estonia,A,Annual,RPI,Rent prices,IX,Index,2018,,122.32677805817,,A,Normal value,0,Units,S,"Seasonally adjusted, not calendar adjusted",1,One,2015,
DATAFLOW,OECD.ECO.MPD:DSD_AN_HOUSE_PRICES@DF_HOUSE_PRICES(1.0),Analytical house prices indicators,I,EST,Estonia,A,Annual,RPI,Rent prices,IX,Index,2019,,130.680653267016,,A,Normal value,0,Units,S,"Seasonally adjusted, not calendar adjusted",1,One,2015,
DATAFLOW,OECD.ECO.MPD:DSD_AN_HOUSE_PRICES@DF_HOUSE_PRICES(1.0),Analytical house prices indicators,I,EST,Estonia,A,Annual,RPI,Rent prices,IX,Index,2020,,125.220453130512,,A,Normal value,0,Units,S,"Seasonally adjusted, not calendar adjusted",1,One,2015,
DATAFLOW,OECD.ECO.MPD:DSD_AN_HOUSE_PRICES@DF_HOUSE_PRICES(1.0),Analytical house prices indicators,I,EST,Estonia,A,Annual,RPI,Rent prices,IX,Index,2021,,129.881278247032,,A,Normal value,0,Units,S,"Seasonally adjusted, not calendar adjusted",1,One,2015,
DATAFLOW,OECD.ECO.MPD:DSD_AN_HOUSE_PRICES@DF_HOUSE_PRICES(1.0),Analytical house prices indicators,I,EST,Estonia,A,Annual,RPI,Rent prices,IX,Index,2022,,158.562703964068,,A,Normal value,0,Units,S,"Seasonally adjusted, not calendar adjusted",1,One,2015,
DATAFLOW,OECD.ECO.MPD:DSD_AN_HOUSE_PRICES@DF_HOUSE_PRICES(1.0),Analytical house prices indicators,I,EST,Estonia,A,Annual,RPI,Rent prices,IX,Index,2023,,159.03677897592,,A,Normal value,0,Units,S,"Seasonally adjusted, not calendar adjusted",1,One,2015,
DATAFLOW,OECD.ECO.MPD:DSD_AN_HOUSE_PRICES@DF_HOUSE_PRICES(1.0),Analytical house prices indicators,I,EST,Estonia,A,Annual,RPI,Rent prices,IX,Index,2024,,157.545503938638,,A,Normal value,0,Units,S,"Seasonally adjusted, not calendar adjusted",1,One,2015,
DATAFLOW,OECD.ECO.MPD:DSD_AN_HOUSE_PRICES@DF_HOUSE_PRICES(1.0),Analytical house prices indicators,I,EST,Estonia,A,Annual,RPI,Rent prices,IX,Index,2025,,165.270579136505,,A,Normal value,0,Units,S,"Seasonally adjusted, not calendar adjusted",1,One,2015,
DATAFLOW,OECD.ECO.MPD:DSD_AN_HOUSE_PRICES@DF_HOUSE_PRICES(1.0),Analytical house prices indicators,I,FIN,Finland,A,Annual,RPI,Rent prices,IX,Index,1959,,7.53423014898198,,A,Normal value,0,Units,S,"Seasonally adjusted, not calendar adjusted",1,One,2015,
DATAFLOW,OECD.ECO.MPD:DSD_AN_HOUSE_PRICES@DF_HOUSE_PRICES(1.0),Analytical house prices indicators,I,FIN,Finland,A,Annual,RPI,Rent prices,IX,Index,1960,,8.02678311554502,,A,Normal value,0,Units,S,"Seasonally adjusted, not calendar adjusted",1,One,2015,
DATAFLOW,OECD.ECO.MPD:DSD_AN_HOUSE_PRICES@DF_HOUSE_PRICES(1.0),Analytical house prices indicators,I,FIN,Finland,A,Annual,RPI,Rent prices,IX,Index,1961,,8.37339380762321,,A,Normal value,0,Units,S,"Seasonally adjusted, not calendar adjusted",1,One,2015,
DATAFLOW,OECD.ECO.MPD:DSD_AN_HOUSE_PRICES@DF_HOUSE_PRICES(1.0),Analytical house prices indicators,I,FIN,Finland,A,Annual,RPI,Rent prices,IX,Index,1962,,8.79905644415594,,A,Normal value,0,Units,S,"Seasonally adjusted, not calendar adjusted",1,One,2015,
DATAFLOW,OECD.ECO.MPD:DSD_AN_HOUSE_PRICES@DF_HOUSE_PRICES(1.0),Analytical house prices indicators,I,FIN,Finland,A,Annual,RPI,Rent prices,IX,Index,1963,,9.35849788003409,,A,Normal value,0,Units,S,"Seasonally adjusted, not calendar adjusted",1,One,2015,
DATAFLOW,OECD.ECO.MPD:DSD_AN_HOUSE_PRICES@DF_HOUSE_PRICES(1.0),Analytical house prices indicators,I,FIN,Finland,A,Annual,RPI,Rent prices,IX,Index,1964,,9.85104991638696,,A,Normal value,0,Units,S,"Seasonally adjusted, not calendar adjusted",1,One,2015,
DATAFLOW,OECD.ECO.MPD:DSD_AN_HOUSE_PRICES@DF_HOUSE_PRICES(1.0),Analytical house prices indicators,I,FIN,Finland,A,Annual,RPI,Rent prices,IX,Index,1965,,10.1794179404476,,A,Normal value,0,Units,S,"Seasonally adjusted, not calendar adjusted",1,One,2015,
DATAFLOW,OECD.ECO.MPD:DSD_AN_HOUSE_PRICES@DF_HOUSE_PRICES(1.0),Analytical house prices indicators,I,FIN,Finland,A,Annual,RPI,Rent prices,IX,Index,1966,,10.5989993047256,,A,Normal value,0,Units,S,"Seasonally adjusted, not calendar adjusted",1,One,2015,
DATAFLOW,OECD.ECO.MPD:DSD_AN_HOUSE_PRICES@DF_HOUSE_PRICES(1.0),Analytical house prices indicators,I,FIN,Finland,A,Annual,RPI,Rent prices,IX,Index,1967,,9.46584377429749,,A,Normal value,0,Units,S,"Seasonally adjusted, not calendar adjusted",1,One,2015,
DATAFLOW,OECD.ECO.MPD:DSD_AN_HOUSE_PRICES@DF_HOUSE_PRICES(1.0),Analytical house prices indicators,I,FIN,Finland,A,Annual,RPI,Rent prices,IX,Index,1968,,10.1673080390177,,A,Normal value,0,Units,S,"Seasonally adjusted, not calendar adjusted",1,One,2015,
DATAFLOW,OECD.ECO.MPD:DSD_AN_HOUSE_PRICES@DF_HOUSE_PRICES(1.0),Analytical house prices indicators,I,FIN,Finland,A,Annual,RPI,Rent prices,IX,Index,1969,,10.5377490520185,,A,Normal value,0,Units,S,"Seasonally adjusted, not calendar adjusted",1,One,2015,
DATAFLOW,OECD.ECO.MPD:DSD_AN_HOUSE_PRICES@DF_HOUSE_PRICES(1.0),Analytical house prices indicators,I,FIN,Finland,A,Annual,RPI,Rent prices,IX,Index,1970,,10.9239451766581,,A,Normal value,0,Units,S,"Seasonally adjusted, not calendar adjusted",1,One,2015,
DATAFLOW,OECD.ECO.MPD:DSD_AN_HOUSE_PRICES@DF_HOUSE_PRICES(1.0),Analytical house prices indicators,I,FIN,Finland,A,Annual,RPI,Rent prices,IX,Index,1971,,11.7988076166321,,A,Normal value,0,Units,S,"Seasonally adjusted, not calendar adjusted",1,One,2015,
DATAFLOW,OECD.ECO.MPD:DSD_AN_HOUSE_PRICES@DF_HOUSE_PRICES(1.0),Analytical house prices indicators,I,FIN,Finland,A,Annual,RPI,Rent prices,IX,Index,1972,,12.2941821474776,,A,Normal value,0,Units,S,"Seasonally adjusted, not calendar adjusted",1,One,2015,
DATAFLOW,OECD.ECO.MPD:DSD_AN_HOUSE_PRICES@DF_HOUSE_PRICES(1.0),Analytical house prices indicators,I,FIN,Finland,A,Annual,RPI,Rent prices,IX,Index,1973,,14.2209091703757,,A,Normal value,0,Units,S,"Seasonally adjusted, not calendar adjusted",1,One,2015,
DATAFLOW,OECD.ECO.MPD:DSD_AN_HOUSE_PRICES@DF_HOUSE_PRICES(1.0),Analytical house prices indicators,I,FIN,Finland,A,Annual,RPI,Rent prices,IX,Index,1974,,17.6798018108661,,A,Normal value,0,Units,S,"Seasonally adjusted, not calendar adjusted",1,One,2015,
DATAFLOW,OECD.ECO.MPD:DSD_AN_HOUSE_PRICES@DF_HOUSE_PRICES(1.0),Analytical house prices indicators,I,FIN,Finland,A,Annual,RPI,Rent prices,IX,Index,1975,,19.8883678322377,,A,Normal value,0,Units,S,"Seasonally adjusted, not calendar adjusted",1,One,2015,
DATAFLOW,OECD.ECO.MPD:DSD_AN_HOUSE_PRICES@DF_HOUSE_PRICES(1.0),Analytical house prices indicators,I,FIN,Finland,A,Annual,RPI,Rent prices,IX,Index,1976,,20.9736915389531,,A,Normal value,0,Units,S,"Seasonally adjusted, not calendar adjusted",1,One,2015,
DATAFLOW,OECD.ECO.MPD:DSD_AN_HOUSE_PRICES@DF_HOUSE_PRICES(1.0),Analytical house prices indicators,I,FIN,Finland,A,Annual,RPI,Rent prices,IX,Index,1977,,22.4918790424006,,A,Normal value,0,Units,S,"Seasonally adjusted, not calendar adjusted",1,One,2015,
DATAFLOW,OECD.ECO.MPD:DSD_AN_HOUSE_PRICES@DF_HOUSE_PRICES(1.0),Analytical house prices indicators,I,FIN,Finland,A,Annual,RPI,Rent prices,IX,Index,1978,,23.9112183118002,,A,Normal value,0,Units,S,"Seasonally adjusted, not calendar adjusted",1,One,2015,
DATAFLOW,OECD.ECO.MPD:DSD_AN_HOUSE_PRICES@DF_HOUSE_PRICES(1.0),Analytical house prices indicators,I,FIN,Finland,A,Annual,RPI,Rent prices,IX,Index,1979,,25.444921062208,,A,Normal value,0,Units,S,"Seasonally adjusted, not calendar adjusted",1,One,2015,
DATAFLOW,OECD.ECO.MPD:DSD_AN_HOUSE_PRICES@DF_HOUSE_PRICES(1.0),Analytical house prices indicators,I,FIN,Finland,A,Annual,RPI,Rent prices,IX,Index,1980,,27.5448623650067,,A,Normal value,0,Units,S,"Seasonally adjusted, not calendar adjusted",1,One,2015,
DATAFLOW,OECD.ECO.MPD:DSD_AN_HOUSE_PRICES@DF_HOUSE_PRICES(1.0),Analytical house prices indicators,I,FIN,Finland,A,Annual,RPI,Rent prices,IX,Index,1981,,31.7605160732216,,A,Normal value,0,Units,S,"Seasonally adjusted, not calendar adjusted",1,One,2015,
DATAFLOW,OECD.ECO.MPD:DSD_AN_HOUSE_PRICES@DF_HOUSE_PRICES(1.0),Analytical house prices indicators,I,FIN,Finland,A,Annual,RPI,Rent prices,IX,Index,1982,,35.5231973291492,,A,Normal value,0,Units,S,"Seasonally adjusted, not calendar adjusted",1,One,2015,
DATAFLOW,OECD.ECO.MPD:DSD_AN_HOUSE_PRICES@DF_HOUSE_PRICES(1.0),Analytical house prices indicators,I,FIN,Finland,A,Annual,RPI,Rent prices,IX,Index,1983,,37.838489140388,,A,Normal value,0,Units,S,"Seasonally adjusted, not calendar adjusted",1,One,2015,
DATAFLOW,OECD.ECO.MPD:DSD_AN_HOUSE_PRICES@DF_HOUSE_PRICES(1.0),Analytical house prices indicators,I,FIN,Finland,A,Annual,RPI,Rent prices,IX,Index,1984,,40.0902767779695,,A,Normal value,0,Units,S,"Seasonally adjusted, not calendar adjusted",1,One,2015,
DATAFLOW,OECD.ECO.MPD:DSD_AN_HOUSE_PRICES@DF_HOUSE_PRICES(1.0),Analytical house prices indicators,I,FIN,Finland,A,Annual,RPI,Rent prices,IX,Index,1985,,41.2394004914458,,A,Normal value,0,Units,S,"Seasonally adjusted, not calendar adjusted",1,One,2015,
DATAFLOW,OECD.ECO.MPD:DSD_AN_HOUSE_PRICES@DF_HOUSE_PRICES(1.0),Analytical house prices indicators,I,FIN,Finland,A,Annual,RPI,Rent prices,IX,Index,1986,,41.4078254732639,,A,Normal value,0,Units,S,"Seasonally adjusted, not calendar adjusted",1,One,2015,
DATAFLOW,OECD.ECO.MPD:DSD_AN_HOUSE_PRICES@DF_HOUSE_PRICES(1.0),Analytical house prices indicators,I,FIN,Finland,A,Annual,RPI,Rent prices,IX,Index,1987,,41.9887117620276,,A,Normal value,0,Units,S,"Seasonally adjusted, not calendar adjusted",1,One,2015,
DATAFLOW,OECD.ECO.MPD:DSD_AN_HOUSE_PRICES@DF_HOUSE_PRICES(1.0),Analytical house prices indicators,I,FIN,Finland,A,Annual,RPI,Rent prices,IX,Index,1988,,45.3399691257444,,A,Normal value,0,Units,S,"Seasonally adjusted, not calendar adjusted",1,One,2015,
DATAFLOW,OECD.ECO.MPD:DSD_AN_HOUSE_PRICES@DF_HOUSE_PRICES(1.0),Analytical house prices indicators,I,FIN,Finland,A,Annual,RPI,Rent prices,IX,Index,1989,,52.3992705693502,,A,Normal value,0,Units,S,"Seasonally adjusted, not calendar adjusted",1,One,2015,
DATAFLOW,OECD.ECO.MPD:DSD_AN_HOUSE_PRICES@DF_HOUSE_PRICES(1.0),Analytical house prices indicators,I,FIN,Finland,A,Annual,RPI,Rent prices,IX,Index,1990,,56.8766006509307,,A,Normal value,0,Units,S,"Seasonally adjusted, not calendar adjusted",1,One,2015,
DATAFLOW,OECD.ECO.MPD:DSD_AN_HOUSE_PRICES@DF_HOUSE_PRICES(1.0),Analytical house prices indicators,I,FIN,Finland,A,Annual,RPI,Rent prices,IX,Index,1991,,57.9009027834122,,A,Normal value,0,Units,S,"Seasonally adjusted, not calendar adjusted",1,One,2015,
DATAFLOW,OECD.ECO.MPD:DSD_AN_HOUSE_PRICES@DF_HOUSE_PRICES(1.0),Analytical house prices indicators,I,FIN,Finland,A,Annual,RPI,Rent prices,IX,Index,1992,,57.9729481384996,,A,Normal value,0,Units,S,"Seasonally adjusted, not calendar adjusted",1,One,2015,
DATAFLOW,OECD.ECO.MPD:DSD_AN_HOUSE_PRICES@DF_HOUSE_PRICES(1.0),Analytical house prices indicators,I,FIN,Finland,A,Annual,RPI,Rent prices,IX,Index,1993,,55.4304385138474,,A,Normal value,0,Units,S,"Seasonally adjusted, not calendar adjusted",1,One,2015,
DATAFLOW,OECD.ECO.MPD:DSD_AN_HOUSE_PRICES@DF_HOUSE_PRICES(1.0),Analytical house prices indicators,I,FIN,Finland,A,Annual,RPI,Rent prices,IX,Index,1994,,54.8000221678268,,A,Normal value,0,Units,S,"Seasonally adjusted, not calendar adjusted",1,One,2015,
DATAFLOW,OECD.ECO.MPD:DSD_AN_HOUSE_PRICES@DF_HOUSE_PRICES(1.0),Analytical house prices indicators,I,FIN,Finland,A,Annual,RPI,Rent prices,IX,Index,1995,,56.0560831056082,,A,Normal value,0,Units,S,"Seasonally adjusted, not calendar adjusted",1,One,2015,
DATAFLOW,OECD.ECO.MPD:DSD_AN_HOUSE_PRICES@DF_HOUSE_PRICES(1.0),Analytical house prices indicators,I,FIN,Finland,A,Annual,RPI,Rent prices,IX,Index,1996,,57.6464357646435,,A,Normal value,0,Units,S,"Seasonally adjusted, not calendar adjusted",1,One,2015,
DATAFLOW,OECD.ECO.MPD:DSD_AN_HOUSE_PRICES@DF_HOUSE_PRICES(1.0),Analytical house prices indicators,I,FIN,Finland,A,Annual,RPI,Rent prices,IX,Index,1997,,59.053290905329,,A,Normal value,0,Units,S,"Seasonally adjusted, not calendar adjusted",1,One,2015,
DATAFLOW,OECD.ECO.MPD:DSD_AN_HOUSE_PRICES@DF_HOUSE_PRICES(1.0),Analytical house prices indicators,I,FIN,Finland,A,Annual,RPI,Rent prices,IX,Index,1998,,60.9642835964282,,A,Normal value,0,Units,S,"Seasonally adjusted, not calendar adjusted",1,One,2015,
DATAFLOW,OECD.ECO.MPD:DSD_AN_HOUSE_PRICES@DF_HOUSE_PRICES(1.0),Analytical house prices indicators,I,FIN,Finland,A,Annual,RPI,Rent prices,IX,Index,1999,,62.7657662765765,,A,Normal value,0,Units,S,"Seasonally adjusted, not calendar adjusted",1,One,2015,
DATAFLOW,OECD.ECO.MPD:DSD_AN_HOUSE_PRICES@DF_HOUSE_PRICES(1.0),Analytical house prices indicators,I,FIN,Finland,A,Annual,RPI,Rent prices,IX,Index,2000,,64.4616839461683,,A,Normal value,0,Units,S,"Seasonally adjusted, not calendar adjusted",1,One,2015,
DATAFLOW,OECD.ECO.MPD:DSD_AN_HOUSE_PRICES@DF_HOUSE_PRICES(1.0),Analytical house prices indicators,I,FIN,Finland,A,Annual,RPI,Rent prices,IX,Index,2001,,66.9734966973495,,A,Normal value,0,Units,S,"Seasonally adjusted, not calendar adjusted",1,One,2015,
DATAFLOW,OECD.ECO.MPD:DSD_AN_HOUSE_PRICES@DF_HOUSE_PRICES(1.0),Analytical house prices indicators,I,FIN,Finland,A,Annual,RPI,Rent prices,IX,Index,2002,,69.1064694106468,,A,Normal value,0,Units,S,"Seasonally adjusted, not calendar adjusted",1,One,2015,
DATAFLOW,OECD.ECO.MPD:DSD_AN_HOUSE_PRICES@DF_HOUSE_PRICES(1.0),Analytical house prices indicators,I,FIN,Finland,A,Annual,RPI,Rent prices,IX,Index,2003,,70.7066895706688,,A,Normal value,0,Units,S,"Seasonally adjusted, not calendar adjusted",1,One,2015,
DATAFLOW,OECD.ECO.MPD:DSD_AN_HOUSE_PRICES@DF_HOUSE_PRICES(1.0),Analytical house prices indicators,I,FIN,Finland,A,Annual,RPI,Rent prices,IX,Index,2004,,72.0721047072103,,A,Normal value,0,Units,S,"Seasonally adjusted, not calendar adjusted",1,One,2015,
DATAFLOW,OECD.ECO.MPD:DSD_AN_HOUSE_PRICES@DF_HOUSE_PRICES(1.0),Analytical house prices indicators,I,FIN,Finland,A,Annual,RPI,Rent prices,IX,Index,2005,,74.0561049056103,,A,Normal value,0,Units,S,"Seasonally adjusted, not calendar adjusted",1,One,2015,
DATAFLOW,OECD.ECO.MPD:DSD_AN_HOUSE_PRICES@DF_HOUSE_PRICES(1.0),Analytical house prices indicators,I,FIN,Finland,A,Annual,RPI,Rent prices,IX,Index,2006,,75.4313900431389,,A,Normal value,0,Units,S,"Seasonally adjusted, not calendar adjusted",1,One,2015,
DATAFLOW,OECD.ECO.MPD:DSD_AN_HOUSE_PRICES@DF_HOUSE_PRICES(1.0),Analytical house prices indicators,I,FIN,Finland,A,Annual,RPI,Rent prices,IX,Index,2007,,77.2989677298966,,A,Normal value,0,Units,S,"Seasonally adjusted, not calendar adjusted",1,One,2015,
DATAFLOW,OECD.ECO.MPD:DSD_AN_HOUSE_PRICES@DF_HOUSE_PRICES(1.0),Analytical house prices indicators,I,FIN,Finland,A,Annual,RPI,Rent prices,IX,Index,2008,,80.2399430239941,,A,Normal value,0,Units,S,"Seasonally adjusted, not calendar adjusted",1,One,2015,
DATAFLOW,OECD.ECO.MPD:DSD_AN_HOUSE_PRICES@DF_HOUSE_PRICES(1.0),Analytical house prices indicators,I,FIN,Finland,A,Annual,RPI,Rent prices,IX,Index,2009,,83.7245208724519,,A,Normal value,0,Units,S,"Seasonally adjusted, not calendar adjusted",1,One,2015,
DATAFLOW,OECD.ECO.MPD:DSD_AN_HOUSE_PRICES@DF_HOUSE_PRICES(1.0),Analytical house prices indicators,I,FIN,Finland,A,Annual,RPI,Rent prices,IX,Index,2010,,85.4046510404649,,A,Normal value,0,Units,S,"Seasonally adjusted, not calendar adjusted",1,One,2015,
DATAFLOW,OECD.ECO.MPD:DSD_AN_HOUSE_PRICES@DF_HOUSE_PRICES(1.0),Analytical house prices indicators,I,FIN,Finland,A,Annual,RPI,Rent prices,IX,Index,2011,,88.2528888252887,,A,Normal value,0,Units,S,"Seasonally adjusted, not calendar adjusted",1,One,2015,
DATAFLOW,OECD.ECO.MPD:DSD_AN_HOUSE_PRICES@DF_HOUSE_PRICES(1.0),Analytical house prices indicators,I,FIN,Finland,A,Annual,RPI,Rent prices,IX,Index,2012,,91.4987141498712,,A,Normal value,0,Units,S,"Seasonally adjusted, not calendar adjusted",1,One,2015,
DATAFLOW,OECD.ECO.MPD:DSD_AN_HOUSE_PRICES@DF_HOUSE_PRICES(1.0),Analytical house prices indicators,I,FIN,Finland,A,Annual,RPI,Rent prices,IX,Index,2013,,94.161471916147,,A,Normal value,0,Units,S,"Seasonally adjusted, not calendar adjusted",1,One,2015,
DATAFLOW,OECD.ECO.MPD:DSD_AN_HOUSE_PRICES@DF_HOUSE_PRICES(1.0),Analytical house prices indicators,I,FIN,Finland,A,Annual,RPI,Rent prices,IX,Index,2014,,97.085672208567,,A,Normal value,0,Units,S,"Seasonally adjusted, not calendar adjusted",1,One,2015,
DATAFLOW,OECD.ECO.MPD:DSD_AN_HOUSE_PRICES@DF_HOUSE_PRICES(1.0),Analytical house prices indicators,I,FIN,Finland,A,Annual,RPI,Rent prices,IX,Index,2015,,100,,A,Normal value,0,Units,S,"Seasonally adjusted, not calendar adjusted",1,One,2015,
DATAFLOW,OECD.ECO.MPD:DSD_AN_HOUSE_PRICES@DF_HOUSE_PRICES(1.0),Analytical house prices indicators,I,FIN,Finland,A,Annual,RPI,Rent prices,IX,Index,2016,,102.302660230266,,A,Normal value,0,Units,S,"Seasonally adjusted, not calendar adjusted",1,One,2015,
DATAFLOW,OECD.ECO.MPD:DSD_AN_HOUSE_PRICES@DF_HOUSE_PRICES(1.0),Analytical house prices indicators,I,FIN,Finland,A,Annual,RPI,Rent prices,IX,Index,2017,,104.374460437446,,A,Normal value,0,Units,S,"Seasonally adjusted, not calendar adjusted",1,One,2015,
DATAFLOW,OECD.ECO.MPD:DSD_AN_HOUSE_PRICES@DF_HOUSE_PRICES(1.0),Analytical house prices indicators,I,FIN,Finland,A,Annual,RPI,Rent prices,IX,Index,2018,,106.361410636141,,A,Normal value,0,Units,S,"Seasonally adjusted, not calendar adjusted",1,One,2015,
DATAFLOW,OECD.ECO.MPD:DSD_AN_HOUSE_PRICES@DF_HOUSE_PRICES(1.0),Analytical house prices indicators,I,FIN,Finland,A,Annual,RPI,Rent prices,IX,Index,2019,,108.500335850033,,A,Normal value,0,Units,S,"Seasonally adjusted, not calendar adjusted",1,One,2015,
DATAFLOW,OECD.ECO.MPD:DSD_AN_HOUSE_PRICES@DF_HOUSE_PRICES(1.0),Analytical house prices indicators,I,FIN,Finland,A,Annual,RPI,Rent prices,IX,Index,2020,,110.009761000976,,A,Normal value,0,Units,S,"Seasonally adjusted, not calendar adjusted",1,One,2015,
DATAFLOW,OECD.ECO.MPD:DSD_AN_HOUSE_PRICES@DF_HOUSE_PRICES(1.0),Analytical house prices indicators,I,FIN,Finland,A,Annual,RPI,Rent prices,IX,Index,2021,,110.929261092926,,A,Normal value,0,Units,S,"Seasonally adjusted, not calendar adjusted",1,One,2015,
DATAFLOW,OECD.ECO.MPD:DSD_AN_HOUSE_PRICES@DF_HOUSE_PRICES(1.0),Analytical house prices indicators,I,FIN,Finland,A,Annual,RPI,Rent prices,IX,Index,2022,,112.026336202633,,A,Normal value,0,Units,S,"Seasonally adjusted, not calendar adjusted",1,One,2015,
DATAFLOW,OECD.ECO.MPD:DSD_AN_HOUSE_PRICES@DF_HOUSE_PRICES(1.0),Analytical house prices indicators,I,FIN,Finland,A,Annual,RPI,Rent prices,IX,Index,2023,,114.334911433491,,A,Normal value,0,Units,S,"Seasonally adjusted, not calendar adjusted",1,One,2015,
DATAFLOW,OECD.ECO.MPD:DSD_AN_HOUSE_PRICES@DF_HOUSE_PRICES(1.0),Analytical house prices indicators,I,FIN,Finland,A,Annual,RPI,Rent prices,IX,Index,2024,,117.169336716933,,A,Normal value,0,Units,S,"Seasonally adjusted, not calendar adjusted",1,One,2015,
DATAFLOW,OECD.ECO.MPD:DSD_AN_HOUSE_PRICES@DF_HOUSE_PRICES(1.0),Analytical house prices indicators,I,FIN,Finland,A,Annual,RPI,Rent prices,IX,Index,2025,,118.383811838941,,A,Normal value,0,Units,S,"Seasonally adjusted, not calendar adjusted",1,One,2015,
DATAFLOW,OECD.ECO.MPD:DSD_AN_HOUSE_PRICES@DF_HOUSE_PRICES(1.0),Analytical house prices indicators,I,FRA,France,A,Annual,RPI,Rent prices,IX,Index,1970,,10.8151097855866,,A,Normal value,0,Units,S,"Seasonally adjusted, not calendar adjusted",1,One,2015,
DATAFLOW,OECD.ECO.MPD:DSD_AN_HOUSE_PRICES@DF_HOUSE_PRICES(1.0),Analytical house prices indicators,I,FRA,France,A,Annual,RPI,Rent prices,IX,Index,1971,,11.4469458386287,,A,Normal value,0,Units,S,"Seasonally adjusted, not calendar adjusted",1,One,2015,
DATAFLOW,OECD.ECO.MPD:DSD_AN_HOUSE_PRICES@DF_HOUSE_PRICES(1.0),Analytical house prices indicators,I,FRA,France,A,Annual,RPI,Rent prices,IX,Index,1972,,12.1166378538492,,A,Normal value,0,Units,S,"Seasonally adjusted, not calendar adjusted",1,One,2015,
DATAFLOW,OECD.ECO.MPD:DSD_AN_HOUSE_PRICES@DF_HOUSE_PRICES(1.0),Analytical house prices indicators,I,FRA,France,A,Annual,RPI,Rent prices,IX,Index,1973,,13.0828699034197,,A,Normal value,0,Units,S,"Seasonally adjusted, not calendar adjusted",1,One,2015,
DATAFLOW,OECD.ECO.MPD:DSD_AN_HOUSE_PRICES@DF_HOUSE_PRICES(1.0),Analytical house prices indicators,I,FRA,France,A,Annual,RPI,Rent prices,IX,Index,1974,,14.3447369643459,,A,Normal value,0,Units,S,"Seasonally adjusted, not calendar adjusted",1,One,2015,
DATAFLOW,OECD.ECO.MPD:DSD_AN_HOUSE_PRICES@DF_HOUSE_PRICES(1.0),Analytical house prices indicators,I,FRA,France,A,Annual,RPI,Rent prices,IX,Index,1975,,15.9869661893355,,A,Normal value,0,Units,S,"Seasonally adjusted, not calendar adjusted",1,One,2015,
DATAFLOW,OECD.ECO.MPD:DSD_AN_HOUSE_PRICES@DF_HOUSE_PRICES(1.0),Analytical house prices indicators,I,FRA,France,A,Annual,RPI,Rent prices,IX,Index,1976,,18.126738055655,,A,Normal value,0,Units,S,"Seasonally adjusted, not calendar adjusted",1,One,2015,
DATAFLOW,OECD.ECO.MPD:DSD_AN_HOUSE_PRICES@DF_HOUSE_PRICES(1.0),Analytical house prices indicators,I,FRA,France,A,Annual,RPI,Rent prices,IX,Index,1977,,19.8978580554409,,A,Normal value,0,Units,S,"Seasonally adjusted, not calendar adjusted",1,One,2015,
DATAFLOW,OECD.ECO.MPD:DSD_AN_HOUSE_PRICES@DF_HOUSE_PRICES(1.0),Analytical house prices indicators,I,FRA,France,A,Annual,RPI,Rent prices,IX,Index,1978,,21.6536576659736,,A,Normal value,0,Units,S,"Seasonally adjusted, not calendar adjusted",1,One,2015,
DATAFLOW,OECD.ECO.MPD:DSD_AN_HOUSE_PRICES@DF_HOUSE_PRICES(1.0),Analytical house prices indicators,I,FRA,France,A,Annual,RPI,Rent prices,IX,Index,1979,,24.1413408718612,,A,Normal value,0,Units,S,"Seasonally adjusted, not calendar adjusted",1,One,2015,
DATAFLOW,OECD.ECO.MPD:DSD_AN_HOUSE_PRICES@DF_HOUSE_PRICES(1.0),Analytical house prices indicators,I,FRA,France,A,Annual,RPI,Rent prices,IX,Index,1980,,27.2644677228028,,A,Normal value,0,Units,S,"Seasonally adjusted, not calendar adjusted",1,One,2015,
DATAFLOW,OECD.ECO.MPD:DSD_AN_HOUSE_PRICES@DF_HOUSE_PRICES(1.0),Analytical house prices indicators,I,FRA,France,A,Annual,RPI,Rent prices,IX,Index,1981,,30.9341134594398,,A,Normal value,0,Units,S,"Seasonally adjusted, not calendar adjusted",1,One,2015,
DATAFLOW,OECD.ECO.MPD:DSD_AN_HOUSE_PRICES@DF_HOUSE_PRICES(1.0),Analytical house prices indicators,I,FRA,France,A,Annual,RPI,Rent prices,IX,Index,1982,,34.2811084983192,,A,Normal value,0,Units,S,"Seasonally adjusted, not calendar adjusted",1,One,2015,
DATAFLOW,OECD.ECO.MPD:DSD_AN_HOUSE_PRICES@DF_HOUSE_PRICES(1.0),Analytical house prices indicators,I,FRA,France,A,Annual,RPI,Rent prices,IX,Index,1983,,37.6576392876292,,A,Normal value,0,Units,S,"Seasonally adjusted, not calendar adjusted",1,One,2015,
DATAFLOW,OECD.ECO.MPD:DSD_AN_HOUSE_PRICES@DF_HOUSE_PRICES(1.0),Analytical house prices indicators,I,FRA,France,A,Annual,RPI,Rent prices,IX,Index,1984,,40.6478902625228,,A,Normal value,0,Units,S,"Seasonally adjusted, not calendar adjusted",1,One,2015,
DATAFLOW,OECD.ECO.MPD:DSD_AN_HOUSE_PRICES@DF_HOUSE_PRICES(1.0),Analytical house prices indicators,I,FRA,France,A,Annual,RPI,Rent prices,IX,Index,1985,,43.3291183859089,,A,Normal value,0,Units,S,"Seasonally adjusted, not calendar adjusted",1,One,2015,
DATAFLOW,OECD.ECO.MPD:DSD_AN_HOUSE_PRICES@DF_HOUSE_PRICES(1.0),Analytical house prices indicators,I,FRA,France,A,Annual,RPI,Rent prices,IX,Index,1986,,45.7354095238251,,A,Normal value,0,Units,S,"Seasonally adjusted, not calendar adjusted",1,One,2015,
DATAFLOW,OECD.ECO.MPD:DSD_AN_HOUSE_PRICES@DF_HOUSE_PRICES(1.0),Analytical house prices indicators,I,FRA,France,A,Annual,RPI,Rent prices,IX,Index,1987,,48.3507434730029,,A,Normal value,0,Units,S,"Seasonally adjusted, not calendar adjusted",1,One,2015,
DATAFLOW,OECD.ECO.MPD:DSD_AN_HOUSE_PRICES@DF_HOUSE_PRICES(1.0),Analytical house prices indicators,I,FRA,France,A,Annual,RPI,Rent prices,IX,Index,1988,,51.2569273119582,,A,Normal value,0,Units,S,"Seasonally adjusted, not calendar adjusted",1,One,2015,
DATAFLOW,OECD.ECO.MPD:DSD_AN_HOUSE_PRICES@DF_HOUSE_PRICES(1.0),Analytical house prices indicators,I,FRA,France,A,Annual,RPI,Rent prices,IX,Index,1989,,53.9949593785922,,A,Normal value,0,Units,S,"Seasonally adjusted, not calendar adjusted",1,One,2015,
DATAFLOW,OECD.ECO.MPD:DSD_AN_HOUSE_PRICES@DF_HOUSE_PRICES(1.0),Analytical house prices indicators,I,FRA,France,A,Annual,RPI,Rent prices,IX,Index,1990,,56.6722724025053,,A,Normal value,0,Units,S,"Seasonally adjusted, not calendar adjusted",1,One,2015,
DATAFLOW,OECD.ECO.MPD:DSD_AN_HOUSE_PRICES@DF_HOUSE_PRICES(1.0),Analytical house prices indicators,I,FRA,France,A,Annual,RPI,Rent prices,IX,Index,1991,,59.479011214808,,A,Normal value,0,Units,S,"Seasonally adjusted, not calendar adjusted",1,One,2015,
DATAFLOW,OECD.ECO.MPD:DSD_AN_HOUSE_PRICES@DF_HOUSE_PRICES(1.0),Analytical house prices indicators,I,FRA,France,A,Annual,RPI,Rent prices,IX,Index,1992,,62.5207584980957,,A,Normal value,0,Units,S,"Seasonally adjusted, not calendar adjusted",1,One,2015,
DATAFLOW,OECD.ECO.MPD:DSD_AN_HOUSE_PRICES@DF_HOUSE_PRICES(1.0),Analytical house prices indicators,I,FRA,France,A,Annual,RPI,Rent prices,IX,Index,1993,,65.2291573118219,,A,Normal value,0,Units,S,"Seasonally adjusted, not calendar adjusted",1,One,2015,
DATAFLOW,OECD.ECO.MPD:DSD_AN_HOUSE_PRICES@DF_HOUSE_PRICES(1.0),Analytical house prices indicators,I,FRA,France,A,Annual,RPI,Rent prices,IX,Index,1994,,67.0783717957959,,A,Normal value,0,Units,S,"Seasonally adjusted, not calendar adjusted",1,One,2015,
DATAFLOW,OECD.ECO.MPD:DSD_AN_HOUSE_PRICES@DF_HOUSE_PRICES(1.0),Analytical house prices indicators,I,FRA,France,A,Annual,RPI,Rent prices,IX,Index,1995,,68.8392490353385,,A,Normal value,0,Units,S,"Seasonally adjusted, not calendar adjusted",1,One,2015,
DATAFLOW,OECD.ECO.MPD:DSD_AN_HOUSE_PRICES@DF_HOUSE_PRICES(1.0),Analytical house prices indicators,I,FRA,France,A,Annual,RPI,Rent prices,IX,Index,1996,,70.3062222270335,,A,Normal value,0,Units,S,"Seasonally adjusted, not calendar adjusted",1,One,2015,
DATAFLOW,OECD.ECO.MPD:DSD_AN_HOUSE_PRICES@DF_HOUSE_PRICES(1.0),Analytical house prices indicators,I,FRA,France,A,Annual,RPI,Rent prices,IX,Index,1997,,71.3093046518023,,A,Normal value,0,Units,S,"Seasonally adjusted, not calendar adjusted",1,One,2015,
DATAFLOW,OECD.ECO.MPD:DSD_AN_HOUSE_PRICES@DF_HOUSE_PRICES(1.0),Analytical house prices indicators,I,FRA,France,A,Annual,RPI,Rent prices,IX,Index,1998,,72.7284295453679,,A,Normal value,0,Units,S,"Seasonally adjusted, not calendar adjusted",1,One,2015,
DATAFLOW,OECD.ECO.MPD:DSD_AN_HOUSE_PRICES@DF_HOUSE_PRICES(1.0),Analytical house prices indicators,I,FRA,France,A,Annual,RPI,Rent prices,IX,Index,1999,,74.018629448603,,A,Normal value,0,Units,S,"Seasonally adjusted, not calendar adjusted",1,One,2015,
DATAFLOW,OECD.ECO.MPD:DSD_AN_HOUSE_PRICES@DF_HOUSE_PRICES(1.0),Analytical house prices indicators,I,FRA,France,A,Annual,RPI,Rent prices,IX,Index,2000,,73.9326794550492,,A,Normal value,0,Units,S,"Seasonally adjusted, not calendar adjusted",1,One,2015,
DATAFLOW,OECD.ECO.MPD:DSD_AN_HOUSE_PRICES@DF_HOUSE_PRICES(1.0),Analytical house prices indicators,I,FRA,France,A,Annual,RPI,Rent prices,IX,Index,2001,,74.2069944344756,,A,Normal value,0,Units,S,"Seasonally adjusted, not calendar adjusted",1,One,2015,
DATAFLOW,OECD.ECO.MPD:DSD_AN_HOUSE_PRICES@DF_HOUSE_PRICES(1.0),Analytical house prices indicators,I,FRA,France,A,Annual,RPI,Rent prices,IX,Index,2002,,76.0759992943002,,A,Normal value,0,Units,S,"Seasonally adjusted, not calendar adjusted",1,One,2015,
DATAFLOW,OECD.ECO.MPD:DSD_AN_HOUSE_PRICES@DF_HOUSE_PRICES(1.0),Analytical house prices indicators,I,FRA,France,A,Annual,RPI,Rent prices,IX,Index,2003,,78.1864016360201,,A,Normal value,0,Units,S,"Seasonally adjusted, not calendar adjusted",1,One,2015,
DATAFLOW,OECD.ECO.MPD:DSD_AN_HOUSE_PRICES@DF_HOUSE_PRICES(1.0),Analytical house prices indicators,I,FRA,France,A,Annual,RPI,Rent prices,IX,Index,2004,,80.3873239709509,,A,Normal value,0,Units,S,"Seasonally adjusted, not calendar adjusted",1,One,2015,
DATAFLOW,OECD.ECO.MPD:DSD_AN_HOUSE_PRICES@DF_HOUSE_PRICES(1.0),Analytical house prices indicators,I,FRA,France,A,Annual,RPI,Rent prices,IX,Index,2005,,83.2813562538985,,A,Normal value,0,Units,S,"Seasonally adjusted, not calendar adjusted",1,One,2015,
DATAFLOW,OECD.ECO.MPD:DSD_AN_HOUSE_PRICES@DF_HOUSE_PRICES(1.0),Analytical house prices indicators,I,FRA,France,A,Annual,RPI,Rent prices,IX,Index,2006,,86.162588537806,,A,Normal value,0,Units,S,"Seasonally adjusted, not calendar adjusted",1,One,2015,
DATAFLOW,OECD.ECO.MPD:DSD_AN_HOUSE_PRICES@DF_HOUSE_PRICES(1.0),Analytical house prices indicators,I,FRA,France,A,Annual,RPI,Rent prices,IX,Index,2007,,88.8581983356353,,A,Normal value,0,Units,S,"Seasonally adjusted, not calendar adjusted",1,One,2015,
DATAFLOW,OECD.ECO.MPD:DSD_AN_HOUSE_PRICES@DF_HOUSE_PRICES(1.0),Analytical house prices indicators,I,FRA,France,A,Annual,RPI,Rent prices,IX,Index,2008,,90.8396731870247,,A,Normal value,0,Units,S,"Seasonally adjusted, not calendar adjusted",1,One,2015,
DATAFLOW,OECD.ECO.MPD:DSD_AN_HOUSE_PRICES@DF_HOUSE_PRICES(1.0),Analytical house prices indicators,I,FRA,France,A,Annual,RPI,Rent prices,IX,Index,2009,,92.682163048838,,A,Normal value,0,Units,S,"Seasonally adjusted, not calendar adjusted",1,One,2015,
DATAFLOW,OECD.ECO.MPD:DSD_AN_HOUSE_PRICES@DF_HOUSE_PRICES(1.0),Analytical house prices indicators,I,FRA,France,A,Annual,RPI,Rent prices,IX,Index,2010,,94.165295437603,,A,Normal value,0,Units,S,"Seasonally adjusted, not calendar adjusted",1,One,2015,
DATAFLOW,OECD.ECO.MPD:DSD_AN_HOUSE_PRICES@DF_HOUSE_PRICES(1.0),Analytical house prices indicators,I,FRA,France,A,Annual,RPI,Rent prices,IX,Index,2011,,95.2808478539366,,A,Normal value,0,Units,S,"Seasonally adjusted, not calendar adjusted",1,One,2015,
DATAFLOW,OECD.ECO.MPD:DSD_AN_HOUSE_PRICES@DF_HOUSE_PRICES(1.0),Analytical house prices indicators,I,FRA,France,A,Annual,RPI,Rent prices,IX,Index,2012,,96.7859277410556,,A,Normal value,0,Units,S,"Seasonally adjusted, not calendar adjusted",1,One,2015,
DATAFLOW,OECD.ECO.MPD:DSD_AN_HOUSE_PRICES@DF_HOUSE_PRICES(1.0),Analytical house prices indicators,I,FRA,France,A,Annual,RPI,Rent prices,IX,Index,2013,,98.3385526246088,,A,Normal value,0,Units,S,"Seasonally adjusted, not calendar adjusted",1,One,2015,
DATAFLOW,OECD.ECO.MPD:DSD_AN_HOUSE_PRICES@DF_HOUSE_PRICES(1.0),Analytical house prices indicators,I,FRA,France,A,Annual,RPI,Rent prices,IX,Index,2014,,99.3571800482117,,A,Normal value,0,Units,S,"Seasonally adjusted, not calendar adjusted",1,One,2015,
DATAFLOW,OECD.ECO.MPD:DSD_AN_HOUSE_PRICES@DF_HOUSE_PRICES(1.0),Analytical house prices indicators,I,FRA,France,A,Annual,RPI,Rent prices,IX,Index,2015,,100,,A,Normal value,0,Units,S,"Seasonally adjusted, not calendar adjusted",1,One,2015,
DATAFLOW,OECD.ECO.MPD:DSD_AN_HOUSE_PRICES@DF_HOUSE_PRICES(1.0),Analytical house prices indicators,I,FRA,France,A,Annual,RPI,Rent prices,IX,Index,2016,,100.326417475519,,A,Normal value,0,Units,S,"Seasonally adjusted, not calendar adjusted",1,One,2015,
DATAFLOW,OECD.ECO.MPD:DSD_AN_HOUSE_PRICES@DF_HOUSE_PRICES(1.0),Analytical house prices indicators,I,FRA,France,A,Annual,RPI,Rent prices,IX,Index,2017,,100.515717461322,,A,Normal value,0,Units,S,"Seasonally adjusted, not calendar adjusted",1,One,2015,
DATAFLOW,OECD.ECO.MPD:DSD_AN_HOUSE_PRICES@DF_HOUSE_PRICES(1.0),Analytical house prices indicators,I,FRA,France,A,Annual,RPI,Rent prices,IX,Index,2018,,100.25146498114,,A,Normal value,0,Units,S,"Seasonally adjusted, not calendar adjusted",1,One,2015,
DATAFLOW,OECD.ECO.MPD:DSD_AN_HOUSE_PRICES@DF_HOUSE_PRICES(1.0),Analytical house prices indicators,I,FRA,France,A,Annual,RPI,Rent prices,IX,Index,2019,,100.670217449734,,A,Normal value,0,Units,S,"Seasonally adjusted, not calendar adjusted",1,One,2015,
DATAFLOW,OECD.ECO.MPD:DSD_AN_HOUSE_PRICES@DF_HOUSE_PRICES(1.0),Analytical house prices indicators,I,FRA,France,A,Annual,RPI,Rent prices,IX,Index,2020,,101.057942420655,,A,Normal value,0,Units,S,"Seasonally adjusted, not calendar adjusted",1,One,2015,
DATAFLOW,OECD.ECO.MPD:DSD_AN_HOUSE_PRICES@DF_HOUSE_PRICES(1.0),Analytical house prices indicators,I,FRA,France,A,Annual,RPI,Rent prices,IX,Index,2021,,101.917492356188,,A,Normal value,0,Units,S,"Seasonally adjusted, not calendar adjusted",1,One,2015,
DATAFLOW,OECD.ECO.MPD:DSD_AN_HOUSE_PRICES@DF_HOUSE_PRICES(1.0),Analytical house prices indicators,I,FRA,France,A,Annual,RPI,Rent prices,IX,Index,2022,,102.60506730462,,A,Normal value,0,Units,S,"Seasonally adjusted, not calendar adjusted",1,One,2015,
DATAFLOW,OECD.ECO.MPD:DSD_AN_HOUSE_PRICES@DF_HOUSE_PRICES(1.0),Analytical house prices indicators,I,FRA,France,A,Annual,RPI,Rent prices,IX,Index,2023,,104.786792140991,,A,Normal value,0,Units,S,"Seasonally adjusted, not calendar adjusted",1,One,2015,
DATAFLOW,OECD.ECO.MPD:DSD_AN_HOUSE_PRICES@DF_HOUSE_PRICES(1.0),Analytical house prices indicators,I,FRA,France,A,Annual,RPI,Rent prices,IX,Index,2024,,107.239166957062,,A,Normal value,0,Units,S,"Seasonally adjusted, not calendar adjusted",1,One,2015,
DATAFLOW,OECD.ECO.MPD:DSD_AN_HOUSE_PRICES@DF_HOUSE_PRICES(1.0),Analytical house prices indicators,I,FRA,France,A,Annual,RPI,Rent prices,IX,Index,2025,,109.727216770587,,A,Normal value,0,Units,S,"Seasonally adjusted, not calendar adjusted",1,One,2015,
DATAFLOW,OECD.ECO.MPD:DSD_AN_HOUSE_PRICES@DF_HOUSE_PRICES(1.0),Analytical house prices indicators,I,DEU,Germany,A,Annual,RPI,Rent prices,IX,Index,1960,,13.5468551816084,,A,Normal value,0,Units,S,"Seasonally adjusted, not calendar adjusted",1,One,2015,
DATAFLOW,OECD.ECO.MPD:DSD_AN_HOUSE_PRICES@DF_HOUSE_PRICES(1.0),Analytical house prices indicators,I,DEU,Germany,A,Annual,RPI,Rent prices,IX,Index,1961,,14.7137129529141,,A,Normal value,0,Units,S,"Seasonally adjusted, not calendar adjusted",1,One,2015,
DATAFLOW,OECD.ECO.MPD:DSD_AN_HOUSE_PRICES@DF_HOUSE_PRICES(1.0),Analytical house prices indicators,I,DEU,Germany,A,Annual,RPI,Rent prices,IX,Index,1962,,15.0637722978704,,A,Normal value,0,Units,S,"Seasonally adjusted, not calendar adjusted",1,One,2015,
DATAFLOW,OECD.ECO.MPD:DSD_AN_HOUSE_PRICES@DF_HOUSE_PRICES(1.0),Analytical house prices indicators,I,DEU,Germany,A,Annual,RPI,Rent prices,IX,Index,1963,,15.8896392148619,,A,Normal value,0,Units,S,"Seasonally adjusted, not calendar adjusted",1,One,2015,
DATAFLOW,OECD.ECO.MPD:DSD_AN_HOUSE_PRICES@DF_HOUSE_PRICES(1.0),Analytical house prices indicators,I,DEU,Germany,A,Annual,RPI,Rent prices,IX,Index,1964,,16.8004469062422,,A,Normal value,0,Units,S,"Seasonally adjusted, not calendar adjusted",1,One,2015,
DATAFLOW,OECD.ECO.MPD:DSD_AN_HOUSE_PRICES@DF_HOUSE_PRICES(1.0),Analytical house prices indicators,I,DEU,Germany,A,Annual,RPI,Rent prices,IX,Index,1965,,17.725414378035,,A,Normal value,0,Units,S,"Seasonally adjusted, not calendar adjusted",1,One,2015,
DATAFLOW,OECD.ECO.MPD:DSD_AN_HOUSE_PRICES@DF_HOUSE_PRICES(1.0),Analytical house prices indicators,I,DEU,Germany,A,Annual,RPI,Rent prices,IX,Index,1966,,19.1223074719843,,A,Normal value,0,Units,S,"Seasonally adjusted, not calendar adjusted",1,One,2015,
DATAFLOW,OECD.ECO.MPD:DSD_AN_HOUSE_PRICES@DF_HOUSE_PRICES(1.0),Analytical house prices indicators,I,DEU,Germany,A,Annual,RPI,Rent prices,IX,Index,1967,,20.4248119168178,,A,Normal value,0,Units,S,"Seasonally adjusted, not calendar adjusted",1,One,2015,
DATAFLOW,OECD.ECO.MPD:DSD_AN_HOUSE_PRICES@DF_HOUSE_PRICES(1.0),Analytical house prices indicators,I,DEU,Germany,A,Annual,RPI,Rent prices,IX,Index,1968,,21.9160886243598,,A,Normal value,0,Units,S,"Seasonally adjusted, not calendar adjusted",1,One,2015,
DATAFLOW,OECD.ECO.MPD:DSD_AN_HOUSE_PRICES@DF_HOUSE_PRICES(1.0),Analytical house prices indicators,I,DEU,Germany,A,Annual,RPI,Rent prices,IX,Index,1969,,23.3176995141882,,A,Normal value,0,Units,S,"Seasonally adjusted, not calendar adjusted",1,One,2015,
DATAFLOW,OECD.ECO.MPD:DSD_AN_HOUSE_PRICES@DF_HOUSE_PRICES(1.0),Analytical house prices indicators,I,DEU,Germany,A,Annual,RPI,Rent prices,IX,Index,1970,,24.3559293367462,,A,Normal value,0,Units,S,"Seasonally adjusted, not calendar adjusted",1,One,2015,
DATAFLOW,OECD.ECO.MPD:DSD_AN_HOUSE_PRICES@DF_HOUSE_PRICES(1.0),Analytical house prices indicators,I,DEU,Germany,A,Annual,RPI,Rent prices,IX,Index,1971,,25.8283273076009,,A,Normal value,0,Units,S,"Seasonally adjusted, not calendar adjusted",1,One,2015,
DATAFLOW,OECD.ECO.MPD:DSD_AN_HOUSE_PRICES@DF_HOUSE_PRICES(1.0),Analytical house prices indicators,I,DEU,Germany,A,Annual,RPI,Rent prices,IX,Index,1972,,27.352638657709,,A,Normal value,0,Units,S,"Seasonally adjusted, not calendar adjusted",1,One,2015,
DATAFLOW,OECD.ECO.MPD:DSD_AN_HOUSE_PRICES@DF_HOUSE_PRICES(1.0),Analytical house prices indicators,I,DEU,Germany,A,Annual,RPI,Rent prices,IX,Index,1973,,28.9335786656379,,A,Normal value,0,Units,S,"Seasonally adjusted, not calendar adjusted",1,One,2015,
DATAFLOW,OECD.ECO.MPD:DSD_AN_HOUSE_PRICES@DF_HOUSE_PRICES(1.0),Analytical house prices indicators,I,DEU,Germany,A,Annual,RPI,Rent prices,IX,Index,1974,,30.339909869035,,A,Normal value,0,Units,S,"Seasonally adjusted, not calendar adjusted",1,One,2015,
DATAFLOW,OECD.ECO.MPD:DSD_AN_HOUSE_PRICES@DF_HOUSE_PRICES(1.0),Analytical house prices indicators,I,DEU,Germany,A,Annual,RPI,Rent prices,IX,Index,1975,,32.2417581921185,,A,Normal value,0,Units,S,"Seasonally adjusted, not calendar adjusted",1,One,2015,
DATAFLOW,OECD.ECO.MPD:DSD_AN_HOUSE_PRICES@DF_HOUSE_PRICES(1.0),Analytical house prices indicators,I,DEU,Germany,A,Annual,RPI,Rent prices,IX,Index,1976,,33.8226956825469,,A,Normal value,0,Units,S,"Seasonally adjusted, not calendar adjusted",1,One,2015,
DATAFLOW,OECD.ECO.MPD:DSD_AN_HOUSE_PRICES@DF_HOUSE_PRICES(1.0),Analytical house prices indicators,I,DEU,Germany,A,Annual,RPI,Rent prices,IX,Index,1977,,34.9647497461109,,A,Normal value,0,Units,S,"Seasonally adjusted, not calendar adjusted",1,One,2015,
DATAFLOW,OECD.ECO.MPD:DSD_AN_HOUSE_PRICES@DF_HOUSE_PRICES(1.0),Analytical house prices indicators,I,DEU,Germany,A,Annual,RPI,Rent prices,IX,Index,1978,,36.007697364737,,A,Normal value,0,Units,S,"Seasonally adjusted, not calendar adjusted",1,One,2015,
DATAFLOW,OECD.ECO.MPD:DSD_AN_HOUSE_PRICES@DF_HOUSE_PRICES(1.0),Analytical house prices indicators,I,DEU,Germany,A,Annual,RPI,Rent prices,IX,Index,1979,,37.1639073340059,,A,Normal value,0,Units,S,"Seasonally adjusted, not calendar adjusted",1,One,2015,
DATAFLOW,OECD.ECO.MPD:DSD_AN_HOUSE_PRICES@DF_HOUSE_PRICES(1.0),Analytical house prices indicators,I,DEU,Germany,A,Annual,RPI,Rent prices,IX,Index,1980,,39.0185651089053,,A,Normal value,0,Units,S,"Seasonally adjusted, not calendar adjusted",1,One,2015,
DATAFLOW,OECD.ECO.MPD:DSD_AN_HOUSE_PRICES@DF_HOUSE_PRICES(1.0),Analytical house prices indicators,I,DEU,Germany,A,Annual,RPI,Rent prices,IX,Index,1981,,40.7505224235249,,A,Normal value,0,Units,S,"Seasonally adjusted, not calendar adjusted",1,One,2015,
DATAFLOW,OECD.ECO.MPD:DSD_AN_HOUSE_PRICES@DF_HOUSE_PRICES(1.0),Analytical house prices indicators,I,DEU,Germany,A,Annual,RPI,Rent prices,IX,Index,1982,,42.8081033318667,,A,Normal value,0,Units,S,"Seasonally adjusted, not calendar adjusted",1,One,2015,
DATAFLOW,OECD.ECO.MPD:DSD_AN_HOUSE_PRICES@DF_HOUSE_PRICES(1.0),Analytical house prices indicators,I,DEU,Germany,A,Annual,RPI,Rent prices,IX,Index,1983,,45.1158054743364,,A,Normal value,0,Units,S,"Seasonally adjusted, not calendar adjusted",1,One,2015,
DATAFLOW,OECD.ECO.MPD:DSD_AN_HOUSE_PRICES@DF_HOUSE_PRICES(1.0),Analytical house prices indicators,I,DEU,Germany,A,Annual,RPI,Rent prices,IX,Index,1984,,46.8241662561138,,A,Normal value,0,Units,S,"Seasonally adjusted, not calendar adjusted",1,One,2015,
DATAFLOW,OECD.ECO.MPD:DSD_AN_HOUSE_PRICES@DF_HOUSE_PRICES(1.0),Analytical house prices indicators,I,DEU,Germany,A,Annual,RPI,Rent prices,IX,Index,1985,,48.2776880076949,,A,Normal value,0,Units,S,"Seasonally adjusted, not calendar adjusted",1,One,2015,
DATAFLOW,OECD.ECO.MPD:DSD_AN_HOUSE_PRICES@DF_HOUSE_PRICES(1.0),Analytical house prices indicators,I,DEU,Germany,A,Annual,RPI,Rent prices,IX,Index,1986,,49.1271480850149,,A,Normal value,0,Units,S,"Seasonally adjusted, not calendar adjusted",1,One,2015,
DATAFLOW,OECD.ECO.MPD:DSD_AN_HOUSE_PRICES@DF_HOUSE_PRICES(1.0),Analytical house prices indicators,I,DEU,Germany,A,Annual,RPI,Rent prices,IX,Index,1987,,49.905818563808,,A,Normal value,0,Units,S,"Seasonally adjusted, not calendar adjusted",1,One,2015,
DATAFLOW,OECD.ECO.MPD:DSD_AN_HOUSE_PRICES@DF_HOUSE_PRICES(1.0),Analytical house prices indicators,I,DEU,Germany,A,Annual,RPI,Rent prices,IX,Index,1988,,50.9959617656192,,A,Normal value,0,Units,S,"Seasonally adjusted, not calendar adjusted",1,One,2015,
DATAFLOW,OECD.ECO.MPD:DSD_AN_HOUSE_PRICES@DF_HOUSE_PRICES(1.0),Analytical house prices indicators,I,DEU,Germany,A,Annual,RPI,Rent prices,IX,Index,1989,,52.5391518525015,,A,Normal value,0,Units,S,"Seasonally adjusted, not calendar adjusted",1,One,2015,
DATAFLOW,OECD.ECO.MPD:DSD_AN_HOUSE_PRICES@DF_HOUSE_PRICES(1.0),Analytical house prices indicators,I,DEU,Germany,A,Annual,RPI,Rent prices,IX,Index,1990,,54.3041387745991,,A,Normal value,0,Units,S,"Seasonally adjusted, not calendar adjusted",1,One,2015,
DATAFLOW,OECD.ECO.MPD:DSD_AN_HOUSE_PRICES@DF_HOUSE_PRICES(1.0),Analytical house prices indicators,I,DEU,Germany,A,Annual,RPI,Rent prices,IX,Index,1991,,57.5735840373101,,A,Normal value,0,Units,S,"Seasonally adjusted, not calendar adjusted",1,One,2015,
DATAFLOW,OECD.ECO.MPD:DSD_AN_HOUSE_PRICES@DF_HOUSE_PRICES(1.0),Analytical house prices indicators,I,DEU,Germany,A,Annual,RPI,Rent prices,IX,Index,1992,,63.5132590770681,,A,Normal value,0,Units,S,"Seasonally adjusted, not calendar adjusted",1,One,2015,
DATAFLOW,OECD.ECO.MPD:DSD_AN_HOUSE_PRICES@DF_HOUSE_PRICES(1.0),Analytical house prices indicators,I,DEU,Germany,A,Annual,RPI,Rent prices,IX,Index,1993,,70.0478572640183,,A,Normal value,0,Units,S,"Seasonally adjusted, not calendar adjusted",1,One,2015,
DATAFLOW,OECD.ECO.MPD:DSD_AN_HOUSE_PRICES@DF_HOUSE_PRICES(1.0),Analytical house prices indicators,I,DEU,Germany,A,Annual,RPI,Rent prices,IX,Index,1994,,73.7565610611785,,A,Normal value,0,Units,S,"Seasonally adjusted, not calendar adjusted",1,One,2015,
DATAFLOW,OECD.ECO.MPD:DSD_AN_HOUSE_PRICES@DF_HOUSE_PRICES(1.0),Analytical house prices indicators,I,DEU,Germany,A,Annual,RPI,Rent prices,IX,Index,1995,,76.8210025,,A,Normal value,0,Units,S,"Seasonally adjusted, not calendar adjusted",1,One,2015,
DATAFLOW,OECD.ECO.MPD:DSD_AN_HOUSE_PRICES@DF_HOUSE_PRICES(1.0),Analytical house prices indicators,I,DEU,Germany,A,Annual,RPI,Rent prices,IX,Index,1996,,79.3217875,,A,Normal value,0,Units,S,"Seasonally adjusted, not calendar adjusted",1,One,2015,
DATAFLOW,OECD.ECO.MPD:DSD_AN_HOUSE_PRICES@DF_HOUSE_PRICES(1.0),Analytical house prices indicators,I,DEU,Germany,A,Annual,RPI,Rent prices,IX,Index,1997,,81.2755275,,A,Normal value,0,Units,S,"Seasonally adjusted, not calendar adjusted",1,One,2015,
DATAFLOW,OECD.ECO.MPD:DSD_AN_HOUSE_PRICES@DF_HOUSE_PRICES(1.0),Analytical house prices indicators,I,DEU,Germany,A,Annual,RPI,Rent prices,IX,Index,1998,,82.2680249999999,,A,Normal value,0,Units,S,"Seasonally adjusted, not calendar adjusted",1,One,2015,
DATAFLOW,OECD.ECO.MPD:DSD_AN_HOUSE_PRICES@DF_HOUSE_PRICES(1.0),Analytical house prices indicators,I,DEU,Germany,A,Annual,RPI,Rent prices,IX,Index,1999,,83.0260775,,A,Normal value,0,Units,S,"Seasonally adjusted, not calendar adjusted",1,One,2015,
DATAFLOW,OECD.ECO.MPD:DSD_AN_HOUSE_PRICES@DF_HOUSE_PRICES(1.0),Analytical house prices indicators,I,DEU,Germany,A,Annual,RPI,Rent prices,IX,Index,2000,,84.018575,,A,Normal value,0,Units,S,"Seasonally adjusted, not calendar adjusted",1,One,2015,
DATAFLOW,OECD.ECO.MPD:DSD_AN_HOUSE_PRICES@DF_HOUSE_PRICES(1.0),Analytical house prices indicators,I,DEU,Germany,A,Annual,RPI,Rent prices,IX,Index,2001,,84.9641824999999,,A,Normal value,0,Units,S,"Seasonally adjusted, not calendar adjusted",1,One,2015,
DATAFLOW,OECD.ECO.MPD:DSD_AN_HOUSE_PRICES@DF_HOUSE_PRICES(1.0),Analytical house prices indicators,I,DEU,Germany,A,Annual,RPI,Rent prices,IX,Index,2002,,86.120795,,A,Normal value,0,Units,S,"Seasonally adjusted, not calendar adjusted",1,One,2015,
DATAFLOW,OECD.ECO.MPD:DSD_AN_HOUSE_PRICES@DF_HOUSE_PRICES(1.0),Analytical house prices indicators,I,DEU,Germany,A,Annual,RPI,Rent prices,IX,Index,2003,,87.0507749999999,,A,Normal value,0,Units,S,"Seasonally adjusted, not calendar adjusted",1,One,2015,
DATAFLOW,OECD.ECO.MPD:DSD_AN_HOUSE_PRICES@DF_HOUSE_PRICES(1.0),Analytical house prices indicators,I,DEU,Germany,A,Annual,RPI,Rent prices,IX,Index,2004,,87.7384949999999,,A,Normal value,0,Units,S,"Seasonally adjusted, not calendar adjusted",1,One,2015,
DATAFLOW,OECD.ECO.MPD:DSD_AN_HOUSE_PRICES@DF_HOUSE_PRICES(1.0),Analytical house prices indicators,I,DEU,Germany,A,Annual,RPI,Rent prices,IX,Index,2005,,88.5825074999999,,A,Normal value,0,Units,S,"Seasonally adjusted, not calendar adjusted",1,One,2015,
DATAFLOW,OECD.ECO.MPD:DSD_AN_HOUSE_PRICES@DF_HOUSE_PRICES(1.0),Analytical house prices indicators,I,DEU,Germany,A,Annual,RPI,Rent prices,IX,Index,2006,,89.5437499999999,,A,Normal value,0,Units,S,"Seasonally adjusted, not calendar adjusted",1,One,2015,
DATAFLOW,OECD.ECO.MPD:DSD_AN_HOUSE_PRICES@DF_HOUSE_PRICES(1.0),Analytical house prices indicators,I,DEU,Germany,A,Annual,RPI,Rent prices,IX,Index,2007,,90.5675099999999,,A,Normal value,0,Units,S,"Seasonally adjusted, not calendar adjusted",1,One,2015,
DATAFLOW,OECD.ECO.MPD:DSD_AN_HOUSE_PRICES@DF_HOUSE_PRICES(1.0),Analytical house prices indicators,I,DEU,Germany,A,Annual,RPI,Rent prices,IX,Index,2008,,91.7163024999999,,A,Normal value,0,Units,S,"Seasonally adjusted, not calendar adjusted",1,One,2015,
DATAFLOW,OECD.ECO.MPD:DSD_AN_HOUSE_PRICES@DF_HOUSE_PRICES(1.0),Analytical house prices indicators,I,DEU,Germany,A,Annual,RPI,Rent prices,IX,Index,2009,,92.6931749999999,,A,Normal value,0,Units,S,"Seasonally adjusted, not calendar adjusted",1,One,2015,
DATAFLOW,OECD.ECO.MPD:DSD_AN_HOUSE_PRICES@DF_HOUSE_PRICES(1.0),Analytical house prices indicators,I,DEU,Germany,A,Annual,RPI,Rent prices,IX,Index,2010,,93.7872699999999,,A,Normal value,0,Units,S,"Seasonally adjusted, not calendar adjusted",1,One,2015,
DATAFLOW,OECD.ECO.MPD:DSD_AN_HOUSE_PRICES@DF_HOUSE_PRICES(1.0),Analytical house prices indicators,I,DEU,Germany,A,Annual,RPI,Rent prices,IX,Index,2011,,94.9516975,,A,Normal value,0,Units,S,"Seasonally adjusted, not calendar adjusted",1,One,2015,
DATAFLOW,OECD.ECO.MPD:DSD_AN_HOUSE_PRICES@DF_HOUSE_PRICES(1.0),Analytical house prices indicators,I,DEU,Germany,A,Annual,RPI,Rent prices,IX,Index,2012,,96.084865,,A,Normal value,0,Units,S,"Seasonally adjusted, not calendar adjusted",1,One,2015,
DATAFLOW,OECD.ECO.MPD:DSD_AN_HOUSE_PRICES@DF_HOUSE_PRICES(1.0),Analytical house prices indicators,I,DEU,Germany,A,Annual,RPI,Rent prices,IX,Index,2013,,97.3508874999999,,A,Normal value,0,Units,S,"Seasonally adjusted, not calendar adjusted",1,One,2015,
DATAFLOW,OECD.ECO.MPD:DSD_AN_HOUSE_PRICES@DF_HOUSE_PRICES(1.0),Analytical house prices indicators,I,DEU,Germany,A,Annual,RPI,Rent prices,IX,Index,2014,,98.8044674999999,,A,Normal value,0,Units,S,"Seasonally adjusted, not calendar adjusted",1,One,2015,
DATAFLOW,OECD.ECO.MPD:DSD_AN_HOUSE_PRICES@DF_HOUSE_PRICES(1.0),Analytical house prices indicators,I,DEU,Germany,A,Annual,RPI,Rent prices,IX,Index,2015,,100,,A,Normal value,0,Units,S,"Seasonally adjusted, not calendar adjusted",1,One,2015,
DATAFLOW,OECD.ECO.MPD:DSD_AN_HOUSE_PRICES@DF_HOUSE_PRICES(1.0),Analytical house prices indicators,I,DEU,Germany,A,Annual,RPI,Rent prices,IX,Index,2016,,101.133325,,A,Normal value,0,Units,S,"Seasonally adjusted, not calendar adjusted",1,One,2015,
DATAFLOW,OECD.ECO.MPD:DSD_AN_HOUSE_PRICES@DF_HOUSE_PRICES(1.0),Analytical house prices indicators,I,DEU,Germany,A,Annual,RPI,Rent prices,IX,Index,2017,,102.53335,,A,Normal value,0,Units,S,"Seasonally adjusted, not calendar adjusted",1,One,2015,
DATAFLOW,OECD.ECO.MPD:DSD_AN_HOUSE_PRICES@DF_HOUSE_PRICES(1.0),Analytical house prices indicators,I,DEU,Germany,A,Annual,RPI,Rent prices,IX,Index,2018,,104.058325,,A,Normal value,0,Units,S,"Seasonally adjusted, not calendar adjusted",1,One,2015,
DATAFLOW,OECD.ECO.MPD:DSD_AN_HOUSE_PRICES@DF_HOUSE_PRICES(1.0),Analytical house prices indicators,I,DEU,Germany,A,Annual,RPI,Rent prices,IX,Index,2019,,105.558325,,A,Normal value,0,Units,S,"Seasonally adjusted, not calendar adjusted",1,One,2015,
DATAFLOW,OECD.ECO.MPD:DSD_AN_HOUSE_PRICES@DF_HOUSE_PRICES(1.0),Analytical house prices indicators,I,DEU,Germany,A,Annual,RPI,Rent prices,IX,Index,2020,,107.04225,,A,Normal value,0,Units,S,"Seasonally adjusted, not calendar adjusted",1,One,2015,
DATAFLOW,OECD.ECO.MPD:DSD_AN_HOUSE_PRICES@DF_HOUSE_PRICES(1.0),Analytical house prices indicators,I,DEU,Germany,A,Annual,RPI,Rent prices,IX,Index,2021,,108.505175,,A,Normal value,0,Units,S,"Seasonally adjusted, not calendar adjusted",1,One,2015,
DATAFLOW,OECD.ECO.MPD:DSD_AN_HOUSE_PRICES@DF_HOUSE_PRICES(1.0),Analytical house prices indicators,I,DEU,Germany,A,Annual,RPI,Rent prices,IX,Index,2022,,110.35165,,A,Normal value,0,Units,S,"Seasonally adjusted, not calendar adjusted",1,One,2015,
DATAFLOW,OECD.ECO.MPD:DSD_AN_HOUSE_PRICES@DF_HOUSE_PRICES(1.0),Analytical house prices indicators,I,DEU,Germany,A,Annual,RPI,Rent prices,IX,Index,2023,,112.599525,,A,Normal value,0,Units,S,"Seasonally adjusted, not calendar adjusted",1,One,2015,
DATAFLOW,OECD.ECO.MPD:DSD_AN_HOUSE_PRICES@DF_HOUSE_PRICES(1.0),Analytical house prices indicators,I,DEU,Germany,A,Annual,RPI,Rent prices,IX,Index,2024,,115.03475,,A,Normal value,0,Units,S,"Seasonally adjusted, not calendar adjusted",1,One,2015,
DATAFLOW,OECD.ECO.MPD:DSD_AN_HOUSE_PRICES@DF_HOUSE_PRICES(1.0),Analytical house prices indicators,I,DEU,Germany,A,Annual,RPI,Rent prices,IX,Index,2025,,117.461050000008,,A,Normal value,0,Units,S,"Seasonally adjusted, not calendar adjusted",1,One,2015,
DATAFLOW,OECD.ECO.MPD:DSD_AN_HOUSE_PRICES@DF_HOUSE_PRICES(1.0),Analytical house prices indicators,I,GRC,Greece,A,Annual,RPI,Rent prices,IX,Index,1989,,20.6510834516002,,A,Normal value,0,Units,S,"Seasonally adjusted, not calendar adjusted",1,One,2015,
DATAFLOW,OECD.ECO.MPD:DSD_AN_HOUSE_PRICES@DF_HOUSE_PRICES(1.0),Analytical house prices indicators,I,GRC,Greece,A,Annual,RPI,Rent prices,IX,Index,1990,,24.5572956582029,,A,Normal value,0,Units,S,"Seasonally adjusted, not calendar adjusted",1,One,2015,
DATAFLOW,OECD.ECO.MPD:DSD_AN_HOUSE_PRICES@DF_HOUSE_PRICES(1.0),Analytical house prices indicators,I,GRC,Greece,A,Annual,RPI,Rent prices,IX,Index,1991,,31.8166076137545,,A,Normal value,0,Units,S,"Seasonally adjusted, not calendar adjusted",1,One,2015,
DATAFLOW,OECD.ECO.MPD:DSD_AN_HOUSE_PRICES@DF_HOUSE_PRICES(1.0),Analytical house prices indicators,I,GRC,Greece,A,Annual,RPI,Rent prices,IX,Index,1992,,38.0558046458146,,A,Normal value,0,Units,S,"Seasonally adjusted, not calendar adjusted",1,One,2015,
DATAFLOW,OECD.ECO.MPD:DSD_AN_HOUSE_PRICES@DF_HOUSE_PRICES(1.0),Analytical house prices indicators,I,GRC,Greece,A,Annual,RPI,Rent prices,IX,Index,1993,,46.2883890283708,,A,Normal value,0,Units,S,"Seasonally adjusted, not calendar adjusted",1,One,2015,
DATAFLOW,OECD.ECO.MPD:DSD_AN_HOUSE_PRICES@DF_HOUSE_PRICES(1.0),Analytical house prices indicators,I,GRC,Greece,A,Annual,RPI,Rent prices,IX,Index,1994,,53.1328385150371,,A,Normal value,0,Units,S,"Seasonally adjusted, not calendar adjusted",1,One,2015,
DATAFLOW,OECD.ECO.MPD:DSD_AN_HOUSE_PRICES@DF_HOUSE_PRICES(1.0),Analytical house prices indicators,I,GRC,Greece,A,Annual,RPI,Rent prices,IX,Index,1995,,59.2993430525493,,A,Normal value,0,Units,S,"Seasonally adjusted, not calendar adjusted",1,One,2015,
DATAFLOW,OECD.ECO.MPD:DSD_AN_HOUSE_PRICES@DF_HOUSE_PRICES(1.0),Analytical house prices indicators,I,GRC,Greece,A,Annual,RPI,Rent prices,IX,Index,1996,,65.3556050983296,,A,Normal value,0,Units,S,"Seasonally adjusted, not calendar adjusted",1,One,2015,
DATAFLOW,OECD.ECO.MPD:DSD_AN_HOUSE_PRICES@DF_HOUSE_PRICES(1.0),Analytical house prices indicators,I,GRC,Greece,A,Annual,RPI,Rent prices,IX,Index,1997,,70.2633097302518,,A,Normal value,0,Units,S,"Seasonally adjusted, not calendar adjusted",1,One,2015,
DATAFLOW,OECD.ECO.MPD:DSD_AN_HOUSE_PRICES@DF_HOUSE_PRICES(1.0),Analytical house prices indicators,I,GRC,Greece,A,Annual,RPI,Rent prices,IX,Index,1998,,74.7670593924706,,A,Normal value,0,Units,S,"Seasonally adjusted, not calendar adjusted",1,One,2015,
DATAFLOW,OECD.ECO.MPD:DSD_AN_HOUSE_PRICES@DF_HOUSE_PRICES(1.0),Analytical house prices indicators,I,GRC,Greece,A,Annual,RPI,Rent prices,IX,Index,1999,,78.1453391390996,,A,Normal value,0,Units,S,"Seasonally adjusted, not calendar adjusted",1,One,2015,
DATAFLOW,OECD.ECO.MPD:DSD_AN_HOUSE_PRICES@DF_HOUSE_PRICES(1.0),Analytical house prices indicators,I,GRC,Greece,A,Annual,RPI,Rent prices,IX,Index,2000,,81.1972839102037,,A,Normal value,0,Units,S,"Seasonally adjusted, not calendar adjusted",1,One,2015,
DATAFLOW,OECD.ECO.MPD:DSD_AN_HOUSE_PRICES@DF_HOUSE_PRICES(1.0),Analytical house prices indicators,I,GRC,Greece,A,Annual,RPI,Rent prices,IX,Index,2001,,84.410693669198,,A,Normal value,0,Units,S,"Seasonally adjusted, not calendar adjusted",1,One,2015,
DATAFLOW,OECD.ECO.MPD:DSD_AN_HOUSE_PRICES@DF_HOUSE_PRICES(1.0),Analytical house prices indicators,I,GRC,Greece,A,Annual,RPI,Rent prices,IX,Index,2002,,88.5851233561157,,A,Normal value,0,Units,S,"Seasonally adjusted, not calendar adjusted",1,One,2015,
DATAFLOW,OECD.ECO.MPD:DSD_AN_HOUSE_PRICES@DF_HOUSE_PRICES(1.0),Analytical house prices indicators,I,GRC,Greece,A,Annual,RPI,Rent prices,IX,Index,2003,,93.2013005099024,,A,Normal value,0,Units,S,"Seasonally adjusted, not calendar adjusted",1,One,2015,
DATAFLOW,OECD.ECO.MPD:DSD_AN_HOUSE_PRICES@DF_HOUSE_PRICES(1.0),Analytical house prices indicators,I,GRC,Greece,A,Annual,RPI,Rent prices,IX,Index,2004,,98.1703901372208,,A,Normal value,0,Units,S,"Seasonally adjusted, not calendar adjusted",1,One,2015,
DATAFLOW,OECD.ECO.MPD:DSD_AN_HOUSE_PRICES@DF_HOUSE_PRICES(1.0),Analytical house prices indicators,I,GRC,Greece,A,Annual,RPI,Rent prices,IX,Index,2005,,102.331967325103,,A,Normal value,0,Units,S,"Seasonally adjusted, not calendar adjusted",1,One,2015,
DATAFLOW,OECD.ECO.MPD:DSD_AN_HOUSE_PRICES@DF_HOUSE_PRICES(1.0),Analytical house prices indicators,I,GRC,Greece,A,Annual,RPI,Rent prices,IX,Index,2006,,106.798941990079,,A,Normal value,0,Units,S,"Seasonally adjusted, not calendar adjusted",1,One,2015,
DATAFLOW,OECD.ECO.MPD:DSD_AN_HOUSE_PRICES@DF_HOUSE_PRICES(1.0),Analytical house prices indicators,I,GRC,Greece,A,Annual,RPI,Rent prices,IX,Index,2007,,111.657666625675,,A,Normal value,0,Units,S,"Seasonally adjusted, not calendar adjusted",1,One,2015,
DATAFLOW,OECD.ECO.MPD:DSD_AN_HOUSE_PRICES@DF_HOUSE_PRICES(1.0),Analytical house prices indicators,I,GRC,Greece,A,Annual,RPI,Rent prices,IX,Index,2008,,115.997766300168,,A,Normal value,0,Units,S,"Seasonally adjusted, not calendar adjusted",1,One,2015,
DATAFLOW,OECD.ECO.MPD:DSD_AN_HOUSE_PRICES@DF_HOUSE_PRICES(1.0),Analytical house prices indicators,I,GRC,Greece,A,Annual,RPI,Rent prices,IX,Index,2009,,120.196565985258,,A,Normal value,0,Units,S,"Seasonally adjusted, not calendar adjusted",1,One,2015,
DATAFLOW,OECD.ECO.MPD:DSD_AN_HOUSE_PRICES@DF_HOUSE_PRICES(1.0),Analytical house prices indicators,I,GRC,Greece,A,Annual,RPI,Rent prices,IX,Index,2010,,123.135090764868,,A,Normal value,0,Units,S,"Seasonally adjusted, not calendar adjusted",1,One,2015,
DATAFLOW,OECD.ECO.MPD:DSD_AN_HOUSE_PRICES@DF_HOUSE_PRICES(1.0),Analytical house prices indicators,I,GRC,Greece,A,Annual,RPI,Rent prices,IX,Index,2011,,124.163415687744,,A,Normal value,0,Units,S,"Seasonally adjusted, not calendar adjusted",1,One,2015,
DATAFLOW,OECD.ECO.MPD:DSD_AN_HOUSE_PRICES@DF_HOUSE_PRICES(1.0),Analytical house prices indicators,I,GRC,Greece,A,Annual,RPI,Rent prices,IX,Index,2012,,121.580840881437,,A,Normal value,0,Units,S,"Seasonally adjusted, not calendar adjusted",1,One,2015,
DATAFLOW,OECD.ECO.MPD:DSD_AN_HOUSE_PRICES@DF_HOUSE_PRICES(1.0),Analytical house prices indicators,I,GRC,Greece,A,Annual,RPI,Rent prices,IX,Index,2013,,113.328566500358,,A,Normal value,0,Units,S,"Seasonally adjusted, not calendar adjusted",1,One,2015,
DATAFLOW,OECD.ECO.MPD:DSD_AN_HOUSE_PRICES@DF_HOUSE_PRICES(1.0),Analytical house prices indicators,I,GRC,Greece,A,Annual,RPI,Rent prices,IX,Index,2014,,104.638067152145,,A,Normal value,0,Units,S,"Seasonally adjusted, not calendar adjusted",1,One,2015,
DATAFLOW,OECD.ECO.MPD:DSD_AN_HOUSE_PRICES@DF_HOUSE_PRICES(1.0),Analytical house prices indicators,I,GRC,Greece,A,Annual,RPI,Rent prices,IX,Index,2015,,100,,A,Normal value,0,Units,S,"Seasonally adjusted, not calendar adjusted",1,One,2015,
DATAFLOW,OECD.ECO.MPD:DSD_AN_HOUSE_PRICES@DF_HOUSE_PRICES(1.0),Analytical house prices indicators,I,GRC,Greece,A,Annual,RPI,Rent prices,IX,Index,2016,,97.3881426958893,,A,Normal value,0,Units,S,"Seasonally adjusted, not calendar adjusted",1,One,2015,
DATAFLOW,OECD.ECO.MPD:DSD_AN_HOUSE_PRICES@DF_HOUSE_PRICES(1.0),Analytical house prices indicators,I,GRC,Greece,A,Annual,RPI,Rent prices,IX,Index,2017,,95.2241753581869,,A,Normal value,0,Units,S,"Seasonally adjusted, not calendar adjusted",1,One,2015,
DATAFLOW,OECD.ECO.MPD:DSD_AN_HOUSE_PRICES@DF_HOUSE_PRICES(1.0),Analytical house prices indicators,I,GRC,Greece,A,Annual,RPI,Rent prices,IX,Index,2018,,92.1640330876975,,A,Normal value,0,Units,S,"Seasonally adjusted, not calendar adjusted",1,One,2015,
DATAFLOW,OECD.ECO.MPD:DSD_AN_HOUSE_PRICES@DF_HOUSE_PRICES(1.0),Analytical house prices indicators,I,GRC,Greece,A,Annual,RPI,Rent prices,IX,Index,2019,,92.1640330876975,,A,Normal value,0,Units,S,"Seasonally adjusted, not calendar adjusted",1,One,2015,
DATAFLOW,OECD.ECO.MPD:DSD_AN_HOUSE_PRICES@DF_HOUSE_PRICES(1.0),Analytical house prices indicators,I,GRC,Greece,A,Annual,RPI,Rent prices,IX,Index,2020,,92.1640330876975,,A,Normal value,0,Units,S,"Seasonally adjusted, not calendar adjusted",1,One,2015,
DATAFLOW,OECD.ECO.MPD:DSD_AN_HOUSE_PRICES@DF_HOUSE_PRICES(1.0),Analytical house prices indicators,I,GRC,Greece,A,Annual,RPI,Rent prices,IX,Index,2021,,92.2729705795272,,A,Normal value,0,Units,S,"Seasonally adjusted, not calendar adjusted",1,One,2015,
DATAFLOW,OECD.ECO.MPD:DSD_AN_HOUSE_PRICES@DF_HOUSE_PRICES(1.0),Analytical house prices indicators,I,GRC,Greece,A,Annual,RPI,Rent prices,IX,Index,2022,,93.4594454905416,,A,Normal value,0,Units,S,"Seasonally adjusted, not calendar adjusted",1,One,2015,
DATAFLOW,OECD.ECO.MPD:DSD_AN_HOUSE_PRICES@DF_HOUSE_PRICES(1.0),Analytical house prices indicators,I,GRC,Greece,A,Annual,RPI,Rent prices,IX,Index,2023,,97.929400155295,,A,Normal value,0,Units,S,"Seasonally adjusted, not calendar adjusted",1,One,2015,
DATAFLOW,OECD.ECO.MPD:DSD_AN_HOUSE_PRICES@DF_HOUSE_PRICES(1.0),Analytical house prices indicators,I,GRC,Greece,A,Annual,RPI,Rent prices,IX,Index,2024,,102.922892280783,,A,Normal value,0,Units,S,"Seasonally adjusted, not calendar adjusted",1,One,2015,
DATAFLOW,OECD.ECO.MPD:DSD_AN_HOUSE_PRICES@DF_HOUSE_PRICES(1.0),Analytical house prices indicators,I,GRC,Greece,A,Annual,RPI,Rent prices,IX,Index,2025,,113.257366505375,,A,Normal value,0,Units,S,"Seasonally adjusted, not calendar adjusted",1,One,2015,
DATAFLOW,OECD.ECO.MPD:DSD_AN_HOUSE_PRICES@DF_HOUSE_PRICES(1.0),Analytical house prices indicators,I,HUN,Hungary,A,Annual,RPI,Rent prices,IX,Index,1996,,23.2031151821344,,A,Normal value,0,Units,S,"Seasonally adjusted, not calendar adjusted",1,One,2015,
DATAFLOW,OECD.ECO.MPD:DSD_AN_HOUSE_PRICES@DF_HOUSE_PRICES(1.0),Analytical house prices indicators,I,HUN,Hungary,A,Annual,RPI,Rent prices,IX,Index,1997,,26.9680148031985,,A,Normal value,0,Units,S,"Seasonally adjusted, not calendar adjusted",1,One,2015,
DATAFLOW,OECD.ECO.MPD:DSD_AN_HOUSE_PRICES@DF_HOUSE_PRICES(1.0),Analytical house prices indicators,I,HUN,Hungary,A,Annual,RPI,Rent prices,IX,Index,1998,,31.4587468541253,,A,Normal value,0,Units,S,"Seasonally adjusted, not calendar adjusted",1,One,2015,
DATAFLOW,OECD.ECO.MPD:DSD_AN_HOUSE_PRICES@DF_HOUSE_PRICES(1.0),Analytical house prices indicators,I,HUN,Hungary,A,Annual,RPI,Rent prices,IX,Index,1999,,35.8196589180341,,A,Normal value,0,Units,S,"Seasonally adjusted, not calendar adjusted",1,One,2015,
DATAFLOW,OECD.ECO.MPD:DSD_AN_HOUSE_PRICES@DF_HOUSE_PRICES(1.0),Analytical house prices indicators,I,HUN,Hungary,A,Annual,RPI,Rent prices,IX,Index,2000,,41.5732308426769,,A,Normal value,0,Units,S,"Seasonally adjusted, not calendar adjusted",1,One,2015,
DATAFLOW,OECD.ECO.MPD:DSD_AN_HOUSE_PRICES@DF_HOUSE_PRICES(1.0),Analytical house prices indicators,I,HUN,Hungary,A,Annual,RPI,Rent prices,IX,Index,2001,,48.8020726197928,,A,Normal value,0,Units,S,"Seasonally adjusted, not calendar adjusted",1,One,2015,
DATAFLOW,OECD.ECO.MPD:DSD_AN_HOUSE_PRICES@DF_HOUSE_PRICES(1.0),Analytical house prices indicators,I,HUN,Hungary,A,Annual,RPI,Rent prices,IX,Index,2002,,54.5202345479766,,A,Normal value,0,Units,S,"Seasonally adjusted, not calendar adjusted",1,One,2015,
DATAFLOW,OECD.ECO.MPD:DSD_AN_HOUSE_PRICES@DF_HOUSE_PRICES(1.0),Analytical house prices indicators,I,HUN,Hungary,A,Annual,RPI,Rent prices,IX,Index,2003,,58.5860916413909,,A,Normal value,0,Units,S,"Seasonally adjusted, not calendar adjusted",1,One,2015,
DATAFLOW,OECD.ECO.MPD:DSD_AN_HOUSE_PRICES@DF_HOUSE_PRICES(1.0),Analytical house prices indicators,I,HUN,Hungary,A,Annual,RPI,Rent prices,IX,Index,2004,,64.2865510713449,,A,Normal value,0,Units,S,"Seasonally adjusted, not calendar adjusted",1,One,2015,
DATAFLOW,OECD.ECO.MPD:DSD_AN_HOUSE_PRICES@DF_HOUSE_PRICES(1.0),Analytical house prices indicators,I,HUN,Hungary,A,Annual,RPI,Rent prices,IX,Index,2005,,67.1131757886824,,A,Normal value,0,Units,S,"Seasonally adjusted, not calendar adjusted",1,One,2015,
DATAFLOW,OECD.ECO.MPD:DSD_AN_HOUSE_PRICES@DF_HOUSE_PRICES(1.0),Analytical house prices indicators,I,HUN,Hungary,A,Annual,RPI,Rent prices,IX,Index,2006,,69.9398005060199,,A,Normal value,0,Units,S,"Seasonally adjusted, not calendar adjusted",1,One,2015,
DATAFLOW,OECD.ECO.MPD:DSD_AN_HOUSE_PRICES@DF_HOUSE_PRICES(1.0),Analytical house prices indicators,I,HUN,Hungary,A,Annual,RPI,Rent prices,IX,Index,2007,,75.2802949719705,,A,Normal value,0,Units,S,"Seasonally adjusted, not calendar adjusted",1,One,2015,
DATAFLOW,OECD.ECO.MPD:DSD_AN_HOUSE_PRICES@DF_HOUSE_PRICES(1.0),Analytical house prices indicators,I,HUN,Hungary,A,Annual,RPI,Rent prices,IX,Index,2008,,82.0429517957048,,A,Normal value,0,Units,S,"Seasonally adjusted, not calendar adjusted",1,One,2015,
DATAFLOW,OECD.ECO.MPD:DSD_AN_HOUSE_PRICES@DF_HOUSE_PRICES(1.0),Analytical house prices indicators,I,HUN,Hungary,A,Annual,RPI,Rent prices,IX,Index,2009,,87.5368737463127,,A,Normal value,0,Units,S,"Seasonally adjusted, not calendar adjusted",1,One,2015,
DATAFLOW,OECD.ECO.MPD:DSD_AN_HOUSE_PRICES@DF_HOUSE_PRICES(1.0),Analytical house prices indicators,I,HUN,Hungary,A,Annual,RPI,Rent prices,IX,Index,2010,,90.5464334453567,,A,Normal value,0,Units,S,"Seasonally adjusted, not calendar adjusted",1,One,2015,
DATAFLOW,OECD.ECO.MPD:DSD_AN_HOUSE_PRICES@DF_HOUSE_PRICES(1.0),Analytical house prices indicators,I,HUN,Hungary,A,Annual,RPI,Rent prices,IX,Index,2011,,92.2223432777657,,A,Normal value,0,Units,S,"Seasonally adjusted, not calendar adjusted",1,One,2015,
DATAFLOW,OECD.ECO.MPD:DSD_AN_HOUSE_PRICES@DF_HOUSE_PRICES(1.0),Analytical house prices indicators,I,HUN,Hungary,A,Annual,RPI,Rent prices,IX,Index,2012,,95.7630029236997,,A,Normal value,0,Units,S,"Seasonally adjusted, not calendar adjusted",1,One,2015,
DATAFLOW,OECD.ECO.MPD:DSD_AN_HOUSE_PRICES@DF_HOUSE_PRICES(1.0),Analytical house prices indicators,I,HUN,Hungary,A,Annual,RPI,Rent prices,IX,Index,2013,,97.7280652271935,,A,Normal value,0,Units,S,"Seasonally adjusted, not calendar adjusted",1,One,2015,
DATAFLOW,OECD.ECO.MPD:DSD_AN_HOUSE_PRICES@DF_HOUSE_PRICES(1.0),Analytical house prices indicators,I,HUN,Hungary,A,Annual,RPI,Rent prices,IX,Index,2014,,98.0231226976878,,A,Normal value,0,Units,S,"Seasonally adjusted, not calendar adjusted",1,One,2015,
DATAFLOW,OECD.ECO.MPD:DSD_AN_HOUSE_PRICES@DF_HOUSE_PRICES(1.0),Analytical house prices indicators,I,HUN,Hungary,A,Annual,RPI,Rent prices,IX,Index,2015,,100,,A,Normal value,0,Units,S,"Seasonally adjusted, not calendar adjusted",1,One,2015,
DATAFLOW,OECD.ECO.MPD:DSD_AN_HOUSE_PRICES@DF_HOUSE_PRICES(1.0),Analytical house prices indicators,I,HUN,Hungary,A,Annual,RPI,Rent prices,IX,Index,2016,,105.234264476574,,A,Normal value,0,Units,S,"Seasonally adjusted, not calendar adjusted",1,One,2015,
DATAFLOW,OECD.ECO.MPD:DSD_AN_HOUSE_PRICES@DF_HOUSE_PRICES(1.0),Analytical house prices indicators,I,HUN,Hungary,A,Annual,RPI,Rent prices,IX,Index,2017,,108.432664156733,,A,Normal value,0,Units,S,"Seasonally adjusted, not calendar adjusted",1,One,2015,
DATAFLOW,OECD.ECO.MPD:DSD_AN_HOUSE_PRICES@DF_HOUSE_PRICES(1.0),Analytical house prices indicators,I,HUN,Hungary,A,Annual,RPI,Rent prices,IX,Index,2018,,113.908863609114,,A,Normal value,0,Units,S,"Seasonally adjusted, not calendar adjusted",1,One,2015,
DATAFLOW,OECD.ECO.MPD:DSD_AN_HOUSE_PRICES@DF_HOUSE_PRICES(1.0),Analytical house prices indicators,I,HUN,Hungary,A,Annual,RPI,Rent prices,IX,Index,2019,,124.607562539244,,A,Normal value,0,Units,S,"Seasonally adjusted, not calendar adjusted",1,One,2015,
DATAFLOW,OECD.ECO.MPD:DSD_AN_HOUSE_PRICES@DF_HOUSE_PRICES(1.0),Analytical house prices indicators,I,HUN,Hungary,A,Annual,RPI,Rent prices,IX,Index,2020,,129.936237006376,,A,Normal value,0,Units,S,"Seasonally adjusted, not calendar adjusted",1,One,2015,
DATAFLOW,OECD.ECO.MPD:DSD_AN_HOUSE_PRICES@DF_HOUSE_PRICES(1.0),Analytical house prices indicators,I,HUN,Hungary,A,Annual,RPI,Rent prices,IX,Index,2021,,132.397036760297,,A,Normal value,0,Units,S,"Seasonally adjusted, not calendar adjusted",1,One,2015,
DATAFLOW,OECD.ECO.MPD:DSD_AN_HOUSE_PRICES@DF_HOUSE_PRICES(1.0),Analytical house prices indicators,I,HUN,Hungary,A,Annual,RPI,Rent prices,IX,Index,2022,,146.353085364691,,A,Normal value,0,Units,S,"Seasonally adjusted, not calendar adjusted",1,One,2015,
DATAFLOW,OECD.ECO.MPD:DSD_AN_HOUSE_PRICES@DF_HOUSE_PRICES(1.0),Analytical house prices indicators,I,HUN,Hungary,A,Annual,RPI,Rent prices,IX,Index,2023,,166.511258348874,,A,Normal value,0,Units,S,"Seasonally adjusted, not calendar adjusted",1,One,2015,
DATAFLOW,OECD.ECO.MPD:DSD_AN_HOUSE_PRICES@DF_HOUSE_PRICES(1.0),Analytical house prices indicators,I,HUN,Hungary,A,Annual,RPI,Rent prices,IX,Index,2024,,187.147406285259,,A,Normal value,0,Units,S,"Seasonally adjusted, not calendar adjusted",1,One,2015,
DATAFLOW,OECD.ECO.MPD:DSD_AN_HOUSE_PRICES@DF_HOUSE_PRICES(1.0),Analytical house prices indicators,I,HUN,Hungary,A,Annual,RPI,Rent prices,IX,Index,2025,,205.482079454186,,A,Normal value,0,Units,S,"Seasonally adjusted, not calendar adjusted",1,One,2015,
DATAFLOW,OECD.ECO.MPD:DSD_AN_HOUSE_PRICES@DF_HOUSE_PRICES(1.0),Analytical house prices indicators,I,ISL,Iceland,A,Annual,RPI,Rent prices,IX,Index,1993,,22.7839488521791,,A,Normal value,0,Units,S,"Seasonally adjusted, not calendar adjusted",1,One,2015,
DATAFLOW,OECD.ECO.MPD:DSD_AN_HOUSE_PRICES@DF_HOUSE_PRICES(1.0),Analytical house prices indicators,I,ISL,Iceland,A,Annual,RPI,Rent prices,IX,Index,1994,,22.7261700576074,,A,Normal value,0,Units,S,"Seasonally adjusted, not calendar adjusted",1,One,2015,
DATAFLOW,OECD.ECO.MPD:DSD_AN_HOUSE_PRICES@DF_HOUSE_PRICES(1.0),Analytical house prices indicators,I,ISL,Iceland,A,Annual,RPI,Rent prices,IX,Index,1995,,23.0285466154693,,A,Normal value,0,Units,S,"Seasonally adjusted, not calendar adjusted",1,One,2015,
DATAFLOW,OECD.ECO.MPD:DSD_AN_HOUSE_PRICES@DF_HOUSE_PRICES(1.0),Analytical house prices indicators,I,ISL,Iceland,A,Annual,RPI,Rent prices,IX,Index,1996,,22.9823218481503,,A,Normal value,0,Units,S,"Seasonally adjusted, not calendar adjusted",1,One,2015,
DATAFLOW,OECD.ECO.MPD:DSD_AN_HOUSE_PRICES@DF_HOUSE_PRICES(1.0),Analytical house prices indicators,I,ISL,Iceland,A,Annual,RPI,Rent prices,IX,Index,1997,,23.556252680365,,A,Normal value,0,Units,S,"Seasonally adjusted, not calendar adjusted",1,One,2015,
DATAFLOW,OECD.ECO.MPD:DSD_AN_HOUSE_PRICES@DF_HOUSE_PRICES(1.0),Analytical house prices indicators,I,ISL,Iceland,A,Annual,RPI,Rent prices,IX,Index,1998,,24.9352295234448,,A,Normal value,0,Units,S,"Seasonally adjusted, not calendar adjusted",1,One,2015,
DATAFLOW,OECD.ECO.MPD:DSD_AN_HOUSE_PRICES@DF_HOUSE_PRICES(1.0),Analytical house prices indicators,I,ISL,Iceland,A,Annual,RPI,Rent prices,IX,Index,1999,,27.3445905423681,,A,Normal value,0,Units,S,"Seasonally adjusted, not calendar adjusted",1,One,2015,
DATAFLOW,OECD.ECO.MPD:DSD_AN_HOUSE_PRICES@DF_HOUSE_PRICES(1.0),Analytical house prices indicators,I,ISL,Iceland,A,Annual,RPI,Rent prices,IX,Index,2000,,31.1367790253237,,A,Normal value,0,Units,S,"Seasonally adjusted, not calendar adjusted",1,One,2015,
DATAFLOW,OECD.ECO.MPD:DSD_AN_HOUSE_PRICES@DF_HOUSE_PRICES(1.0),Analytical house prices indicators,I,ISL,Iceland,A,Annual,RPI,Rent prices,IX,Index,2001,,33.3198256959916,,A,Normal value,0,Units,S,"Seasonally adjusted, not calendar adjusted",1,One,2015,
DATAFLOW,OECD.ECO.MPD:DSD_AN_HOUSE_PRICES@DF_HOUSE_PRICES(1.0),Analytical house prices indicators,I,ISL,Iceland,A,Annual,RPI,Rent prices,IX,Index,2002,,36.0288225,,A,Normal value,0,Units,S,"Seasonally adjusted, not calendar adjusted",1,One,2015,
DATAFLOW,OECD.ECO.MPD:DSD_AN_HOUSE_PRICES@DF_HOUSE_PRICES(1.0),Analytical house prices indicators,I,ISL,Iceland,A,Annual,RPI,Rent prices,IX,Index,2003,,39.6071675,,A,Normal value,0,Units,S,"Seasonally adjusted, not calendar adjusted",1,One,2015,
DATAFLOW,OECD.ECO.MPD:DSD_AN_HOUSE_PRICES@DF_HOUSE_PRICES(1.0),Analytical house prices indicators,I,ISL,Iceland,A,Annual,RPI,Rent prices,IX,Index,2004,,42.73788,,A,Normal value,0,Units,S,"Seasonally adjusted, not calendar adjusted",1,One,2015,
DATAFLOW,OECD.ECO.MPD:DSD_AN_HOUSE_PRICES@DF_HOUSE_PRICES(1.0),Analytical house prices indicators,I,ISL,Iceland,A,Annual,RPI,Rent prices,IX,Index,2005,,45.3886075,,A,Normal value,0,Units,S,"Seasonally adjusted, not calendar adjusted",1,One,2015,
DATAFLOW,OECD.ECO.MPD:DSD_AN_HOUSE_PRICES@DF_HOUSE_PRICES(1.0),Analytical house prices indicators,I,ISL,Iceland,A,Annual,RPI,Rent prices,IX,Index,2006,,49.1503225,,A,Normal value,0,Units,S,"Seasonally adjusted, not calendar adjusted",1,One,2015,
DATAFLOW,OECD.ECO.MPD:DSD_AN_HOUSE_PRICES@DF_HOUSE_PRICES(1.0),Analytical house prices indicators,I,ISL,Iceland,A,Annual,RPI,Rent prices,IX,Index,2007,,54.36009,,A,Normal value,0,Units,S,"Seasonally adjusted, not calendar adjusted",1,One,2015,
DATAFLOW,OECD.ECO.MPD:DSD_AN_HOUSE_PRICES@DF_HOUSE_PRICES(1.0),Analytical house prices indicators,I,ISL,Iceland,A,Annual,RPI,Rent prices,IX,Index,2008,,63.60985,,A,Normal value,0,Units,S,"Seasonally adjusted, not calendar adjusted",1,One,2015,
DATAFLOW,OECD.ECO.MPD:DSD_AN_HOUSE_PRICES@DF_HOUSE_PRICES(1.0),Analytical house prices indicators,I,ISL,Iceland,A,Annual,RPI,Rent prices,IX,Index,2009,,73.505595,,A,Normal value,0,Units,S,"Seasonally adjusted, not calendar adjusted",1,One,2015,
DATAFLOW,OECD.ECO.MPD:DSD_AN_HOUSE_PRICES@DF_HOUSE_PRICES(1.0),Analytical house prices indicators,I,ISL,Iceland,A,Annual,RPI,Rent prices,IX,Index,2010,,75.8929775,,A,Normal value,0,Units,S,"Seasonally adjusted, not calendar adjusted",1,One,2015,
DATAFLOW,OECD.ECO.MPD:DSD_AN_HOUSE_PRICES@DF_HOUSE_PRICES(1.0),Analytical house prices indicators,I,ISL,Iceland,A,Annual,RPI,Rent prices,IX,Index,2011,,79.6271825,,A,Normal value,0,Units,S,"Seasonally adjusted, not calendar adjusted",1,One,2015,
DATAFLOW,OECD.ECO.MPD:DSD_AN_HOUSE_PRICES@DF_HOUSE_PRICES(1.0),Analytical house prices indicators,I,ISL,Iceland,A,Annual,RPI,Rent prices,IX,Index,2012,,84.2280625,,A,Normal value,0,Units,S,"Seasonally adjusted, not calendar adjusted",1,One,2015,
DATAFLOW,OECD.ECO.MPD:DSD_AN_HOUSE_PRICES@DF_HOUSE_PRICES(1.0),Analytical house prices indicators,I,ISL,Iceland,A,Annual,RPI,Rent prices,IX,Index,2013,,90.4446000000001,,A,Normal value,0,Units,S,"Seasonally adjusted, not calendar adjusted",1,One,2015,
DATAFLOW,OECD.ECO.MPD:DSD_AN_HOUSE_PRICES@DF_HOUSE_PRICES(1.0),Analytical house prices indicators,I,ISL,Iceland,A,Annual,RPI,Rent prices,IX,Index,2014,,96.2312775,,A,Normal value,0,Units,S,"Seasonally adjusted, not calendar adjusted",1,One,2015,
DATAFLOW,OECD.ECO.MPD:DSD_AN_HOUSE_PRICES@DF_HOUSE_PRICES(1.0),Analytical house prices indicators,I,ISL,Iceland,A,Annual,RPI,Rent prices,IX,Index,2015,,100,,A,Normal value,0,Units,S,"Seasonally adjusted, not calendar adjusted",1,One,2015,
DATAFLOW,OECD.ECO.MPD:DSD_AN_HOUSE_PRICES@DF_HOUSE_PRICES(1.0),Analytical house prices indicators,I,ISL,Iceland,A,Annual,RPI,Rent prices,IX,Index,2016,,104.325025,,A,Normal value,0,Units,S,"Seasonally adjusted, not calendar adjusted",1,One,2015,
DATAFLOW,OECD.ECO.MPD:DSD_AN_HOUSE_PRICES@DF_HOUSE_PRICES(1.0),Analytical house prices indicators,I,ISL,Iceland,A,Annual,RPI,Rent prices,IX,Index,2017,,108.327,,A,Normal value,0,Units,S,"Seasonally adjusted, not calendar adjusted",1,One,2015,
DATAFLOW,OECD.ECO.MPD:DSD_AN_HOUSE_PRICES@DF_HOUSE_PRICES(1.0),Analytical house prices indicators,I,ISL,Iceland,A,Annual,RPI,Rent prices,IX,Index,2018,,113.8814,,A,Normal value,0,Units,S,"Seasonally adjusted, not calendar adjusted",1,One,2015,
DATAFLOW,OECD.ECO.MPD:DSD_AN_HOUSE_PRICES@DF_HOUSE_PRICES(1.0),Analytical house prices indicators,I,ISL,Iceland,A,Annual,RPI,Rent prices,IX,Index,2019,,120.374675,,A,Normal value,0,Units,S,"Seasonally adjusted, not calendar adjusted",1,One,2015,
DATAFLOW,OECD.ECO.MPD:DSD_AN_HOUSE_PRICES@DF_HOUSE_PRICES(1.0),Analytical house prices indicators,I,ISL,Iceland,A,Annual,RPI,Rent prices,IX,Index,2020,,124.6049,,A,Normal value,0,Units,S,"Seasonally adjusted, not calendar adjusted",1,One,2015,
DATAFLOW,OECD.ECO.MPD:DSD_AN_HOUSE_PRICES@DF_HOUSE_PRICES(1.0),Analytical house prices indicators,I,ISL,Iceland,A,Annual,RPI,Rent prices,IX,Index,2021,,128.48325,,A,Normal value,0,Units,S,"Seasonally adjusted, not calendar adjusted",1,One,2015,
DATAFLOW,OECD.ECO.MPD:DSD_AN_HOUSE_PRICES@DF_HOUSE_PRICES(1.0),Analytical house prices indicators,I,ISL,Iceland,A,Annual,RPI,Rent prices,IX,Index,2022,,134.625525,,A,Normal value,0,Units,S,"Seasonally adjusted, not calendar adjusted",1,One,2015,
DATAFLOW,OECD.ECO.MPD:DSD_AN_HOUSE_PRICES@DF_HOUSE_PRICES(1.0),Analytical house prices indicators,I,ISL,Iceland,A,Annual,RPI,Rent prices,IX,Index,2023,,145.84835,,A,Normal value,0,Units,S,"Seasonally adjusted, not calendar adjusted",1,One,2015,
DATAFLOW,OECD.ECO.MPD:DSD_AN_HOUSE_PRICES@DF_HOUSE_PRICES(1.0),Analytical house prices indicators,I,ISL,Iceland,A,Annual,RPI,Rent prices,IX,Index,2024,,159.8362,,A,Normal value,0,Units,S,"Seasonally adjusted, not calendar adjusted",1,One,2015,
DATAFLOW,OECD.ECO.MPD:DSD_AN_HOUSE_PRICES@DF_HOUSE_PRICES(1.0),Analytical house prices indicators,I,ISL,Iceland,A,Annual,RPI,Rent prices,IX,Index,2025,,175.715099999531,,A,Normal value,0,Units,S,"Seasonally adjusted, not calendar adjusted",1,One,2015,
DATAFLOW,OECD.ECO.MPD:DSD_AN_HOUSE_PRICES@DF_HOUSE_PRICES(1.0),Analytical house prices indicators,I,IRL,Ireland,A,Annual,RPI,Rent prices,IX,Index,1959,,5.25904779540463,,A,Normal value,0,Units,S,"Seasonally adjusted, not calendar adjusted",1,One,2015,
DATAFLOW,OECD.ECO.MPD:DSD_AN_HOUSE_PRICES@DF_HOUSE_PRICES(1.0),Analytical house prices indicators,I,IRL,Ireland,A,Annual,RPI,Rent prices,IX,Index,1960,,5.4180816243718,,A,Normal value,0,Units,S,"Seasonally adjusted, not calendar adjusted",1,One,2015,
DATAFLOW,OECD.ECO.MPD:DSD_AN_HOUSE_PRICES@DF_HOUSE_PRICES(1.0),Analytical house prices indicators,I,IRL,Ireland,A,Annual,RPI,Rent prices,IX,Index,1961,,5.60224566073747,,A,Normal value,0,Units,S,"Seasonally adjusted, not calendar adjusted",1,One,2015,
DATAFLOW,OECD.ECO.MPD:DSD_AN_HOUSE_PRICES@DF_HOUSE_PRICES(1.0),Analytical house prices indicators,I,IRL,Ireland,A,Annual,RPI,Rent prices,IX,Index,1962,,5.84055391511217,,A,Normal value,0,Units,S,"Seasonally adjusted, not calendar adjusted",1,One,2015,
DATAFLOW,OECD.ECO.MPD:DSD_AN_HOUSE_PRICES@DF_HOUSE_PRICES(1.0),Analytical house prices indicators,I,IRL,Ireland,A,Annual,RPI,Rent prices,IX,Index,1963,,6.10993974607394,,A,Normal value,0,Units,S,"Seasonally adjusted, not calendar adjusted",1,One,2015,
DATAFLOW,OECD.ECO.MPD:DSD_AN_HOUSE_PRICES@DF_HOUSE_PRICES(1.0),Analytical house prices indicators,I,IRL,Ireland,A,Annual,RPI,Rent prices,IX,Index,1964,,6.43747709690684,,A,Normal value,0,Units,S,"Seasonally adjusted, not calendar adjusted",1,One,2015,
DATAFLOW,OECD.ECO.MPD:DSD_AN_HOUSE_PRICES@DF_HOUSE_PRICES(1.0),Analytical house prices indicators,I,IRL,Ireland,A,Annual,RPI,Rent prices,IX,Index,1965,,6.83548188286791,,A,Normal value,0,Units,S,"Seasonally adjusted, not calendar adjusted",1,One,2015,
DATAFLOW,OECD.ECO.MPD:DSD_AN_HOUSE_PRICES@DF_HOUSE_PRICES(1.0),Analytical house prices indicators,I,IRL,Ireland,A,Annual,RPI,Rent prices,IX,Index,1966,,7.26700119112278,,A,Normal value,0,Units,S,"Seasonally adjusted, not calendar adjusted",1,One,2015,
DATAFLOW,OECD.ECO.MPD:DSD_AN_HOUSE_PRICES@DF_HOUSE_PRICES(1.0),Analytical house prices indicators,I,IRL,Ireland,A,Annual,RPI,Rent prices,IX,Index,1967,,6.67788478314865,,A,Normal value,0,Units,S,"Seasonally adjusted, not calendar adjusted",1,One,2015,
DATAFLOW,OECD.ECO.MPD:DSD_AN_HOUSE_PRICES@DF_HOUSE_PRICES(1.0),Analytical house prices indicators,I,IRL,Ireland,A,Annual,RPI,Rent prices,IX,Index,1968,,7.14113716215544,,A,Normal value,0,Units,S,"Seasonally adjusted, not calendar adjusted",1,One,2015,
DATAFLOW,OECD.ECO.MPD:DSD_AN_HOUSE_PRICES@DF_HOUSE_PRICES(1.0),Analytical house prices indicators,I,IRL,Ireland,A,Annual,RPI,Rent prices,IX,Index,1969,,7.90948246200279,,A,Normal value,0,Units,S,"Seasonally adjusted, not calendar adjusted",1,One,2015,
DATAFLOW,OECD.ECO.MPD:DSD_AN_HOUSE_PRICES@DF_HOUSE_PRICES(1.0),Analytical house prices indicators,I,IRL,Ireland,A,Annual,RPI,Rent prices,IX,Index,1970,,8.64982471134057,,A,Normal value,0,Units,S,"Seasonally adjusted, not calendar adjusted",1,One,2015,
DATAFLOW,OECD.ECO.MPD:DSD_AN_HOUSE_PRICES@DF_HOUSE_PRICES(1.0),Analytical house prices indicators,I,IRL,Ireland,A,Annual,RPI,Rent prices,IX,Index,1971,,9.5478815873419,,A,Normal value,0,Units,S,"Seasonally adjusted, not calendar adjusted",1,One,2015,
DATAFLOW,OECD.ECO.MPD:DSD_AN_HOUSE_PRICES@DF_HOUSE_PRICES(1.0),Analytical house prices indicators,I,IRL,Ireland,A,Annual,RPI,Rent prices,IX,Index,1972,,10.653453289877,,A,Normal value,0,Units,S,"Seasonally adjusted, not calendar adjusted",1,One,2015,
DATAFLOW,OECD.ECO.MPD:DSD_AN_HOUSE_PRICES@DF_HOUSE_PRICES(1.0),Analytical house prices indicators,I,IRL,Ireland,A,Annual,RPI,Rent prices,IX,Index,1973,,11.3902225009254,,A,Normal value,0,Units,S,"Seasonally adjusted, not calendar adjusted",1,One,2015,
DATAFLOW,OECD.ECO.MPD:DSD_AN_HOUSE_PRICES@DF_HOUSE_PRICES(1.0),Analytical house prices indicators,I,IRL,Ireland,A,Annual,RPI,Rent prices,IX,Index,1974,,12.3997765186529,,A,Normal value,0,Units,S,"Seasonally adjusted, not calendar adjusted",1,One,2015,
DATAFLOW,OECD.ECO.MPD:DSD_AN_HOUSE_PRICES@DF_HOUSE_PRICES(1.0),Analytical house prices indicators,I,IRL,Ireland,A,Annual,RPI,Rent prices,IX,Index,1975,,13.7786066621738,,A,Normal value,0,Units,S,"Seasonally adjusted, not calendar adjusted",1,One,2015,
DATAFLOW,OECD.ECO.MPD:DSD_AN_HOUSE_PRICES@DF_HOUSE_PRICES(1.0),Analytical house prices indicators,I,IRL,Ireland,A,Annual,RPI,Rent prices,IX,Index,1976,,15.7479728975482,,A,Normal value,0,Units,S,"Seasonally adjusted, not calendar adjusted",1,One,2015,
DATAFLOW,OECD.ECO.MPD:DSD_AN_HOUSE_PRICES@DF_HOUSE_PRICES(1.0),Analytical house prices indicators,I,IRL,Ireland,A,Annual,RPI,Rent prices,IX,Index,1977,,17.0613102941662,,A,Normal value,0,Units,S,"Seasonally adjusted, not calendar adjusted",1,One,2015,
DATAFLOW,OECD.ECO.MPD:DSD_AN_HOUSE_PRICES@DF_HOUSE_PRICES(1.0),Analytical house prices indicators,I,IRL,Ireland,A,Annual,RPI,Rent prices,IX,Index,1978,,15.2139819433464,,A,Normal value,0,Units,S,"Seasonally adjusted, not calendar adjusted",1,One,2015,
DATAFLOW,OECD.ECO.MPD:DSD_AN_HOUSE_PRICES@DF_HOUSE_PRICES(1.0),Analytical house prices indicators,I,IRL,Ireland,A,Annual,RPI,Rent prices,IX,Index,1979,,16.6187187503522,,A,Normal value,0,Units,S,"Seasonally adjusted, not calendar adjusted",1,One,2015,
DATAFLOW,OECD.ECO.MPD:DSD_AN_HOUSE_PRICES@DF_HOUSE_PRICES(1.0),Analytical house prices indicators,I,IRL,Ireland,A,Annual,RPI,Rent prices,IX,Index,1980,,19.8792021347778,,A,Normal value,0,Units,S,"Seasonally adjusted, not calendar adjusted",1,One,2015,
DATAFLOW,OECD.ECO.MPD:DSD_AN_HOUSE_PRICES@DF_HOUSE_PRICES(1.0),Analytical house prices indicators,I,IRL,Ireland,A,Annual,RPI,Rent prices,IX,Index,1981,,23.0170115143143,,A,Normal value,0,Units,S,"Seasonally adjusted, not calendar adjusted",1,One,2015,
DATAFLOW,OECD.ECO.MPD:DSD_AN_HOUSE_PRICES@DF_HOUSE_PRICES(1.0),Analytical house prices indicators,I,IRL,Ireland,A,Annual,RPI,Rent prices,IX,Index,1982,,26.8114890256116,,A,Normal value,0,Units,S,"Seasonally adjusted, not calendar adjusted",1,One,2015,
DATAFLOW,OECD.ECO.MPD:DSD_AN_HOUSE_PRICES@DF_HOUSE_PRICES(1.0),Analytical house prices indicators,I,IRL,Ireland,A,Annual,RPI,Rent prices,IX,Index,1983,,28.1645106317984,,A,Normal value,0,Units,S,"Seasonally adjusted, not calendar adjusted",1,One,2015,
DATAFLOW,OECD.ECO.MPD:DSD_AN_HOUSE_PRICES@DF_HOUSE_PRICES(1.0),Analytical house prices indicators,I,IRL,Ireland,A,Annual,RPI,Rent prices,IX,Index,1984,,30.8356757764111,,A,Normal value,0,Units,S,"Seasonally adjusted, not calendar adjusted",1,One,2015,
DATAFLOW,OECD.ECO.MPD:DSD_AN_HOUSE_PRICES@DF_HOUSE_PRICES(1.0),Analytical house prices indicators,I,IRL,Ireland,A,Annual,RPI,Rent prices,IX,Index,1985,,33.4455073178684,,A,Normal value,0,Units,S,"Seasonally adjusted, not calendar adjusted",1,One,2015,
DATAFLOW,OECD.ECO.MPD:DSD_AN_HOUSE_PRICES@DF_HOUSE_PRICES(1.0),Analytical house prices indicators,I,IRL,Ireland,A,Annual,RPI,Rent prices,IX,Index,1986,,34.976528174982,,A,Normal value,0,Units,S,"Seasonally adjusted, not calendar adjusted",1,One,2015,
DATAFLOW,OECD.ECO.MPD:DSD_AN_HOUSE_PRICES@DF_HOUSE_PRICES(1.0),Analytical house prices indicators,I,IRL,Ireland,A,Annual,RPI,Rent prices,IX,Index,1987,,38.5148311667535,,A,Normal value,0,Units,S,"Seasonally adjusted, not calendar adjusted",1,One,2015,
DATAFLOW,OECD.ECO.MPD:DSD_AN_HOUSE_PRICES@DF_HOUSE_PRICES(1.0),Analytical house prices indicators,I,IRL,Ireland,A,Annual,RPI,Rent prices,IX,Index,1988,,37.9038630801155,,A,Normal value,0,Units,S,"Seasonally adjusted, not calendar adjusted",1,One,2015,
DATAFLOW,OECD.ECO.MPD:DSD_AN_HOUSE_PRICES@DF_HOUSE_PRICES(1.0),Analytical house prices indicators,I,IRL,Ireland,A,Annual,RPI,Rent prices,IX,Index,1989,,40.9610950266262,,A,Normal value,0,Units,S,"Seasonally adjusted, not calendar adjusted",1,One,2015,
DATAFLOW,OECD.ECO.MPD:DSD_AN_HOUSE_PRICES@DF_HOUSE_PRICES(1.0),Analytical house prices indicators,I,IRL,Ireland,A,Annual,RPI,Rent prices,IX,Index,1990,,48.3405598074731,,A,Normal value,0,Units,S,"Seasonally adjusted, not calendar adjusted",1,One,2015,
DATAFLOW,OECD.ECO.MPD:DSD_AN_HOUSE_PRICES@DF_HOUSE_PRICES(1.0),Analytical house prices indicators,I,IRL,Ireland,A,Annual,RPI,Rent prices,IX,Index,1991,,50.7879000601553,,A,Normal value,0,Units,S,"Seasonally adjusted, not calendar adjusted",1,One,2015,
DATAFLOW,OECD.ECO.MPD:DSD_AN_HOUSE_PRICES@DF_HOUSE_PRICES(1.0),Analytical house prices indicators,I,IRL,Ireland,A,Annual,RPI,Rent prices,IX,Index,1992,,55.5254094017906,,A,Normal value,0,Units,S,"Seasonally adjusted, not calendar adjusted",1,One,2015,
DATAFLOW,OECD.ECO.MPD:DSD_AN_HOUSE_PRICES@DF_HOUSE_PRICES(1.0),Analytical house prices indicators,I,IRL,Ireland,A,Annual,RPI,Rent prices,IX,Index,1993,,52.2922263262596,,A,Normal value,0,Units,S,"Seasonally adjusted, not calendar adjusted",1,One,2015,
DATAFLOW,OECD.ECO.MPD:DSD_AN_HOUSE_PRICES@DF_HOUSE_PRICES(1.0),Analytical house prices indicators,I,IRL,Ireland,A,Annual,RPI,Rent prices,IX,Index,1994,,47.7118881483534,,A,Normal value,0,Units,S,"Seasonally adjusted, not calendar adjusted",1,One,2015,
DATAFLOW,OECD.ECO.MPD:DSD_AN_HOUSE_PRICES@DF_HOUSE_PRICES(1.0),Analytical house prices indicators,I,IRL,Ireland,A,Annual,RPI,Rent prices,IX,Index,1995,,50.8328048692402,,A,Normal value,0,Units,S,"Seasonally adjusted, not calendar adjusted",1,One,2015,
DATAFLOW,OECD.ECO.MPD:DSD_AN_HOUSE_PRICES@DF_HOUSE_PRICES(1.0),Analytical house prices indicators,I,IRL,Ireland,A,Annual,RPI,Rent prices,IX,Index,1996,,50.29394282829,,A,Normal value,0,Units,S,"Seasonally adjusted, not calendar adjusted",1,One,2015,
DATAFLOW,OECD.ECO.MPD:DSD_AN_HOUSE_PRICES@DF_HOUSE_PRICES(1.0),Analytical house prices indicators,I,IRL,Ireland,A,Annual,RPI,Rent prices,IX,Index,1997,,53.4223429620356,,A,Normal value,0,Units,S,"Seasonally adjusted, not calendar adjusted",1,One,2015,
DATAFLOW,OECD.ECO.MPD:DSD_AN_HOUSE_PRICES@DF_HOUSE_PRICES(1.0),Analytical house prices indicators,I,IRL,Ireland,A,Annual,RPI,Rent prices,IX,Index,1998,,57.0849153542458,,A,Normal value,0,Units,S,"Seasonally adjusted, not calendar adjusted",1,One,2015,
DATAFLOW,OECD.ECO.MPD:DSD_AN_HOUSE_PRICES@DF_HOUSE_PRICES(1.0),Analytical house prices indicators,I,IRL,Ireland,A,Annual,RPI,Rent prices,IX,Index,1999,,60.7084930354247,,A,Normal value,0,Units,S,"Seasonally adjusted, not calendar adjusted",1,One,2015,
DATAFLOW,OECD.ECO.MPD:DSD_AN_HOUSE_PRICES@DF_HOUSE_PRICES(1.0),Analytical house prices indicators,I,IRL,Ireland,A,Annual,RPI,Rent prices,IX,Index,2000,,67.3201733660087,,A,Normal value,0,Units,S,"Seasonally adjusted, not calendar adjusted",1,One,2015,
DATAFLOW,OECD.ECO.MPD:DSD_AN_HOUSE_PRICES@DF_HOUSE_PRICES(1.0),Analytical house prices indicators,I,IRL,Ireland,A,Annual,RPI,Rent prices,IX,Index,2001,,77.0281263514064,,A,Normal value,0,Units,S,"Seasonally adjusted, not calendar adjusted",1,One,2015,
DATAFLOW,OECD.ECO.MPD:DSD_AN_HOUSE_PRICES@DF_HOUSE_PRICES(1.0),Analytical house prices indicators,I,IRL,Ireland,A,Annual,RPI,Rent prices,IX,Index,2002,,80.9356465467824,,A,Normal value,0,Units,S,"Seasonally adjusted, not calendar adjusted",1,One,2015,
DATAFLOW,OECD.ECO.MPD:DSD_AN_HOUSE_PRICES@DF_HOUSE_PRICES(1.0),Analytical house prices indicators,I,IRL,Ireland,A,Annual,RPI,Rent prices,IX,Index,2003,,80.3001665150084,,A,Normal value,0,Units,S,"Seasonally adjusted, not calendar adjusted",1,One,2015,
DATAFLOW,OECD.ECO.MPD:DSD_AN_HOUSE_PRICES@DF_HOUSE_PRICES(1.0),Analytical house prices indicators,I,IRL,Ireland,A,Annual,RPI,Rent prices,IX,Index,2004,,78.515418925771,,A,Normal value,0,Units,S,"Seasonally adjusted, not calendar adjusted",1,One,2015,
DATAFLOW,OECD.ECO.MPD:DSD_AN_HOUSE_PRICES@DF_HOUSE_PRICES(1.0),Analytical house prices indicators,I,IRL,Ireland,A,Annual,RPI,Rent prices,IX,Index,2005,,80.0297515014877,,A,Normal value,0,Units,S,"Seasonally adjusted, not calendar adjusted",1,One,2015,
DATAFLOW,OECD.ECO.MPD:DSD_AN_HOUSE_PRICES@DF_HOUSE_PRICES(1.0),Analytical house prices indicators,I,IRL,Ireland,A,Annual,RPI,Rent prices,IX,Index,2006,,84.7079517353976,,A,Normal value,0,Units,S,"Seasonally adjusted, not calendar adjusted",1,One,2015,
DATAFLOW,OECD.ECO.MPD:DSD_AN_HOUSE_PRICES@DF_HOUSE_PRICES(1.0),Analytical house prices indicators,I,IRL,Ireland,A,Annual,RPI,Rent prices,IX,Index,2007,,93.6452196822611,,A,Normal value,0,Units,S,"Seasonally adjusted, not calendar adjusted",1,One,2015,
DATAFLOW,OECD.ECO.MPD:DSD_AN_HOUSE_PRICES@DF_HOUSE_PRICES(1.0),Analytical house prices indicators,I,IRL,Ireland,A,Annual,RPI,Rent prices,IX,Index,2008,,98.1476474073826,,A,Normal value,0,Units,S,"Seasonally adjusted, not calendar adjusted",1,One,2015,
DATAFLOW,OECD.ECO.MPD:DSD_AN_HOUSE_PRICES@DF_HOUSE_PRICES(1.0),Analytical house prices indicators,I,IRL,Ireland,A,Annual,RPI,Rent prices,IX,Index,2009,,84.2212067110604,,A,Normal value,0,Units,S,"Seasonally adjusted, not calendar adjusted",1,One,2015,
DATAFLOW,OECD.ECO.MPD:DSD_AN_HOUSE_PRICES@DF_HOUSE_PRICES(1.0),Analytical house prices indicators,I,IRL,Ireland,A,Annual,RPI,Rent prices,IX,Index,2010,,79.7458139872908,,A,Normal value,0,Units,S,"Seasonally adjusted, not calendar adjusted",1,One,2015,
DATAFLOW,OECD.ECO.MPD:DSD_AN_HOUSE_PRICES@DF_HOUSE_PRICES(1.0),Analytical house prices indicators,I,IRL,Ireland,A,Annual,RPI,Rent prices,IX,Index,2011,,79.7728564886429,,A,Normal value,0,Units,S,"Seasonally adjusted, not calendar adjusted",1,One,2015,
DATAFLOW,OECD.ECO.MPD:DSD_AN_HOUSE_PRICES@DF_HOUSE_PRICES(1.0),Analytical house prices indicators,I,IRL,Ireland,A,Annual,RPI,Rent prices,IX,Index,2012,,81.0843740542188,,A,Normal value,0,Units,S,"Seasonally adjusted, not calendar adjusted",1,One,2015,
DATAFLOW,OECD.ECO.MPD:DSD_AN_HOUSE_PRICES@DF_HOUSE_PRICES(1.0),Analytical house prices indicators,I,IRL,Ireland,A,Annual,RPI,Rent prices,IX,Index,2013,,85.5192017759601,,A,Normal value,0,Units,S,"Seasonally adjusted, not calendar adjusted",1,One,2015,
DATAFLOW,OECD.ECO.MPD:DSD_AN_HOUSE_PRICES@DF_HOUSE_PRICES(1.0),Analytical house prices indicators,I,IRL,Ireland,A,Annual,RPI,Rent prices,IX,Index,2014,,92.4689071234454,,A,Normal value,0,Units,S,"Seasonally adjusted, not calendar adjusted",1,One,2015,
DATAFLOW,OECD.ECO.MPD:DSD_AN_HOUSE_PRICES@DF_HOUSE_PRICES(1.0),Analytical house prices indicators,I,IRL,Ireland,A,Annual,RPI,Rent prices,IX,Index,2015,,100,,A,Normal value,0,Units,S,"Seasonally adjusted, not calendar adjusted",1,One,2015,
DATAFLOW,OECD.ECO.MPD:DSD_AN_HOUSE_PRICES@DF_HOUSE_PRICES(1.0),Analytical house prices indicators,I,IRL,Ireland,A,Annual,RPI,Rent prices,IX,Index,2016,,108.693880434694,,A,Normal value,0,Units,S,"Seasonally adjusted, not calendar adjusted",1,One,2015,
DATAFLOW,OECD.ECO.MPD:DSD_AN_HOUSE_PRICES@DF_HOUSE_PRICES(1.0),Analytical house prices indicators,I,IRL,Ireland,A,Annual,RPI,Rent prices,IX,Index,2017,,115.941080797054,,A,Normal value,0,Units,S,"Seasonally adjusted, not calendar adjusted",1,One,2015,
DATAFLOW,OECD.ECO.MPD:DSD_AN_HOUSE_PRICES@DF_HOUSE_PRICES(1.0),Analytical house prices indicators,I,IRL,Ireland,A,Annual,RPI,Rent prices,IX,Index,2018,,123.363981168199,,A,Normal value,0,Units,S,"Seasonally adjusted, not calendar adjusted",1,One,2015,
DATAFLOW,OECD.ECO.MPD:DSD_AN_HOUSE_PRICES@DF_HOUSE_PRICES(1.0),Analytical house prices indicators,I,IRL,Ireland,A,Annual,RPI,Rent prices,IX,Index,2019,,129.908081495404,,A,Normal value,0,Units,S,"Seasonally adjusted, not calendar adjusted",1,One,2015,
DATAFLOW,OECD.ECO.MPD:DSD_AN_HOUSE_PRICES@DF_HOUSE_PRICES(1.0),Analytical house prices indicators,I,IRL,Ireland,A,Annual,RPI,Rent prices,IX,Index,2020,,130.137931506897,,A,Normal value,0,Units,S,"Seasonally adjusted, not calendar adjusted",1,One,2015,
DATAFLOW,OECD.ECO.MPD:DSD_AN_HOUSE_PRICES@DF_HOUSE_PRICES(1.0),Analytical house prices indicators,I,IRL,Ireland,A,Annual,RPI,Rent prices,IX,Index,2021,,133.761506688075,,A,Normal value,0,Units,S,"Seasonally adjusted, not calendar adjusted",1,One,2015,
DATAFLOW,OECD.ECO.MPD:DSD_AN_HOUSE_PRICES@DF_HOUSE_PRICES(1.0),Analytical house prices indicators,I,IRL,Ireland,A,Annual,RPI,Rent prices,IX,Index,2022,,146.849632342482,,A,Normal value,0,Units,S,"Seasonally adjusted, not calendar adjusted",1,One,2015,
DATAFLOW,OECD.ECO.MPD:DSD_AN_HOUSE_PRICES@DF_HOUSE_PRICES(1.0),Analytical house prices indicators,I,IRL,Ireland,A,Annual,RPI,Rent prices,IX,Index,2023,,157.72040788602,,A,Normal value,0,Units,S,"Seasonally adjusted, not calendar adjusted",1,One,2015,
DATAFLOW,OECD.ECO.MPD:DSD_AN_HOUSE_PRICES@DF_HOUSE_PRICES(1.0),Analytical house prices indicators,I,IRL,Ireland,A,Annual,RPI,Rent prices,IX,Index,2024,,166.035708301786,,A,Normal value,0,Units,S,"Seasonally adjusted, not calendar adjusted",1,One,2015,
DATAFLOW,OECD.ECO.MPD:DSD_AN_HOUSE_PRICES@DF_HOUSE_PRICES(1.0),Analytical house prices indicators,I,IRL,Ireland,A,Annual,RPI,Rent prices,IX,Index,2025,,173.607358680125,,A,Normal value,0,Units,S,"Seasonally adjusted, not calendar adjusted",1,One,2015,
DATAFLOW,OECD.ECO.MPD:DSD_AN_HOUSE_PRICES@DF_HOUSE_PRICES(1.0),Analytical house prices indicators,I,ISR,Israel,A,Annual,RPI,Rent prices,IX,Index,1970,,0.000639479443698191,,A,Normal value,0,Units,S,"Seasonally adjusted, not calendar adjusted",1,One,2015,
DATAFLOW,OECD.ECO.MPD:DSD_AN_HOUSE_PRICES@DF_HOUSE_PRICES(1.0),Analytical house prices indicators,I,ISR,Israel,A,Annual,RPI,Rent prices,IX,Index,1971,,0.000724659354068896,,A,Normal value,0,Units,S,"Seasonally adjusted, not calendar adjusted",1,One,2015,
DATAFLOW,OECD.ECO.MPD:DSD_AN_HOUSE_PRICES@DF_HOUSE_PRICES(1.0),Analytical house prices indicators,I,ISR,Israel,A,Annual,RPI,Rent prices,IX,Index,1972,,0.000876356734775342,,A,Normal value,0,Units,S,"Seasonally adjusted, not calendar adjusted",1,One,2015,
DATAFLOW,OECD.ECO.MPD:DSD_AN_HOUSE_PRICES@DF_HOUSE_PRICES(1.0),Analytical house prices indicators,I,ISR,Israel,A,Annual,RPI,Rent prices,IX,Index,1973,,0.00115357895910527,,A,Normal value,0,Units,S,"Seasonally adjusted, not calendar adjusted",1,One,2015,
DATAFLOW,OECD.ECO.MPD:DSD_AN_HOUSE_PRICES@DF_HOUSE_PRICES(1.0),Analytical house prices indicators,I,ISR,Israel,A,Annual,RPI,Rent prices,IX,Index,1974,,0.0016594559665191,,A,Normal value,0,Units,S,"Seasonally adjusted, not calendar adjusted",1,One,2015,
DATAFLOW,OECD.ECO.MPD:DSD_AN_HOUSE_PRICES@DF_HOUSE_PRICES(1.0),Analytical house prices indicators,I,ISR,Israel,A,Annual,RPI,Rent prices,IX,Index,1975,,0.00218805608175617,,A,Normal value,0,Units,S,"Seasonally adjusted, not calendar adjusted",1,One,2015,
DATAFLOW,OECD.ECO.MPD:DSD_AN_HOUSE_PRICES@DF_HOUSE_PRICES(1.0),Analytical house prices indicators,I,ISR,Israel,A,Annual,RPI,Rent prices,IX,Index,1976,,0.00272568209465392,,A,Normal value,0,Units,S,"Seasonally adjusted, not calendar adjusted",1,One,2015,
DATAFLOW,OECD.ECO.MPD:DSD_AN_HOUSE_PRICES@DF_HOUSE_PRICES(1.0),Analytical house prices indicators,I,ISR,Israel,A,Annual,RPI,Rent prices,IX,Index,1977,,0.00334827253398148,,A,Normal value,0,Units,S,"Seasonally adjusted, not calendar adjusted",1,One,2015,
DATAFLOW,OECD.ECO.MPD:DSD_AN_HOUSE_PRICES@DF_HOUSE_PRICES(1.0),Analytical house prices indicators,I,ISR,Israel,A,Annual,RPI,Rent prices,IX,Index,1978,,0.00493779876226349,,A,Normal value,0,Units,S,"Seasonally adjusted, not calendar adjusted",1,One,2015,
DATAFLOW,OECD.ECO.MPD:DSD_AN_HOUSE_PRICES@DF_HOUSE_PRICES(1.0),Analytical house prices indicators,I,ISR,Israel,A,Annual,RPI,Rent prices,IX,Index,1979,,0.0107255570905388,,A,Normal value,0,Units,S,"Seasonally adjusted, not calendar adjusted",1,One,2015,
DATAFLOW,OECD.ECO.MPD:DSD_AN_HOUSE_PRICES@DF_HOUSE_PRICES(1.0),Analytical house prices indicators,I,ISR,Israel,A,Annual,RPI,Rent prices,IX,Index,1980,,0.02347447394527,,A,Normal value,0,Units,S,"Seasonally adjusted, not calendar adjusted",1,One,2015,
DATAFLOW,OECD.ECO.MPD:DSD_AN_HOUSE_PRICES@DF_HOUSE_PRICES(1.0),Analytical house prices indicators,I,ISR,Israel,A,Annual,RPI,Rent prices,IX,Index,1981,,0.0539756449789184,,A,Normal value,0,Units,S,"Seasonally adjusted, not calendar adjusted",1,One,2015,
DATAFLOW,OECD.ECO.MPD:DSD_AN_HOUSE_PRICES@DF_HOUSE_PRICES(1.0),Analytical house prices indicators,I,ISR,Israel,A,Annual,RPI,Rent prices,IX,Index,1982,,0.126151856840581,,A,Normal value,0,Units,S,"Seasonally adjusted, not calendar adjusted",1,One,2015,
DATAFLOW,OECD.ECO.MPD:DSD_AN_HOUSE_PRICES@DF_HOUSE_PRICES(1.0),Analytical house prices indicators,I,ISR,Israel,A,Annual,RPI,Rent prices,IX,Index,1983,,0.310762913387185,,A,Normal value,0,Units,S,"Seasonally adjusted, not calendar adjusted",1,One,2015,
DATAFLOW,OECD.ECO.MPD:DSD_AN_HOUSE_PRICES@DF_HOUSE_PRICES(1.0),Analytical house prices indicators,I,ISR,Israel,A,Annual,RPI,Rent prices,IX,Index,1984,,1.55608794694033,,A,Normal value,0,Units,S,"Seasonally adjusted, not calendar adjusted",1,One,2015,
DATAFLOW,OECD.ECO.MPD:DSD_AN_HOUSE_PRICES@DF_HOUSE_PRICES(1.0),Analytical house prices indicators,I,ISR,Israel,A,Annual,RPI,Rent prices,IX,Index,1985,,5.42880411427989,,A,Normal value,0,Units,S,"Seasonally adjusted, not calendar adjusted",1,One,2015,
DATAFLOW,OECD.ECO.MPD:DSD_AN_HOUSE_PRICES@DF_HOUSE_PRICES(1.0),Analytical house prices indicators,I,ISR,Israel,A,Annual,RPI,Rent prices,IX,Index,1986,,7.883479552913,,A,Normal value,0,Units,S,"Seasonally adjusted, not calendar adjusted",1,One,2015,
DATAFLOW,OECD.ECO.MPD:DSD_AN_HOUSE_PRICES@DF_HOUSE_PRICES(1.0),Analytical house prices indicators,I,ISR,Israel,A,Annual,RPI,Rent prices,IX,Index,1987,,10.8576097285597,,A,Normal value,0,Units,S,"Seasonally adjusted, not calendar adjusted",1,One,2015,
DATAFLOW,OECD.ECO.MPD:DSD_AN_HOUSE_PRICES@DF_HOUSE_PRICES(1.0),Analytical house prices indicators,I,ISR,Israel,A,Annual,RPI,Rent prices,IX,Index,1988,,14.4428571389285,,A,Normal value,0,Units,S,"Seasonally adjusted, not calendar adjusted",1,One,2015,
DATAFLOW,OECD.ECO.MPD:DSD_AN_HOUSE_PRICES@DF_HOUSE_PRICES(1.0),Analytical house prices indicators,I,ISR,Israel,A,Annual,RPI,Rent prices,IX,Index,1989,,19.861477003463,,A,Normal value,0,Units,S,"Seasonally adjusted, not calendar adjusted",1,One,2015,
DATAFLOW,OECD.ECO.MPD:DSD_AN_HOUSE_PRICES@DF_HOUSE_PRICES(1.0),Analytical house prices indicators,I,ISR,Israel,A,Annual,RPI,Rent prices,IX,Index,1990,,23.8847019028824,,A,Normal value,0,Units,S,"Seasonally adjusted, not calendar adjusted",1,One,2015,
DATAFLOW,OECD.ECO.MPD:DSD_AN_HOUSE_PRICES@DF_HOUSE_PRICES(1.0),Analytical house prices indicators,I,ISR,Israel,A,Annual,RPI,Rent prices,IX,Index,1991,,32.6033816849154,,A,Normal value,0,Units,S,"Seasonally adjusted, not calendar adjusted",1,One,2015,
DATAFLOW,OECD.ECO.MPD:DSD_AN_HOUSE_PRICES@DF_HOUSE_PRICES(1.0),Analytical house prices indicators,I,ISR,Israel,A,Annual,RPI,Rent prices,IX,Index,1992,,38.6025665349357,,A,Normal value,0,Units,S,"Seasonally adjusted, not calendar adjusted",1,One,2015,
DATAFLOW,OECD.ECO.MPD:DSD_AN_HOUSE_PRICES@DF_HOUSE_PRICES(1.0),Analytical house prices indicators,I,ISR,Israel,A,Annual,RPI,Rent prices,IX,Index,1993,,44.9276813768079,,A,Normal value,0,Units,S,"Seasonally adjusted, not calendar adjusted",1,One,2015,
DATAFLOW,OECD.ECO.MPD:DSD_AN_HOUSE_PRICES@DF_HOUSE_PRICES(1.0),Analytical house prices indicators,I,ISR,Israel,A,Annual,RPI,Rent prices,IX,Index,1994,,48.6860862828478,,A,Normal value,0,Units,S,"Seasonally adjusted, not calendar adjusted",1,One,2015,
DATAFLOW,OECD.ECO.MPD:DSD_AN_HOUSE_PRICES@DF_HOUSE_PRICES(1.0),Analytical house prices indicators,I,ISR,Israel,A,Annual,RPI,Rent prices,IX,Index,1995,,50.6926037326848,,A,Normal value,0,Units,S,"Seasonally adjusted, not calendar adjusted",1,One,2015,
DATAFLOW,OECD.ECO.MPD:DSD_AN_HOUSE_PRICES@DF_HOUSE_PRICES(1.0),Analytical house prices indicators,I,ISR,Israel,A,Annual,RPI,Rent prices,IX,Index,1996,,56.2843735928906,,A,Normal value,0,Units,S,"Seasonally adjusted, not calendar adjusted",1,One,2015,
DATAFLOW,OECD.ECO.MPD:DSD_AN_HOUSE_PRICES@DF_HOUSE_PRICES(1.0),Analytical house prices indicators,I,ISR,Israel,A,Annual,RPI,Rent prices,IX,Index,1997,,63.0372784240679,,A,Normal value,0,Units,S,"Seasonally adjusted, not calendar adjusted",1,One,2015,
DATAFLOW,OECD.ECO.MPD:DSD_AN_HOUSE_PRICES@DF_HOUSE_PRICES(1.0),Analytical house prices indicators,I,ISR,Israel,A,Annual,RPI,Rent prices,IX,Index,1998,,69.6985107575371,,A,Normal value,0,Units,S,"Seasonally adjusted, not calendar adjusted",1,One,2015,
DATAFLOW,OECD.ECO.MPD:DSD_AN_HOUSE_PRICES@DF_HOUSE_PRICES(1.0),Analytical house prices indicators,I,ISR,Israel,A,Annual,RPI,Rent prices,IX,Index,1999,,75.5143581121409,,A,Normal value,0,Units,S,"Seasonally adjusted, not calendar adjusted",1,One,2015,
DATAFLOW,OECD.ECO.MPD:DSD_AN_HOUSE_PRICES@DF_HOUSE_PRICES(1.0),Analytical house prices indicators,I,ISR,Israel,A,Annual,RPI,Rent prices,IX,Index,2000,,74.0884081477897,,A,Normal value,0,Units,S,"Seasonally adjusted, not calendar adjusted",1,One,2015,
DATAFLOW,OECD.ECO.MPD:DSD_AN_HOUSE_PRICES@DF_HOUSE_PRICES(1.0),Analytical house prices indicators,I,ISR,Israel,A,Annual,RPI,Rent prices,IX,Index,2001,,76.6551205836218,,A,Normal value,0,Units,S,"Seasonally adjusted, not calendar adjusted",1,One,2015,
DATAFLOW,OECD.ECO.MPD:DSD_AN_HOUSE_PRICES@DF_HOUSE_PRICES(1.0),Analytical house prices indicators,I,ISR,Israel,A,Annual,RPI,Rent prices,IX,Index,2002,,85.4552828636178,,A,Normal value,0,Units,S,"Seasonally adjusted, not calendar adjusted",1,One,2015,
DATAFLOW,OECD.ECO.MPD:DSD_AN_HOUSE_PRICES@DF_HOUSE_PRICES(1.0),Analytical house prices indicators,I,ISR,Israel,A,Annual,RPI,Rent prices,IX,Index,2003,,82.4913379377164,,A,Normal value,0,Units,S,"Seasonally adjusted, not calendar adjusted",1,One,2015,
DATAFLOW,OECD.ECO.MPD:DSD_AN_HOUSE_PRICES@DF_HOUSE_PRICES(1.0),Analytical house prices indicators,I,ISR,Israel,A,Annual,RPI,Rent prices,IX,Index,2004,,80.8718679782032,,A,Normal value,0,Units,S,"Seasonally adjusted, not calendar adjusted",1,One,2015,
DATAFLOW,OECD.ECO.MPD:DSD_AN_HOUSE_PRICES@DF_HOUSE_PRICES(1.0),Analytical house prices indicators,I,ISR,Israel,A,Annual,RPI,Rent prices,IX,Index,2005,,79.7107330072315,,A,Normal value,0,Units,S,"Seasonally adjusted, not calendar adjusted",1,One,2015,
DATAFLOW,OECD.ECO.MPD:DSD_AN_HOUSE_PRICES@DF_HOUSE_PRICES(1.0),Analytical house prices indicators,I,ISR,Israel,A,Annual,RPI,Rent prices,IX,Index,2006,,80.250555493736,,A,Normal value,0,Units,S,"Seasonally adjusted, not calendar adjusted",1,One,2015,
DATAFLOW,OECD.ECO.MPD:DSD_AN_HOUSE_PRICES@DF_HOUSE_PRICES(1.0),Analytical house prices indicators,I,ISR,Israel,A,Annual,RPI,Rent prices,IX,Index,2007,,76.492155587696,,A,Normal value,0,Units,S,"Seasonally adjusted, not calendar adjusted",1,One,2015,
DATAFLOW,OECD.ECO.MPD:DSD_AN_HOUSE_PRICES@DF_HOUSE_PRICES(1.0),Analytical house prices indicators,I,ISR,Israel,A,Annual,RPI,Rent prices,IX,Index,2008,,75.3004656174882,,A,Normal value,0,Units,S,"Seasonally adjusted, not calendar adjusted",1,One,2015,
DATAFLOW,OECD.ECO.MPD:DSD_AN_HOUSE_PRICES@DF_HOUSE_PRICES(1.0),Analytical house prices indicators,I,ISR,Israel,A,Annual,RPI,Rent prices,IX,Index,2009,,84.1821103954471,,A,Normal value,0,Units,S,"Seasonally adjusted, not calendar adjusted",1,One,2015,
DATAFLOW,OECD.ECO.MPD:DSD_AN_HOUSE_PRICES@DF_HOUSE_PRICES(1.0),Analytical house prices indicators,I,ISR,Israel,A,Annual,RPI,Rent prices,IX,Index,2010,,87.5432878114177,,A,Normal value,0,Units,S,"Seasonally adjusted, not calendar adjusted",1,One,2015,
DATAFLOW,OECD.ECO.MPD:DSD_AN_HOUSE_PRICES@DF_HOUSE_PRICES(1.0),Analytical house prices indicators,I,ISR,Israel,A,Annual,RPI,Rent prices,IX,Index,2011,,91.1387252215317,,A,Normal value,0,Units,S,"Seasonally adjusted, not calendar adjusted",1,One,2015,
DATAFLOW,OECD.ECO.MPD:DSD_AN_HOUSE_PRICES@DF_HOUSE_PRICES(1.0),Analytical house prices indicators,I,ISR,Israel,A,Annual,RPI,Rent prices,IX,Index,2012,,94.4693376382664,,A,Normal value,0,Units,S,"Seasonally adjusted, not calendar adjusted",1,One,2015,
DATAFLOW,OECD.ECO.MPD:DSD_AN_HOUSE_PRICES@DF_HOUSE_PRICES(1.0),Analytical house prices indicators,I,ISR,Israel,A,Annual,RPI,Rent prices,IX,Index,2013,,96.5879000853023,,A,Normal value,0,Units,S,"Seasonally adjusted, not calendar adjusted",1,One,2015,
DATAFLOW,OECD.ECO.MPD:DSD_AN_HOUSE_PRICES@DF_HOUSE_PRICES(1.0),Analytical house prices indicators,I,ISR,Israel,A,Annual,RPI,Rent prices,IX,Index,2014,,98.4518200387043,,A,Normal value,0,Units,S,"Seasonally adjusted, not calendar adjusted",1,One,2015,
DATAFLOW,OECD.ECO.MPD:DSD_AN_HOUSE_PRICES@DF_HOUSE_PRICES(1.0),Analytical house prices indicators,I,ISR,Israel,A,Annual,RPI,Rent prices,IX,Index,2015,,100,,A,Normal value,0,Units,S,"Seasonally adjusted, not calendar adjusted",1,One,2015,
DATAFLOW,OECD.ECO.MPD:DSD_AN_HOUSE_PRICES@DF_HOUSE_PRICES(1.0),Analytical house prices indicators,I,ISR,Israel,A,Annual,RPI,Rent prices,IX,Index,2016,,101.324122466897,,A,Normal value,0,Units,S,"Seasonally adjusted, not calendar adjusted",1,One,2015,
DATAFLOW,OECD.ECO.MPD:DSD_AN_HOUSE_PRICES@DF_HOUSE_PRICES(1.0),Analytical house prices indicators,I,ISR,Israel,A,Annual,RPI,Rent prices,IX,Index,2017,,102.872272428193,,A,Normal value,0,Units,S,"Seasonally adjusted, not calendar adjusted",1,One,2015,
DATAFLOW,OECD.ECO.MPD:DSD_AN_HOUSE_PRICES@DF_HOUSE_PRICES(1.0),Analytical house prices indicators,I,ISR,Israel,A,Annual,RPI,Rent prices,IX,Index,2018,,104.440822388979,,A,Normal value,0,Units,S,"Seasonally adjusted, not calendar adjusted",1,One,2015,
DATAFLOW,OECD.ECO.MPD:DSD_AN_HOUSE_PRICES@DF_HOUSE_PRICES(1.0),Analytical house prices indicators,I,ISR,Israel,A,Annual,RPI,Rent prices,IX,Index,2019,,105.938072351548,,A,Normal value,0,Units,S,"Seasonally adjusted, not calendar adjusted",1,One,2015,
DATAFLOW,OECD.ECO.MPD:DSD_AN_HOUSE_PRICES@DF_HOUSE_PRICES(1.0),Analytical house prices indicators,I,ISR,Israel,A,Annual,RPI,Rent prices,IX,Index,2020,,107.05842232354,,A,Normal value,0,Units,S,"Seasonally adjusted, not calendar adjusted",1,One,2015,
DATAFLOW,OECD.ECO.MPD:DSD_AN_HOUSE_PRICES@DF_HOUSE_PRICES(1.0),Analytical house prices indicators,I,ISR,Israel,A,Annual,RPI,Rent prices,IX,Index,2021,,107.914022302149,,A,Normal value,0,Units,S,"Seasonally adjusted, not calendar adjusted",1,One,2015,
DATAFLOW,OECD.ECO.MPD:DSD_AN_HOUSE_PRICES@DF_HOUSE_PRICES(1.0),Analytical house prices indicators,I,ISR,Israel,A,Annual,RPI,Rent prices,IX,Index,2022,,110.694647232634,,A,Normal value,0,Units,S,"Seasonally adjusted, not calendar adjusted",1,One,2015,
DATAFLOW,OECD.ECO.MPD:DSD_AN_HOUSE_PRICES@DF_HOUSE_PRICES(1.0),Analytical house prices indicators,I,ISR,Israel,A,Annual,RPI,Rent prices,IX,Index,2023,,117.192897070177,,A,Normal value,0,Units,S,"Seasonally adjusted, not calendar adjusted",1,One,2015,
DATAFLOW,OECD.ECO.MPD:DSD_AN_HOUSE_PRICES@DF_HOUSE_PRICES(1.0),Analytical house prices indicators,I,ISR,Israel,A,Annual,RPI,Rent prices,IX,Index,2024,,122.224471944388,,A,Normal value,0,Units,S,"Seasonally adjusted, not calendar adjusted",1,One,2015,
DATAFLOW,OECD.ECO.MPD:DSD_AN_HOUSE_PRICES@DF_HOUSE_PRICES(1.0),Analytical house prices indicators,I,ISR,Israel,A,Annual,RPI,Rent prices,IX,Index,2025,,126.349571841285,,A,Normal value,0,Units,S,"Seasonally adjusted, not calendar adjusted",1,One,2015,
DATAFLOW,OECD.ECO.MPD:DSD_AN_HOUSE_PRICES@DF_HOUSE_PRICES(1.0),Analytical house prices indicators,I,ITA,Italy,A,Annual,RPI,Rent prices,IX,Index,1960,,3.0412852860756,,A,Normal value,0,Units,S,"Seasonally adjusted, not calendar adjusted",1,One,2015,
DATAFLOW,OECD.ECO.MPD:DSD_AN_HOUSE_PRICES@DF_HOUSE_PRICES(1.0),Analytical house prices indicators,I,ITA,Italy,A,Annual,RPI,Rent prices,IX,Index,1961,,3.32978832891334,,A,Normal value,0,Units,S,"Seasonally adjusted, not calendar adjusted",1,One,2015,
DATAFLOW,OECD.ECO.MPD:DSD_AN_HOUSE_PRICES@DF_HOUSE_PRICES(1.0),Analytical house prices indicators,I,ITA,Italy,A,Annual,RPI,Rent prices,IX,Index,1962,,3.64660389050097,,A,Normal value,0,Units,S,"Seasonally adjusted, not calendar adjusted",1,One,2015,
DATAFLOW,OECD.ECO.MPD:DSD_AN_HOUSE_PRICES@DF_HOUSE_PRICES(1.0),Analytical house prices indicators,I,ITA,Italy,A,Annual,RPI,Rent prices,IX,Index,1963,,4.00547286176424,,A,Normal value,0,Units,S,"Seasonally adjusted, not calendar adjusted",1,One,2015,
DATAFLOW,OECD.ECO.MPD:DSD_AN_HOUSE_PRICES@DF_HOUSE_PRICES(1.0),Analytical house prices indicators,I,ITA,Italy,A,Annual,RPI,Rent prices,IX,Index,1964,,4.32588216537103,,A,Normal value,0,Units,S,"Seasonally adjusted, not calendar adjusted",1,One,2015,
DATAFLOW,OECD.ECO.MPD:DSD_AN_HOUSE_PRICES@DF_HOUSE_PRICES(1.0),Analytical house prices indicators,I,ITA,Italy,A,Annual,RPI,Rent prices,IX,Index,1965,,4.49289628111783,,A,Normal value,0,Units,S,"Seasonally adjusted, not calendar adjusted",1,One,2015,
DATAFLOW,OECD.ECO.MPD:DSD_AN_HOUSE_PRICES@DF_HOUSE_PRICES(1.0),Analytical house prices indicators,I,ITA,Italy,A,Annual,RPI,Rent prices,IX,Index,1966,,4.66517052958343,,A,Normal value,0,Units,S,"Seasonally adjusted, not calendar adjusted",1,One,2015,
DATAFLOW,OECD.ECO.MPD:DSD_AN_HOUSE_PRICES@DF_HOUSE_PRICES(1.0),Analytical house prices indicators,I,ITA,Italy,A,Annual,RPI,Rent prices,IX,Index,1967,,4.85097089782506,,A,Normal value,0,Units,S,"Seasonally adjusted, not calendar adjusted",1,One,2015,
DATAFLOW,OECD.ECO.MPD:DSD_AN_HOUSE_PRICES@DF_HOUSE_PRICES(1.0),Analytical house prices indicators,I,ITA,Italy,A,Annual,RPI,Rent prices,IX,Index,1968,,5.05443178964811,,A,Normal value,0,Units,S,"Seasonally adjusted, not calendar adjusted",1,One,2015,
DATAFLOW,OECD.ECO.MPD:DSD_AN_HOUSE_PRICES@DF_HOUSE_PRICES(1.0),Analytical house prices indicators,I,ITA,Italy,A,Annual,RPI,Rent prices,IX,Index,1969,,5.27605490195408,,A,Normal value,0,Units,S,"Seasonally adjusted, not calendar adjusted",1,One,2015,
DATAFLOW,OECD.ECO.MPD:DSD_AN_HOUSE_PRICES@DF_HOUSE_PRICES(1.0),Analytical house prices indicators,I,ITA,Italy,A,Annual,RPI,Rent prices,IX,Index,1970,,5.58598831633538,,A,Normal value,0,Units,S,"Seasonally adjusted, not calendar adjusted",1,One,2015,
DATAFLOW,OECD.ECO.MPD:DSD_AN_HOUSE_PRICES@DF_HOUSE_PRICES(1.0),Analytical house prices indicators,I,ITA,Italy,A,Annual,RPI,Rent prices,IX,Index,1971,,5.7897359983252,,A,Normal value,0,Units,S,"Seasonally adjusted, not calendar adjusted",1,One,2015,
DATAFLOW,OECD.ECO.MPD:DSD_AN_HOUSE_PRICES@DF_HOUSE_PRICES(1.0),Analytical house prices indicators,I,ITA,Italy,A,Annual,RPI,Rent prices,IX,Index,1972,,6.02987008976975,,A,Normal value,0,Units,S,"Seasonally adjusted, not calendar adjusted",1,One,2015,
DATAFLOW,OECD.ECO.MPD:DSD_AN_HOUSE_PRICES@DF_HOUSE_PRICES(1.0),Analytical house prices indicators,I,ITA,Italy,A,Annual,RPI,Rent prices,IX,Index,1973,,6.46073624966365,,A,Normal value,0,Units,S,"Seasonally adjusted, not calendar adjusted",1,One,2015,
DATAFLOW,OECD.ECO.MPD:DSD_AN_HOUSE_PRICES@DF_HOUSE_PRICES(1.0),Analytical house prices indicators,I,ITA,Italy,A,Annual,RPI,Rent prices,IX,Index,1974,,6.822658251768,,A,Normal value,0,Units,S,"Seasonally adjusted, not calendar adjusted",1,One,2015,
DATAFLOW,OECD.ECO.MPD:DSD_AN_HOUSE_PRICES@DF_HOUSE_PRICES(1.0),Analytical house prices indicators,I,ITA,Italy,A,Annual,RPI,Rent prices,IX,Index,1975,,7.77698190472024,,A,Normal value,0,Units,S,"Seasonally adjusted, not calendar adjusted",1,One,2015,
DATAFLOW,OECD.ECO.MPD:DSD_AN_HOUSE_PRICES@DF_HOUSE_PRICES(1.0),Analytical house prices indicators,I,ITA,Italy,A,Annual,RPI,Rent prices,IX,Index,1976,,8.72385347506798,,A,Normal value,0,Units,S,"Seasonally adjusted, not calendar adjusted",1,One,2015,
DATAFLOW,OECD.ECO.MPD:DSD_AN_HOUSE_PRICES@DF_HOUSE_PRICES(1.0),Analytical house prices indicators,I,ITA,Italy,A,Annual,RPI,Rent prices,IX,Index,1977,,9.24863957252893,,A,Normal value,0,Units,S,"Seasonally adjusted, not calendar adjusted",1,One,2015,
DATAFLOW,OECD.ECO.MPD:DSD_AN_HOUSE_PRICES@DF_HOUSE_PRICES(1.0),Analytical house prices indicators,I,ITA,Italy,A,Annual,RPI,Rent prices,IX,Index,1978,,9.88233776802024,,A,Normal value,0,Units,S,"Seasonally adjusted, not calendar adjusted",1,One,2015,
DATAFLOW,OECD.ECO.MPD:DSD_AN_HOUSE_PRICES@DF_HOUSE_PRICES(1.0),Analytical house prices indicators,I,ITA,Italy,A,Annual,RPI,Rent prices,IX,Index,1979,,12.6335207952125,,A,Normal value,0,Units,S,"Seasonally adjusted, not calendar adjusted",1,One,2015,
DATAFLOW,OECD.ECO.MPD:DSD_AN_HOUSE_PRICES@DF_HOUSE_PRICES(1.0),Analytical house prices indicators,I,ITA,Italy,A,Annual,RPI,Rent prices,IX,Index,1980,,15.2265897356614,,A,Normal value,0,Units,S,"Seasonally adjusted, not calendar adjusted",1,One,2015,
DATAFLOW,OECD.ECO.MPD:DSD_AN_HOUSE_PRICES@DF_HOUSE_PRICES(1.0),Analytical house prices indicators,I,ITA,Italy,A,Annual,RPI,Rent prices,IX,Index,1981,,17.6156311444244,,A,Normal value,0,Units,S,"Seasonally adjusted, not calendar adjusted",1,One,2015,
DATAFLOW,OECD.ECO.MPD:DSD_AN_HOUSE_PRICES@DF_HOUSE_PRICES(1.0),Analytical house prices indicators,I,ITA,Italy,A,Annual,RPI,Rent prices,IX,Index,1982,,20.5360573032235,,A,Normal value,0,Units,S,"Seasonally adjusted, not calendar adjusted",1,One,2015,
DATAFLOW,OECD.ECO.MPD:DSD_AN_HOUSE_PRICES@DF_HOUSE_PRICES(1.0),Analytical house prices indicators,I,ITA,Italy,A,Annual,RPI,Rent prices,IX,Index,1983,,24.3780837868375,,A,Normal value,0,Units,S,"Seasonally adjusted, not calendar adjusted",1,One,2015,
DATAFLOW,OECD.ECO.MPD:DSD_AN_HOUSE_PRICES@DF_HOUSE_PRICES(1.0),Analytical house prices indicators,I,ITA,Italy,A,Annual,RPI,Rent prices,IX,Index,1984,,29.9311395694171,,A,Normal value,0,Units,S,"Seasonally adjusted, not calendar adjusted",1,One,2015,
DATAFLOW,OECD.ECO.MPD:DSD_AN_HOUSE_PRICES@DF_HOUSE_PRICES(1.0),Analytical house prices indicators,I,ITA,Italy,A,Annual,RPI,Rent prices,IX,Index,1985,,31.7415142710922,,A,Normal value,0,Units,S,"Seasonally adjusted, not calendar adjusted",1,One,2015,
DATAFLOW,OECD.ECO.MPD:DSD_AN_HOUSE_PRICES@DF_HOUSE_PRICES(1.0),Analytical house prices indicators,I,ITA,Italy,A,Annual,RPI,Rent prices,IX,Index,1986,,34.5674905378069,,A,Normal value,0,Units,S,"Seasonally adjusted, not calendar adjusted",1,One,2015,
DATAFLOW,OECD.ECO.MPD:DSD_AN_HOUSE_PRICES@DF_HOUSE_PRICES(1.0),Analytical house prices indicators,I,ITA,Italy,A,Annual,RPI,Rent prices,IX,Index,1987,,36.5694544560702,,A,Normal value,0,Units,S,"Seasonally adjusted, not calendar adjusted",1,One,2015,
DATAFLOW,OECD.ECO.MPD:DSD_AN_HOUSE_PRICES@DF_HOUSE_PRICES(1.0),Analytical house prices indicators,I,ITA,Italy,A,Annual,RPI,Rent prices,IX,Index,1988,,38.1958967676491,,A,Normal value,0,Units,S,"Seasonally adjusted, not calendar adjusted",1,One,2015,
DATAFLOW,OECD.ECO.MPD:DSD_AN_HOUSE_PRICES@DF_HOUSE_PRICES(1.0),Analytical house prices indicators,I,ITA,Italy,A,Annual,RPI,Rent prices,IX,Index,1989,,40.3264874390104,,A,Normal value,0,Units,S,"Seasonally adjusted, not calendar adjusted",1,One,2015,
DATAFLOW,OECD.ECO.MPD:DSD_AN_HOUSE_PRICES@DF_HOUSE_PRICES(1.0),Analytical house prices indicators,I,ITA,Italy,A,Annual,RPI,Rent prices,IX,Index,1990,,42.8472986426298,,A,Normal value,0,Units,S,"Seasonally adjusted, not calendar adjusted",1,One,2015,
DATAFLOW,OECD.ECO.MPD:DSD_AN_HOUSE_PRICES@DF_HOUSE_PRICES(1.0),Analytical house prices indicators,I,ITA,Italy,A,Annual,RPI,Rent prices,IX,Index,1991,,45.4366891335759,,A,Normal value,0,Units,S,"Seasonally adjusted, not calendar adjusted",1,One,2015,
DATAFLOW,OECD.ECO.MPD:DSD_AN_HOUSE_PRICES@DF_HOUSE_PRICES(1.0),Analytical house prices indicators,I,ITA,Italy,A,Annual,RPI,Rent prices,IX,Index,1992,,48.0825527478518,,A,Normal value,0,Units,S,"Seasonally adjusted, not calendar adjusted",1,One,2015,
DATAFLOW,OECD.ECO.MPD:DSD_AN_HOUSE_PRICES@DF_HOUSE_PRICES(1.0),Analytical house prices indicators,I,ITA,Italy,A,Annual,RPI,Rent prices,IX,Index,1993,,51.1640350093745,,A,Normal value,0,Units,S,"Seasonally adjusted, not calendar adjusted",1,One,2015,
DATAFLOW,OECD.ECO.MPD:DSD_AN_HOUSE_PRICES@DF_HOUSE_PRICES(1.0),Analytical house prices indicators,I,ITA,Italy,A,Annual,RPI,Rent prices,IX,Index,1994,,54.970362685887,,A,Normal value,0,Units,S,"Seasonally adjusted, not calendar adjusted",1,One,2015,
DATAFLOW,OECD.ECO.MPD:DSD_AN_HOUSE_PRICES@DF_HOUSE_PRICES(1.0),Analytical house prices indicators,I,ITA,Italy,A,Annual,RPI,Rent prices,IX,Index,1995,,58.3803473434352,,A,Normal value,0,Units,S,"Seasonally adjusted, not calendar adjusted",1,One,2015,
DATAFLOW,OECD.ECO.MPD:DSD_AN_HOUSE_PRICES@DF_HOUSE_PRICES(1.0),Analytical house prices indicators,I,ITA,Italy,A,Annual,RPI,Rent prices,IX,Index,1996,,62.7485177676894,,A,Normal value,0,Units,S,"Seasonally adjusted, not calendar adjusted",1,One,2015,
DATAFLOW,OECD.ECO.MPD:DSD_AN_HOUSE_PRICES@DF_HOUSE_PRICES(1.0),Analytical house prices indicators,I,ITA,Italy,A,Annual,RPI,Rent prices,IX,Index,1997,,66.9047227650126,,A,Normal value,0,Units,S,"Seasonally adjusted, not calendar adjusted",1,One,2015,
DATAFLOW,OECD.ECO.MPD:DSD_AN_HOUSE_PRICES@DF_HOUSE_PRICES(1.0),Analytical house prices indicators,I,ITA,Italy,A,Annual,RPI,Rent prices,IX,Index,1998,,70.3658079548485,,A,Normal value,0,Units,S,"Seasonally adjusted, not calendar adjusted",1,One,2015,
DATAFLOW,OECD.ECO.MPD:DSD_AN_HOUSE_PRICES@DF_HOUSE_PRICES(1.0),Analytical house prices indicators,I,ITA,Italy,A,Annual,RPI,Rent prices,IX,Index,1999,,72.6973353315748,,A,Normal value,0,Units,S,"Seasonally adjusted, not calendar adjusted",1,One,2015,
DATAFLOW,OECD.ECO.MPD:DSD_AN_HOUSE_PRICES@DF_HOUSE_PRICES(1.0),Analytical house prices indicators,I,ITA,Italy,A,Annual,RPI,Rent prices,IX,Index,2000,,74.4930477520087,,A,Normal value,0,Units,S,"Seasonally adjusted, not calendar adjusted",1,One,2015,
DATAFLOW,OECD.ECO.MPD:DSD_AN_HOUSE_PRICES@DF_HOUSE_PRICES(1.0),Analytical house prices indicators,I,ITA,Italy,A,Annual,RPI,Rent prices,IX,Index,2001,,76.1729093709961,,A,Normal value,0,Units,S,"Seasonally adjusted, not calendar adjusted",1,One,2015,
DATAFLOW,OECD.ECO.MPD:DSD_AN_HOUSE_PRICES@DF_HOUSE_PRICES(1.0),Analytical house prices indicators,I,ITA,Italy,A,Annual,RPI,Rent prices,IX,Index,2002,,77.925175241086,,A,Normal value,0,Units,S,"Seasonally adjusted, not calendar adjusted",1,One,2015,
DATAFLOW,OECD.ECO.MPD:DSD_AN_HOUSE_PRICES@DF_HOUSE_PRICES(1.0),Analytical house prices indicators,I,ITA,Italy,A,Annual,RPI,Rent prices,IX,Index,2003,,80.0829264156428,,A,Normal value,0,Units,S,"Seasonally adjusted, not calendar adjusted",1,One,2015,
DATAFLOW,OECD.ECO.MPD:DSD_AN_HOUSE_PRICES@DF_HOUSE_PRICES(1.0),Analytical house prices indicators,I,ITA,Italy,A,Annual,RPI,Rent prices,IX,Index,2004,,82.3275631914828,,A,Normal value,0,Units,S,"Seasonally adjusted, not calendar adjusted",1,One,2015,
DATAFLOW,OECD.ECO.MPD:DSD_AN_HOUSE_PRICES@DF_HOUSE_PRICES(1.0),Analytical house prices indicators,I,ITA,Italy,A,Annual,RPI,Rent prices,IX,Index,2005,,84.1667171626574,,A,Normal value,0,Units,S,"Seasonally adjusted, not calendar adjusted",1,One,2015,
DATAFLOW,OECD.ECO.MPD:DSD_AN_HOUSE_PRICES@DF_HOUSE_PRICES(1.0),Analytical house prices indicators,I,ITA,Italy,A,Annual,RPI,Rent prices,IX,Index,2006,,86.2568862032356,,A,Normal value,0,Units,S,"Seasonally adjusted, not calendar adjusted",1,One,2015,
DATAFLOW,OECD.ECO.MPD:DSD_AN_HOUSE_PRICES@DF_HOUSE_PRICES(1.0),Analytical house prices indicators,I,ITA,Italy,A,Annual,RPI,Rent prices,IX,Index,2007,,88.2070663589313,,A,Normal value,0,Units,S,"Seasonally adjusted, not calendar adjusted",1,One,2015,
DATAFLOW,OECD.ECO.MPD:DSD_AN_HOUSE_PRICES@DF_HOUSE_PRICES(1.0),Analytical house prices indicators,I,ITA,Italy,A,Annual,RPI,Rent prices,IX,Index,2008,,90.3744717669419,,A,Normal value,0,Units,S,"Seasonally adjusted, not calendar adjusted",1,One,2015,
DATAFLOW,OECD.ECO.MPD:DSD_AN_HOUSE_PRICES@DF_HOUSE_PRICES(1.0),Analytical house prices indicators,I,ITA,Italy,A,Annual,RPI,Rent prices,IX,Index,2009,,93.4059435680809,,A,Normal value,0,Units,S,"Seasonally adjusted, not calendar adjusted",1,One,2015,
DATAFLOW,OECD.ECO.MPD:DSD_AN_HOUSE_PRICES@DF_HOUSE_PRICES(1.0),Analytical house prices indicators,I,ITA,Italy,A,Annual,RPI,Rent prices,IX,Index,2010,,95.2257865725463,,A,Normal value,0,Units,S,"Seasonally adjusted, not calendar adjusted",1,One,2015,
DATAFLOW,OECD.ECO.MPD:DSD_AN_HOUSE_PRICES@DF_HOUSE_PRICES(1.0),Analytical house prices indicators,I,ITA,Italy,A,Annual,RPI,Rent prices,IX,Index,2011,,96.7621620843307,,A,Normal value,0,Units,S,"Seasonally adjusted, not calendar adjusted",1,One,2015,
DATAFLOW,OECD.ECO.MPD:DSD_AN_HOUSE_PRICES@DF_HOUSE_PRICES(1.0),Analytical house prices indicators,I,ITA,Italy,A,Annual,RPI,Rent prices,IX,Index,2012,,98.8731044755048,,A,Normal value,0,Units,S,"Seasonally adjusted, not calendar adjusted",1,One,2015,
DATAFLOW,OECD.ECO.MPD:DSD_AN_HOUSE_PRICES@DF_HOUSE_PRICES(1.0),Analytical house prices indicators,I,ITA,Italy,A,Annual,RPI,Rent prices,IX,Index,2013,,100.17460113667,,A,Normal value,0,Units,S,"Seasonally adjusted, not calendar adjusted",1,One,2015,
DATAFLOW,OECD.ECO.MPD:DSD_AN_HOUSE_PRICES@DF_HOUSE_PRICES(1.0),Analytical house prices indicators,I,ITA,Italy,A,Annual,RPI,Rent prices,IX,Index,2014,,99.8650932115992,,A,Normal value,0,Units,S,"Seasonally adjusted, not calendar adjusted",1,One,2015,
DATAFLOW,OECD.ECO.MPD:DSD_AN_HOUSE_PRICES@DF_HOUSE_PRICES(1.0),Analytical house prices indicators,I,ITA,Italy,A,Annual,RPI,Rent prices,IX,Index,2015,,100,,A,Normal value,0,Units,S,"Seasonally adjusted, not calendar adjusted",1,One,2015,
DATAFLOW,OECD.ECO.MPD:DSD_AN_HOUSE_PRICES@DF_HOUSE_PRICES(1.0),Analytical house prices indicators,I,ITA,Italy,A,Annual,RPI,Rent prices,IX,Index,2016,,100.300361151325,,A,Normal value,0,Units,S,"Seasonally adjusted, not calendar adjusted",1,One,2015,
DATAFLOW,OECD.ECO.MPD:DSD_AN_HOUSE_PRICES@DF_HOUSE_PRICES(1.0),Analytical house prices indicators,I,ITA,Italy,A,Annual,RPI,Rent prices,IX,Index,2017,,100.500345272586,,A,Normal value,0,Units,S,"Seasonally adjusted, not calendar adjusted",1,One,2015,
DATAFLOW,OECD.ECO.MPD:DSD_AN_HOUSE_PRICES@DF_HOUSE_PRICES(1.0),Analytical house prices indicators,I,ITA,Italy,A,Annual,RPI,Rent prices,IX,Index,2018,,100.883639838997,,A,Normal value,0,Units,S,"Seasonally adjusted, not calendar adjusted",1,One,2015,
DATAFLOW,OECD.ECO.MPD:DSD_AN_HOUSE_PRICES@DF_HOUSE_PRICES(1.0),Analytical house prices indicators,I,ITA,Italy,A,Annual,RPI,Rent prices,IX,Index,2019,,101.158618005731,,A,Normal value,0,Units,S,"Seasonally adjusted, not calendar adjusted",1,One,2015,
DATAFLOW,OECD.ECO.MPD:DSD_AN_HOUSE_PRICES@DF_HOUSE_PRICES(1.0),Analytical house prices indicators,I,ITA,Italy,A,Annual,RPI,Rent prices,IX,Index,2020,,101.400273818259,,A,Normal value,0,Units,S,"Seasonally adjusted, not calendar adjusted",1,One,2015,
DATAFLOW,OECD.ECO.MPD:DSD_AN_HOUSE_PRICES@DF_HOUSE_PRICES(1.0),Analytical house prices indicators,I,ITA,Italy,A,Annual,RPI,Rent prices,IX,Index,2021,,101.441945509527,,A,Normal value,0,Units,S,"Seasonally adjusted, not calendar adjusted",1,One,2015,
DATAFLOW,OECD.ECO.MPD:DSD_AN_HOUSE_PRICES@DF_HOUSE_PRICES(1.0),Analytical house prices indicators,I,ITA,Italy,A,Annual,RPI,Rent prices,IX,Index,2022,,102.591854206776,,A,Normal value,0,Units,S,"Seasonally adjusted, not calendar adjusted",1,One,2015,
DATAFLOW,OECD.ECO.MPD:DSD_AN_HOUSE_PRICES@DF_HOUSE_PRICES(1.0),Analytical house prices indicators,I,ITA,Italy,A,Annual,RPI,Rent prices,IX,Index,2023,,105.116653737693,,A,Normal value,0,Units,S,"Seasonally adjusted, not calendar adjusted",1,One,2015,
DATAFLOW,OECD.ECO.MPD:DSD_AN_HOUSE_PRICES@DF_HOUSE_PRICES(1.0),Analytical house prices indicators,I,ITA,Italy,A,Annual,RPI,Rent prices,IX,Index,2024,,108.466387768811,,A,Normal value,0,Units,S,"Seasonally adjusted, not calendar adjusted",1,One,2015,
DATAFLOW,OECD.ECO.MPD:DSD_AN_HOUSE_PRICES@DF_HOUSE_PRICES(1.0),Analytical house prices indicators,I,ITA,Italy,A,Annual,RPI,Rent prices,IX,Index,2025,,112.607733945974,,A,Normal value,0,Units,S,"Seasonally adjusted, not calendar adjusted",1,One,2015,
DATAFLOW,OECD.ECO.MPD:DSD_AN_HOUSE_PRICES@DF_HOUSE_PRICES(1.0),Analytical house prices indicators,I,JPN,Japan,A,Annual,RPI,Rent prices,IX,Index,1970,,30.5527949999869,,A,Normal value,0,Units,S,"Seasonally adjusted, not calendar adjusted",1,One,2015,
DATAFLOW,OECD.ECO.MPD:DSD_AN_HOUSE_PRICES@DF_HOUSE_PRICES(1.0),Analytical house prices indicators,I,JPN,Japan,A,Annual,RPI,Rent prices,IX,Index,1971,,33.118175,,A,Normal value,0,Units,S,"Seasonally adjusted, not calendar adjusted",1,One,2015,
DATAFLOW,OECD.ECO.MPD:DSD_AN_HOUSE_PRICES@DF_HOUSE_PRICES(1.0),Analytical house prices indicators,I,JPN,Japan,A,Annual,RPI,Rent prices,IX,Index,1972,,35.77458,,A,Normal value,0,Units,S,"Seasonally adjusted, not calendar adjusted",1,One,2015,
DATAFLOW,OECD.ECO.MPD:DSD_AN_HOUSE_PRICES@DF_HOUSE_PRICES(1.0),Analytical house prices indicators,I,JPN,Japan,A,Annual,RPI,Rent prices,IX,Index,1973,,38.8116525,,A,Normal value,0,Units,S,"Seasonally adjusted, not calendar adjusted",1,One,2015,
DATAFLOW,OECD.ECO.MPD:DSD_AN_HOUSE_PRICES@DF_HOUSE_PRICES(1.0),Analytical house prices indicators,I,JPN,Japan,A,Annual,RPI,Rent prices,IX,Index,1974,,41.7659725,,A,Normal value,0,Units,S,"Seasonally adjusted, not calendar adjusted",1,One,2015,
DATAFLOW,OECD.ECO.MPD:DSD_AN_HOUSE_PRICES@DF_HOUSE_PRICES(1.0),Analytical house prices indicators,I,JPN,Japan,A,Annual,RPI,Rent prices,IX,Index,1975,,45.7464374999999,,A,Normal value,0,Units,S,"Seasonally adjusted, not calendar adjusted",1,One,2015,
DATAFLOW,OECD.ECO.MPD:DSD_AN_HOUSE_PRICES@DF_HOUSE_PRICES(1.0),Analytical house prices indicators,I,JPN,Japan,A,Annual,RPI,Rent prices,IX,Index,1976,,50.3889474999999,,A,Normal value,0,Units,S,"Seasonally adjusted, not calendar adjusted",1,One,2015,
DATAFLOW,OECD.ECO.MPD:DSD_AN_HOUSE_PRICES@DF_HOUSE_PRICES(1.0),Analytical house prices indicators,I,JPN,Japan,A,Annual,RPI,Rent prices,IX,Index,1977,,55.5362449999999,,A,Normal value,0,Units,S,"Seasonally adjusted, not calendar adjusted",1,One,2015,
DATAFLOW,OECD.ECO.MPD:DSD_AN_HOUSE_PRICES@DF_HOUSE_PRICES(1.0),Analytical house prices indicators,I,JPN,Japan,A,Annual,RPI,Rent prices,IX,Index,1978,,60.0877224999999,,A,Normal value,0,Units,S,"Seasonally adjusted, not calendar adjusted",1,One,2015,
DATAFLOW,OECD.ECO.MPD:DSD_AN_HOUSE_PRICES@DF_HOUSE_PRICES(1.0),Analytical house prices indicators,I,JPN,Japan,A,Annual,RPI,Rent prices,IX,Index,1979,,63.2902974999999,,A,Normal value,0,Units,S,"Seasonally adjusted, not calendar adjusted",1,One,2015,
DATAFLOW,OECD.ECO.MPD:DSD_AN_HOUSE_PRICES@DF_HOUSE_PRICES(1.0),Analytical house prices indicators,I,JPN,Japan,A,Annual,RPI,Rent prices,IX,Index,1980,,66.0542874999999,,A,Normal value,0,Units,S,"Seasonally adjusted, not calendar adjusted",1,One,2015,
DATAFLOW,OECD.ECO.MPD:DSD_AN_HOUSE_PRICES@DF_HOUSE_PRICES(1.0),Analytical house prices indicators,I,JPN,Japan,A,Annual,RPI,Rent prices,IX,Index,1981,,69.1989424999999,,A,Normal value,0,Units,S,"Seasonally adjusted, not calendar adjusted",1,One,2015,
DATAFLOW,OECD.ECO.MPD:DSD_AN_HOUSE_PRICES@DF_HOUSE_PRICES(1.0),Analytical house prices indicators,I,JPN,Japan,A,Annual,RPI,Rent prices,IX,Index,1982,,72.0539549999999,,A,Normal value,0,Units,S,"Seasonally adjusted, not calendar adjusted",1,One,2015,
DATAFLOW,OECD.ECO.MPD:DSD_AN_HOUSE_PRICES@DF_HOUSE_PRICES(1.0),Analytical house prices indicators,I,JPN,Japan,A,Annual,RPI,Rent prices,IX,Index,1983,,74.8427699999999,,A,Normal value,0,Units,S,"Seasonally adjusted, not calendar adjusted",1,One,2015,
DATAFLOW,OECD.ECO.MPD:DSD_AN_HOUSE_PRICES@DF_HOUSE_PRICES(1.0),Analytical house prices indicators,I,JPN,Japan,A,Annual,RPI,Rent prices,IX,Index,1984,,77.3419424999999,,A,Normal value,0,Units,S,"Seasonally adjusted, not calendar adjusted",1,One,2015,
DATAFLOW,OECD.ECO.MPD:DSD_AN_HOUSE_PRICES@DF_HOUSE_PRICES(1.0),Analytical house prices indicators,I,JPN,Japan,A,Annual,RPI,Rent prices,IX,Index,1985,,79.8162874999999,,A,Normal value,0,Units,S,"Seasonally adjusted, not calendar adjusted",1,One,2015,
DATAFLOW,OECD.ECO.MPD:DSD_AN_HOUSE_PRICES@DF_HOUSE_PRICES(1.0),Analytical house prices indicators,I,JPN,Japan,A,Annual,RPI,Rent prices,IX,Index,1986,,81.7941074999999,,A,Normal value,0,Units,S,"Seasonally adjusted, not calendar adjusted",1,One,2015,
DATAFLOW,OECD.ECO.MPD:DSD_AN_HOUSE_PRICES@DF_HOUSE_PRICES(1.0),Analytical house prices indicators,I,JPN,Japan,A,Annual,RPI,Rent prices,IX,Index,1987,,84.3760324999999,,A,Normal value,0,Units,S,"Seasonally adjusted, not calendar adjusted",1,One,2015,
DATAFLOW,OECD.ECO.MPD:DSD_AN_HOUSE_PRICES@DF_HOUSE_PRICES(1.0),Analytical house prices indicators,I,JPN,Japan,A,Annual,RPI,Rent prices,IX,Index,1988,,86.6352174999999,,A,Normal value,0,Units,S,"Seasonally adjusted, not calendar adjusted",1,One,2015,
DATAFLOW,OECD.ECO.MPD:DSD_AN_HOUSE_PRICES@DF_HOUSE_PRICES(1.0),Analytical house prices indicators,I,JPN,Japan,A,Annual,RPI,Rent prices,IX,Index,1989,,89.2254224999999,,A,Normal value,0,Units,S,"Seasonally adjusted, not calendar adjusted",1,One,2015,
DATAFLOW,OECD.ECO.MPD:DSD_AN_HOUSE_PRICES@DF_HOUSE_PRICES(1.0),Analytical house prices indicators,I,JPN,Japan,A,Annual,RPI,Rent prices,IX,Index,1990,,91.5425374999999,,A,Normal value,0,Units,S,"Seasonally adjusted, not calendar adjusted",1,One,2015,
DATAFLOW,OECD.ECO.MPD:DSD_AN_HOUSE_PRICES@DF_HOUSE_PRICES(1.0),Analytical house prices indicators,I,JPN,Japan,A,Annual,RPI,Rent prices,IX,Index,1991,,93.8679274999999,,A,Normal value,0,Units,S,"Seasonally adjusted, not calendar adjusted",1,One,2015,
DATAFLOW,OECD.ECO.MPD:DSD_AN_HOUSE_PRICES@DF_HOUSE_PRICES(1.0),Analytical house prices indicators,I,JPN,Japan,A,Annual,RPI,Rent prices,IX,Index,1992,,96.4995049999998,,A,Normal value,0,Units,S,"Seasonally adjusted, not calendar adjusted",1,One,2015,
DATAFLOW,OECD.ECO.MPD:DSD_AN_HOUSE_PRICES@DF_HOUSE_PRICES(1.0),Analytical house prices indicators,I,JPN,Japan,A,Annual,RPI,Rent prices,IX,Index,1993,,98.9655749999999,,A,Normal value,0,Units,S,"Seasonally adjusted, not calendar adjusted",1,One,2015,
DATAFLOW,OECD.ECO.MPD:DSD_AN_HOUSE_PRICES@DF_HOUSE_PRICES(1.0),Analytical house prices indicators,I,JPN,Japan,A,Annual,RPI,Rent prices,IX,Index,1994,,101.0758,,A,Normal value,0,Units,S,"Seasonally adjusted, not calendar adjusted",1,One,2015,
DATAFLOW,OECD.ECO.MPD:DSD_AN_HOUSE_PRICES@DF_HOUSE_PRICES(1.0),Analytical house prices indicators,I,JPN,Japan,A,Annual,RPI,Rent prices,IX,Index,1995,,102.97915,,A,Normal value,0,Units,S,"Seasonally adjusted, not calendar adjusted",1,One,2015,
DATAFLOW,OECD.ECO.MPD:DSD_AN_HOUSE_PRICES@DF_HOUSE_PRICES(1.0),Analytical house prices indicators,I,JPN,Japan,A,Annual,RPI,Rent prices,IX,Index,1996,,104.212175,,A,Normal value,0,Units,S,"Seasonally adjusted, not calendar adjusted",1,One,2015,
DATAFLOW,OECD.ECO.MPD:DSD_AN_HOUSE_PRICES@DF_HOUSE_PRICES(1.0),Analytical house prices indicators,I,JPN,Japan,A,Annual,RPI,Rent prices,IX,Index,1997,,105.0811,,A,Normal value,0,Units,S,"Seasonally adjusted, not calendar adjusted",1,One,2015,
DATAFLOW,OECD.ECO.MPD:DSD_AN_HOUSE_PRICES@DF_HOUSE_PRICES(1.0),Analytical house prices indicators,I,JPN,Japan,A,Annual,RPI,Rent prices,IX,Index,1998,,104.9073,,A,Normal value,0,Units,S,"Seasonally adjusted, not calendar adjusted",1,One,2015,
DATAFLOW,OECD.ECO.MPD:DSD_AN_HOUSE_PRICES@DF_HOUSE_PRICES(1.0),Analytical house prices indicators,I,JPN,Japan,A,Annual,RPI,Rent prices,IX,Index,1999,,104.65075,,A,Normal value,0,Units,S,"Seasonally adjusted, not calendar adjusted",1,One,2015,
DATAFLOW,OECD.ECO.MPD:DSD_AN_HOUSE_PRICES@DF_HOUSE_PRICES(1.0),Analytical house prices indicators,I,JPN,Japan,A,Annual,RPI,Rent prices,IX,Index,2000,,104.58455,,A,Normal value,0,Units,S,"Seasonally adjusted, not calendar adjusted",1,One,2015,
DATAFLOW,OECD.ECO.MPD:DSD_AN_HOUSE_PRICES@DF_HOUSE_PRICES(1.0),Analytical house prices indicators,I,JPN,Japan,A,Annual,RPI,Rent prices,IX,Index,2001,,104.4025,,A,Normal value,0,Units,S,"Seasonally adjusted, not calendar adjusted",1,One,2015,
DATAFLOW,OECD.ECO.MPD:DSD_AN_HOUSE_PRICES@DF_HOUSE_PRICES(1.0),Analytical house prices indicators,I,JPN,Japan,A,Annual,RPI,Rent prices,IX,Index,2002,,104.112875,,A,Normal value,0,Units,S,"Seasonally adjusted, not calendar adjusted",1,One,2015,
DATAFLOW,OECD.ECO.MPD:DSD_AN_HOUSE_PRICES@DF_HOUSE_PRICES(1.0),Analytical house prices indicators,I,JPN,Japan,A,Annual,RPI,Rent prices,IX,Index,2003,,103.82325,,A,Normal value,0,Units,S,"Seasonally adjusted, not calendar adjusted",1,One,2015,
DATAFLOW,OECD.ECO.MPD:DSD_AN_HOUSE_PRICES@DF_HOUSE_PRICES(1.0),Analytical house prices indicators,I,JPN,Japan,A,Annual,RPI,Rent prices,IX,Index,2004,,103.4426,,A,Normal value,0,Units,S,"Seasonally adjusted, not calendar adjusted",1,One,2015,
DATAFLOW,OECD.ECO.MPD:DSD_AN_HOUSE_PRICES@DF_HOUSE_PRICES(1.0),Analytical house prices indicators,I,JPN,Japan,A,Annual,RPI,Rent prices,IX,Index,2005,,103.095,,A,Normal value,0,Units,S,"Seasonally adjusted, not calendar adjusted",1,One,2015,
DATAFLOW,OECD.ECO.MPD:DSD_AN_HOUSE_PRICES@DF_HOUSE_PRICES(1.0),Analytical house prices indicators,I,JPN,Japan,A,Annual,RPI,Rent prices,IX,Index,2006,,103.0205,,A,Normal value,0,Units,S,"Seasonally adjusted, not calendar adjusted",1,One,2015,
DATAFLOW,OECD.ECO.MPD:DSD_AN_HOUSE_PRICES@DF_HOUSE_PRICES(1.0),Analytical house prices indicators,I,JPN,Japan,A,Annual,RPI,Rent prices,IX,Index,2007,,102.89635,,A,Normal value,0,Units,S,"Seasonally adjusted, not calendar adjusted",1,One,2015,
DATAFLOW,OECD.ECO.MPD:DSD_AN_HOUSE_PRICES@DF_HOUSE_PRICES(1.0),Analytical house prices indicators,I,JPN,Japan,A,Annual,RPI,Rent prices,IX,Index,2008,,102.86325,,A,Normal value,0,Units,S,"Seasonally adjusted, not calendar adjusted",1,One,2015,
DATAFLOW,OECD.ECO.MPD:DSD_AN_HOUSE_PRICES@DF_HOUSE_PRICES(1.0),Analytical house prices indicators,I,JPN,Japan,A,Annual,RPI,Rent prices,IX,Index,2009,,102.408125,,A,Normal value,0,Units,S,"Seasonally adjusted, not calendar adjusted",1,One,2015,
DATAFLOW,OECD.ECO.MPD:DSD_AN_HOUSE_PRICES@DF_HOUSE_PRICES(1.0),Analytical house prices indicators,I,JPN,Japan,A,Annual,RPI,Rent prices,IX,Index,2010,,101.953,,A,Normal value,0,Units,S,"Seasonally adjusted, not calendar adjusted",1,One,2015,
DATAFLOW,OECD.ECO.MPD:DSD_AN_HOUSE_PRICES@DF_HOUSE_PRICES(1.0),Analytical house prices indicators,I,JPN,Japan,A,Annual,RPI,Rent prices,IX,Index,2011,,101.5889,,A,Normal value,0,Units,S,"Seasonally adjusted, not calendar adjusted",1,One,2015,
DATAFLOW,OECD.ECO.MPD:DSD_AN_HOUSE_PRICES@DF_HOUSE_PRICES(1.0),Analytical house prices indicators,I,JPN,Japan,A,Annual,RPI,Rent prices,IX,Index,2012,,101.133725,,A,Normal value,0,Units,S,"Seasonally adjusted, not calendar adjusted",1,One,2015,
DATAFLOW,OECD.ECO.MPD:DSD_AN_HOUSE_PRICES@DF_HOUSE_PRICES(1.0),Analytical house prices indicators,I,JPN,Japan,A,Annual,RPI,Rent prices,IX,Index,2013,,100.686825,,A,Normal value,0,Units,S,"Seasonally adjusted, not calendar adjusted",1,One,2015,
DATAFLOW,OECD.ECO.MPD:DSD_AN_HOUSE_PRICES@DF_HOUSE_PRICES(1.0),Analytical house prices indicators,I,JPN,Japan,A,Annual,RPI,Rent prices,IX,Index,2014,,100.2979,,A,Normal value,0,Units,S,"Seasonally adjusted, not calendar adjusted",1,One,2015,
DATAFLOW,OECD.ECO.MPD:DSD_AN_HOUSE_PRICES@DF_HOUSE_PRICES(1.0),Analytical house prices indicators,I,JPN,Japan,A,Annual,RPI,Rent prices,IX,Index,2015,,100,,A,Normal value,0,Units,S,"Seasonally adjusted, not calendar adjusted",1,One,2015,
DATAFLOW,OECD.ECO.MPD:DSD_AN_HOUSE_PRICES@DF_HOUSE_PRICES(1.0),Analytical house prices indicators,I,JPN,Japan,A,Annual,RPI,Rent prices,IX,Index,2016,,99.7103624999999,,A,Normal value,0,Units,S,"Seasonally adjusted, not calendar adjusted",1,One,2015,
DATAFLOW,OECD.ECO.MPD:DSD_AN_HOUSE_PRICES@DF_HOUSE_PRICES(1.0),Analytical house prices indicators,I,JPN,Japan,A,Annual,RPI,Rent prices,IX,Index,2017,,99.4289974999999,,A,Normal value,0,Units,S,"Seasonally adjusted, not calendar adjusted",1,One,2015,
DATAFLOW,OECD.ECO.MPD:DSD_AN_HOUSE_PRICES@DF_HOUSE_PRICES(1.0),Analytical house prices indicators,I,JPN,Japan,A,Annual,RPI,Rent prices,IX,Index,2018,,99.2883099999998,,A,Normal value,0,Units,S,"Seasonally adjusted, not calendar adjusted",1,One,2015,
DATAFLOW,OECD.ECO.MPD:DSD_AN_HOUSE_PRICES@DF_HOUSE_PRICES(1.0),Analytical house prices indicators,I,JPN,Japan,A,Annual,RPI,Rent prices,IX,Index,2019,,99.2800349999999,,A,Normal value,0,Units,S,"Seasonally adjusted, not calendar adjusted",1,One,2015,
DATAFLOW,OECD.ECO.MPD:DSD_AN_HOUSE_PRICES@DF_HOUSE_PRICES(1.0),Analytical house prices indicators,I,JPN,Japan,A,Annual,RPI,Rent prices,IX,Index,2020,,99.3131399999999,,A,Normal value,0,Units,S,"Seasonally adjusted, not calendar adjusted",1,One,2015,
DATAFLOW,OECD.ECO.MPD:DSD_AN_HOUSE_PRICES@DF_HOUSE_PRICES(1.0),Analytical house prices indicators,I,JPN,Japan,A,Annual,RPI,Rent prices,IX,Index,2021,,99.2138349999999,,A,Normal value,0,Units,S,"Seasonally adjusted, not calendar adjusted",1,One,2015,
DATAFLOW,OECD.ECO.MPD:DSD_AN_HOUSE_PRICES@DF_HOUSE_PRICES(1.0),Analytical house prices indicators,I,JPN,Japan,A,Annual,RPI,Rent prices,IX,Index,2022,,99.2717624999999,,A,Normal value,0,Units,S,"Seasonally adjusted, not calendar adjusted",1,One,2015,
DATAFLOW,OECD.ECO.MPD:DSD_AN_HOUSE_PRICES@DF_HOUSE_PRICES(1.0),Analytical house prices indicators,I,JPN,Japan,A,Annual,RPI,Rent prices,IX,Index,2023,,99.3379674999998,,A,Normal value,0,Units,S,"Seasonally adjusted, not calendar adjusted",1,One,2015,
DATAFLOW,OECD.ECO.MPD:DSD_AN_HOUSE_PRICES@DF_HOUSE_PRICES(1.0),Analytical house prices indicators,I,JPN,Japan,A,Annual,RPI,Rent prices,IX,Index,2024,,99.6689824999998,,A,Normal value,0,Units,S,"Seasonally adjusted, not calendar adjusted",1,One,2015,
DATAFLOW,OECD.ECO.MPD:DSD_AN_HOUSE_PRICES@DF_HOUSE_PRICES(1.0),Analytical house prices indicators,I,JPN,Japan,A,Annual,RPI,Rent prices,IX,Index,2025,,100.140675000001,,A,Normal value,0,Units,S,"Seasonally adjusted, not calendar adjusted",1,One,2015,
DATAFLOW,OECD.ECO.MPD:DSD_AN_HOUSE_PRICES@DF_HOUSE_PRICES(1.0),Analytical house prices indicators,I,KOR,Korea,A,Annual,RPI,Rent prices,IX,Index,1985,,36.5329265866793,,A,Normal value,0,Units,S,"Seasonally adjusted, not calendar adjusted",1,One,2015,
DATAFLOW,OECD.ECO.MPD:DSD_AN_HOUSE_PRICES@DF_HOUSE_PRICES(1.0),Analytical house prices indicators,I,KOR,Korea,A,Annual,RPI,Rent prices,IX,Index,1986,,38.0004940499876,,A,Normal value,0,Units,S,"Seasonally adjusted, not calendar adjusted",1,One,2015,
DATAFLOW,OECD.ECO.MPD:DSD_AN_HOUSE_PRICES@DF_HOUSE_PRICES(1.0),Analytical house prices indicators,I,KOR,Korea,A,Annual,RPI,Rent prices,IX,Index,1987,,39.1994865200128,,A,Normal value,0,Units,S,"Seasonally adjusted, not calendar adjusted",1,One,2015,
DATAFLOW,OECD.ECO.MPD:DSD_AN_HOUSE_PRICES@DF_HOUSE_PRICES(1.0),Analytical house prices indicators,I,KOR,Korea,A,Annual,RPI,Rent prices,IX,Index,1988,,41.3181114670472,,A,Normal value,0,Units,S,"Seasonally adjusted, not calendar adjusted",1,One,2015,
DATAFLOW,OECD.ECO.MPD:DSD_AN_HOUSE_PRICES@DF_HOUSE_PRICES(1.0),Analytical house prices indicators,I,KOR,Korea,A,Annual,RPI,Rent prices,IX,Index,1989,,44.0426263989343,,A,Normal value,0,Units,S,"Seasonally adjusted, not calendar adjusted",1,One,2015,
DATAFLOW,OECD.ECO.MPD:DSD_AN_HOUSE_PRICES@DF_HOUSE_PRICES(1.0),Analytical house prices indicators,I,KOR,Korea,A,Annual,RPI,Rent prices,IX,Index,1990,,48.6891387827715,,A,Normal value,0,Units,S,"Seasonally adjusted, not calendar adjusted",1,One,2015,
DATAFLOW,OECD.ECO.MPD:DSD_AN_HOUSE_PRICES@DF_HOUSE_PRICES(1.0),Analytical house prices indicators,I,KOR,Korea,A,Annual,RPI,Rent prices,IX,Index,1991,,54.3648561408786,,A,Normal value,0,Units,S,"Seasonally adjusted, not calendar adjusted",1,One,2015,
DATAFLOW,OECD.ECO.MPD:DSD_AN_HOUSE_PRICES@DF_HOUSE_PRICES(1.0),Analytical house prices indicators,I,KOR,Korea,A,Annual,RPI,Rent prices,IX,Index,1992,,58.5069735373256,,A,Normal value,0,Units,S,"Seasonally adjusted, not calendar adjusted",1,One,2015,
DATAFLOW,OECD.ECO.MPD:DSD_AN_HOUSE_PRICES@DF_HOUSE_PRICES(1.0),Analytical house prices indicators,I,KOR,Korea,A,Annual,RPI,Rent prices,IX,Index,1993,,61.9020159524495,,A,Normal value,0,Units,S,"Seasonally adjusted, not calendar adjusted",1,One,2015,
DATAFLOW,OECD.ECO.MPD:DSD_AN_HOUSE_PRICES@DF_HOUSE_PRICES(1.0),Analytical house prices indicators,I,KOR,Korea,A,Annual,RPI,Rent prices,IX,Index,1994,,64.3200633919983,,A,Normal value,0,Units,S,"Seasonally adjusted, not calendar adjusted",1,One,2015,
DATAFLOW,OECD.ECO.MPD:DSD_AN_HOUSE_PRICES@DF_HOUSE_PRICES(1.0),Analytical house prices indicators,I,KOR,Korea,A,Annual,RPI,Rent prices,IX,Index,1995,,66.782518330437,,A,Normal value,0,Units,S,"Seasonally adjusted, not calendar adjusted",1,One,2015,
DATAFLOW,OECD.ECO.MPD:DSD_AN_HOUSE_PRICES@DF_HOUSE_PRICES(1.0),Analytical house prices indicators,I,KOR,Korea,A,Annual,RPI,Rent prices,IX,Index,1996,,69.1532157711695,,A,Normal value,0,Units,S,"Seasonally adjusted, not calendar adjusted",1,One,2015,
DATAFLOW,OECD.ECO.MPD:DSD_AN_HOUSE_PRICES@DF_HOUSE_PRICES(1.0),Analytical house prices indicators,I,KOR,Korea,A,Annual,RPI,Rent prices,IX,Index,1997,,71.407478214813,,A,Normal value,0,Units,S,"Seasonally adjusted, not calendar adjusted",1,One,2015,
DATAFLOW,OECD.ECO.MPD:DSD_AN_HOUSE_PRICES@DF_HOUSE_PRICES(1.0),Analytical house prices indicators,I,KOR,Korea,A,Annual,RPI,Rent prices,IX,Index,1998,,71.7802357054941,,A,Normal value,0,Units,S,"Seasonally adjusted, not calendar adjusted",1,One,2015,
DATAFLOW,OECD.ECO.MPD:DSD_AN_HOUSE_PRICES@DF_HOUSE_PRICES(1.0),Analytical house prices indicators,I,KOR,Korea,A,Annual,RPI,Rent prices,IX,Index,1999,,68.8583107785422,,A,Normal value,0,Units,S,"Seasonally adjusted, not calendar adjusted",1,One,2015,
DATAFLOW,OECD.ECO.MPD:DSD_AN_HOUSE_PRICES@DF_HOUSE_PRICES(1.0),Analytical house prices indicators,I,KOR,Korea,A,Annual,RPI,Rent prices,IX,Index,2000,,68.5641057858973,,A,Normal value,0,Units,S,"Seasonally adjusted, not calendar adjusted",1,One,2015,
DATAFLOW,OECD.ECO.MPD:DSD_AN_HOUSE_PRICES@DF_HOUSE_PRICES(1.0),Analytical house prices indicators,I,KOR,Korea,A,Annual,RPI,Rent prices,IX,Index,2001,,71.3626457159338,,A,Normal value,0,Units,S,"Seasonally adjusted, not calendar adjusted",1,One,2015,
DATAFLOW,OECD.ECO.MPD:DSD_AN_HOUSE_PRICES@DF_HOUSE_PRICES(1.0),Analytical house prices indicators,I,KOR,Korea,A,Annual,RPI,Rent prices,IX,Index,2002,,75.4525406136864,,A,Normal value,0,Units,S,"Seasonally adjusted, not calendar adjusted",1,One,2015,
DATAFLOW,OECD.ECO.MPD:DSD_AN_HOUSE_PRICES@DF_HOUSE_PRICES(1.0),Analytical house prices indicators,I,KOR,Korea,A,Annual,RPI,Rent prices,IX,Index,2003,,78.1482905462927,,A,Normal value,0,Units,S,"Seasonally adjusted, not calendar adjusted",1,One,2015,
DATAFLOW,OECD.ECO.MPD:DSD_AN_HOUSE_PRICES@DF_HOUSE_PRICES(1.0),Analytical house prices indicators,I,KOR,Korea,A,Annual,RPI,Rent prices,IX,Index,2004,,79.3824730154382,,A,Normal value,0,Units,S,"Seasonally adjusted, not calendar adjusted",1,One,2015,
DATAFLOW,OECD.ECO.MPD:DSD_AN_HOUSE_PRICES@DF_HOUSE_PRICES(1.0),Analytical house prices indicators,I,KOR,Korea,A,Annual,RPI,Rent prices,IX,Index,2005,,79.2035680199107,,A,Normal value,0,Units,S,"Seasonally adjusted, not calendar adjusted",1,One,2015,
DATAFLOW,OECD.ECO.MPD:DSD_AN_HOUSE_PRICES@DF_HOUSE_PRICES(1.0),Analytical house prices indicators,I,KOR,Korea,A,Annual,RPI,Rent prices,IX,Index,2006,,79.520195511995,,A,Normal value,0,Units,S,"Seasonally adjusted, not calendar adjusted",1,One,2015,
DATAFLOW,OECD.ECO.MPD:DSD_AN_HOUSE_PRICES@DF_HOUSE_PRICES(1.0),Analytical house prices indicators,I,KOR,Korea,A,Annual,RPI,Rent prices,IX,Index,2007,,80.9592579760185,,A,Normal value,0,Units,S,"Seasonally adjusted, not calendar adjusted",1,One,2015,
DATAFLOW,OECD.ECO.MPD:DSD_AN_HOUSE_PRICES@DF_HOUSE_PRICES(1.0),Analytical house prices indicators,I,KOR,Korea,A,Annual,RPI,Rent prices,IX,Index,2008,,82.7945404301365,,A,Normal value,0,Units,S,"Seasonally adjusted, not calendar adjusted",1,One,2015,
DATAFLOW,OECD.ECO.MPD:DSD_AN_HOUSE_PRICES@DF_HOUSE_PRICES(1.0),Analytical house prices indicators,I,KOR,Korea,A,Annual,RPI,Rent prices,IX,Index,2009,,84.0884178977895,,A,Normal value,0,Units,S,"Seasonally adjusted, not calendar adjusted",1,One,2015,
DATAFLOW,OECD.ECO.MPD:DSD_AN_HOUSE_PRICES@DF_HOUSE_PRICES(1.0),Analytical house prices indicators,I,KOR,Korea,A,Annual,RPI,Rent prices,IX,Index,2010,,85.6659878583502,,A,Normal value,0,Units,S,"Seasonally adjusted, not calendar adjusted",1,One,2015,
DATAFLOW,OECD.ECO.MPD:DSD_AN_HOUSE_PRICES@DF_HOUSE_PRICES(1.0),Analytical house prices indicators,I,KOR,Korea,A,Annual,RPI,Rent prices,IX,Index,2011,,89.0568552735785,,A,Normal value,0,Units,S,"Seasonally adjusted, not calendar adjusted",1,One,2015,
DATAFLOW,OECD.ECO.MPD:DSD_AN_HOUSE_PRICES@DF_HOUSE_PRICES(1.0),Analytical house prices indicators,I,KOR,Korea,A,Annual,RPI,Rent prices,IX,Index,2012,,92.8126601796834,,A,Normal value,0,Units,S,"Seasonally adjusted, not calendar adjusted",1,One,2015,
DATAFLOW,OECD.ECO.MPD:DSD_AN_HOUSE_PRICES@DF_HOUSE_PRICES(1.0),Analytical house prices indicators,I,KOR,Korea,A,Annual,RPI,Rent prices,IX,Index,2013,,95.2828451179288,,A,Normal value,0,Units,S,"Seasonally adjusted, not calendar adjusted",1,One,2015,
DATAFLOW,OECD.ECO.MPD:DSD_AN_HOUSE_PRICES@DF_HOUSE_PRICES(1.0),Analytical house prices indicators,I,KOR,Korea,A,Annual,RPI,Rent prices,IX,Index,2014,,97.5185125620371,,A,Normal value,0,Units,S,"Seasonally adjusted, not calendar adjusted",1,One,2015,
DATAFLOW,OECD.ECO.MPD:DSD_AN_HOUSE_PRICES@DF_HOUSE_PRICES(1.0),Analytical house prices indicators,I,KOR,Korea,A,Annual,RPI,Rent prices,IX,Index,2015,,100,,A,Normal value,0,Units,S,"Seasonally adjusted, not calendar adjusted",1,One,2015,
DATAFLOW,OECD.ECO.MPD:DSD_AN_HOUSE_PRICES@DF_HOUSE_PRICES(1.0),Analytical house prices indicators,I,KOR,Korea,A,Annual,RPI,Rent prices,IX,Index,2016,,101.863447453414,,A,Normal value,0,Units,S,"Seasonally adjusted, not calendar adjusted",1,One,2015,
DATAFLOW,OECD.ECO.MPD:DSD_AN_HOUSE_PRICES@DF_HOUSE_PRICES(1.0),Analytical house prices indicators,I,KOR,Korea,A,Annual,RPI,Rent prices,IX,Index,2017,,103.507547412311,,A,Normal value,0,Units,S,"Seasonally adjusted, not calendar adjusted",1,One,2015,
DATAFLOW,OECD.ECO.MPD:DSD_AN_HOUSE_PRICES@DF_HOUSE_PRICES(1.0),Analytical house prices indicators,I,KOR,Korea,A,Annual,RPI,Rent prices,IX,Index,2018,,104.14759739631,,A,Normal value,0,Units,S,"Seasonally adjusted, not calendar adjusted",1,One,2015,
DATAFLOW,OECD.ECO.MPD:DSD_AN_HOUSE_PRICES@DF_HOUSE_PRICES(1.0),Analytical house prices indicators,I,KOR,Korea,A,Annual,RPI,Rent prices,IX,Index,2019,,104.04079739898,,A,Normal value,0,Units,S,"Seasonally adjusted, not calendar adjusted",1,One,2015,
DATAFLOW,OECD.ECO.MPD:DSD_AN_HOUSE_PRICES@DF_HOUSE_PRICES(1.0),Analytical house prices indicators,I,KOR,Korea,A,Annual,RPI,Rent prices,IX,Index,2020,,104.267572393311,,A,Normal value,0,Units,S,"Seasonally adjusted, not calendar adjusted",1,One,2015,
DATAFLOW,OECD.ECO.MPD:DSD_AN_HOUSE_PRICES@DF_HOUSE_PRICES(1.0),Analytical house prices indicators,I,KOR,Korea,A,Annual,RPI,Rent prices,IX,Index,2021,,105.707322357317,,A,Normal value,0,Units,S,"Seasonally adjusted, not calendar adjusted",1,One,2015,
DATAFLOW,OECD.ECO.MPD:DSD_AN_HOUSE_PRICES@DF_HOUSE_PRICES(1.0),Analytical house prices indicators,I,KOR,Korea,A,Annual,RPI,Rent prices,IX,Index,2022,,107.666722308332,,A,Normal value,0,Units,S,"Seasonally adjusted, not calendar adjusted",1,One,2015,
DATAFLOW,OECD.ECO.MPD:DSD_AN_HOUSE_PRICES@DF_HOUSE_PRICES(1.0),Analytical house prices indicators,I,KOR,Korea,A,Annual,RPI,Rent prices,IX,Index,2023,,108.179347295516,,A,Normal value,0,Units,S,"Seasonally adjusted, not calendar adjusted",1,One,2015,
DATAFLOW,OECD.ECO.MPD:DSD_AN_HOUSE_PRICES@DF_HOUSE_PRICES(1.0),Analytical house prices indicators,I,KOR,Korea,A,Annual,RPI,Rent prices,IX,Index,2024,,108.442647288934,,A,Normal value,0,Units,S,"Seasonally adjusted, not calendar adjusted",1,One,2015,
DATAFLOW,OECD.ECO.MPD:DSD_AN_HOUSE_PRICES@DF_HOUSE_PRICES(1.0),Analytical house prices indicators,I,KOR,Korea,A,Annual,RPI,Rent prices,IX,Index,2025,,109.270697268123,,A,Normal value,0,Units,S,"Seasonally adjusted, not calendar adjusted",1,One,2015,
DATAFLOW,OECD.ECO.MPD:DSD_AN_HOUSE_PRICES@DF_HOUSE_PRICES(1.0),Analytical house prices indicators,I,LVA,Latvia,A,Annual,RPI,Rent prices,IX,Index,1995,,25.0057166966584,,A,Normal value,0,Units,S,"Seasonally adjusted, not calendar adjusted",1,One,2015,
DATAFLOW,OECD.ECO.MPD:DSD_AN_HOUSE_PRICES@DF_HOUSE_PRICES(1.0),Analytical house prices indicators,I,LVA,Latvia,A,Annual,RPI,Rent prices,IX,Index,1996,,26.9187843196223,,A,Normal value,0,Units,S,"Seasonally adjusted, not calendar adjusted",1,One,2015,
DATAFLOW,OECD.ECO.MPD:DSD_AN_HOUSE_PRICES@DF_HOUSE_PRICES(1.0),Analytical house prices indicators,I,LVA,Latvia,A,Annual,RPI,Rent prices,IX,Index,1997,,36.2668124000039,,A,Normal value,0,Units,S,"Seasonally adjusted, not calendar adjusted",1,One,2015,
DATAFLOW,OECD.ECO.MPD:DSD_AN_HOUSE_PRICES@DF_HOUSE_PRICES(1.0),Analytical house prices indicators,I,LVA,Latvia,A,Annual,RPI,Rent prices,IX,Index,1998,,48.3279705795729,,A,Normal value,0,Units,S,"Seasonally adjusted, not calendar adjusted",1,One,2015,
DATAFLOW,OECD.ECO.MPD:DSD_AN_HOUSE_PRICES@DF_HOUSE_PRICES(1.0),Analytical house prices indicators,I,LVA,Latvia,A,Annual,RPI,Rent prices,IX,Index,1999,,49.1726187698119,,A,Normal value,0,Units,S,"Seasonally adjusted, not calendar adjusted",1,One,2015,
DATAFLOW,OECD.ECO.MPD:DSD_AN_HOUSE_PRICES@DF_HOUSE_PRICES(1.0),Analytical house prices indicators,I,LVA,Latvia,A,Annual,RPI,Rent prices,IX,Index,2000,,50.1405550070278,,A,Normal value,0,Units,S,"Seasonally adjusted, not calendar adjusted",1,One,2015,
DATAFLOW,OECD.ECO.MPD:DSD_AN_HOUSE_PRICES@DF_HOUSE_PRICES(1.0),Analytical house prices indicators,I,LVA,Latvia,A,Annual,RPI,Rent prices,IX,Index,2001,,51.4791825739592,,A,Normal value,0,Units,S,"Seasonally adjusted, not calendar adjusted",1,One,2015,
DATAFLOW,OECD.ECO.MPD:DSD_AN_HOUSE_PRICES@DF_HOUSE_PRICES(1.0),Analytical house prices indicators,I,LVA,Latvia,A,Annual,RPI,Rent prices,IX,Index,2002,,51.7274875863744,,A,Normal value,0,Units,S,"Seasonally adjusted, not calendar adjusted",1,One,2015,
DATAFLOW,OECD.ECO.MPD:DSD_AN_HOUSE_PRICES@DF_HOUSE_PRICES(1.0),Analytical house prices indicators,I,LVA,Latvia,A,Annual,RPI,Rent prices,IX,Index,2003,,52.6192401309621,,A,Normal value,0,Units,S,"Seasonally adjusted, not calendar adjusted",1,One,2015,
DATAFLOW,OECD.ECO.MPD:DSD_AN_HOUSE_PRICES@DF_HOUSE_PRICES(1.0),Analytical house prices indicators,I,LVA,Latvia,A,Annual,RPI,Rent prices,IX,Index,2004,,56.2937303146866,,A,Normal value,0,Units,S,"Seasonally adjusted, not calendar adjusted",1,One,2015,
DATAFLOW,OECD.ECO.MPD:DSD_AN_HOUSE_PRICES@DF_HOUSE_PRICES(1.0),Analytical house prices indicators,I,LVA,Latvia,A,Annual,RPI,Rent prices,IX,Index,2005,,63.4508931725447,,A,Normal value,0,Units,S,"Seasonally adjusted, not calendar adjusted",1,One,2015,
DATAFLOW,OECD.ECO.MPD:DSD_AN_HOUSE_PRICES@DF_HOUSE_PRICES(1.0),Analytical house prices indicators,I,LVA,Latvia,A,Annual,RPI,Rent prices,IX,Index,2006,,70.7073010353651,,A,Normal value,0,Units,S,"Seasonally adjusted, not calendar adjusted",1,One,2015,
DATAFLOW,OECD.ECO.MPD:DSD_AN_HOUSE_PRICES@DF_HOUSE_PRICES(1.0),Analytical house prices indicators,I,LVA,Latvia,A,Annual,RPI,Rent prices,IX,Index,2007,,83.882859194143,,A,Normal value,0,Units,S,"Seasonally adjusted, not calendar adjusted",1,One,2015,
DATAFLOW,OECD.ECO.MPD:DSD_AN_HOUSE_PRICES@DF_HOUSE_PRICES(1.0),Analytical house prices indicators,I,LVA,Latvia,A,Annual,RPI,Rent prices,IX,Index,2008,,104.630962731548,,A,Normal value,0,Units,S,"Seasonally adjusted, not calendar adjusted",1,One,2015,
DATAFLOW,OECD.ECO.MPD:DSD_AN_HOUSE_PRICES@DF_HOUSE_PRICES(1.0),Analytical house prices indicators,I,LVA,Latvia,A,Annual,RPI,Rent prices,IX,Index,2009,,89.896239494812,,A,Normal value,0,Units,S,"Seasonally adjusted, not calendar adjusted",1,One,2015,
DATAFLOW,OECD.ECO.MPD:DSD_AN_HOUSE_PRICES@DF_HOUSE_PRICES(1.0),Analytical house prices indicators,I,LVA,Latvia,A,Annual,RPI,Rent prices,IX,Index,2010,,77.3819213690961,,A,Normal value,0,Units,S,"Seasonally adjusted, not calendar adjusted",1,One,2015,
DATAFLOW,OECD.ECO.MPD:DSD_AN_HOUSE_PRICES@DF_HOUSE_PRICES(1.0),Analytical house prices indicators,I,LVA,Latvia,A,Annual,RPI,Rent prices,IX,Index,2011,,81.7140740857038,,A,Normal value,0,Units,S,"Seasonally adjusted, not calendar adjusted",1,One,2015,
DATAFLOW,OECD.ECO.MPD:DSD_AN_HOUSE_PRICES@DF_HOUSE_PRICES(1.0),Analytical house prices indicators,I,LVA,Latvia,A,Annual,RPI,Rent prices,IX,Index,2012,,89.5252344762618,,A,Normal value,0,Units,S,"Seasonally adjusted, not calendar adjusted",1,One,2015,
DATAFLOW,OECD.ECO.MPD:DSD_AN_HOUSE_PRICES@DF_HOUSE_PRICES(1.0),Analytical house prices indicators,I,LVA,Latvia,A,Annual,RPI,Rent prices,IX,Index,2013,,94.5835997291801,,A,Normal value,0,Units,S,"Seasonally adjusted, not calendar adjusted",1,One,2015,
DATAFLOW,OECD.ECO.MPD:DSD_AN_HOUSE_PRICES@DF_HOUSE_PRICES(1.0),Analytical house prices indicators,I,LVA,Latvia,A,Annual,RPI,Rent prices,IX,Index,2014,,99.2620074631005,,A,Normal value,0,Units,S,"Seasonally adjusted, not calendar adjusted",1,One,2015,
DATAFLOW,OECD.ECO.MPD:DSD_AN_HOUSE_PRICES@DF_HOUSE_PRICES(1.0),Analytical house prices indicators,I,LVA,Latvia,A,Annual,RPI,Rent prices,IX,Index,2015,,100,,A,Normal value,0,Units,S,"Seasonally adjusted, not calendar adjusted",1,One,2015,
DATAFLOW,OECD.ECO.MPD:DSD_AN_HOUSE_PRICES@DF_HOUSE_PRICES(1.0),Analytical house prices indicators,I,LVA,Latvia,A,Annual,RPI,Rent prices,IX,Index,2016,,98.6193074309655,,A,Normal value,0,Units,S,"Seasonally adjusted, not calendar adjusted",1,One,2015,
DATAFLOW,OECD.ECO.MPD:DSD_AN_HOUSE_PRICES@DF_HOUSE_PRICES(1.0),Analytical house prices indicators,I,LVA,Latvia,A,Annual,RPI,Rent prices,IX,Index,2017,,98.2735124136757,,A,Normal value,0,Units,S,"Seasonally adjusted, not calendar adjusted",1,One,2015,
DATAFLOW,OECD.ECO.MPD:DSD_AN_HOUSE_PRICES@DF_HOUSE_PRICES(1.0),Analytical house prices indicators,I,LVA,Latvia,A,Annual,RPI,Rent prices,IX,Index,2018,,102.369872618493,,A,Normal value,0,Units,S,"Seasonally adjusted, not calendar adjusted",1,One,2015,
DATAFLOW,OECD.ECO.MPD:DSD_AN_HOUSE_PRICES@DF_HOUSE_PRICES(1.0),Analytical house prices indicators,I,LVA,Latvia,A,Annual,RPI,Rent prices,IX,Index,2019,,107.120055356003,,A,Normal value,0,Units,S,"Seasonally adjusted, not calendar adjusted",1,One,2015,
DATAFLOW,OECD.ECO.MPD:DSD_AN_HOUSE_PRICES@DF_HOUSE_PRICES(1.0),Analytical house prices indicators,I,LVA,Latvia,A,Annual,RPI,Rent prices,IX,Index,2020,,104.808955240448,,A,Normal value,0,Units,S,"Seasonally adjusted, not calendar adjusted",1,One,2015,
DATAFLOW,OECD.ECO.MPD:DSD_AN_HOUSE_PRICES@DF_HOUSE_PRICES(1.0),Analytical house prices indicators,I,LVA,Latvia,A,Annual,RPI,Rent prices,IX,Index,2021,,106.461155323058,,A,Normal value,0,Units,S,"Seasonally adjusted, not calendar adjusted",1,One,2015,
DATAFLOW,OECD.ECO.MPD:DSD_AN_HOUSE_PRICES@DF_HOUSE_PRICES(1.0),Analytical house prices indicators,I,LVA,Latvia,A,Annual,RPI,Rent prices,IX,Index,2022,,109.586555479328,,A,Normal value,0,Units,S,"Seasonally adjusted, not calendar adjusted",1,One,2015,
DATAFLOW,OECD.ECO.MPD:DSD_AN_HOUSE_PRICES@DF_HOUSE_PRICES(1.0),Analytical house prices indicators,I,LVA,Latvia,A,Annual,RPI,Rent prices,IX,Index,2023,,112.735580636779,,A,Normal value,0,Units,S,"Seasonally adjusted, not calendar adjusted",1,One,2015,
DATAFLOW,OECD.ECO.MPD:DSD_AN_HOUSE_PRICES@DF_HOUSE_PRICES(1.0),Analytical house prices indicators,I,LVA,Latvia,A,Annual,RPI,Rent prices,IX,Index,2024,,120.864506043225,,A,Normal value,0,Units,S,"Seasonally adjusted, not calendar adjusted",1,One,2015,
DATAFLOW,OECD.ECO.MPD:DSD_AN_HOUSE_PRICES@DF_HOUSE_PRICES(1.0),Analytical house prices indicators,I,LVA,Latvia,A,Annual,RPI,Rent prices,IX,Index,2025,,127.777456388071,,A,Normal value,0,Units,S,"Seasonally adjusted, not calendar adjusted",1,One,2015,
DATAFLOW,OECD.ECO.MPD:DSD_AN_HOUSE_PRICES@DF_HOUSE_PRICES(1.0),Analytical house prices indicators,I,LTU,Lithuania,A,Annual,RPI,Rent prices,IX,Index,1993,,4.87803272592966,,A,Normal value,0,Units,S,"Seasonally adjusted, not calendar adjusted",1,One,2015,
DATAFLOW,OECD.ECO.MPD:DSD_AN_HOUSE_PRICES@DF_HOUSE_PRICES(1.0),Analytical house prices indicators,I,LTU,Lithuania,A,Annual,RPI,Rent prices,IX,Index,1994,,10.1496470412493,,A,Normal value,0,Units,S,"Seasonally adjusted, not calendar adjusted",1,One,2015,
DATAFLOW,OECD.ECO.MPD:DSD_AN_HOUSE_PRICES@DF_HOUSE_PRICES(1.0),Analytical house prices indicators,I,LTU,Lithuania,A,Annual,RPI,Rent prices,IX,Index,1995,,13.6345999345391,,A,Normal value,0,Units,S,"Seasonally adjusted, not calendar adjusted",1,One,2015,
DATAFLOW,OECD.ECO.MPD:DSD_AN_HOUSE_PRICES@DF_HOUSE_PRICES(1.0),Analytical house prices indicators,I,LTU,Lithuania,A,Annual,RPI,Rent prices,IX,Index,1996,,16.3659820518097,,A,Normal value,0,Units,S,"Seasonally adjusted, not calendar adjusted",1,One,2015,
DATAFLOW,OECD.ECO.MPD:DSD_AN_HOUSE_PRICES@DF_HOUSE_PRICES(1.0),Analytical house prices indicators,I,LTU,Lithuania,A,Annual,RPI,Rent prices,IX,Index,1997,,18.0218459010923,,A,Normal value,0,Units,S,"Seasonally adjusted, not calendar adjusted",1,One,2015,
DATAFLOW,OECD.ECO.MPD:DSD_AN_HOUSE_PRICES@DF_HOUSE_PRICES(1.0),Analytical house prices indicators,I,LTU,Lithuania,A,Annual,RPI,Rent prices,IX,Index,1998,,32.4268716213436,,A,Normal value,0,Units,S,"Seasonally adjusted, not calendar adjusted",1,One,2015,
DATAFLOW,OECD.ECO.MPD:DSD_AN_HOUSE_PRICES@DF_HOUSE_PRICES(1.0),Analytical house prices indicators,I,LTU,Lithuania,A,Annual,RPI,Rent prices,IX,Index,1999,,36.1977218098862,,A,Normal value,0,Units,S,"Seasonally adjusted, not calendar adjusted",1,One,2015,
DATAFLOW,OECD.ECO.MPD:DSD_AN_HOUSE_PRICES@DF_HOUSE_PRICES(1.0),Analytical house prices indicators,I,LTU,Lithuania,A,Annual,RPI,Rent prices,IX,Index,2000,,35.2217042610853,,A,Normal value,0,Units,S,"Seasonally adjusted, not calendar adjusted",1,One,2015,
DATAFLOW,OECD.ECO.MPD:DSD_AN_HOUSE_PRICES@DF_HOUSE_PRICES(1.0),Analytical house prices indicators,I,LTU,Lithuania,A,Annual,RPI,Rent prices,IX,Index,2001,,33.2593166629659,,A,Normal value,0,Units,S,"Seasonally adjusted, not calendar adjusted",1,One,2015,
DATAFLOW,OECD.ECO.MPD:DSD_AN_HOUSE_PRICES@DF_HOUSE_PRICES(1.0),Analytical house prices indicators,I,LTU,Lithuania,A,Annual,RPI,Rent prices,IX,Index,2002,,33.0253116512656,,A,Normal value,0,Units,S,"Seasonally adjusted, not calendar adjusted",1,One,2015,
DATAFLOW,OECD.ECO.MPD:DSD_AN_HOUSE_PRICES@DF_HOUSE_PRICES(1.0),Analytical house prices indicators,I,LTU,Lithuania,A,Annual,RPI,Rent prices,IX,Index,2003,,33.7068566853429,,A,Normal value,0,Units,S,"Seasonally adjusted, not calendar adjusted",1,One,2015,
DATAFLOW,OECD.ECO.MPD:DSD_AN_HOUSE_PRICES@DF_HOUSE_PRICES(1.0),Analytical house prices indicators,I,LTU,Lithuania,A,Annual,RPI,Rent prices,IX,Index,2004,,35.6245592812281,,A,Normal value,0,Units,S,"Seasonally adjusted, not calendar adjusted",1,One,2015,
DATAFLOW,OECD.ECO.MPD:DSD_AN_HOUSE_PRICES@DF_HOUSE_PRICES(1.0),Analytical house prices indicators,I,LTU,Lithuania,A,Annual,RPI,Rent prices,IX,Index,2005,,41.1690745584538,,A,Normal value,0,Units,S,"Seasonally adjusted, not calendar adjusted",1,One,2015,
DATAFLOW,OECD.ECO.MPD:DSD_AN_HOUSE_PRICES@DF_HOUSE_PRICES(1.0),Analytical house prices indicators,I,LTU,Lithuania,A,Annual,RPI,Rent prices,IX,Index,2006,,49.86059749303,,A,Normal value,0,Units,S,"Seasonally adjusted, not calendar adjusted",1,One,2015,
DATAFLOW,OECD.ECO.MPD:DSD_AN_HOUSE_PRICES@DF_HOUSE_PRICES(1.0),Analytical house prices indicators,I,LTU,Lithuania,A,Annual,RPI,Rent prices,IX,Index,2007,,64.0670557033529,,A,Normal value,0,Units,S,"Seasonally adjusted, not calendar adjusted",1,One,2015,
DATAFLOW,OECD.ECO.MPD:DSD_AN_HOUSE_PRICES@DF_HOUSE_PRICES(1.0),Analytical house prices indicators,I,LTU,Lithuania,A,Annual,RPI,Rent prices,IX,Index,2008,,87.3281318664067,,A,Normal value,0,Units,S,"Seasonally adjusted, not calendar adjusted",1,One,2015,
DATAFLOW,OECD.ECO.MPD:DSD_AN_HOUSE_PRICES@DF_HOUSE_PRICES(1.0),Analytical house prices indicators,I,LTU,Lithuania,A,Annual,RPI,Rent prices,IX,Index,2009,,78.2572314128617,,A,Normal value,0,Units,S,"Seasonally adjusted, not calendar adjusted",1,One,2015,
DATAFLOW,OECD.ECO.MPD:DSD_AN_HOUSE_PRICES@DF_HOUSE_PRICES(1.0),Analytical house prices indicators,I,LTU,Lithuania,A,Annual,RPI,Rent prices,IX,Index,2010,,63.1121156556059,,A,Normal value,0,Units,S,"Seasonally adjusted, not calendar adjusted",1,One,2015,
DATAFLOW,OECD.ECO.MPD:DSD_AN_HOUSE_PRICES@DF_HOUSE_PRICES(1.0),Analytical house prices indicators,I,LTU,Lithuania,A,Annual,RPI,Rent prices,IX,Index,2011,,64.5683857284194,,A,Normal value,0,Units,S,"Seasonally adjusted, not calendar adjusted",1,One,2015,
DATAFLOW,OECD.ECO.MPD:DSD_AN_HOUSE_PRICES@DF_HOUSE_PRICES(1.0),Analytical house prices indicators,I,LTU,Lithuania,A,Annual,RPI,Rent prices,IX,Index,2012,,71.1677435583873,,A,Normal value,0,Units,S,"Seasonally adjusted, not calendar adjusted",1,One,2015,
DATAFLOW,OECD.ECO.MPD:DSD_AN_HOUSE_PRICES@DF_HOUSE_PRICES(1.0),Analytical house prices indicators,I,LTU,Lithuania,A,Annual,RPI,Rent prices,IX,Index,2013,,75.7968012898402,,A,Normal value,0,Units,S,"Seasonally adjusted, not calendar adjusted",1,One,2015,
DATAFLOW,OECD.ECO.MPD:DSD_AN_HOUSE_PRICES@DF_HOUSE_PRICES(1.0),Analytical house prices indicators,I,LTU,Lithuania,A,Annual,RPI,Rent prices,IX,Index,2014,,84.6537192326861,,A,Normal value,0,Units,S,"Seasonally adjusted, not calendar adjusted",1,One,2015,
DATAFLOW,OECD.ECO.MPD:DSD_AN_HOUSE_PRICES@DF_HOUSE_PRICES(1.0),Analytical house prices indicators,I,LTU,Lithuania,A,Annual,RPI,Rent prices,IX,Index,2015,,100,,A,Normal value,0,Units,S,"Seasonally adjusted, not calendar adjusted",1,One,2015,
DATAFLOW,OECD.ECO.MPD:DSD_AN_HOUSE_PRICES@DF_HOUSE_PRICES(1.0),Analytical house prices indicators,I,LTU,Lithuania,A,Annual,RPI,Rent prices,IX,Index,2016,,110.400505520025,,A,Normal value,0,Units,S,"Seasonally adjusted, not calendar adjusted",1,One,2015,
DATAFLOW,OECD.ECO.MPD:DSD_AN_HOUSE_PRICES@DF_HOUSE_PRICES(1.0),Analytical house prices indicators,I,LTU,Lithuania,A,Annual,RPI,Rent prices,IX,Index,2017,,110.801580540079,,A,Normal value,0,Units,S,"Seasonally adjusted, not calendar adjusted",1,One,2015,
DATAFLOW,OECD.ECO.MPD:DSD_AN_HOUSE_PRICES@DF_HOUSE_PRICES(1.0),Analytical house prices indicators,I,LTU,Lithuania,A,Annual,RPI,Rent prices,IX,Index,2018,,117.192380859619,,A,Normal value,0,Units,S,"Seasonally adjusted, not calendar adjusted",1,One,2015,
DATAFLOW,OECD.ECO.MPD:DSD_AN_HOUSE_PRICES@DF_HOUSE_PRICES(1.0),Analytical house prices indicators,I,LTU,Lithuania,A,Annual,RPI,Rent prices,IX,Index,2019,,126.173781308689,,A,Normal value,0,Units,S,"Seasonally adjusted, not calendar adjusted",1,One,2015,
DATAFLOW,OECD.ECO.MPD:DSD_AN_HOUSE_PRICES@DF_HOUSE_PRICES(1.0),Analytical house prices indicators,I,LTU,Lithuania,A,Annual,RPI,Rent prices,IX,Index,2020,,129.531456476573,,A,Normal value,0,Units,S,"Seasonally adjusted, not calendar adjusted",1,One,2015,
DATAFLOW,OECD.ECO.MPD:DSD_AN_HOUSE_PRICES@DF_HOUSE_PRICES(1.0),Analytical house prices indicators,I,LTU,Lithuania,A,Annual,RPI,Rent prices,IX,Index,2021,,131.879331593967,,A,Normal value,0,Units,S,"Seasonally adjusted, not calendar adjusted",1,One,2015,
DATAFLOW,OECD.ECO.MPD:DSD_AN_HOUSE_PRICES@DF_HOUSE_PRICES(1.0),Analytical house prices indicators,I,LTU,Lithuania,A,Annual,RPI,Rent prices,IX,Index,2022,,153.170032658502,,A,Normal value,0,Units,S,"Seasonally adjusted, not calendar adjusted",1,One,2015,
DATAFLOW,OECD.ECO.MPD:DSD_AN_HOUSE_PRICES@DF_HOUSE_PRICES(1.0),Analytical house prices indicators,I,LTU,Lithuania,A,Annual,RPI,Rent prices,IX,Index,2023,,168.380333419017,,A,Normal value,0,Units,S,"Seasonally adjusted, not calendar adjusted",1,One,2015,
DATAFLOW,OECD.ECO.MPD:DSD_AN_HOUSE_PRICES@DF_HOUSE_PRICES(1.0),Analytical house prices indicators,I,LTU,Lithuania,A,Annual,RPI,Rent prices,IX,Index,2024,,173.903133695157,,A,Normal value,0,Units,S,"Seasonally adjusted, not calendar adjusted",1,One,2015,
DATAFLOW,OECD.ECO.MPD:DSD_AN_HOUSE_PRICES@DF_HOUSE_PRICES(1.0),Analytical house prices indicators,I,LTU,Lithuania,A,Annual,RPI,Rent prices,IX,Index,2025,,183.519334174487,,A,Normal value,0,Units,S,"Seasonally adjusted, not calendar adjusted",1,One,2015,
DATAFLOW,OECD.ECO.MPD:DSD_AN_HOUSE_PRICES@DF_HOUSE_PRICES(1.0),Analytical house prices indicators,I,LUX,Luxembourg,A,Annual,RPI,Rent prices,IX,Index,1995,,64.0426223034653,,A,Normal value,0,Units,S,"Seasonally adjusted, not calendar adjusted",1,One,2015,
DATAFLOW,OECD.ECO.MPD:DSD_AN_HOUSE_PRICES@DF_HOUSE_PRICES(1.0),Analytical house prices indicators,I,LUX,Luxembourg,A,Annual,RPI,Rent prices,IX,Index,1996,,65.9815399486154,,A,Normal value,0,Units,S,"Seasonally adjusted, not calendar adjusted",1,One,2015,
DATAFLOW,OECD.ECO.MPD:DSD_AN_HOUSE_PRICES@DF_HOUSE_PRICES(1.0),Analytical house prices indicators,I,LUX,Luxembourg,A,Annual,RPI,Rent prices,IX,Index,1997,,68.0846651063498,,A,Normal value,0,Units,S,"Seasonally adjusted, not calendar adjusted",1,One,2015,
DATAFLOW,OECD.ECO.MPD:DSD_AN_HOUSE_PRICES@DF_HOUSE_PRICES(1.0),Analytical house prices indicators,I,LUX,Luxembourg,A,Annual,RPI,Rent prices,IX,Index,1998,,69.9157102436782,,A,Normal value,0,Units,S,"Seasonally adjusted, not calendar adjusted",1,One,2015,
DATAFLOW,OECD.ECO.MPD:DSD_AN_HOUSE_PRICES@DF_HOUSE_PRICES(1.0),Analytical house prices indicators,I,LUX,Luxembourg,A,Annual,RPI,Rent prices,IX,Index,1999,,71.6197828714836,,A,Normal value,0,Units,S,"Seasonally adjusted, not calendar adjusted",1,One,2015,
DATAFLOW,OECD.ECO.MPD:DSD_AN_HOUSE_PRICES@DF_HOUSE_PRICES(1.0),Analytical house prices indicators,I,LUX,Luxembourg,A,Annual,RPI,Rent prices,IX,Index,2000,,73.8346030375951,,A,Normal value,0,Units,S,"Seasonally adjusted, not calendar adjusted",1,One,2015,
DATAFLOW,OECD.ECO.MPD:DSD_AN_HOUSE_PRICES@DF_HOUSE_PRICES(1.0),Analytical house prices indicators,I,LUX,Luxembourg,A,Annual,RPI,Rent prices,IX,Index,2001,,76.0561032042077,,A,Normal value,0,Units,S,"Seasonally adjusted, not calendar adjusted",1,One,2015,
DATAFLOW,OECD.ECO.MPD:DSD_AN_HOUSE_PRICES@DF_HOUSE_PRICES(1.0),Analytical house prices indicators,I,LUX,Luxembourg,A,Annual,RPI,Rent prices,IX,Index,2002,,78.0952608571445,,A,Normal value,0,Units,S,"Seasonally adjusted, not calendar adjusted",1,One,2015,
DATAFLOW,OECD.ECO.MPD:DSD_AN_HOUSE_PRICES@DF_HOUSE_PRICES(1.0),Analytical house prices indicators,I,LUX,Luxembourg,A,Annual,RPI,Rent prices,IX,Index,2003,,79.4804759610356,,A,Normal value,0,Units,S,"Seasonally adjusted, not calendar adjusted",1,One,2015,
DATAFLOW,OECD.ECO.MPD:DSD_AN_HOUSE_PRICES@DF_HOUSE_PRICES(1.0),Analytical house prices indicators,I,LUX,Luxembourg,A,Annual,RPI,Rent prices,IX,Index,2004,,80.7549535566214,,A,Normal value,0,Units,S,"Seasonally adjusted, not calendar adjusted",1,One,2015,
DATAFLOW,OECD.ECO.MPD:DSD_AN_HOUSE_PRICES@DF_HOUSE_PRICES(1.0),Analytical house prices indicators,I,LUX,Luxembourg,A,Annual,RPI,Rent prices,IX,Index,2005,,83.1587937369094,,A,Normal value,0,Units,S,"Seasonally adjusted, not calendar adjusted",1,One,2015,
DATAFLOW,OECD.ECO.MPD:DSD_AN_HOUSE_PRICES@DF_HOUSE_PRICES(1.0),Analytical house prices indicators,I,LUX,Luxembourg,A,Annual,RPI,Rent prices,IX,Index,2006,,85.0499813787485,,A,Normal value,0,Units,S,"Seasonally adjusted, not calendar adjusted",1,One,2015,
DATAFLOW,OECD.ECO.MPD:DSD_AN_HOUSE_PRICES@DF_HOUSE_PRICES(1.0),Analytical house prices indicators,I,LUX,Luxembourg,A,Annual,RPI,Rent prices,IX,Index,2007,,86.5239839892987,,A,Normal value,0,Units,S,"Seasonally adjusted, not calendar adjusted",1,One,2015,
DATAFLOW,OECD.ECO.MPD:DSD_AN_HOUSE_PRICES@DF_HOUSE_PRICES(1.0),Analytical house prices indicators,I,LUX,Luxembourg,A,Annual,RPI,Rent prices,IX,Index,2008,,89.1130291834771,,A,Normal value,0,Units,S,"Seasonally adjusted, not calendar adjusted",1,One,2015,
DATAFLOW,OECD.ECO.MPD:DSD_AN_HOUSE_PRICES@DF_HOUSE_PRICES(1.0),Analytical house prices indicators,I,LUX,Luxembourg,A,Annual,RPI,Rent prices,IX,Index,2009,,91.3631693522376,,A,Normal value,0,Units,S,"Seasonally adjusted, not calendar adjusted",1,One,2015,
DATAFLOW,OECD.ECO.MPD:DSD_AN_HOUSE_PRICES@DF_HOUSE_PRICES(1.0),Analytical house prices indicators,I,LUX,Luxembourg,A,Annual,RPI,Rent prices,IX,Index,2010,,93.0548344791125,,A,Normal value,0,Units,S,"Seasonally adjusted, not calendar adjusted",1,One,2015,
DATAFLOW,OECD.ECO.MPD:DSD_AN_HOUSE_PRICES@DF_HOUSE_PRICES(1.0),Analytical house prices indicators,I,LUX,Luxembourg,A,Annual,RPI,Rent prices,IX,Index,2011,,94.8314621123596,,A,Normal value,0,Units,S,"Seasonally adjusted, not calendar adjusted",1,One,2015,
DATAFLOW,OECD.ECO.MPD:DSD_AN_HOUSE_PRICES@DF_HOUSE_PRICES(1.0),Analytical house prices indicators,I,LUX,Luxembourg,A,Annual,RPI,Rent prices,IX,Index,2012,,96.0944797070859,,A,Normal value,0,Units,S,"Seasonally adjusted, not calendar adjusted",1,One,2015,
DATAFLOW,OECD.ECO.MPD:DSD_AN_HOUSE_PRICES@DF_HOUSE_PRICES(1.0),Analytical house prices indicators,I,LUX,Luxembourg,A,Annual,RPI,Rent prices,IX,Index,2013,,97.4395998079699,,A,Normal value,0,Units,S,"Seasonally adjusted, not calendar adjusted",1,One,2015,
DATAFLOW,OECD.ECO.MPD:DSD_AN_HOUSE_PRICES@DF_HOUSE_PRICES(1.0),Analytical house prices indicators,I,LUX,Luxembourg,A,Annual,RPI,Rent prices,IX,Index,2014,,98.372307377923,,A,Normal value,0,Units,S,"Seasonally adjusted, not calendar adjusted",1,One,2015,
DATAFLOW,OECD.ECO.MPD:DSD_AN_HOUSE_PRICES@DF_HOUSE_PRICES(1.0),Analytical house prices indicators,I,LUX,Luxembourg,A,Annual,RPI,Rent prices,IX,Index,2015,,100,,A,Normal value,0,Units,S,"Seasonally adjusted, not calendar adjusted",1,One,2015,
DATAFLOW,OECD.ECO.MPD:DSD_AN_HOUSE_PRICES@DF_HOUSE_PRICES(1.0),Analytical house prices indicators,I,LUX,Luxembourg,A,Annual,RPI,Rent prices,IX,Index,2016,,100.850607563795,,A,Normal value,0,Units,S,"Seasonally adjusted, not calendar adjusted",1,One,2015,
DATAFLOW,OECD.ECO.MPD:DSD_AN_HOUSE_PRICES@DF_HOUSE_PRICES(1.0),Analytical house prices indicators,I,LUX,Luxembourg,A,Annual,RPI,Rent prices,IX,Index,2017,,102.028657652149,,A,Normal value,0,Units,S,"Seasonally adjusted, not calendar adjusted",1,One,2015,
DATAFLOW,OECD.ECO.MPD:DSD_AN_HOUSE_PRICES@DF_HOUSE_PRICES(1.0),Analytical house prices indicators,I,LUX,Luxembourg,A,Annual,RPI,Rent prices,IX,Index,2018,,103.319382748954,,A,Normal value,0,Units,S,"Seasonally adjusted, not calendar adjusted",1,One,2015,
DATAFLOW,OECD.ECO.MPD:DSD_AN_HOUSE_PRICES@DF_HOUSE_PRICES(1.0),Analytical house prices indicators,I,LUX,Luxembourg,A,Annual,RPI,Rent prices,IX,Index,2019,,104.71413285356,,A,Normal value,0,Units,S,"Seasonally adjusted, not calendar adjusted",1,One,2015,
DATAFLOW,OECD.ECO.MPD:DSD_AN_HOUSE_PRICES@DF_HOUSE_PRICES(1.0),Analytical house prices indicators,I,LUX,Luxembourg,A,Annual,RPI,Rent prices,IX,Index,2020,,105.850207938765,,A,Normal value,0,Units,S,"Seasonally adjusted, not calendar adjusted",1,One,2015,
DATAFLOW,OECD.ECO.MPD:DSD_AN_HOUSE_PRICES@DF_HOUSE_PRICES(1.0),Analytical house prices indicators,I,LUX,Luxembourg,A,Annual,RPI,Rent prices,IX,Index,2021,,107.308908048168,,A,Normal value,0,Units,S,"Seasonally adjusted, not calendar adjusted",1,One,2015,
DATAFLOW,OECD.ECO.MPD:DSD_AN_HOUSE_PRICES@DF_HOUSE_PRICES(1.0),Analytical house prices indicators,I,LUX,Luxembourg,A,Annual,RPI,Rent prices,IX,Index,2022,,109.177183188289,,A,Normal value,0,Units,S,"Seasonally adjusted, not calendar adjusted",1,One,2015,
DATAFLOW,OECD.ECO.MPD:DSD_AN_HOUSE_PRICES@DF_HOUSE_PRICES(1.0),Analytical house prices indicators,I,LUX,Luxembourg,A,Annual,RPI,Rent prices,IX,Index,2023,,111.063608329771,,A,Normal value,0,Units,S,"Seasonally adjusted, not calendar adjusted",1,One,2015,
DATAFLOW,OECD.ECO.MPD:DSD_AN_HOUSE_PRICES@DF_HOUSE_PRICES(1.0),Analytical house prices indicators,I,LUX,Luxembourg,A,Annual,RPI,Rent prices,IX,Index,2024,,112.800158460012,,A,Normal value,0,Units,S,"Seasonally adjusted, not calendar adjusted",1,One,2015,
DATAFLOW,OECD.ECO.MPD:DSD_AN_HOUSE_PRICES@DF_HOUSE_PRICES(1.0),Analytical house prices indicators,I,LUX,Luxembourg,A,Annual,RPI,Rent prices,IX,Index,2025,,114.559583591786,,A,Normal value,0,Units,S,"Seasonally adjusted, not calendar adjusted",1,One,2015,
DATAFLOW,OECD.ECO.MPD:DSD_AN_HOUSE_PRICES@DF_HOUSE_PRICES(1.0),Analytical house prices indicators,I,MEX,Mexico,A,Annual,RPI,Rent prices,IX,Index,1980,,0.0867210241895515,,A,Normal value,0,Units,S,"Seasonally adjusted, not calendar adjusted",1,One,2015,
DATAFLOW,OECD.ECO.MPD:DSD_AN_HOUSE_PRICES@DF_HOUSE_PRICES(1.0),Analytical house prices indicators,I,MEX,Mexico,A,Annual,RPI,Rent prices,IX,Index,1981,,0.114259735717533,,A,Normal value,0,Units,S,"Seasonally adjusted, not calendar adjusted",1,One,2015,
DATAFLOW,OECD.ECO.MPD:DSD_AN_HOUSE_PRICES@DF_HOUSE_PRICES(1.0),Analytical house prices indicators,I,MEX,Mexico,A,Annual,RPI,Rent prices,IX,Index,1982,,0.174793903150762,,A,Normal value,0,Units,S,"Seasonally adjusted, not calendar adjusted",1,One,2015,
DATAFLOW,OECD.ECO.MPD:DSD_AN_HOUSE_PRICES@DF_HOUSE_PRICES(1.0),Analytical house prices indicators,I,MEX,Mexico,A,Annual,RPI,Rent prices,IX,Index,1983,,0.294749863156267,,A,Normal value,0,Units,S,"Seasonally adjusted, not calendar adjusted",1,One,2015,
DATAFLOW,OECD.ECO.MPD:DSD_AN_HOUSE_PRICES@DF_HOUSE_PRICES(1.0),Analytical house prices indicators,I,MEX,Mexico,A,Annual,RPI,Rent prices,IX,Index,1984,,0.432025795996775,,A,Normal value,0,Units,S,"Seasonally adjusted, not calendar adjusted",1,One,2015,
DATAFLOW,OECD.ECO.MPD:DSD_AN_HOUSE_PRICES@DF_HOUSE_PRICES(1.0),Analytical house prices indicators,I,MEX,Mexico,A,Annual,RPI,Rent prices,IX,Index,1985,,0.631217696097788,,A,Normal value,0,Units,S,"Seasonally adjusted, not calendar adjusted",1,One,2015,
DATAFLOW,OECD.ECO.MPD:DSD_AN_HOUSE_PRICES@DF_HOUSE_PRICES(1.0),Analytical house prices indicators,I,MEX,Mexico,A,Annual,RPI,Rent prices,IX,Index,1986,,1.03271449591069,,A,Normal value,0,Units,S,"Seasonally adjusted, not calendar adjusted",1,One,2015,
DATAFLOW,OECD.ECO.MPD:DSD_AN_HOUSE_PRICES@DF_HOUSE_PRICES(1.0),Analytical house prices indicators,I,MEX,Mexico,A,Annual,RPI,Rent prices,IX,Index,1987,,1.86162351729706,,A,Normal value,0,Units,S,"Seasonally adjusted, not calendar adjusted",1,One,2015,
DATAFLOW,OECD.ECO.MPD:DSD_AN_HOUSE_PRICES@DF_HOUSE_PRICES(1.0),Analytical house prices indicators,I,MEX,Mexico,A,Annual,RPI,Rent prices,IX,Index,1988,,4.34473595690801,,A,Normal value,0,Units,S,"Seasonally adjusted, not calendar adjusted",1,One,2015,
DATAFLOW,OECD.ECO.MPD:DSD_AN_HOUSE_PRICES@DF_HOUSE_PRICES(1.0),Analytical house prices indicators,I,MEX,Mexico,A,Annual,RPI,Rent prices,IX,Index,1989,,7.76641452919818,,A,Normal value,0,Units,S,"Seasonally adjusted, not calendar adjusted",1,One,2015,
DATAFLOW,OECD.ECO.MPD:DSD_AN_HOUSE_PRICES@DF_HOUSE_PRICES(1.0),Analytical house prices indicators,I,MEX,Mexico,A,Annual,RPI,Rent prices,IX,Index,1990,,11.5136310607961,,A,Normal value,0,Units,S,"Seasonally adjusted, not calendar adjusted",1,One,2015,
DATAFLOW,OECD.ECO.MPD:DSD_AN_HOUSE_PRICES@DF_HOUSE_PRICES(1.0),Analytical house prices indicators,I,MEX,Mexico,A,Annual,RPI,Rent prices,IX,Index,1991,,15.2777780902777,,A,Normal value,0,Units,S,"Seasonally adjusted, not calendar adjusted",1,One,2015,
DATAFLOW,OECD.ECO.MPD:DSD_AN_HOUSE_PRICES@DF_HOUSE_PRICES(1.0),Analytical house prices indicators,I,MEX,Mexico,A,Annual,RPI,Rent prices,IX,Index,1992,,18.0808302398962,,A,Normal value,0,Units,S,"Seasonally adjusted, not calendar adjusted",1,One,2015,
DATAFLOW,OECD.ECO.MPD:DSD_AN_HOUSE_PRICES@DF_HOUSE_PRICES(1.0),Analytical house prices indicators,I,MEX,Mexico,A,Annual,RPI,Rent prices,IX,Index,1993,,19.8881925139759,,A,Normal value,0,Units,S,"Seasonally adjusted, not calendar adjusted",1,One,2015,
DATAFLOW,OECD.ECO.MPD:DSD_AN_HOUSE_PRICES@DF_HOUSE_PRICES(1.0),Analytical house prices indicators,I,MEX,Mexico,A,Annual,RPI,Rent prices,IX,Index,1994,,21.3490773313653,,A,Normal value,0,Units,S,"Seasonally adjusted, not calendar adjusted",1,One,2015,
DATAFLOW,OECD.ECO.MPD:DSD_AN_HOUSE_PRICES@DF_HOUSE_PRICES(1.0),Analytical house prices indicators,I,MEX,Mexico,A,Annual,RPI,Rent prices,IX,Index,1995,,27.5113465610817,,A,Normal value,0,Units,S,"Seasonally adjusted, not calendar adjusted",1,One,2015,
DATAFLOW,OECD.ECO.MPD:DSD_AN_HOUSE_PRICES@DF_HOUSE_PRICES(1.0),Analytical house prices indicators,I,MEX,Mexico,A,Annual,RPI,Rent prices,IX,Index,1996,,35.3996180750477,,A,Normal value,0,Units,S,"Seasonally adjusted, not calendar adjusted",1,One,2015,
DATAFLOW,OECD.ECO.MPD:DSD_AN_HOUSE_PRICES@DF_HOUSE_PRICES(1.0),Analytical house prices indicators,I,MEX,Mexico,A,Annual,RPI,Rent prices,IX,Index,1997,,42.3174297103213,,A,Normal value,0,Units,S,"Seasonally adjusted, not calendar adjusted",1,One,2015,
DATAFLOW,OECD.ECO.MPD:DSD_AN_HOUSE_PRICES@DF_HOUSE_PRICES(1.0),Analytical house prices indicators,I,MEX,Mexico,A,Annual,RPI,Rent prices,IX,Index,1998,,49.0390288701214,,A,Normal value,0,Units,S,"Seasonally adjusted, not calendar adjusted",1,One,2015,
DATAFLOW,OECD.ECO.MPD:DSD_AN_HOUSE_PRICES@DF_HOUSE_PRICES(1.0),Analytical house prices indicators,I,MEX,Mexico,A,Annual,RPI,Rent prices,IX,Index,1999,,56.071927991009,,A,Normal value,0,Units,S,"Seasonally adjusted, not calendar adjusted",1,One,2015,
DATAFLOW,OECD.ECO.MPD:DSD_AN_HOUSE_PRICES@DF_HOUSE_PRICES(1.0),Analytical house prices indicators,I,MEX,Mexico,A,Annual,RPI,Rent prices,IX,Index,2000,,60.9327223834097,,A,Normal value,0,Units,S,"Seasonally adjusted, not calendar adjusted",1,One,2015,
DATAFLOW,OECD.ECO.MPD:DSD_AN_HOUSE_PRICES@DF_HOUSE_PRICES(1.0),Analytical house prices indicators,I,MEX,Mexico,A,Annual,RPI,Rent prices,IX,Index,2001,,64.4558744430157,,A,Normal value,0,Units,S,"Seasonally adjusted, not calendar adjusted",1,One,2015,
DATAFLOW,OECD.ECO.MPD:DSD_AN_HOUSE_PRICES@DF_HOUSE_PRICES(1.0),Analytical house prices indicators,I,MEX,Mexico,A,Annual,RPI,Rent prices,IX,Index,2002,,69.116856360393,,A,Normal value,0,Units,S,"Seasonally adjusted, not calendar adjusted",1,One,2015,
DATAFLOW,OECD.ECO.MPD:DSD_AN_HOUSE_PRICES@DF_HOUSE_PRICES(1.0),Analytical house prices indicators,I,MEX,Mexico,A,Annual,RPI,Rent prices,IX,Index,2003,,72.9186883851639,,A,Normal value,0,Units,S,"Seasonally adjusted, not calendar adjusted",1,One,2015,
DATAFLOW,OECD.ECO.MPD:DSD_AN_HOUSE_PRICES@DF_HOUSE_PRICES(1.0),Analytical house prices indicators,I,MEX,Mexico,A,Annual,RPI,Rent prices,IX,Index,2004,,75.729488033814,,A,Normal value,0,Units,S,"Seasonally adjusted, not calendar adjusted",1,One,2015,
DATAFLOW,OECD.ECO.MPD:DSD_AN_HOUSE_PRICES@DF_HOUSE_PRICES(1.0),Analytical house prices indicators,I,MEX,Mexico,A,Annual,RPI,Rent prices,IX,Index,2005,,78.065047741869,,A,Normal value,0,Units,S,"Seasonally adjusted, not calendar adjusted",1,One,2015,
DATAFLOW,OECD.ECO.MPD:DSD_AN_HOUSE_PRICES@DF_HOUSE_PRICES(1.0),Analytical house prices indicators,I,MEX,Mexico,A,Annual,RPI,Rent prices,IX,Index,2006,,80.5436249320469,,A,Normal value,0,Units,S,"Seasonally adjusted, not calendar adjusted",1,One,2015,
DATAFLOW,OECD.ECO.MPD:DSD_AN_HOUSE_PRICES@DF_HOUSE_PRICES(1.0),Analytical house prices indicators,I,MEX,Mexico,A,Annual,RPI,Rent prices,IX,Index,2007,,82.9911171261104,,A,Normal value,0,Units,S,"Seasonally adjusted, not calendar adjusted",1,One,2015,
DATAFLOW,OECD.ECO.MPD:DSD_AN_HOUSE_PRICES@DF_HOUSE_PRICES(1.0),Analytical house prices indicators,I,MEX,Mexico,A,Annual,RPI,Rent prices,IX,Index,2008,,85.5004143124482,,A,Normal value,0,Units,S,"Seasonally adjusted, not calendar adjusted",1,One,2015,
DATAFLOW,OECD.ECO.MPD:DSD_AN_HOUSE_PRICES@DF_HOUSE_PRICES(1.0),Analytical house prices indicators,I,MEX,Mexico,A,Annual,RPI,Rent prices,IX,Index,2009,,88.3465689566789,,A,Normal value,0,Units,S,"Seasonally adjusted, not calendar adjusted",1,One,2015,
DATAFLOW,OECD.ECO.MPD:DSD_AN_HOUSE_PRICES@DF_HOUSE_PRICES(1.0),Analytical house prices indicators,I,MEX,Mexico,A,Annual,RPI,Rent prices,IX,Index,2010,,90.4348486956439,,A,Normal value,0,Units,S,"Seasonally adjusted, not calendar adjusted",1,One,2015,
DATAFLOW,OECD.ECO.MPD:DSD_AN_HOUSE_PRICES@DF_HOUSE_PRICES(1.0),Analytical house prices indicators,I,MEX,Mexico,A,Annual,RPI,Rent prices,IX,Index,2011,,92.2657859667767,,A,Normal value,0,Units,S,"Seasonally adjusted, not calendar adjusted",1,One,2015,
DATAFLOW,OECD.ECO.MPD:DSD_AN_HOUSE_PRICES@DF_HOUSE_PRICES(1.0),Analytical house prices indicators,I,MEX,Mexico,A,Annual,RPI,Rent prices,IX,Index,2012,,93.9852232518471,,A,Normal value,0,Units,S,"Seasonally adjusted, not calendar adjusted",1,One,2015,
DATAFLOW,OECD.ECO.MPD:DSD_AN_HOUSE_PRICES@DF_HOUSE_PRICES(1.0),Analytical house prices indicators,I,MEX,Mexico,A,Annual,RPI,Rent prices,IX,Index,2013,,95.9928355008956,,A,Normal value,0,Units,S,"Seasonally adjusted, not calendar adjusted",1,One,2015,
DATAFLOW,OECD.ECO.MPD:DSD_AN_HOUSE_PRICES@DF_HOUSE_PRICES(1.0),Analytical house prices indicators,I,MEX,Mexico,A,Annual,RPI,Rent prices,IX,Index,2014,,97.9531227558597,,A,Normal value,0,Units,S,"Seasonally adjusted, not calendar adjusted",1,One,2015,
DATAFLOW,OECD.ECO.MPD:DSD_AN_HOUSE_PRICES@DF_HOUSE_PRICES(1.0),Analytical house prices indicators,I,MEX,Mexico,A,Annual,RPI,Rent prices,IX,Index,2015,,100,,A,Normal value,0,Units,S,"Seasonally adjusted, not calendar adjusted",1,One,2015,
DATAFLOW,OECD.ECO.MPD:DSD_AN_HOUSE_PRICES@DF_HOUSE_PRICES(1.0),Analytical house prices indicators,I,MEX,Mexico,A,Annual,RPI,Rent prices,IX,Index,2016,,102.223337222083,,A,Normal value,0,Units,S,"Seasonally adjusted, not calendar adjusted",1,One,2015,
DATAFLOW,OECD.ECO.MPD:DSD_AN_HOUSE_PRICES@DF_HOUSE_PRICES(1.0),Analytical house prices indicators,I,MEX,Mexico,A,Annual,RPI,Rent prices,IX,Index,2017,,104.73456190818,,A,Normal value,0,Units,S,"Seasonally adjusted, not calendar adjusted",1,One,2015,
DATAFLOW,OECD.ECO.MPD:DSD_AN_HOUSE_PRICES@DF_HOUSE_PRICES(1.0),Analytical house prices indicators,I,MEX,Mexico,A,Annual,RPI,Rent prices,IX,Index,2018,,107.366761579155,,A,Normal value,0,Units,S,"Seasonally adjusted, not calendar adjusted",1,One,2015,
DATAFLOW,OECD.ECO.MPD:DSD_AN_HOUSE_PRICES@DF_HOUSE_PRICES(1.0),Analytical house prices indicators,I,MEX,Mexico,A,Annual,RPI,Rent prices,IX,Index,2019,,110.385311201836,,A,Normal value,0,Units,S,"Seasonally adjusted, not calendar adjusted",1,One,2015,
DATAFLOW,OECD.ECO.MPD:DSD_AN_HOUSE_PRICES@DF_HOUSE_PRICES(1.0),Analytical house prices indicators,I,MEX,Mexico,A,Annual,RPI,Rent prices,IX,Index,2020,,113.176310852961,,A,Normal value,0,Units,S,"Seasonally adjusted, not calendar adjusted",1,One,2015,
DATAFLOW,OECD.ECO.MPD:DSD_AN_HOUSE_PRICES@DF_HOUSE_PRICES(1.0),Analytical house prices indicators,I,MEX,Mexico,A,Annual,RPI,Rent prices,IX,Index,2021,,115.487585564052,,A,Normal value,0,Units,S,"Seasonally adjusted, not calendar adjusted",1,One,2015,
DATAFLOW,OECD.ECO.MPD:DSD_AN_HOUSE_PRICES@DF_HOUSE_PRICES(1.0),Analytical house prices indicators,I,MEX,Mexico,A,Annual,RPI,Rent prices,IX,Index,2022,,118.81696014788,,A,Normal value,0,Units,S,"Seasonally adjusted, not calendar adjusted",1,One,2015,
DATAFLOW,OECD.ECO.MPD:DSD_AN_HOUSE_PRICES@DF_HOUSE_PRICES(1.0),Analytical house prices indicators,I,MEX,Mexico,A,Annual,RPI,Rent prices,IX,Index,2023,,122.873334640833,,A,Normal value,0,Units,S,"Seasonally adjusted, not calendar adjusted",1,One,2015,
DATAFLOW,OECD.ECO.MPD:DSD_AN_HOUSE_PRICES@DF_HOUSE_PRICES(1.0),Analytical house prices indicators,I,MEX,Mexico,A,Annual,RPI,Rent prices,IX,Index,2024,,127.701684037289,,A,Normal value,0,Units,S,"Seasonally adjusted, not calendar adjusted",1,One,2015,
DATAFLOW,OECD.ECO.MPD:DSD_AN_HOUSE_PRICES@DF_HOUSE_PRICES(1.0),Analytical house prices indicators,I,MEX,Mexico,A,Annual,RPI,Rent prices,IX,Index,2025,,132.33200845832,,A,Normal value,0,Units,S,"Seasonally adjusted, not calendar adjusted",1,One,2015,
DATAFLOW,OECD.ECO.MPD:DSD_AN_HOUSE_PRICES@DF_HOUSE_PRICES(1.0),Analytical house prices indicators,I,NLD,Netherlands,A,Annual,RPI,Rent prices,IX,Index,1960,,8.03024351903534,,A,Normal value,0,Units,S,"Seasonally adjusted, not calendar adjusted",1,One,2015,
DATAFLOW,OECD.ECO.MPD:DSD_AN_HOUSE_PRICES@DF_HOUSE_PRICES(1.0),Analytical house prices indicators,I,NLD,Netherlands,A,Annual,RPI,Rent prices,IX,Index,1961,,8.03024351914106,,A,Normal value,0,Units,S,"Seasonally adjusted, not calendar adjusted",1,One,2015,
DATAFLOW,OECD.ECO.MPD:DSD_AN_HOUSE_PRICES@DF_HOUSE_PRICES(1.0),Analytical house prices indicators,I,NLD,Netherlands,A,Annual,RPI,Rent prices,IX,Index,1962,,8.25330600326667,,A,Normal value,0,Units,S,"Seasonally adjusted, not calendar adjusted",1,One,2015,
DATAFLOW,OECD.ECO.MPD:DSD_AN_HOUSE_PRICES@DF_HOUSE_PRICES(1.0),Analytical house prices indicators,I,NLD,Netherlands,A,Annual,RPI,Rent prices,IX,Index,1963,,8.74053058954407,,A,Normal value,0,Units,S,"Seasonally adjusted, not calendar adjusted",1,One,2015,
DATAFLOW,OECD.ECO.MPD:DSD_AN_HOUSE_PRICES@DF_HOUSE_PRICES(1.0),Analytical house prices indicators,I,NLD,Netherlands,A,Annual,RPI,Rent prices,IX,Index,1964,,9.18078554711569,,A,Normal value,0,Units,S,"Seasonally adjusted, not calendar adjusted",1,One,2015,
DATAFLOW,OECD.ECO.MPD:DSD_AN_HOUSE_PRICES@DF_HOUSE_PRICES(1.0),Analytical house prices indicators,I,NLD,Netherlands,A,Annual,RPI,Rent prices,IX,Index,1965,,9.5876983081289,,A,Normal value,0,Units,S,"Seasonally adjusted, not calendar adjusted",1,One,2015,
DATAFLOW,OECD.ECO.MPD:DSD_AN_HOUSE_PRICES@DF_HOUSE_PRICES(1.0),Analytical house prices indicators,I,NLD,Netherlands,A,Annual,RPI,Rent prices,IX,Index,1966,,10.3294407844238,,A,Normal value,0,Units,S,"Seasonally adjusted, not calendar adjusted",1,One,2015,
DATAFLOW,OECD.ECO.MPD:DSD_AN_HOUSE_PRICES@DF_HOUSE_PRICES(1.0),Analytical house prices indicators,I,NLD,Netherlands,A,Annual,RPI,Rent prices,IX,Index,1967,,10.7703363990155,,A,Normal value,0,Units,S,"Seasonally adjusted, not calendar adjusted",1,One,2015,
DATAFLOW,OECD.ECO.MPD:DSD_AN_HOUSE_PRICES@DF_HOUSE_PRICES(1.0),Analytical house prices indicators,I,NLD,Netherlands,A,Annual,RPI,Rent prices,IX,Index,1968,,11.5708232253519,,A,Normal value,0,Units,S,"Seasonally adjusted, not calendar adjusted",1,One,2015,
DATAFLOW,OECD.ECO.MPD:DSD_AN_HOUSE_PRICES@DF_HOUSE_PRICES(1.0),Analytical house prices indicators,I,NLD,Netherlands,A,Annual,RPI,Rent prices,IX,Index,1969,,12.3766539366287,,A,Normal value,0,Units,S,"Seasonally adjusted, not calendar adjusted",1,One,2015,
DATAFLOW,OECD.ECO.MPD:DSD_AN_HOUSE_PRICES@DF_HOUSE_PRICES(1.0),Analytical house prices indicators,I,NLD,Netherlands,A,Annual,RPI,Rent prices,IX,Index,1970,,13.0366312114788,,A,Normal value,0,Units,S,"Seasonally adjusted, not calendar adjusted",1,One,2015,
DATAFLOW,OECD.ECO.MPD:DSD_AN_HOUSE_PRICES@DF_HOUSE_PRICES(1.0),Analytical house prices indicators,I,NLD,Netherlands,A,Annual,RPI,Rent prices,IX,Index,1971,,14.2726174870614,,A,Normal value,0,Units,S,"Seasonally adjusted, not calendar adjusted",1,One,2015,
DATAFLOW,OECD.ECO.MPD:DSD_AN_HOUSE_PRICES@DF_HOUSE_PRICES(1.0),Analytical house prices indicators,I,NLD,Netherlands,A,Annual,RPI,Rent prices,IX,Index,1972,,15.5643112944149,,A,Normal value,0,Units,S,"Seasonally adjusted, not calendar adjusted",1,One,2015,
DATAFLOW,OECD.ECO.MPD:DSD_AN_HOUSE_PRICES@DF_HOUSE_PRICES(1.0),Analytical house prices indicators,I,NLD,Netherlands,A,Annual,RPI,Rent prices,IX,Index,1973,,17.0313983494198,,A,Normal value,0,Units,S,"Seasonally adjusted, not calendar adjusted",1,One,2015,
DATAFLOW,OECD.ECO.MPD:DSD_AN_HOUSE_PRICES@DF_HOUSE_PRICES(1.0),Analytical house prices indicators,I,NLD,Netherlands,A,Annual,RPI,Rent prices,IX,Index,1974,,18.4530895923509,,A,Normal value,0,Units,S,"Seasonally adjusted, not calendar adjusted",1,One,2015,
DATAFLOW,OECD.ECO.MPD:DSD_AN_HOUSE_PRICES@DF_HOUSE_PRICES(1.0),Analytical house prices indicators,I,NLD,Netherlands,A,Annual,RPI,Rent prices,IX,Index,1975,,19.8046250206341,,A,Normal value,0,Units,S,"Seasonally adjusted, not calendar adjusted",1,One,2015,
DATAFLOW,OECD.ECO.MPD:DSD_AN_HOUSE_PRICES@DF_HOUSE_PRICES(1.0),Analytical house prices indicators,I,NLD,Netherlands,A,Annual,RPI,Rent prices,IX,Index,1976,,22.0981043757842,,A,Normal value,0,Units,S,"Seasonally adjusted, not calendar adjusted",1,One,2015,
DATAFLOW,OECD.ECO.MPD:DSD_AN_HOUSE_PRICES@DF_HOUSE_PRICES(1.0),Analytical house prices indicators,I,NLD,Netherlands,A,Annual,RPI,Rent prices,IX,Index,1977,,23.7506960024333,,A,Normal value,0,Units,S,"Seasonally adjusted, not calendar adjusted",1,One,2015,
DATAFLOW,OECD.ECO.MPD:DSD_AN_HOUSE_PRICES@DF_HOUSE_PRICES(1.0),Analytical house prices indicators,I,NLD,Netherlands,A,Annual,RPI,Rent prices,IX,Index,1978,,25.160412983528,,A,Normal value,0,Units,S,"Seasonally adjusted, not calendar adjusted",1,One,2015,
DATAFLOW,OECD.ECO.MPD:DSD_AN_HOUSE_PRICES@DF_HOUSE_PRICES(1.0),Analytical house prices indicators,I,NLD,Netherlands,A,Annual,RPI,Rent prices,IX,Index,1979,,27.0191350952368,,A,Normal value,0,Units,S,"Seasonally adjusted, not calendar adjusted",1,One,2015,
DATAFLOW,OECD.ECO.MPD:DSD_AN_HOUSE_PRICES@DF_HOUSE_PRICES(1.0),Analytical house prices indicators,I,NLD,Netherlands,A,Annual,RPI,Rent prices,IX,Index,1980,,28.8960140473624,,A,Normal value,0,Units,S,"Seasonally adjusted, not calendar adjusted",1,One,2015,
DATAFLOW,OECD.ECO.MPD:DSD_AN_HOUSE_PRICES@DF_HOUSE_PRICES(1.0),Analytical house prices indicators,I,NLD,Netherlands,A,Annual,RPI,Rent prices,IX,Index,1981,,31.1294489118574,,A,Normal value,0,Units,S,"Seasonally adjusted, not calendar adjusted",1,One,2015,
DATAFLOW,OECD.ECO.MPD:DSD_AN_HOUSE_PRICES@DF_HOUSE_PRICES(1.0),Analytical house prices indicators,I,NLD,Netherlands,A,Annual,RPI,Rent prices,IX,Index,1982,,33.8234450592469,,A,Normal value,0,Units,S,"Seasonally adjusted, not calendar adjusted",1,One,2015,
DATAFLOW,OECD.ECO.MPD:DSD_AN_HOUSE_PRICES@DF_HOUSE_PRICES(1.0),Analytical house prices indicators,I,NLD,Netherlands,A,Annual,RPI,Rent prices,IX,Index,1983,,35.8636935167667,,A,Normal value,0,Units,S,"Seasonally adjusted, not calendar adjusted",1,One,2015,
DATAFLOW,OECD.ECO.MPD:DSD_AN_HOUSE_PRICES@DF_HOUSE_PRICES(1.0),Analytical house prices indicators,I,NLD,Netherlands,A,Annual,RPI,Rent prices,IX,Index,1984,,37.6170173841043,,A,Normal value,0,Units,S,"Seasonally adjusted, not calendar adjusted",1,One,2015,
DATAFLOW,OECD.ECO.MPD:DSD_AN_HOUSE_PRICES@DF_HOUSE_PRICES(1.0),Analytical house prices indicators,I,NLD,Netherlands,A,Annual,RPI,Rent prices,IX,Index,1985,,38.9223801577071,,A,Normal value,0,Units,S,"Seasonally adjusted, not calendar adjusted",1,One,2015,
DATAFLOW,OECD.ECO.MPD:DSD_AN_HOUSE_PRICES@DF_HOUSE_PRICES(1.0),Analytical house prices indicators,I,NLD,Netherlands,A,Annual,RPI,Rent prices,IX,Index,1986,,39.9125773909495,,A,Normal value,0,Units,S,"Seasonally adjusted, not calendar adjusted",1,One,2015,
DATAFLOW,OECD.ECO.MPD:DSD_AN_HOUSE_PRICES@DF_HOUSE_PRICES(1.0),Analytical house prices indicators,I,NLD,Netherlands,A,Annual,RPI,Rent prices,IX,Index,1987,,40.7690265727167,,A,Normal value,0,Units,S,"Seasonally adjusted, not calendar adjusted",1,One,2015,
DATAFLOW,OECD.ECO.MPD:DSD_AN_HOUSE_PRICES@DF_HOUSE_PRICES(1.0),Analytical house prices indicators,I,NLD,Netherlands,A,Annual,RPI,Rent prices,IX,Index,1988,,41.7909308596153,,A,Normal value,0,Units,S,"Seasonally adjusted, not calendar adjusted",1,One,2015,
DATAFLOW,OECD.ECO.MPD:DSD_AN_HOUSE_PRICES@DF_HOUSE_PRICES(1.0),Analytical house prices indicators,I,NLD,Netherlands,A,Annual,RPI,Rent prices,IX,Index,1989,,42.9977484271294,,A,Normal value,0,Units,S,"Seasonally adjusted, not calendar adjusted",1,One,2015,
DATAFLOW,OECD.ECO.MPD:DSD_AN_HOUSE_PRICES@DF_HOUSE_PRICES(1.0),Analytical house prices indicators,I,NLD,Netherlands,A,Annual,RPI,Rent prices,IX,Index,1990,,44.2759390276434,,A,Normal value,0,Units,S,"Seasonally adjusted, not calendar adjusted",1,One,2015,
DATAFLOW,OECD.ECO.MPD:DSD_AN_HOUSE_PRICES@DF_HOUSE_PRICES(1.0),Analytical house prices indicators,I,NLD,Netherlands,A,Annual,RPI,Rent prices,IX,Index,1991,,46.10600702766,,A,Normal value,0,Units,S,"Seasonally adjusted, not calendar adjusted",1,One,2015,
DATAFLOW,OECD.ECO.MPD:DSD_AN_HOUSE_PRICES@DF_HOUSE_PRICES(1.0),Analytical house prices indicators,I,NLD,Netherlands,A,Annual,RPI,Rent prices,IX,Index,1992,,48.5928385491951,,A,Normal value,0,Units,S,"Seasonally adjusted, not calendar adjusted",1,One,2015,
DATAFLOW,OECD.ECO.MPD:DSD_AN_HOUSE_PRICES@DF_HOUSE_PRICES(1.0),Analytical house prices indicators,I,NLD,Netherlands,A,Annual,RPI,Rent prices,IX,Index,1993,,51.1940490114785,,A,Normal value,0,Units,S,"Seasonally adjusted, not calendar adjusted",1,One,2015,
DATAFLOW,OECD.ECO.MPD:DSD_AN_HOUSE_PRICES@DF_HOUSE_PRICES(1.0),Analytical house prices indicators,I,NLD,Netherlands,A,Annual,RPI,Rent prices,IX,Index,1994,,53.7583643979836,,A,Normal value,0,Units,S,"Seasonally adjusted, not calendar adjusted",1,One,2015,
DATAFLOW,OECD.ECO.MPD:DSD_AN_HOUSE_PRICES@DF_HOUSE_PRICES(1.0),Analytical house prices indicators,I,NLD,Netherlands,A,Annual,RPI,Rent prices,IX,Index,1995,,56.4850225711511,,A,Normal value,0,Units,S,"Seasonally adjusted, not calendar adjusted",1,One,2015,
DATAFLOW,OECD.ECO.MPD:DSD_AN_HOUSE_PRICES@DF_HOUSE_PRICES(1.0),Analytical house prices indicators,I,NLD,Netherlands,A,Annual,RPI,Rent prices,IX,Index,1996,,58.8540151033572,,A,Normal value,0,Units,S,"Seasonally adjusted, not calendar adjusted",1,One,2015,
DATAFLOW,OECD.ECO.MPD:DSD_AN_HOUSE_PRICES@DF_HOUSE_PRICES(1.0),Analytical house prices indicators,I,NLD,Netherlands,A,Annual,RPI,Rent prices,IX,Index,1997,,61.1639764471471,,A,Normal value,0,Units,S,"Seasonally adjusted, not calendar adjusted",1,One,2015,
DATAFLOW,OECD.ECO.MPD:DSD_AN_HOUSE_PRICES@DF_HOUSE_PRICES(1.0),Analytical house prices indicators,I,NLD,Netherlands,A,Annual,RPI,Rent prices,IX,Index,1998,,63.3539397990518,,A,Normal value,0,Units,S,"Seasonally adjusted, not calendar adjusted",1,One,2015,
DATAFLOW,OECD.ECO.MPD:DSD_AN_HOUSE_PRICES@DF_HOUSE_PRICES(1.0),Analytical house prices indicators,I,NLD,Netherlands,A,Annual,RPI,Rent prices,IX,Index,1999,,65.3589062468002,,A,Normal value,0,Units,S,"Seasonally adjusted, not calendar adjusted",1,One,2015,
DATAFLOW,OECD.ECO.MPD:DSD_AN_HOUSE_PRICES@DF_HOUSE_PRICES(1.0),Analytical house prices indicators,I,NLD,Netherlands,A,Annual,RPI,Rent prices,IX,Index,2000,,67.1588761250781,,A,Normal value,0,Units,S,"Seasonally adjusted, not calendar adjusted",1,One,2015,
DATAFLOW,OECD.ECO.MPD:DSD_AN_HOUSE_PRICES@DF_HOUSE_PRICES(1.0),Analytical house prices indicators,I,NLD,Netherlands,A,Annual,RPI,Rent prices,IX,Index,2001,,68.9288465053846,,A,Normal value,0,Units,S,"Seasonally adjusted, not calendar adjusted",1,One,2015,
DATAFLOW,OECD.ECO.MPD:DSD_AN_HOUSE_PRICES@DF_HOUSE_PRICES(1.0),Analytical house prices indicators,I,NLD,Netherlands,A,Annual,RPI,Rent prices,IX,Index,2002,,70.8688140408618,,A,Normal value,0,Units,S,"Seasonally adjusted, not calendar adjusted",1,One,2015,
DATAFLOW,OECD.ECO.MPD:DSD_AN_HOUSE_PRICES@DF_HOUSE_PRICES(1.0),Analytical house prices indicators,I,NLD,Netherlands,A,Annual,RPI,Rent prices,IX,Index,2003,,73.0387777274524,,A,Normal value,0,Units,S,"Seasonally adjusted, not calendar adjusted",1,One,2015,
DATAFLOW,OECD.ECO.MPD:DSD_AN_HOUSE_PRICES@DF_HOUSE_PRICES(1.0),Analytical house prices indicators,I,NLD,Netherlands,A,Annual,RPI,Rent prices,IX,Index,2004,,75.3287394059281,,A,Normal value,0,Units,S,"Seasonally adjusted, not calendar adjusted",1,One,2015,
DATAFLOW,OECD.ECO.MPD:DSD_AN_HOUSE_PRICES@DF_HOUSE_PRICES(1.0),Analytical house prices indicators,I,NLD,Netherlands,A,Annual,RPI,Rent prices,IX,Index,2005,,77.2337075271055,,A,Normal value,0,Units,S,"Seasonally adjusted, not calendar adjusted",1,One,2015,
DATAFLOW,OECD.ECO.MPD:DSD_AN_HOUSE_PRICES@DF_HOUSE_PRICES(1.0),Analytical house prices indicators,I,NLD,Netherlands,A,Annual,RPI,Rent prices,IX,Index,2006,,79.0636769033546,,A,Normal value,0,Units,S,"Seasonally adjusted, not calendar adjusted",1,One,2015,
DATAFLOW,OECD.ECO.MPD:DSD_AN_HOUSE_PRICES@DF_HOUSE_PRICES(1.0),Analytical house prices indicators,I,NLD,Netherlands,A,Annual,RPI,Rent prices,IX,Index,2007,,80.6636501284905,,A,Normal value,0,Units,S,"Seasonally adjusted, not calendar adjusted",1,One,2015,
DATAFLOW,OECD.ECO.MPD:DSD_AN_HOUSE_PRICES@DF_HOUSE_PRICES(1.0),Analytical house prices indicators,I,NLD,Netherlands,A,Annual,RPI,Rent prices,IX,Index,2008,,81.9936278718847,,A,Normal value,0,Units,S,"Seasonally adjusted, not calendar adjusted",1,One,2015,
DATAFLOW,OECD.ECO.MPD:DSD_AN_HOUSE_PRICES@DF_HOUSE_PRICES(1.0),Analytical house prices indicators,I,NLD,Netherlands,A,Annual,RPI,Rent prices,IX,Index,2009,,83.9435952400191,,A,Normal value,0,Units,S,"Seasonally adjusted, not calendar adjusted",1,One,2015,
DATAFLOW,OECD.ECO.MPD:DSD_AN_HOUSE_PRICES@DF_HOUSE_PRICES(1.0),Analytical house prices indicators,I,NLD,Netherlands,A,Annual,RPI,Rent prices,IX,Index,2010,,85.8066107096693,,A,Normal value,0,Units,S,"Seasonally adjusted, not calendar adjusted",1,One,2015,
DATAFLOW,OECD.ECO.MPD:DSD_AN_HOUSE_PRICES@DF_HOUSE_PRICES(1.0),Analytical house prices indicators,I,NLD,Netherlands,A,Annual,RPI,Rent prices,IX,Index,2011,,87.2737806363108,,A,Normal value,0,Units,S,"Seasonally adjusted, not calendar adjusted",1,One,2015,
DATAFLOW,OECD.ECO.MPD:DSD_AN_HOUSE_PRICES@DF_HOUSE_PRICES(1.0),Analytical house prices indicators,I,NLD,Netherlands,A,Annual,RPI,Rent prices,IX,Index,2012,,89.2903255354836,,A,Normal value,0,Units,S,"Seasonally adjusted, not calendar adjusted",1,One,2015,
DATAFLOW,OECD.ECO.MPD:DSD_AN_HOUSE_PRICES@DF_HOUSE_PRICES(1.0),Analytical house prices indicators,I,NLD,Netherlands,A,Annual,RPI,Rent prices,IX,Index,2013,,92.6383053680846,,A,Normal value,0,Units,S,"Seasonally adjusted, not calendar adjusted",1,One,2015,
DATAFLOW,OECD.ECO.MPD:DSD_AN_HOUSE_PRICES@DF_HOUSE_PRICES(1.0),Analytical house prices indicators,I,NLD,Netherlands,A,Annual,RPI,Rent prices,IX,Index,2014,,96.8006651599666,,A,Normal value,0,Units,S,"Seasonally adjusted, not calendar adjusted",1,One,2015,
DATAFLOW,OECD.ECO.MPD:DSD_AN_HOUSE_PRICES@DF_HOUSE_PRICES(1.0),Analytical house prices indicators,I,NLD,Netherlands,A,Annual,RPI,Rent prices,IX,Index,2015,,100,,A,Normal value,0,Units,S,"Seasonally adjusted, not calendar adjusted",1,One,2015,
DATAFLOW,OECD.ECO.MPD:DSD_AN_HOUSE_PRICES@DF_HOUSE_PRICES(1.0),Analytical house prices indicators,I,NLD,Netherlands,A,Annual,RPI,Rent prices,IX,Index,2016,,102.08119489594,,A,Normal value,0,Units,S,"Seasonally adjusted, not calendar adjusted",1,One,2015,
DATAFLOW,OECD.ECO.MPD:DSD_AN_HOUSE_PRICES@DF_HOUSE_PRICES(1.0),Analytical house prices indicators,I,NLD,Netherlands,A,Annual,RPI,Rent prices,IX,Index,2017,,103.916744804163,,A,Normal value,0,Units,S,"Seasonally adjusted, not calendar adjusted",1,One,2015,
DATAFLOW,OECD.ECO.MPD:DSD_AN_HOUSE_PRICES@DF_HOUSE_PRICES(1.0),Analytical house prices indicators,I,NLD,Netherlands,A,Annual,RPI,Rent prices,IX,Index,2018,,105.949444702528,,A,Normal value,0,Units,S,"Seasonally adjusted, not calendar adjusted",1,One,2015,
DATAFLOW,OECD.ECO.MPD:DSD_AN_HOUSE_PRICES@DF_HOUSE_PRICES(1.0),Analytical house prices indicators,I,NLD,Netherlands,A,Annual,RPI,Rent prices,IX,Index,2019,,108.544494572775,,A,Normal value,0,Units,S,"Seasonally adjusted, not calendar adjusted",1,One,2015,
DATAFLOW,OECD.ECO.MPD:DSD_AN_HOUSE_PRICES@DF_HOUSE_PRICES(1.0),Analytical house prices indicators,I,NLD,Netherlands,A,Annual,RPI,Rent prices,IX,Index,2020,,111.501444424928,,A,Normal value,0,Units,S,"Seasonally adjusted, not calendar adjusted",1,One,2015,
DATAFLOW,OECD.ECO.MPD:DSD_AN_HOUSE_PRICES@DF_HOUSE_PRICES(1.0),Analytical house prices indicators,I,NLD,Netherlands,A,Annual,RPI,Rent prices,IX,Index,2021,,113.559994322,,A,Normal value,0,Units,S,"Seasonally adjusted, not calendar adjusted",1,One,2015,
DATAFLOW,OECD.ECO.MPD:DSD_AN_HOUSE_PRICES@DF_HOUSE_PRICES(1.0),Analytical house prices indicators,I,NLD,Netherlands,A,Annual,RPI,Rent prices,IX,Index,2022,,115.673494216325,,A,Normal value,0,Units,S,"Seasonally adjusted, not calendar adjusted",1,One,2015,
DATAFLOW,OECD.ECO.MPD:DSD_AN_HOUSE_PRICES@DF_HOUSE_PRICES(1.0),Analytical house prices indicators,I,NLD,Netherlands,A,Annual,RPI,Rent prices,IX,Index,2023,,118.52379407381,,A,Normal value,0,Units,S,"Seasonally adjusted, not calendar adjusted",1,One,2015,
DATAFLOW,OECD.ECO.MPD:DSD_AN_HOUSE_PRICES@DF_HOUSE_PRICES(1.0),Analytical house prices indicators,I,NLD,Netherlands,A,Annual,RPI,Rent prices,IX,Index,2024,,122.93819385309,,A,Normal value,0,Units,S,"Seasonally adjusted, not calendar adjusted",1,One,2015,
DATAFLOW,OECD.ECO.MPD:DSD_AN_HOUSE_PRICES@DF_HOUSE_PRICES(1.0),Analytical house prices indicators,I,NLD,Netherlands,A,Annual,RPI,Rent prices,IX,Index,2025,,129.265743532288,,A,Normal value,0,Units,S,"Seasonally adjusted, not calendar adjusted",1,One,2015,
DATAFLOW,OECD.ECO.MPD:DSD_AN_HOUSE_PRICES@DF_HOUSE_PRICES(1.0),Analytical house prices indicators,I,NZL,New Zealand,A,Annual,RPI,Rent prices,IX,Index,1956,,2.9970067767549,,A,Normal value,0,Units,S,"Seasonally adjusted, not calendar adjusted",1,One,2015,
DATAFLOW,OECD.ECO.MPD:DSD_AN_HOUSE_PRICES@DF_HOUSE_PRICES(1.0),Analytical house prices indicators,I,NZL,New Zealand,A,Annual,RPI,Rent prices,IX,Index,1957,,3.17678706335996,,A,Normal value,0,Units,S,"Seasonally adjusted, not calendar adjusted",1,One,2015,
DATAFLOW,OECD.ECO.MPD:DSD_AN_HOUSE_PRICES@DF_HOUSE_PRICES(1.0),Analytical house prices indicators,I,NZL,New Zealand,A,Annual,RPI,Rent prices,IX,Index,1958,,3.35084381800645,,A,Normal value,0,Units,S,"Seasonally adjusted, not calendar adjusted",1,One,2015,
DATAFLOW,OECD.ECO.MPD:DSD_AN_HOUSE_PRICES@DF_HOUSE_PRICES(1.0),Analytical house prices indicators,I,NZL,New Zealand,A,Annual,RPI,Rent prices,IX,Index,1959,,3.51227605029268,,A,Normal value,0,Units,S,"Seasonally adjusted, not calendar adjusted",1,One,2015,
DATAFLOW,OECD.ECO.MPD:DSD_AN_HOUSE_PRICES@DF_HOUSE_PRICES(1.0),Analytical house prices indicators,I,NZL,New Zealand,A,Annual,RPI,Rent prices,IX,Index,1960,,3.65313838739303,,A,Normal value,0,Units,S,"Seasonally adjusted, not calendar adjusted",1,One,2015,
DATAFLOW,OECD.ECO.MPD:DSD_AN_HOUSE_PRICES@DF_HOUSE_PRICES(1.0),Analytical house prices indicators,I,NZL,New Zealand,A,Annual,RPI,Rent prices,IX,Index,1961,,3.82035969096314,,A,Normal value,0,Units,S,"Seasonally adjusted, not calendar adjusted",1,One,2015,
DATAFLOW,OECD.ECO.MPD:DSD_AN_HOUSE_PRICES@DF_HOUSE_PRICES(1.0),Analytical house prices indicators,I,NZL,New Zealand,A,Annual,RPI,Rent prices,IX,Index,1962,,4.08036777663584,,A,Normal value,0,Units,S,"Seasonally adjusted, not calendar adjusted",1,One,2015,
DATAFLOW,OECD.ECO.MPD:DSD_AN_HOUSE_PRICES@DF_HOUSE_PRICES(1.0),Analytical house prices indicators,I,NZL,New Zealand,A,Annual,RPI,Rent prices,IX,Index,1963,,4.25555338456074,,A,Normal value,0,Units,S,"Seasonally adjusted, not calendar adjusted",1,One,2015,
DATAFLOW,OECD.ECO.MPD:DSD_AN_HOUSE_PRICES@DF_HOUSE_PRICES(1.0),Analytical house prices indicators,I,NZL,New Zealand,A,Annual,RPI,Rent prices,IX,Index,1964,,4.41131657574157,,A,Normal value,0,Units,S,"Seasonally adjusted, not calendar adjusted",1,One,2015,
DATAFLOW,OECD.ECO.MPD:DSD_AN_HOUSE_PRICES@DF_HOUSE_PRICES(1.0),Analytical house prices indicators,I,NZL,New Zealand,A,Annual,RPI,Rent prices,IX,Index,1965,,4.5807746498885,,A,Normal value,0,Units,S,"Seasonally adjusted, not calendar adjusted",1,One,2015,
DATAFLOW,OECD.ECO.MPD:DSD_AN_HOUSE_PRICES@DF_HOUSE_PRICES(1.0),Analytical house prices indicators,I,NZL,New Zealand,A,Annual,RPI,Rent prices,IX,Index,1966,,4.82579271381559,,A,Normal value,0,Units,S,"Seasonally adjusted, not calendar adjusted",1,One,2015,
DATAFLOW,OECD.ECO.MPD:DSD_AN_HOUSE_PRICES@DF_HOUSE_PRICES(1.0),Analytical house prices indicators,I,NZL,New Zealand,A,Annual,RPI,Rent prices,IX,Index,1967,,5.11769206706054,,A,Normal value,0,Units,S,"Seasonally adjusted, not calendar adjusted",1,One,2015,
DATAFLOW,OECD.ECO.MPD:DSD_AN_HOUSE_PRICES@DF_HOUSE_PRICES(1.0),Analytical house prices indicators,I,NZL,New Zealand,A,Annual,RPI,Rent prices,IX,Index,1968,,5.39248382733725,,A,Normal value,0,Units,S,"Seasonally adjusted, not calendar adjusted",1,One,2015,
DATAFLOW,OECD.ECO.MPD:DSD_AN_HOUSE_PRICES@DF_HOUSE_PRICES(1.0),Analytical house prices indicators,I,NZL,New Zealand,A,Annual,RPI,Rent prices,IX,Index,1969,,5.70075007795781,,A,Normal value,0,Units,S,"Seasonally adjusted, not calendar adjusted",1,One,2015,
DATAFLOW,OECD.ECO.MPD:DSD_AN_HOUSE_PRICES@DF_HOUSE_PRICES(1.0),Analytical house prices indicators,I,NZL,New Zealand,A,Annual,RPI,Rent prices,IX,Index,1970,,6.07570483725575,,A,Normal value,0,Units,S,"Seasonally adjusted, not calendar adjusted",1,One,2015,
DATAFLOW,OECD.ECO.MPD:DSD_AN_HOUSE_PRICES@DF_HOUSE_PRICES(1.0),Analytical house prices indicators,I,NZL,New Zealand,A,Annual,RPI,Rent prices,IX,Index,1971,,6.53592990547717,,A,Normal value,0,Units,S,"Seasonally adjusted, not calendar adjusted",1,One,2015,
DATAFLOW,OECD.ECO.MPD:DSD_AN_HOUSE_PRICES@DF_HOUSE_PRICES(1.0),Analytical house prices indicators,I,NZL,New Zealand,A,Annual,RPI,Rent prices,IX,Index,1972,,7.14587335994287,,A,Normal value,0,Units,S,"Seasonally adjusted, not calendar adjusted",1,One,2015,
DATAFLOW,OECD.ECO.MPD:DSD_AN_HOUSE_PRICES@DF_HOUSE_PRICES(1.0),Analytical house prices indicators,I,NZL,New Zealand,A,Annual,RPI,Rent prices,IX,Index,1973,,7.94657061175486,,A,Normal value,0,Units,S,"Seasonally adjusted, not calendar adjusted",1,One,2015,
DATAFLOW,OECD.ECO.MPD:DSD_AN_HOUSE_PRICES@DF_HOUSE_PRICES(1.0),Analytical house prices indicators,I,NZL,New Zealand,A,Annual,RPI,Rent prices,IX,Index,1974,,9.08410445292982,,A,Normal value,0,Units,S,"Seasonally adjusted, not calendar adjusted",1,One,2015,
DATAFLOW,OECD.ECO.MPD:DSD_AN_HOUSE_PRICES@DF_HOUSE_PRICES(1.0),Analytical house prices indicators,I,NZL,New Zealand,A,Annual,RPI,Rent prices,IX,Index,1975,,10.6339905723494,,A,Normal value,0,Units,S,"Seasonally adjusted, not calendar adjusted",1,One,2015,
DATAFLOW,OECD.ECO.MPD:DSD_AN_HOUSE_PRICES@DF_HOUSE_PRICES(1.0),Analytical house prices indicators,I,NZL,New Zealand,A,Annual,RPI,Rent prices,IX,Index,1976,,11.7407726076998,,A,Normal value,0,Units,S,"Seasonally adjusted, not calendar adjusted",1,One,2015,
DATAFLOW,OECD.ECO.MPD:DSD_AN_HOUSE_PRICES@DF_HOUSE_PRICES(1.0),Analytical house prices indicators,I,NZL,New Zealand,A,Annual,RPI,Rent prices,IX,Index,1977,,13.0218682949467,,A,Normal value,0,Units,S,"Seasonally adjusted, not calendar adjusted",1,One,2015,
DATAFLOW,OECD.ECO.MPD:DSD_AN_HOUSE_PRICES@DF_HOUSE_PRICES(1.0),Analytical house prices indicators,I,NZL,New Zealand,A,Annual,RPI,Rent prices,IX,Index,1978,,14.2144530165806,,A,Normal value,0,Units,S,"Seasonally adjusted, not calendar adjusted",1,One,2015,
DATAFLOW,OECD.ECO.MPD:DSD_AN_HOUSE_PRICES@DF_HOUSE_PRICES(1.0),Analytical house prices indicators,I,NZL,New Zealand,A,Annual,RPI,Rent prices,IX,Index,1979,,15.3628747133929,,A,Normal value,0,Units,S,"Seasonally adjusted, not calendar adjusted",1,One,2015,
DATAFLOW,OECD.ECO.MPD:DSD_AN_HOUSE_PRICES@DF_HOUSE_PRICES(1.0),Analytical house prices indicators,I,NZL,New Zealand,A,Annual,RPI,Rent prices,IX,Index,1980,,17.1722767087891,,A,Normal value,0,Units,S,"Seasonally adjusted, not calendar adjusted",1,One,2015,
DATAFLOW,OECD.ECO.MPD:DSD_AN_HOUSE_PRICES@DF_HOUSE_PRICES(1.0),Analytical house prices indicators,I,NZL,New Zealand,A,Annual,RPI,Rent prices,IX,Index,1981,,20.0875288212409,,A,Normal value,0,Units,S,"Seasonally adjusted, not calendar adjusted",1,One,2015,
DATAFLOW,OECD.ECO.MPD:DSD_AN_HOUSE_PRICES@DF_HOUSE_PRICES(1.0),Analytical house prices indicators,I,NZL,New Zealand,A,Annual,RPI,Rent prices,IX,Index,1982,,25.0611123502384,,A,Normal value,0,Units,S,"Seasonally adjusted, not calendar adjusted",1,One,2015,
DATAFLOW,OECD.ECO.MPD:DSD_AN_HOUSE_PRICES@DF_HOUSE_PRICES(1.0),Analytical house prices indicators,I,NZL,New Zealand,A,Annual,RPI,Rent prices,IX,Index,1983,,28.4548582136692,,A,Normal value,0,Units,S,"Seasonally adjusted, not calendar adjusted",1,One,2015,
DATAFLOW,OECD.ECO.MPD:DSD_AN_HOUSE_PRICES@DF_HOUSE_PRICES(1.0),Analytical house prices indicators,I,NZL,New Zealand,A,Annual,RPI,Rent prices,IX,Index,1984,,30.540802178685,,A,Normal value,0,Units,S,"Seasonally adjusted, not calendar adjusted",1,One,2015,
DATAFLOW,OECD.ECO.MPD:DSD_AN_HOUSE_PRICES@DF_HOUSE_PRICES(1.0),Analytical house prices indicators,I,NZL,New Zealand,A,Annual,RPI,Rent prices,IX,Index,1985,,35.8474671699677,,A,Normal value,0,Units,S,"Seasonally adjusted, not calendar adjusted",1,One,2015,
DATAFLOW,OECD.ECO.MPD:DSD_AN_HOUSE_PRICES@DF_HOUSE_PRICES(1.0),Analytical house prices indicators,I,NZL,New Zealand,A,Annual,RPI,Rent prices,IX,Index,1986,,41.7072393806175,,A,Normal value,0,Units,S,"Seasonally adjusted, not calendar adjusted",1,One,2015,
DATAFLOW,OECD.ECO.MPD:DSD_AN_HOUSE_PRICES@DF_HOUSE_PRICES(1.0),Analytical house prices indicators,I,NZL,New Zealand,A,Annual,RPI,Rent prices,IX,Index,1987,,49.2532072559899,,A,Normal value,0,Units,S,"Seasonally adjusted, not calendar adjusted",1,One,2015,
DATAFLOW,OECD.ECO.MPD:DSD_AN_HOUSE_PRICES@DF_HOUSE_PRICES(1.0),Analytical house prices indicators,I,NZL,New Zealand,A,Annual,RPI,Rent prices,IX,Index,1988,,54.7890395409546,,A,Normal value,0,Units,S,"Seasonally adjusted, not calendar adjusted",1,One,2015,
DATAFLOW,OECD.ECO.MPD:DSD_AN_HOUSE_PRICES@DF_HOUSE_PRICES(1.0),Analytical house prices indicators,I,NZL,New Zealand,A,Annual,RPI,Rent prices,IX,Index,1989,,56.3597543046292,,A,Normal value,0,Units,S,"Seasonally adjusted, not calendar adjusted",1,One,2015,
DATAFLOW,OECD.ECO.MPD:DSD_AN_HOUSE_PRICES@DF_HOUSE_PRICES(1.0),Analytical house prices indicators,I,NZL,New Zealand,A,Annual,RPI,Rent prices,IX,Index,1990,,60.4637254557585,,A,Normal value,0,Units,S,"Seasonally adjusted, not calendar adjusted",1,One,2015,
DATAFLOW,OECD.ECO.MPD:DSD_AN_HOUSE_PRICES@DF_HOUSE_PRICES(1.0),Analytical house prices indicators,I,NZL,New Zealand,A,Annual,RPI,Rent prices,IX,Index,1991,,61.9898225385165,,A,Normal value,0,Units,S,"Seasonally adjusted, not calendar adjusted",1,One,2015,
DATAFLOW,OECD.ECO.MPD:DSD_AN_HOUSE_PRICES@DF_HOUSE_PRICES(1.0),Analytical house prices indicators,I,NZL,New Zealand,A,Annual,RPI,Rent prices,IX,Index,1992,,61.8520957314337,,A,Normal value,0,Units,S,"Seasonally adjusted, not calendar adjusted",1,One,2015,
DATAFLOW,OECD.ECO.MPD:DSD_AN_HOUSE_PRICES@DF_HOUSE_PRICES(1.0),Analytical house prices indicators,I,NZL,New Zealand,A,Annual,RPI,Rent prices,IX,Index,1993,,64.1549929320459,,A,Normal value,0,Units,S,"Seasonally adjusted, not calendar adjusted",1,One,2015,
DATAFLOW,OECD.ECO.MPD:DSD_AN_HOUSE_PRICES@DF_HOUSE_PRICES(1.0),Analytical house prices indicators,I,NZL,New Zealand,A,Annual,RPI,Rent prices,IX,Index,1994,,68.5835558394514,,A,Normal value,0,Units,S,"Seasonally adjusted, not calendar adjusted",1,One,2015,
DATAFLOW,OECD.ECO.MPD:DSD_AN_HOUSE_PRICES@DF_HOUSE_PRICES(1.0),Analytical house prices indicators,I,NZL,New Zealand,A,Annual,RPI,Rent prices,IX,Index,1995,,73.0514424199436,,A,Normal value,0,Units,S,"Seasonally adjusted, not calendar adjusted",1,One,2015,
DATAFLOW,OECD.ECO.MPD:DSD_AN_HOUSE_PRICES@DF_HOUSE_PRICES(1.0),Analytical house prices indicators,I,NZL,New Zealand,A,Annual,RPI,Rent prices,IX,Index,1996,,76.54878977354,,A,Normal value,0,Units,S,"Seasonally adjusted, not calendar adjusted",1,One,2015,
DATAFLOW,OECD.ECO.MPD:DSD_AN_HOUSE_PRICES@DF_HOUSE_PRICES(1.0),Analytical house prices indicators,I,NZL,New Zealand,A,Annual,RPI,Rent prices,IX,Index,1997,,78.9431107301418,,A,Normal value,0,Units,S,"Seasonally adjusted, not calendar adjusted",1,One,2015,
DATAFLOW,OECD.ECO.MPD:DSD_AN_HOUSE_PRICES@DF_HOUSE_PRICES(1.0),Analytical house prices indicators,I,NZL,New Zealand,A,Annual,RPI,Rent prices,IX,Index,1998,,80.7841214274265,,A,Normal value,0,Units,S,"Seasonally adjusted, not calendar adjusted",1,One,2015,
DATAFLOW,OECD.ECO.MPD:DSD_AN_HOUSE_PRICES@DF_HOUSE_PRICES(1.0),Analytical house prices indicators,I,NZL,New Zealand,A,Annual,RPI,Rent prices,IX,Index,1999,,79.8392611819318,,A,Normal value,0,Units,S,"Seasonally adjusted, not calendar adjusted",1,One,2015,
DATAFLOW,OECD.ECO.MPD:DSD_AN_HOUSE_PRICES@DF_HOUSE_PRICES(1.0),Analytical house prices indicators,I,NZL,New Zealand,A,Annual,RPI,Rent prices,IX,Index,2000,,80.0699480173548,,A,Normal value,0,Units,S,"Seasonally adjusted, not calendar adjusted",1,One,2015,
DATAFLOW,OECD.ECO.MPD:DSD_AN_HOUSE_PRICES@DF_HOUSE_PRICES(1.0),Analytical house prices indicators,I,NZL,New Zealand,A,Annual,RPI,Rent prices,IX,Index,2001,,72.5010438127347,,A,Normal value,0,Units,S,"Seasonally adjusted, not calendar adjusted",1,One,2015,
DATAFLOW,OECD.ECO.MPD:DSD_AN_HOUSE_PRICES@DF_HOUSE_PRICES(1.0),Analytical house prices indicators,I,NZL,New Zealand,A,Annual,RPI,Rent prices,IX,Index,2002,,73.8585141181655,,A,Normal value,0,Units,S,"Seasonally adjusted, not calendar adjusted",1,One,2015,
DATAFLOW,OECD.ECO.MPD:DSD_AN_HOUSE_PRICES@DF_HOUSE_PRICES(1.0),Analytical house prices indicators,I,NZL,New Zealand,A,Annual,RPI,Rent prices,IX,Index,2003,,76.1620921364706,,A,Normal value,0,Units,S,"Seasonally adjusted, not calendar adjusted",1,One,2015,
DATAFLOW,OECD.ECO.MPD:DSD_AN_HOUSE_PRICES@DF_HOUSE_PRICES(1.0),Analytical house prices indicators,I,NZL,New Zealand,A,Annual,RPI,Rent prices,IX,Index,2004,,78.5890751825418,,A,Normal value,0,Units,S,"Seasonally adjusted, not calendar adjusted",1,One,2015,
DATAFLOW,OECD.ECO.MPD:DSD_AN_HOUSE_PRICES@DF_HOUSE_PRICES(1.0),Analytical house prices indicators,I,NZL,New Zealand,A,Annual,RPI,Rent prices,IX,Index,2005,,80.5224381175484,,A,Normal value,0,Units,S,"Seasonally adjusted, not calendar adjusted",1,One,2015,
DATAFLOW,OECD.ECO.MPD:DSD_AN_HOUSE_PRICES@DF_HOUSE_PRICES(1.0),Analytical house prices indicators,I,NZL,New Zealand,A,Annual,RPI,Rent prices,IX,Index,2006,,82.3323935247884,,A,Normal value,0,Units,S,"Seasonally adjusted, not calendar adjusted",1,One,2015,
DATAFLOW,OECD.ECO.MPD:DSD_AN_HOUSE_PRICES@DF_HOUSE_PRICES(1.0),Analytical house prices indicators,I,NZL,New Zealand,A,Annual,RPI,Rent prices,IX,Index,2007,,84.7182415616042,,A,Normal value,0,Units,S,"Seasonally adjusted, not calendar adjusted",1,One,2015,
DATAFLOW,OECD.ECO.MPD:DSD_AN_HOUSE_PRICES@DF_HOUSE_PRICES(1.0),Analytical house prices indicators,I,NZL,New Zealand,A,Annual,RPI,Rent prices,IX,Index,2008,,87.309769644698,,A,Normal value,0,Units,S,"Seasonally adjusted, not calendar adjusted",1,One,2015,
DATAFLOW,OECD.ECO.MPD:DSD_AN_HOUSE_PRICES@DF_HOUSE_PRICES(1.0),Analytical house prices indicators,I,NZL,New Zealand,A,Annual,RPI,Rent prices,IX,Index,2009,,88.6055299362441,,A,Normal value,0,Units,S,"Seasonally adjusted, not calendar adjusted",1,One,2015,
DATAFLOW,OECD.ECO.MPD:DSD_AN_HOUSE_PRICES@DF_HOUSE_PRICES(1.0),Analytical house prices indicators,I,NZL,New Zealand,A,Annual,RPI,Rent prices,IX,Index,2010,,89.9012977277918,,A,Normal value,0,Units,S,"Seasonally adjusted, not calendar adjusted",1,One,2015,
DATAFLOW,OECD.ECO.MPD:DSD_AN_HOUSE_PRICES@DF_HOUSE_PRICES(1.0),Analytical house prices indicators,I,NZL,New Zealand,A,Annual,RPI,Rent prices,IX,Index,2011,,91.5672781026374,,A,Normal value,0,Units,S,"Seasonally adjusted, not calendar adjusted",1,One,2015,
DATAFLOW,OECD.ECO.MPD:DSD_AN_HOUSE_PRICES@DF_HOUSE_PRICES(1.0),Analytical house prices indicators,I,NZL,New Zealand,A,Annual,RPI,Rent prices,IX,Index,2012,,93.706316083921,,A,Normal value,0,Units,S,"Seasonally adjusted, not calendar adjusted",1,One,2015,
DATAFLOW,OECD.ECO.MPD:DSD_AN_HOUSE_PRICES@DF_HOUSE_PRICES(1.0),Analytical house prices indicators,I,NZL,New Zealand,A,Annual,RPI,Rent prices,IX,Index,2013,,95.6808115281824,,A,Normal value,0,Units,S,"Seasonally adjusted, not calendar adjusted",1,One,2015,
DATAFLOW,OECD.ECO.MPD:DSD_AN_HOUSE_PRICES@DF_HOUSE_PRICES(1.0),Analytical house prices indicators,I,NZL,New Zealand,A,Annual,RPI,Rent prices,IX,Index,2014,,97.7170119863276,,A,Normal value,0,Units,S,"Seasonally adjusted, not calendar adjusted",1,One,2015,
DATAFLOW,OECD.ECO.MPD:DSD_AN_HOUSE_PRICES@DF_HOUSE_PRICES(1.0),Analytical house prices indicators,I,NZL,New Zealand,A,Annual,RPI,Rent prices,IX,Index,2015,,100,,A,Normal value,0,Units,S,"Seasonally adjusted, not calendar adjusted",1,One,2015,
DATAFLOW,OECD.ECO.MPD:DSD_AN_HOUSE_PRICES@DF_HOUSE_PRICES(1.0),Analytical house prices indicators,I,NZL,New Zealand,A,Annual,RPI,Rent prices,IX,Index,2016,,102.200747995168,,A,Normal value,0,Units,S,"Seasonally adjusted, not calendar adjusted",1,One,2015,
DATAFLOW,OECD.ECO.MPD:DSD_AN_HOUSE_PRICES@DF_HOUSE_PRICES(1.0),Analytical house prices indicators,I,NZL,New Zealand,A,Annual,RPI,Rent prices,IX,Index,2017,,104.482273508511,,A,Normal value,0,Units,S,"Seasonally adjusted, not calendar adjusted",1,One,2015,
DATAFLOW,OECD.ECO.MPD:DSD_AN_HOUSE_PRICES@DF_HOUSE_PRICES(1.0),Analytical house prices indicators,I,NZL,New Zealand,A,Annual,RPI,Rent prices,IX,Index,2018,,106.91479905583,,A,Normal value,0,Units,S,"Seasonally adjusted, not calendar adjusted",1,One,2015,
DATAFLOW,OECD.ECO.MPD:DSD_AN_HOUSE_PRICES@DF_HOUSE_PRICES(1.0),Analytical house prices indicators,I,NZL,New Zealand,A,Annual,RPI,Rent prices,IX,Index,2019,,109.831124712003,,A,Normal value,0,Units,S,"Seasonally adjusted, not calendar adjusted",1,One,2015,
DATAFLOW,OECD.ECO.MPD:DSD_AN_HOUSE_PRICES@DF_HOUSE_PRICES(1.0),Analytical house prices indicators,I,NZL,New Zealand,A,Annual,RPI,Rent prices,IX,Index,2020,,113.450475526357,,A,Normal value,0,Units,S,"Seasonally adjusted, not calendar adjusted",1,One,2015,
DATAFLOW,OECD.ECO.MPD:DSD_AN_HOUSE_PRICES@DF_HOUSE_PRICES(1.0),Analytical house prices indicators,I,NZL,New Zealand,A,Annual,RPI,Rent prices,IX,Index,2021,,117.043826334861,,A,Normal value,0,Units,S,"Seasonally adjusted, not calendar adjusted",1,One,2015,
DATAFLOW,OECD.ECO.MPD:DSD_AN_HOUSE_PRICES@DF_HOUSE_PRICES(1.0),Analytical house prices indicators,I,NZL,New Zealand,A,Annual,RPI,Rent prices,IX,Index,2022,,122.095352471454,,A,Normal value,0,Units,S,"Seasonally adjusted, not calendar adjusted",1,One,2015,
DATAFLOW,OECD.ECO.MPD:DSD_AN_HOUSE_PRICES@DF_HOUSE_PRICES(1.0),Analytical house prices indicators,I,NZL,New Zealand,A,Annual,RPI,Rent prices,IX,Index,2023,,127.433278672487,,A,Normal value,0,Units,S,"Seasonally adjusted, not calendar adjusted",1,One,2015,
DATAFLOW,OECD.ECO.MPD:DSD_AN_HOUSE_PRICES@DF_HOUSE_PRICES(1.0),Analytical house prices indicators,I,NZL,New Zealand,A,Annual,RPI,Rent prices,IX,Index,2024,,133.187829967262,,A,Normal value,0,Units,S,"Seasonally adjusted, not calendar adjusted",1,One,2015,
DATAFLOW,OECD.ECO.MPD:DSD_AN_HOUSE_PRICES@DF_HOUSE_PRICES(1.0),Analytical house prices indicators,I,NZL,New Zealand,A,Annual,RPI,Rent prices,IX,Index,2025,,136.963405816523,,A,Normal value,0,Units,S,"Seasonally adjusted, not calendar adjusted",1,One,2015,
DATAFLOW,OECD.ECO.MPD:DSD_AN_HOUSE_PRICES@DF_HOUSE_PRICES(1.0),Analytical house prices indicators,I,NOR,Norway,A,Annual,RPI,Rent prices,IX,Index,1979,,22.4386323837358,,A,Normal value,0,Units,S,"Seasonally adjusted, not calendar adjusted",1,One,2015,
DATAFLOW,OECD.ECO.MPD:DSD_AN_HOUSE_PRICES@DF_HOUSE_PRICES(1.0),Analytical house prices indicators,I,NOR,Norway,A,Annual,RPI,Rent prices,IX,Index,1980,,23.9395442485692,,A,Normal value,0,Units,S,"Seasonally adjusted, not calendar adjusted",1,One,2015,
DATAFLOW,OECD.ECO.MPD:DSD_AN_HOUSE_PRICES@DF_HOUSE_PRICES(1.0),Analytical house prices indicators,I,NOR,Norway,A,Annual,RPI,Rent prices,IX,Index,1981,,26.58281764486,,A,Normal value,0,Units,S,"Seasonally adjusted, not calendar adjusted",1,One,2015,
DATAFLOW,OECD.ECO.MPD:DSD_AN_HOUSE_PRICES@DF_HOUSE_PRICES(1.0),Analytical house prices indicators,I,NOR,Norway,A,Annual,RPI,Rent prices,IX,Index,1982,,29.9265140766842,,A,Normal value,0,Units,S,"Seasonally adjusted, not calendar adjusted",1,One,2015,
DATAFLOW,OECD.ECO.MPD:DSD_AN_HOUSE_PRICES@DF_HOUSE_PRICES(1.0),Analytical house prices indicators,I,NOR,Norway,A,Annual,RPI,Rent prices,IX,Index,1983,,32.6781858293933,,A,Normal value,0,Units,S,"Seasonally adjusted, not calendar adjusted",1,One,2015,
DATAFLOW,OECD.ECO.MPD:DSD_AN_HOUSE_PRICES@DF_HOUSE_PRICES(1.0),Analytical house prices indicators,I,NOR,Norway,A,Annual,RPI,Rent prices,IX,Index,1984,,35.0629696827544,,A,Normal value,0,Units,S,"Seasonally adjusted, not calendar adjusted",1,One,2015,
DATAFLOW,OECD.ECO.MPD:DSD_AN_HOUSE_PRICES@DF_HOUSE_PRICES(1.0),Analytical house prices indicators,I,NOR,Norway,A,Annual,RPI,Rent prices,IX,Index,1985,,36.7806782607051,,A,Normal value,0,Units,S,"Seasonally adjusted, not calendar adjusted",1,One,2015,
DATAFLOW,OECD.ECO.MPD:DSD_AN_HOUSE_PRICES@DF_HOUSE_PRICES(1.0),Analytical house prices indicators,I,NOR,Norway,A,Annual,RPI,Rent prices,IX,Index,1986,,38.5650973680205,,A,Normal value,0,Units,S,"Seasonally adjusted, not calendar adjusted",1,One,2015,
DATAFLOW,OECD.ECO.MPD:DSD_AN_HOUSE_PRICES@DF_HOUSE_PRICES(1.0),Analytical house prices indicators,I,NOR,Norway,A,Annual,RPI,Rent prices,IX,Index,1987,,40.8248027311023,,A,Normal value,0,Units,S,"Seasonally adjusted, not calendar adjusted",1,One,2015,
DATAFLOW,OECD.ECO.MPD:DSD_AN_HOUSE_PRICES@DF_HOUSE_PRICES(1.0),Analytical house prices indicators,I,NOR,Norway,A,Annual,RPI,Rent prices,IX,Index,1988,,44.0517632410976,,A,Normal value,0,Units,S,"Seasonally adjusted, not calendar adjusted",1,One,2015,
DATAFLOW,OECD.ECO.MPD:DSD_AN_HOUSE_PRICES@DF_HOUSE_PRICES(1.0),Analytical house prices indicators,I,NOR,Norway,A,Annual,RPI,Rent prices,IX,Index,1989,,47.4037997398523,,A,Normal value,0,Units,S,"Seasonally adjusted, not calendar adjusted",1,One,2015,
DATAFLOW,OECD.ECO.MPD:DSD_AN_HOUSE_PRICES@DF_HOUSE_PRICES(1.0),Analytical house prices indicators,I,NOR,Norway,A,Annual,RPI,Rent prices,IX,Index,1990,,50.4806690633361,,A,Normal value,0,Units,S,"Seasonally adjusted, not calendar adjusted",1,One,2015,
DATAFLOW,OECD.ECO.MPD:DSD_AN_HOUSE_PRICES@DF_HOUSE_PRICES(1.0),Analytical house prices indicators,I,NOR,Norway,A,Annual,RPI,Rent prices,IX,Index,1991,,52.9488335738438,,A,Normal value,0,Units,S,"Seasonally adjusted, not calendar adjusted",1,One,2015,
DATAFLOW,OECD.ECO.MPD:DSD_AN_HOUSE_PRICES@DF_HOUSE_PRICES(1.0),Analytical house prices indicators,I,NOR,Norway,A,Annual,RPI,Rent prices,IX,Index,1992,,54.9333742631745,,A,Normal value,0,Units,S,"Seasonally adjusted, not calendar adjusted",1,One,2015,
DATAFLOW,OECD.ECO.MPD:DSD_AN_HOUSE_PRICES@DF_HOUSE_PRICES(1.0),Analytical house prices indicators,I,NOR,Norway,A,Annual,RPI,Rent prices,IX,Index,1993,,56.5426869862266,,A,Normal value,0,Units,S,"Seasonally adjusted, not calendar adjusted",1,One,2015,
DATAFLOW,OECD.ECO.MPD:DSD_AN_HOUSE_PRICES@DF_HOUSE_PRICES(1.0),Analytical house prices indicators,I,NOR,Norway,A,Annual,RPI,Rent prices,IX,Index,1994,,56.9179099494655,,A,Normal value,0,Units,S,"Seasonally adjusted, not calendar adjusted",1,One,2015,
DATAFLOW,OECD.ECO.MPD:DSD_AN_HOUSE_PRICES@DF_HOUSE_PRICES(1.0),Analytical house prices indicators,I,NOR,Norway,A,Annual,RPI,Rent prices,IX,Index,1995,,57.76842917455,,A,Normal value,0,Units,S,"Seasonally adjusted, not calendar adjusted",1,One,2015,
DATAFLOW,OECD.ECO.MPD:DSD_AN_HOUSE_PRICES@DF_HOUSE_PRICES(1.0),Analytical house prices indicators,I,NOR,Norway,A,Annual,RPI,Rent prices,IX,Index,1996,,58.7690345831062,,A,Normal value,0,Units,S,"Seasonally adjusted, not calendar adjusted",1,One,2015,
DATAFLOW,OECD.ECO.MPD:DSD_AN_HOUSE_PRICES@DF_HOUSE_PRICES(1.0),Analytical house prices indicators,I,NOR,Norway,A,Annual,RPI,Rent prices,IX,Index,1997,,60.1865632895539,,A,Normal value,0,Units,S,"Seasonally adjusted, not calendar adjusted",1,One,2015,
DATAFLOW,OECD.ECO.MPD:DSD_AN_HOUSE_PRICES@DF_HOUSE_PRICES(1.0),Analytical house prices indicators,I,NOR,Norway,A,Annual,RPI,Rent prices,IX,Index,1998,,61.5957544305908,,A,Normal value,0,Units,S,"Seasonally adjusted, not calendar adjusted",1,One,2015,
DATAFLOW,OECD.ECO.MPD:DSD_AN_HOUSE_PRICES@DF_HOUSE_PRICES(1.0),Analytical house prices indicators,I,NOR,Norway,A,Annual,RPI,Rent prices,IX,Index,1999,,63.3134655100613,,A,Normal value,0,Units,S,"Seasonally adjusted, not calendar adjusted",1,One,2015,
DATAFLOW,OECD.ECO.MPD:DSD_AN_HOUSE_PRICES@DF_HOUSE_PRICES(1.0),Analytical house prices indicators,I,NOR,Norway,A,Annual,RPI,Rent prices,IX,Index,2000,,65.8126844151832,,A,Normal value,0,Units,S,"Seasonally adjusted, not calendar adjusted",1,One,2015,
DATAFLOW,OECD.ECO.MPD:DSD_AN_HOUSE_PRICES@DF_HOUSE_PRICES(1.0),Analytical house prices indicators,I,NOR,Norway,A,Annual,RPI,Rent prices,IX,Index,2001,,68.3076856692315,,A,Normal value,0,Units,S,"Seasonally adjusted, not calendar adjusted",1,One,2015,
DATAFLOW,OECD.ECO.MPD:DSD_AN_HOUSE_PRICES@DF_HOUSE_PRICES(1.0),Analytical house prices indicators,I,NOR,Norway,A,Annual,RPI,Rent prices,IX,Index,2002,,71.3527778647223,,A,Normal value,0,Units,S,"Seasonally adjusted, not calendar adjusted",1,One,2015,
DATAFLOW,OECD.ECO.MPD:DSD_AN_HOUSE_PRICES@DF_HOUSE_PRICES(1.0),Analytical house prices indicators,I,NOR,Norway,A,Annual,RPI,Rent prices,IX,Index,2003,,74.2175000782501,,A,Normal value,0,Units,S,"Seasonally adjusted, not calendar adjusted",1,One,2015,
DATAFLOW,OECD.ECO.MPD:DSD_AN_HOUSE_PRICES@DF_HOUSE_PRICES(1.0),Analytical house prices indicators,I,NOR,Norway,A,Annual,RPI,Rent prices,IX,Index,2004,,75.6922974307704,,A,Normal value,0,Units,S,"Seasonally adjusted, not calendar adjusted",1,One,2015,
DATAFLOW,OECD.ECO.MPD:DSD_AN_HOUSE_PRICES@DF_HOUSE_PRICES(1.0),Analytical house prices indicators,I,NOR,Norway,A,Annual,RPI,Rent prices,IX,Index,2005,,77.2095397790461,,A,Normal value,0,Units,S,"Seasonally adjusted, not calendar adjusted",1,One,2015,
DATAFLOW,OECD.ECO.MPD:DSD_AN_HOUSE_PRICES@DF_HOUSE_PRICES(1.0),Analytical house prices indicators,I,NOR,Norway,A,Annual,RPI,Rent prices,IX,Index,2006,,78.9708146029186,,A,Normal value,0,Units,S,"Seasonally adjusted, not calendar adjusted",1,One,2015,
DATAFLOW,OECD.ECO.MPD:DSD_AN_HOUSE_PRICES@DF_HOUSE_PRICES(1.0),Analytical house prices indicators,I,NOR,Norway,A,Annual,RPI,Rent prices,IX,Index,2007,,80.4668344533167,,A,Normal value,0,Units,S,"Seasonally adjusted, not calendar adjusted",1,One,2015,
DATAFLOW,OECD.ECO.MPD:DSD_AN_HOUSE_PRICES@DF_HOUSE_PRICES(1.0),Analytical house prices indicators,I,NOR,Norway,A,Annual,RPI,Rent prices,IX,Index,2008,,82.8541067145894,,A,Normal value,0,Units,S,"Seasonally adjusted, not calendar adjusted",1,One,2015,
DATAFLOW,OECD.ECO.MPD:DSD_AN_HOUSE_PRICES@DF_HOUSE_PRICES(1.0),Analytical house prices indicators,I,NOR,Norway,A,Annual,RPI,Rent prices,IX,Index,2009,,85.7294364270565,,A,Normal value,0,Units,S,"Seasonally adjusted, not calendar adjusted",1,One,2015,
DATAFLOW,OECD.ECO.MPD:DSD_AN_HOUSE_PRICES@DF_HOUSE_PRICES(1.0),Analytical house prices indicators,I,NOR,Norway,A,Annual,RPI,Rent prices,IX,Index,2010,,88.1803636819637,,A,Normal value,0,Units,S,"Seasonally adjusted, not calendar adjusted",1,One,2015,
DATAFLOW,OECD.ECO.MPD:DSD_AN_HOUSE_PRICES@DF_HOUSE_PRICES(1.0),Analytical house prices indicators,I,NOR,Norway,A,Annual,RPI,Rent prices,IX,Index,2011,,90.1750584824943,,A,Normal value,0,Units,S,"Seasonally adjusted, not calendar adjusted",1,One,2015,
DATAFLOW,OECD.ECO.MPD:DSD_AN_HOUSE_PRICES@DF_HOUSE_PRICES(1.0),Analytical house prices indicators,I,NOR,Norway,A,Annual,RPI,Rent prices,IX,Index,2012,,91.8832783116723,,A,Normal value,0,Units,S,"Seasonally adjusted, not calendar adjusted",1,One,2015,
DATAFLOW,OECD.ECO.MPD:DSD_AN_HOUSE_PRICES@DF_HOUSE_PRICES(1.0),Analytical house prices indicators,I,NOR,Norway,A,Annual,RPI,Rent prices,IX,Index,2013,,94.7373905262611,,A,Normal value,0,Units,S,"Seasonally adjusted, not calendar adjusted",1,One,2015,
DATAFLOW,OECD.ECO.MPD:DSD_AN_HOUSE_PRICES@DF_HOUSE_PRICES(1.0),Analytical house prices indicators,I,NOR,Norway,A,Annual,RPI,Rent prices,IX,Index,2014,,97.2838077716193,,A,Normal value,0,Units,S,"Seasonally adjusted, not calendar adjusted",1,One,2015,
DATAFLOW,OECD.ECO.MPD:DSD_AN_HOUSE_PRICES@DF_HOUSE_PRICES(1.0),Analytical house prices indicators,I,NOR,Norway,A,Annual,RPI,Rent prices,IX,Index,2015,,100,,A,Normal value,0,Units,S,"Seasonally adjusted, not calendar adjusted",1,One,2015,
DATAFLOW,OECD.ECO.MPD:DSD_AN_HOUSE_PRICES@DF_HOUSE_PRICES(1.0),Analytical house prices indicators,I,NOR,Norway,A,Annual,RPI,Rent prices,IX,Index,2016,,101.931014806898,,A,Normal value,0,Units,S,"Seasonally adjusted, not calendar adjusted",1,One,2015,
DATAFLOW,OECD.ECO.MPD:DSD_AN_HOUSE_PRICES@DF_HOUSE_PRICES(1.0),Analytical house prices indicators,I,NOR,Norway,A,Annual,RPI,Rent prices,IX,Index,2017,,104.063639593636,,A,Normal value,0,Units,S,"Seasonally adjusted, not calendar adjusted",1,One,2015,
DATAFLOW,OECD.ECO.MPD:DSD_AN_HOUSE_PRICES@DF_HOUSE_PRICES(1.0),Analytical house prices indicators,I,NOR,Norway,A,Annual,RPI,Rent prices,IX,Index,2018,,105.888589411141,,A,Normal value,0,Units,S,"Seasonally adjusted, not calendar adjusted",1,One,2015,
DATAFLOW,OECD.ECO.MPD:DSD_AN_HOUSE_PRICES@DF_HOUSE_PRICES(1.0),Analytical house prices indicators,I,NOR,Norway,A,Annual,RPI,Rent prices,IX,Index,2019,,107.809014219099,,A,Normal value,0,Units,S,"Seasonally adjusted, not calendar adjusted",1,One,2015,
DATAFLOW,OECD.ECO.MPD:DSD_AN_HOUSE_PRICES@DF_HOUSE_PRICES(1.0),Analytical house prices indicators,I,NOR,Norway,A,Annual,RPI,Rent prices,IX,Index,2020,,109.411139058886,,A,Normal value,0,Units,S,"Seasonally adjusted, not calendar adjusted",1,One,2015,
DATAFLOW,OECD.ECO.MPD:DSD_AN_HOUSE_PRICES@DF_HOUSE_PRICES(1.0),Analytical house prices indicators,I,NOR,Norway,A,Annual,RPI,Rent prices,IX,Index,2021,,110.832888916711,,A,Normal value,0,Units,S,"Seasonally adjusted, not calendar adjusted",1,One,2015,
DATAFLOW,OECD.ECO.MPD:DSD_AN_HOUSE_PRICES@DF_HOUSE_PRICES(1.0),Analytical house prices indicators,I,NOR,Norway,A,Annual,RPI,Rent prices,IX,Index,2022,,113.177713682229,,A,Normal value,0,Units,S,"Seasonally adjusted, not calendar adjusted",1,One,2015,
DATAFLOW,OECD.ECO.MPD:DSD_AN_HOUSE_PRICES@DF_HOUSE_PRICES(1.0),Analytical house prices indicators,I,NOR,Norway,A,Annual,RPI,Rent prices,IX,Index,2023,,117.740038225996,,A,Normal value,0,Units,S,"Seasonally adjusted, not calendar adjusted",1,One,2015,
DATAFLOW,OECD.ECO.MPD:DSD_AN_HOUSE_PRICES@DF_HOUSE_PRICES(1.0),Analytical house prices indicators,I,NOR,Norway,A,Annual,RPI,Rent prices,IX,Index,2024,,122.885912711409,,A,Normal value,0,Units,S,"Seasonally adjusted, not calendar adjusted",1,One,2015,
DATAFLOW,OECD.ECO.MPD:DSD_AN_HOUSE_PRICES@DF_HOUSE_PRICES(1.0),Analytical house prices indicators,I,NOR,Norway,A,Annual,RPI,Rent prices,IX,Index,2025,,127.32096226799,,A,Normal value,0,Units,S,"Seasonally adjusted, not calendar adjusted",1,One,2015,
DATAFLOW,OECD.ECO.MPD:DSD_AN_HOUSE_PRICES@DF_HOUSE_PRICES(1.0),Analytical house prices indicators,I,POL,Poland,A,Annual,RPI,Rent prices,IX,Index,1995,,18.1348079580137,,A,Normal value,0,Units,S,"Seasonally adjusted, not calendar adjusted",1,One,2015,
DATAFLOW,OECD.ECO.MPD:DSD_AN_HOUSE_PRICES@DF_HOUSE_PRICES(1.0),Analytical house prices indicators,I,POL,Poland,A,Annual,RPI,Rent prices,IX,Index,1996,,23.6002155900054,,A,Normal value,0,Units,S,"Seasonally adjusted, not calendar adjusted",1,One,2015,
DATAFLOW,OECD.ECO.MPD:DSD_AN_HOUSE_PRICES@DF_HOUSE_PRICES(1.0),Analytical house prices indicators,I,POL,Poland,A,Annual,RPI,Rent prices,IX,Index,1997,,30.1176882529422,,A,Normal value,0,Units,S,"Seasonally adjusted, not calendar adjusted",1,One,2015,
DATAFLOW,OECD.ECO.MPD:DSD_AN_HOUSE_PRICES@DF_HOUSE_PRICES(1.0),Analytical house prices indicators,I,POL,Poland,A,Annual,RPI,Rent prices,IX,Index,1998,,37.3662659341567,,A,Normal value,0,Units,S,"Seasonally adjusted, not calendar adjusted",1,One,2015,
DATAFLOW,OECD.ECO.MPD:DSD_AN_HOUSE_PRICES@DF_HOUSE_PRICES(1.0),Analytical house prices indicators,I,POL,Poland,A,Annual,RPI,Rent prices,IX,Index,1999,,44.784238619606,,A,Normal value,0,Units,S,"Seasonally adjusted, not calendar adjusted",1,One,2015,
DATAFLOW,OECD.ECO.MPD:DSD_AN_HOUSE_PRICES@DF_HOUSE_PRICES(1.0),Analytical house prices indicators,I,POL,Poland,A,Annual,RPI,Rent prices,IX,Index,2000,,53.4950088373753,,A,Normal value,0,Units,S,"Seasonally adjusted, not calendar adjusted",1,One,2015,
DATAFLOW,OECD.ECO.MPD:DSD_AN_HOUSE_PRICES@DF_HOUSE_PRICES(1.0),Analytical house prices indicators,I,POL,Poland,A,Annual,RPI,Rent prices,IX,Index,2001,,60.7703290192582,,A,Normal value,0,Units,S,"Seasonally adjusted, not calendar adjusted",1,One,2015,
DATAFLOW,OECD.ECO.MPD:DSD_AN_HOUSE_PRICES@DF_HOUSE_PRICES(1.0),Analytical house prices indicators,I,POL,Poland,A,Annual,RPI,Rent prices,IX,Index,2002,,65.7988616449715,,A,Normal value,0,Units,S,"Seasonally adjusted, not calendar adjusted",1,One,2015,
DATAFLOW,OECD.ECO.MPD:DSD_AN_HOUSE_PRICES@DF_HOUSE_PRICES(1.0),Analytical house prices indicators,I,POL,Poland,A,Annual,RPI,Rent prices,IX,Index,2003,,68.9728992243225,,A,Normal value,0,Units,S,"Seasonally adjusted, not calendar adjusted",1,One,2015,
DATAFLOW,OECD.ECO.MPD:DSD_AN_HOUSE_PRICES@DF_HOUSE_PRICES(1.0),Analytical house prices indicators,I,POL,Poland,A,Annual,RPI,Rent prices,IX,Index,2004,,71.3801717845043,,A,Normal value,0,Units,S,"Seasonally adjusted, not calendar adjusted",1,One,2015,
DATAFLOW,OECD.ECO.MPD:DSD_AN_HOUSE_PRICES@DF_HOUSE_PRICES(1.0),Analytical house prices indicators,I,POL,Poland,A,Annual,RPI,Rent prices,IX,Index,2005,,73.8855243471381,,A,Normal value,0,Units,S,"Seasonally adjusted, not calendar adjusted",1,One,2015,
DATAFLOW,OECD.ECO.MPD:DSD_AN_HOUSE_PRICES@DF_HOUSE_PRICES(1.0),Analytical house prices indicators,I,POL,Poland,A,Annual,RPI,Rent prices,IX,Index,2006,,76.3034119075853,,A,Normal value,0,Units,S,"Seasonally adjusted, not calendar adjusted",1,One,2015,
DATAFLOW,OECD.ECO.MPD:DSD_AN_HOUSE_PRICES@DF_HOUSE_PRICES(1.0),Analytical house prices indicators,I,POL,Poland,A,Annual,RPI,Rent prices,IX,Index,2007,,80.467959511699,,A,Normal value,0,Units,S,"Seasonally adjusted, not calendar adjusted",1,One,2015,
DATAFLOW,OECD.ECO.MPD:DSD_AN_HOUSE_PRICES@DF_HOUSE_PRICES(1.0),Analytical house prices indicators,I,POL,Poland,A,Annual,RPI,Rent prices,IX,Index,2008,,84.8995446224887,,A,Normal value,0,Units,S,"Seasonally adjusted, not calendar adjusted",1,One,2015,
DATAFLOW,OECD.ECO.MPD:DSD_AN_HOUSE_PRICES@DF_HOUSE_PRICES(1.0),Analytical house prices indicators,I,POL,Poland,A,Annual,RPI,Rent prices,IX,Index,2009,,88.6126672153167,,A,Normal value,0,Units,S,"Seasonally adjusted, not calendar adjusted",1,One,2015,
DATAFLOW,OECD.ECO.MPD:DSD_AN_HOUSE_PRICES@DF_HOUSE_PRICES(1.0),Analytical house prices indicators,I,POL,Poland,A,Annual,RPI,Rent prices,IX,Index,2010,,91.0350997758775,,A,Normal value,0,Units,S,"Seasonally adjusted, not calendar adjusted",1,One,2015,
DATAFLOW,OECD.ECO.MPD:DSD_AN_HOUSE_PRICES@DF_HOUSE_PRICES(1.0),Analytical house prices indicators,I,POL,Poland,A,Annual,RPI,Rent prices,IX,Index,2011,,93.8326573458164,,A,Normal value,0,Units,S,"Seasonally adjusted, not calendar adjusted",1,One,2015,
DATAFLOW,OECD.ECO.MPD:DSD_AN_HOUSE_PRICES@DF_HOUSE_PRICES(1.0),Analytical house prices indicators,I,POL,Poland,A,Annual,RPI,Rent prices,IX,Index,2012,,96.2360099059003,,A,Normal value,0,Units,S,"Seasonally adjusted, not calendar adjusted",1,One,2015,
DATAFLOW,OECD.ECO.MPD:DSD_AN_HOUSE_PRICES@DF_HOUSE_PRICES(1.0),Analytical house prices indicators,I,POL,Poland,A,Annual,RPI,Rent prices,IX,Index,2013,,97.5712124392803,,A,Normal value,0,Units,S,"Seasonally adjusted, not calendar adjusted",1,One,2015,
DATAFLOW,OECD.ECO.MPD:DSD_AN_HOUSE_PRICES@DF_HOUSE_PRICES(1.0),Analytical house prices indicators,I,POL,Poland,A,Annual,RPI,Rent prices,IX,Index,2014,,98.683877467097,,A,Normal value,0,Units,S,"Seasonally adjusted, not calendar adjusted",1,One,2015,
DATAFLOW,OECD.ECO.MPD:DSD_AN_HOUSE_PRICES@DF_HOUSE_PRICES(1.0),Analytical house prices indicators,I,POL,Poland,A,Annual,RPI,Rent prices,IX,Index,2015,,100,,A,Normal value,0,Units,S,"Seasonally adjusted, not calendar adjusted",1,One,2015,
DATAFLOW,OECD.ECO.MPD:DSD_AN_HOUSE_PRICES@DF_HOUSE_PRICES(1.0),Analytical house prices indicators,I,POL,Poland,A,Annual,RPI,Rent prices,IX,Index,2016,,101.303427532586,,A,Normal value,0,Units,S,"Seasonally adjusted, not calendar adjusted",1,One,2015,
DATAFLOW,OECD.ECO.MPD:DSD_AN_HOUSE_PRICES@DF_HOUSE_PRICES(1.0),Analytical house prices indicators,I,POL,Poland,A,Annual,RPI,Rent prices,IX,Index,2017,,104.336202608405,,A,Normal value,0,Units,S,"Seasonally adjusted, not calendar adjusted",1,One,2015,
DATAFLOW,OECD.ECO.MPD:DSD_AN_HOUSE_PRICES@DF_HOUSE_PRICES(1.0),Analytical house prices indicators,I,POL,Poland,A,Annual,RPI,Rent prices,IX,Index,2018,,108.367252709181,,A,Normal value,0,Units,S,"Seasonally adjusted, not calendar adjusted",1,One,2015,
DATAFLOW,OECD.ECO.MPD:DSD_AN_HOUSE_PRICES@DF_HOUSE_PRICES(1.0),Analytical house prices indicators,I,POL,Poland,A,Annual,RPI,Rent prices,IX,Index,2019,,113.695327842383,,A,Normal value,0,Units,S,"Seasonally adjusted, not calendar adjusted",1,One,2015,
DATAFLOW,OECD.ECO.MPD:DSD_AN_HOUSE_PRICES@DF_HOUSE_PRICES(1.0),Analytical house prices indicators,I,POL,Poland,A,Annual,RPI,Rent prices,IX,Index,2020,,119.862677996567,,A,Normal value,0,Units,S,"Seasonally adjusted, not calendar adjusted",1,One,2015,
DATAFLOW,OECD.ECO.MPD:DSD_AN_HOUSE_PRICES@DF_HOUSE_PRICES(1.0),Analytical house prices indicators,I,POL,Poland,A,Annual,RPI,Rent prices,IX,Index,2021,,124.599453114986,,A,Normal value,0,Units,S,"Seasonally adjusted, not calendar adjusted",1,One,2015,
DATAFLOW,OECD.ECO.MPD:DSD_AN_HOUSE_PRICES@DF_HOUSE_PRICES(1.0),Analytical house prices indicators,I,POL,Poland,A,Annual,RPI,Rent prices,IX,Index,2022,,142.484728562118,,A,Normal value,0,Units,S,"Seasonally adjusted, not calendar adjusted",1,One,2015,
DATAFLOW,OECD.ECO.MPD:DSD_AN_HOUSE_PRICES@DF_HOUSE_PRICES(1.0),Analytical house prices indicators,I,POL,Poland,A,Annual,RPI,Rent prices,IX,Index,2023,,158.882253972056,,A,Normal value,0,Units,S,"Seasonally adjusted, not calendar adjusted",1,One,2015,
DATAFLOW,OECD.ECO.MPD:DSD_AN_HOUSE_PRICES@DF_HOUSE_PRICES(1.0),Analytical house prices indicators,I,POL,Poland,A,Annual,RPI,Rent prices,IX,Index,2024,,166.651829166296,,A,Normal value,0,Units,S,"Seasonally adjusted, not calendar adjusted",1,One,2015,
DATAFLOW,OECD.ECO.MPD:DSD_AN_HOUSE_PRICES@DF_HOUSE_PRICES(1.0),Analytical house prices indicators,I,POL,Poland,A,Annual,RPI,Rent prices,IX,Index,2025,,173.842829344239,,A,Normal value,0,Units,S,"Seasonally adjusted, not calendar adjusted",1,One,2015,
DATAFLOW,OECD.ECO.MPD:DSD_AN_HOUSE_PRICES@DF_HOUSE_PRICES(1.0),Analytical house prices indicators,I,PRT,Portugal,A,Annual,RPI,Rent prices,IX,Index,1959,,0.944168474988176,,A,Normal value,0,Units,S,"Seasonally adjusted, not calendar adjusted",1,One,2015,
DATAFLOW,OECD.ECO.MPD:DSD_AN_HOUSE_PRICES@DF_HOUSE_PRICES(1.0),Analytical house prices indicators,I,PRT,Portugal,A,Annual,RPI,Rent prices,IX,Index,1960,,0.992347625016105,,A,Normal value,0,Units,S,"Seasonally adjusted, not calendar adjusted",1,One,2015,
DATAFLOW,OECD.ECO.MPD:DSD_AN_HOUSE_PRICES@DF_HOUSE_PRICES(1.0),Analytical house prices indicators,I,PRT,Portugal,A,Annual,RPI,Rent prices,IX,Index,1961,,1.05769324998674,,A,Normal value,0,Units,S,"Seasonally adjusted, not calendar adjusted",1,One,2015,
DATAFLOW,OECD.ECO.MPD:DSD_AN_HOUSE_PRICES@DF_HOUSE_PRICES(1.0),Analytical house prices indicators,I,PRT,Portugal,A,Annual,RPI,Rent prices,IX,Index,1962,,1.08602374993135,,A,Normal value,0,Units,S,"Seasonally adjusted, not calendar adjusted",1,One,2015,
DATAFLOW,OECD.ECO.MPD:DSD_AN_HOUSE_PRICES@DF_HOUSE_PRICES(1.0),Analytical house prices indicators,I,PRT,Portugal,A,Annual,RPI,Rent prices,IX,Index,1963,,1.07850850004973,,A,Normal value,0,Units,S,"Seasonally adjusted, not calendar adjusted",1,One,2015,
DATAFLOW,OECD.ECO.MPD:DSD_AN_HOUSE_PRICES@DF_HOUSE_PRICES(1.0),Analytical house prices indicators,I,PRT,Portugal,A,Annual,RPI,Rent prices,IX,Index,1964,,1.13592574997718,,A,Normal value,0,Units,S,"Seasonally adjusted, not calendar adjusted",1,One,2015,
DATAFLOW,OECD.ECO.MPD:DSD_AN_HOUSE_PRICES@DF_HOUSE_PRICES(1.0),Analytical house prices indicators,I,PRT,Portugal,A,Annual,RPI,Rent prices,IX,Index,1965,,1.23015550002586,,A,Normal value,0,Units,S,"Seasonally adjusted, not calendar adjusted",1,One,2015,
DATAFLOW,OECD.ECO.MPD:DSD_AN_HOUSE_PRICES@DF_HOUSE_PRICES(1.0),Analytical house prices indicators,I,PRT,Portugal,A,Annual,RPI,Rent prices,IX,Index,1966,,1.35730750006181,,A,Normal value,0,Units,S,"Seasonally adjusted, not calendar adjusted",1,One,2015,
DATAFLOW,OECD.ECO.MPD:DSD_AN_HOUSE_PRICES@DF_HOUSE_PRICES(1.0),Analytical house prices indicators,I,PRT,Portugal,A,Annual,RPI,Rent prices,IX,Index,1967,,1.59756704011844,,A,Normal value,0,Units,S,"Seasonally adjusted, not calendar adjusted",1,One,2015,
DATAFLOW,OECD.ECO.MPD:DSD_AN_HOUSE_PRICES@DF_HOUSE_PRICES(1.0),Analytical house prices indicators,I,PRT,Portugal,A,Annual,RPI,Rent prices,IX,Index,1968,,1.79538304488458,,A,Normal value,0,Units,S,"Seasonally adjusted, not calendar adjusted",1,One,2015,
DATAFLOW,OECD.ECO.MPD:DSD_AN_HOUSE_PRICES@DF_HOUSE_PRICES(1.0),Analytical house prices indicators,I,PRT,Portugal,A,Annual,RPI,Rent prices,IX,Index,1969,,2.06119180152979,,A,Normal value,0,Units,S,"Seasonally adjusted, not calendar adjusted",1,One,2015,
DATAFLOW,OECD.ECO.MPD:DSD_AN_HOUSE_PRICES@DF_HOUSE_PRICES(1.0),Analytical house prices indicators,I,PRT,Portugal,A,Annual,RPI,Rent prices,IX,Index,1970,,2.15850305396258,,A,Normal value,0,Units,S,"Seasonally adjusted, not calendar adjusted",1,One,2015,
DATAFLOW,OECD.ECO.MPD:DSD_AN_HOUSE_PRICES@DF_HOUSE_PRICES(1.0),Analytical house prices indicators,I,PRT,Portugal,A,Annual,RPI,Rent prices,IX,Index,1971,,2.76895356922384,,A,Normal value,0,Units,S,"Seasonally adjusted, not calendar adjusted",1,One,2015,
DATAFLOW,OECD.ECO.MPD:DSD_AN_HOUSE_PRICES@DF_HOUSE_PRICES(1.0),Analytical house prices indicators,I,PRT,Portugal,A,Annual,RPI,Rent prices,IX,Index,1972,,3.3633120840828,,A,Normal value,0,Units,S,"Seasonally adjusted, not calendar adjusted",1,One,2015,
DATAFLOW,OECD.ECO.MPD:DSD_AN_HOUSE_PRICES@DF_HOUSE_PRICES(1.0),Analytical house prices indicators,I,PRT,Portugal,A,Annual,RPI,Rent prices,IX,Index,1973,,4.17526110438153,,A,Normal value,0,Units,S,"Seasonally adjusted, not calendar adjusted",1,One,2015,
DATAFLOW,OECD.ECO.MPD:DSD_AN_HOUSE_PRICES@DF_HOUSE_PRICES(1.0),Analytical house prices indicators,I,PRT,Portugal,A,Annual,RPI,Rent prices,IX,Index,1974,,5.0361438759036,,A,Normal value,0,Units,S,"Seasonally adjusted, not calendar adjusted",1,One,2015,
DATAFLOW,OECD.ECO.MPD:DSD_AN_HOUSE_PRICES@DF_HOUSE_PRICES(1.0),Analytical house prices indicators,I,PRT,Portugal,A,Annual,RPI,Rent prices,IX,Index,1975,,5.36461413411536,,A,Normal value,0,Units,S,"Seasonally adjusted, not calendar adjusted",1,One,2015,
DATAFLOW,OECD.ECO.MPD:DSD_AN_HOUSE_PRICES@DF_HOUSE_PRICES(1.0),Analytical house prices indicators,I,PRT,Portugal,A,Annual,RPI,Rent prices,IX,Index,1976,,6.76121691903043,,A,Normal value,0,Units,S,"Seasonally adjusted, not calendar adjusted",1,One,2015,
DATAFLOW,OECD.ECO.MPD:DSD_AN_HOUSE_PRICES@DF_HOUSE_PRICES(1.0),Analytical house prices indicators,I,PRT,Portugal,A,Annual,RPI,Rent prices,IX,Index,1977,,7.46786518669663,,A,Normal value,0,Units,S,"Seasonally adjusted, not calendar adjusted",1,One,2015,
DATAFLOW,OECD.ECO.MPD:DSD_AN_HOUSE_PRICES@DF_HOUSE_PRICES(1.0),Analytical house prices indicators,I,PRT,Portugal,A,Annual,RPI,Rent prices,IX,Index,1978,,8.00539145013479,,A,Normal value,0,Units,S,"Seasonally adjusted, not calendar adjusted",1,One,2015,
DATAFLOW,OECD.ECO.MPD:DSD_AN_HOUSE_PRICES@DF_HOUSE_PRICES(1.0),Analytical house prices indicators,I,PRT,Portugal,A,Annual,RPI,Rent prices,IX,Index,1979,,8.50677946266949,,A,Normal value,0,Units,S,"Seasonally adjusted, not calendar adjusted",1,One,2015,
DATAFLOW,OECD.ECO.MPD:DSD_AN_HOUSE_PRICES@DF_HOUSE_PRICES(1.0),Analytical house prices indicators,I,PRT,Portugal,A,Annual,RPI,Rent prices,IX,Index,1980,,9.07919397697985,,A,Normal value,0,Units,S,"Seasonally adjusted, not calendar adjusted",1,One,2015,
DATAFLOW,OECD.ECO.MPD:DSD_AN_HOUSE_PRICES@DF_HOUSE_PRICES(1.0),Analytical house prices indicators,I,PRT,Portugal,A,Annual,RPI,Rent prices,IX,Index,1981,,9.69001924225048,,A,Normal value,0,Units,S,"Seasonally adjusted, not calendar adjusted",1,One,2015,
DATAFLOW,OECD.ECO.MPD:DSD_AN_HOUSE_PRICES@DF_HOUSE_PRICES(1.0),Analytical house prices indicators,I,PRT,Portugal,A,Annual,RPI,Rent prices,IX,Index,1982,,10.3417527585438,,A,Normal value,0,Units,S,"Seasonally adjusted, not calendar adjusted",1,One,2015,
DATAFLOW,OECD.ECO.MPD:DSD_AN_HOUSE_PRICES@DF_HOUSE_PRICES(1.0),Analytical house prices indicators,I,PRT,Portugal,A,Annual,RPI,Rent prices,IX,Index,1983,,11.0383802759595,,A,Normal value,0,Units,S,"Seasonally adjusted, not calendar adjusted",1,One,2015,
DATAFLOW,OECD.ECO.MPD:DSD_AN_HOUSE_PRICES@DF_HOUSE_PRICES(1.0),Analytical house prices indicators,I,PRT,Portugal,A,Annual,RPI,Rent prices,IX,Index,1984,,13.135640328391,,A,Normal value,0,Units,S,"Seasonally adjusted, not calendar adjusted",1,One,2015,
DATAFLOW,OECD.ECO.MPD:DSD_AN_HOUSE_PRICES@DF_HOUSE_PRICES(1.0),Analytical house prices indicators,I,PRT,Portugal,A,Annual,RPI,Rent prices,IX,Index,1985,,15.2438153810954,,A,Normal value,0,Units,S,"Seasonally adjusted, not calendar adjusted",1,One,2015,
DATAFLOW,OECD.ECO.MPD:DSD_AN_HOUSE_PRICES@DF_HOUSE_PRICES(1.0),Analytical house prices indicators,I,PRT,Portugal,A,Annual,RPI,Rent prices,IX,Index,1986,,18.9528579738215,,A,Normal value,0,Units,S,"Seasonally adjusted, not calendar adjusted",1,One,2015,
DATAFLOW,OECD.ECO.MPD:DSD_AN_HOUSE_PRICES@DF_HOUSE_PRICES(1.0),Analytical house prices indicators,I,PRT,Portugal,A,Annual,RPI,Rent prices,IX,Index,1987,,21.8447055461176,,A,Normal value,0,Units,S,"Seasonally adjusted, not calendar adjusted",1,One,2015,
DATAFLOW,OECD.ECO.MPD:DSD_AN_HOUSE_PRICES@DF_HOUSE_PRICES(1.0),Analytical house prices indicators,I,PRT,Portugal,A,Annual,RPI,Rent prices,IX,Index,1988,,25.6748931418723,,A,Normal value,0,Units,S,"Seasonally adjusted, not calendar adjusted",1,One,2015,
DATAFLOW,OECD.ECO.MPD:DSD_AN_HOUSE_PRICES@DF_HOUSE_PRICES(1.0),Analytical house prices indicators,I,PRT,Portugal,A,Annual,RPI,Rent prices,IX,Index,1989,,29.2843857321096,,A,Normal value,0,Units,S,"Seasonally adjusted, not calendar adjusted",1,One,2015,
DATAFLOW,OECD.ECO.MPD:DSD_AN_HOUSE_PRICES@DF_HOUSE_PRICES(1.0),Analytical house prices indicators,I,PRT,Portugal,A,Annual,RPI,Rent prices,IX,Index,1990,,34.4725958618149,,A,Normal value,0,Units,S,"Seasonally adjusted, not calendar adjusted",1,One,2015,
DATAFLOW,OECD.ECO.MPD:DSD_AN_HOUSE_PRICES@DF_HOUSE_PRICES(1.0),Analytical house prices indicators,I,PRT,Portugal,A,Annual,RPI,Rent prices,IX,Index,1991,,42.7364085684102,,A,Normal value,0,Units,S,"Seasonally adjusted, not calendar adjusted",1,One,2015,
DATAFLOW,OECD.ECO.MPD:DSD_AN_HOUSE_PRICES@DF_HOUSE_PRICES(1.0),Analytical house prices indicators,I,PRT,Portugal,A,Annual,RPI,Rent prices,IX,Index,1992,,49.7289062432227,,A,Normal value,0,Units,S,"Seasonally adjusted, not calendar adjusted",1,One,2015,
DATAFLOW,OECD.ECO.MPD:DSD_AN_HOUSE_PRICES@DF_HOUSE_PRICES(1.0),Analytical house prices indicators,I,PRT,Portugal,A,Annual,RPI,Rent prices,IX,Index,1993,,54.4380013609501,,A,Normal value,0,Units,S,"Seasonally adjusted, not calendar adjusted",1,One,2015,
DATAFLOW,OECD.ECO.MPD:DSD_AN_HOUSE_PRICES@DF_HOUSE_PRICES(1.0),Analytical house prices indicators,I,PRT,Portugal,A,Annual,RPI,Rent prices,IX,Index,1994,,58.5027439625686,,A,Normal value,0,Units,S,"Seasonally adjusted, not calendar adjusted",1,One,2015,
DATAFLOW,OECD.ECO.MPD:DSD_AN_HOUSE_PRICES@DF_HOUSE_PRICES(1.0),Analytical house prices indicators,I,PRT,Portugal,A,Annual,RPI,Rent prices,IX,Index,1995,,61.4540290363508,,A,Normal value,0,Units,S,"Seasonally adjusted, not calendar adjusted",1,One,2015,
DATAFLOW,OECD.ECO.MPD:DSD_AN_HOUSE_PRICES@DF_HOUSE_PRICES(1.0),Analytical house prices indicators,I,PRT,Portugal,A,Annual,RPI,Rent prices,IX,Index,1996,,63.2674115816853,,A,Normal value,0,Units,S,"Seasonally adjusted, not calendar adjusted",1,One,2015,
DATAFLOW,OECD.ECO.MPD:DSD_AN_HOUSE_PRICES@DF_HOUSE_PRICES(1.0),Analytical house prices indicators,I,PRT,Portugal,A,Annual,RPI,Rent prices,IX,Index,1997,,65.6993466424837,,A,Normal value,0,Units,S,"Seasonally adjusted, not calendar adjusted",1,One,2015,
DATAFLOW,OECD.ECO.MPD:DSD_AN_HOUSE_PRICES@DF_HOUSE_PRICES(1.0),Analytical house prices indicators,I,PRT,Portugal,A,Annual,RPI,Rent prices,IX,Index,1998,,67.3776091844403,,A,Normal value,0,Units,S,"Seasonally adjusted, not calendar adjusted",1,One,2015,
DATAFLOW,OECD.ECO.MPD:DSD_AN_HOUSE_PRICES@DF_HOUSE_PRICES(1.0),Analytical house prices indicators,I,PRT,Portugal,A,Annual,RPI,Rent prices,IX,Index,1999,,68.3233417080836,,A,Normal value,0,Units,S,"Seasonally adjusted, not calendar adjusted",1,One,2015,
DATAFLOW,OECD.ECO.MPD:DSD_AN_HOUSE_PRICES@DF_HOUSE_PRICES(1.0),Analytical house prices indicators,I,PRT,Portugal,A,Annual,RPI,Rent prices,IX,Index,2000,,69.9673942491849,,A,Normal value,0,Units,S,"Seasonally adjusted, not calendar adjusted",1,One,2015,
DATAFLOW,OECD.ECO.MPD:DSD_AN_HOUSE_PRICES@DF_HOUSE_PRICES(1.0),Analytical house prices indicators,I,PRT,Portugal,A,Annual,RPI,Rent prices,IX,Index,2001,,71.8731717968293,,A,Normal value,0,Units,S,"Seasonally adjusted, not calendar adjusted",1,One,2015,
DATAFLOW,OECD.ECO.MPD:DSD_AN_HOUSE_PRICES@DF_HOUSE_PRICES(1.0),Analytical house prices indicators,I,PRT,Portugal,A,Annual,RPI,Rent prices,IX,Index,2002,,74.2523793563095,,A,Normal value,0,Units,S,"Seasonally adjusted, not calendar adjusted",1,One,2015,
DATAFLOW,OECD.ECO.MPD:DSD_AN_HOUSE_PRICES@DF_HOUSE_PRICES(1.0),Analytical house prices indicators,I,PRT,Portugal,A,Annual,RPI,Rent prices,IX,Index,2003,,76.0262144006554,,A,Normal value,0,Units,S,"Seasonally adjusted, not calendar adjusted",1,One,2015,
DATAFLOW,OECD.ECO.MPD:DSD_AN_HOUSE_PRICES@DF_HOUSE_PRICES(1.0),Analytical house prices indicators,I,PRT,Portugal,A,Annual,RPI,Rent prices,IX,Index,2004,,78.0214244505356,,A,Normal value,0,Units,S,"Seasonally adjusted, not calendar adjusted",1,One,2015,
DATAFLOW,OECD.ECO.MPD:DSD_AN_HOUSE_PRICES@DF_HOUSE_PRICES(1.0),Analytical house prices indicators,I,PRT,Portugal,A,Annual,RPI,Rent prices,IX,Index,2005,,79.8898169972455,,A,Normal value,0,Units,S,"Seasonally adjusted, not calendar adjusted",1,One,2015,
DATAFLOW,OECD.ECO.MPD:DSD_AN_HOUSE_PRICES@DF_HOUSE_PRICES(1.0),Analytical house prices indicators,I,PRT,Portugal,A,Annual,RPI,Rent prices,IX,Index,2006,,81.9187795479696,,A,Normal value,0,Units,S,"Seasonally adjusted, not calendar adjusted",1,One,2015,
DATAFLOW,OECD.ECO.MPD:DSD_AN_HOUSE_PRICES@DF_HOUSE_PRICES(1.0),Analytical house prices indicators,I,PRT,Portugal,A,Annual,RPI,Rent prices,IX,Index,2007,,84.1187721029693,,A,Normal value,0,Units,S,"Seasonally adjusted, not calendar adjusted",1,One,2015,
DATAFLOW,OECD.ECO.MPD:DSD_AN_HOUSE_PRICES@DF_HOUSE_PRICES(1.0),Analytical house prices indicators,I,PRT,Portugal,A,Annual,RPI,Rent prices,IX,Index,2008,,86.6675321666883,,A,Normal value,0,Units,S,"Seasonally adjusted, not calendar adjusted",1,One,2015,
DATAFLOW,OECD.ECO.MPD:DSD_AN_HOUSE_PRICES@DF_HOUSE_PRICES(1.0),Analytical house prices indicators,I,PRT,Portugal,A,Annual,RPI,Rent prices,IX,Index,2009,,89.0004847250121,,A,Normal value,0,Units,S,"Seasonally adjusted, not calendar adjusted",1,One,2015,
DATAFLOW,OECD.ECO.MPD:DSD_AN_HOUSE_PRICES@DF_HOUSE_PRICES(1.0),Analytical house prices indicators,I,PRT,Portugal,A,Annual,RPI,Rent prices,IX,Index,2010,,90.8614897715373,,A,Normal value,0,Units,S,"Seasonally adjusted, not calendar adjusted",1,One,2015,
DATAFLOW,OECD.ECO.MPD:DSD_AN_HOUSE_PRICES@DF_HOUSE_PRICES(1.0),Analytical house prices indicators,I,PRT,Portugal,A,Annual,RPI,Rent prices,IX,Index,2011,,91.7128947928224,,A,Normal value,0,Units,S,"Seasonally adjusted, not calendar adjusted",1,One,2015,
DATAFLOW,OECD.ECO.MPD:DSD_AN_HOUSE_PRICES@DF_HOUSE_PRICES(1.0),Analytical house prices indicators,I,PRT,Portugal,A,Annual,RPI,Rent prices,IX,Index,2012,,93.5515048387877,,A,Normal value,0,Units,S,"Seasonally adjusted, not calendar adjusted",1,One,2015,
DATAFLOW,OECD.ECO.MPD:DSD_AN_HOUSE_PRICES@DF_HOUSE_PRICES(1.0),Analytical house prices indicators,I,PRT,Portugal,A,Annual,RPI,Rent prices,IX,Index,2013,,94.716677367917,,A,Normal value,0,Units,S,"Seasonally adjusted, not calendar adjusted",1,One,2015,
DATAFLOW,OECD.ECO.MPD:DSD_AN_HOUSE_PRICES@DF_HOUSE_PRICES(1.0),Analytical house prices indicators,I,PRT,Portugal,A,Annual,RPI,Rent prices,IX,Index,2014,,98.909837472746,,A,Normal value,0,Units,S,"Seasonally adjusted, not calendar adjusted",1,One,2015,
DATAFLOW,OECD.ECO.MPD:DSD_AN_HOUSE_PRICES@DF_HOUSE_PRICES(1.0),Analytical house prices indicators,I,PRT,Portugal,A,Annual,RPI,Rent prices,IX,Index,2015,,100,,A,Normal value,0,Units,S,"Seasonally adjusted, not calendar adjusted",1,One,2015,
DATAFLOW,OECD.ECO.MPD:DSD_AN_HOUSE_PRICES@DF_HOUSE_PRICES(1.0),Analytical house prices indicators,I,PRT,Portugal,A,Annual,RPI,Rent prices,IX,Index,2016,,101.704527542613,,A,Normal value,0,Units,S,"Seasonally adjusted, not calendar adjusted",1,One,2015,
DATAFLOW,OECD.ECO.MPD:DSD_AN_HOUSE_PRICES@DF_HOUSE_PRICES(1.0),Analytical house prices indicators,I,PRT,Portugal,A,Annual,RPI,Rent prices,IX,Index,2017,,102.716177567904,,A,Normal value,0,Units,S,"Seasonally adjusted, not calendar adjusted",1,One,2015,
DATAFLOW,OECD.ECO.MPD:DSD_AN_HOUSE_PRICES@DF_HOUSE_PRICES(1.0),Analytical house prices indicators,I,PRT,Portugal,A,Annual,RPI,Rent prices,IX,Index,2018,,104.65680261642,,A,Normal value,0,Units,S,"Seasonally adjusted, not calendar adjusted",1,One,2015,
DATAFLOW,OECD.ECO.MPD:DSD_AN_HOUSE_PRICES@DF_HOUSE_PRICES(1.0),Analytical house prices indicators,I,PRT,Portugal,A,Annual,RPI,Rent prices,IX,Index,2019,,107.970177699254,,A,Normal value,0,Units,S,"Seasonally adjusted, not calendar adjusted",1,One,2015,
DATAFLOW,OECD.ECO.MPD:DSD_AN_HOUSE_PRICES@DF_HOUSE_PRICES(1.0),Analytical house prices indicators,I,PRT,Portugal,A,Annual,RPI,Rent prices,IX,Index,2020,,110.76120276903,,A,Normal value,0,Units,S,"Seasonally adjusted, not calendar adjusted",1,One,2015,
DATAFLOW,OECD.ECO.MPD:DSD_AN_HOUSE_PRICES@DF_HOUSE_PRICES(1.0),Analytical house prices indicators,I,PRT,Portugal,A,Annual,RPI,Rent prices,IX,Index,2021,,112.758477818962,,A,Normal value,0,Units,S,"Seasonally adjusted, not calendar adjusted",1,One,2015,
DATAFLOW,OECD.ECO.MPD:DSD_AN_HOUSE_PRICES@DF_HOUSE_PRICES(1.0),Analytical house prices indicators,I,PRT,Portugal,A,Annual,RPI,Rent prices,IX,Index,2022,,115.786327894658,,A,Normal value,0,Units,S,"Seasonally adjusted, not calendar adjusted",1,One,2015,
DATAFLOW,OECD.ECO.MPD:DSD_AN_HOUSE_PRICES@DF_HOUSE_PRICES(1.0),Analytical house prices indicators,I,PRT,Portugal,A,Annual,RPI,Rent prices,IX,Index,2023,,121.052853026321,,A,Normal value,0,Units,S,"Seasonally adjusted, not calendar adjusted",1,One,2015,
DATAFLOW,OECD.ECO.MPD:DSD_AN_HOUSE_PRICES@DF_HOUSE_PRICES(1.0),Analytical house prices indicators,I,PRT,Portugal,A,Annual,RPI,Rent prices,IX,Index,2024,,129.50280323757,,A,Normal value,0,Units,S,"Seasonally adjusted, not calendar adjusted",1,One,2015,
DATAFLOW,OECD.ECO.MPD:DSD_AN_HOUSE_PRICES@DF_HOUSE_PRICES(1.0),Analytical house prices indicators,I,PRT,Portugal,A,Annual,RPI,Rent prices,IX,Index,2025,,136.3703784106,,A,Normal value,0,Units,S,"Seasonally adjusted, not calendar adjusted",1,One,2015,
DATAFLOW,OECD.ECO.MPD:DSD_AN_HOUSE_PRICES@DF_HOUSE_PRICES(1.0),Analytical house prices indicators,I,SVK,Slovak Republic,A,Annual,RPI,Rent prices,IX,Index,1995,,24.291335002352,,A,Normal value,0,Units,S,"Seasonally adjusted, not calendar adjusted",1,One,2015,
DATAFLOW,OECD.ECO.MPD:DSD_AN_HOUSE_PRICES@DF_HOUSE_PRICES(1.0),Analytical house prices indicators,I,SVK,Slovak Republic,A,Annual,RPI,Rent prices,IX,Index,1996,,24.958365,,A,Normal value,0,Units,S,"Seasonally adjusted, not calendar adjusted",1,One,2015,
DATAFLOW,OECD.ECO.MPD:DSD_AN_HOUSE_PRICES@DF_HOUSE_PRICES(1.0),Analytical house prices indicators,I,SVK,Slovak Republic,A,Annual,RPI,Rent prices,IX,Index,1997,,26.687325,,A,Normal value,0,Units,S,"Seasonally adjusted, not calendar adjusted",1,One,2015,
DATAFLOW,OECD.ECO.MPD:DSD_AN_HOUSE_PRICES@DF_HOUSE_PRICES(1.0),Analytical house prices indicators,I,SVK,Slovak Republic,A,Annual,RPI,Rent prices,IX,Index,1998,,27.8413225,,A,Normal value,0,Units,S,"Seasonally adjusted, not calendar adjusted",1,One,2015,
DATAFLOW,OECD.ECO.MPD:DSD_AN_HOUSE_PRICES@DF_HOUSE_PRICES(1.0),Analytical house prices indicators,I,SVK,Slovak Republic,A,Annual,RPI,Rent prices,IX,Index,1999,,30.33348,,A,Normal value,0,Units,S,"Seasonally adjusted, not calendar adjusted",1,One,2015,
DATAFLOW,OECD.ECO.MPD:DSD_AN_HOUSE_PRICES@DF_HOUSE_PRICES(1.0),Analytical house prices indicators,I,SVK,Slovak Republic,A,Annual,RPI,Rent prices,IX,Index,2000,,38.1414075,,A,Normal value,0,Units,S,"Seasonally adjusted, not calendar adjusted",1,One,2015,
DATAFLOW,OECD.ECO.MPD:DSD_AN_HOUSE_PRICES@DF_HOUSE_PRICES(1.0),Analytical house prices indicators,I,SVK,Slovak Republic,A,Annual,RPI,Rent prices,IX,Index,2001,,46.8230225,,A,Normal value,0,Units,S,"Seasonally adjusted, not calendar adjusted",1,One,2015,
DATAFLOW,OECD.ECO.MPD:DSD_AN_HOUSE_PRICES@DF_HOUSE_PRICES(1.0),Analytical house prices indicators,I,SVK,Slovak Republic,A,Annual,RPI,Rent prices,IX,Index,2002,,48.89466,,A,Normal value,0,Units,S,"Seasonally adjusted, not calendar adjusted",1,One,2015,
DATAFLOW,OECD.ECO.MPD:DSD_AN_HOUSE_PRICES@DF_HOUSE_PRICES(1.0),Analytical house prices indicators,I,SVK,Slovak Republic,A,Annual,RPI,Rent prices,IX,Index,2003,,63.2540925,,A,Normal value,0,Units,S,"Seasonally adjusted, not calendar adjusted",1,One,2015,
DATAFLOW,OECD.ECO.MPD:DSD_AN_HOUSE_PRICES@DF_HOUSE_PRICES(1.0),Analytical house prices indicators,I,SVK,Slovak Republic,A,Annual,RPI,Rent prices,IX,Index,2004,,79.4812875,,A,Normal value,0,Units,S,"Seasonally adjusted, not calendar adjusted",1,One,2015,
DATAFLOW,OECD.ECO.MPD:DSD_AN_HOUSE_PRICES@DF_HOUSE_PRICES(1.0),Analytical house prices indicators,I,SVK,Slovak Republic,A,Annual,RPI,Rent prices,IX,Index,2005,,84.0058575,,A,Normal value,0,Units,S,"Seasonally adjusted, not calendar adjusted",1,One,2015,
DATAFLOW,OECD.ECO.MPD:DSD_AN_HOUSE_PRICES@DF_HOUSE_PRICES(1.0),Analytical house prices indicators,I,SVK,Slovak Republic,A,Annual,RPI,Rent prices,IX,Index,2006,,85.98016,,A,Normal value,0,Units,S,"Seasonally adjusted, not calendar adjusted",1,One,2015,
DATAFLOW,OECD.ECO.MPD:DSD_AN_HOUSE_PRICES@DF_HOUSE_PRICES(1.0),Analytical house prices indicators,I,SVK,Slovak Republic,A,Annual,RPI,Rent prices,IX,Index,2007,,89.419365,,A,Normal value,0,Units,S,"Seasonally adjusted, not calendar adjusted",1,One,2015,
DATAFLOW,OECD.ECO.MPD:DSD_AN_HOUSE_PRICES@DF_HOUSE_PRICES(1.0),Analytical house prices indicators,I,SVK,Slovak Republic,A,Annual,RPI,Rent prices,IX,Index,2008,,91.769875,,A,Normal value,0,Units,S,"Seasonally adjusted, not calendar adjusted",1,One,2015,
DATAFLOW,OECD.ECO.MPD:DSD_AN_HOUSE_PRICES@DF_HOUSE_PRICES(1.0),Analytical house prices indicators,I,SVK,Slovak Republic,A,Annual,RPI,Rent prices,IX,Index,2009,,96.7405775,,A,Normal value,0,Units,S,"Seasonally adjusted, not calendar adjusted",1,One,2015,
DATAFLOW,OECD.ECO.MPD:DSD_AN_HOUSE_PRICES@DF_HOUSE_PRICES(1.0),Analytical house prices indicators,I,SVK,Slovak Republic,A,Annual,RPI,Rent prices,IX,Index,2010,,98.34865,,A,Normal value,0,Units,S,"Seasonally adjusted, not calendar adjusted",1,One,2015,
DATAFLOW,OECD.ECO.MPD:DSD_AN_HOUSE_PRICES@DF_HOUSE_PRICES(1.0),Analytical house prices indicators,I,SVK,Slovak Republic,A,Annual,RPI,Rent prices,IX,Index,2011,,99.09109,,A,Normal value,0,Units,S,"Seasonally adjusted, not calendar adjusted",1,One,2015,
DATAFLOW,OECD.ECO.MPD:DSD_AN_HOUSE_PRICES@DF_HOUSE_PRICES(1.0),Analytical house prices indicators,I,SVK,Slovak Republic,A,Annual,RPI,Rent prices,IX,Index,2012,,99.740305,,A,Normal value,0,Units,S,"Seasonally adjusted, not calendar adjusted",1,One,2015,
DATAFLOW,OECD.ECO.MPD:DSD_AN_HOUSE_PRICES@DF_HOUSE_PRICES(1.0),Analytical house prices indicators,I,SVK,Slovak Republic,A,Annual,RPI,Rent prices,IX,Index,2013,,99.9900325,,A,Normal value,0,Units,S,"Seasonally adjusted, not calendar adjusted",1,One,2015,
DATAFLOW,OECD.ECO.MPD:DSD_AN_HOUSE_PRICES@DF_HOUSE_PRICES(1.0),Analytical house prices indicators,I,SVK,Slovak Republic,A,Annual,RPI,Rent prices,IX,Index,2014,,99.9999999999999,,A,Normal value,0,Units,S,"Seasonally adjusted, not calendar adjusted",1,One,2015,
DATAFLOW,OECD.ECO.MPD:DSD_AN_HOUSE_PRICES@DF_HOUSE_PRICES(1.0),Analytical house prices indicators,I,SVK,Slovak Republic,A,Annual,RPI,Rent prices,IX,Index,2015,,100,,A,Normal value,0,Units,S,"Seasonally adjusted, not calendar adjusted",1,One,2015,
DATAFLOW,OECD.ECO.MPD:DSD_AN_HOUSE_PRICES@DF_HOUSE_PRICES(1.0),Analytical house prices indicators,I,SVK,Slovak Republic,A,Annual,RPI,Rent prices,IX,Index,2016,,100.246375,,A,Normal value,0,Units,S,"Seasonally adjusted, not calendar adjusted",1,One,2015,
DATAFLOW,OECD.ECO.MPD:DSD_AN_HOUSE_PRICES@DF_HOUSE_PRICES(1.0),Analytical house prices indicators,I,SVK,Slovak Republic,A,Annual,RPI,Rent prices,IX,Index,2017,,100.552675,,A,Normal value,0,Units,S,"Seasonally adjusted, not calendar adjusted",1,One,2015,
DATAFLOW,OECD.ECO.MPD:DSD_AN_HOUSE_PRICES@DF_HOUSE_PRICES(1.0),Analytical house prices indicators,I,SVK,Slovak Republic,A,Annual,RPI,Rent prices,IX,Index,2018,,100.84565,,A,Normal value,0,Units,S,"Seasonally adjusted, not calendar adjusted",1,One,2015,
DATAFLOW,OECD.ECO.MPD:DSD_AN_HOUSE_PRICES@DF_HOUSE_PRICES(1.0),Analytical house prices indicators,I,SVK,Slovak Republic,A,Annual,RPI,Rent prices,IX,Index,2019,,101.421625,,A,Normal value,0,Units,S,"Seasonally adjusted, not calendar adjusted",1,One,2015,
DATAFLOW,OECD.ECO.MPD:DSD_AN_HOUSE_PRICES@DF_HOUSE_PRICES(1.0),Analytical house prices indicators,I,SVK,Slovak Republic,A,Annual,RPI,Rent prices,IX,Index,2020,,102.97645,,A,Normal value,0,Units,S,"Seasonally adjusted, not calendar adjusted",1,One,2015,
DATAFLOW,OECD.ECO.MPD:DSD_AN_HOUSE_PRICES@DF_HOUSE_PRICES(1.0),Analytical house prices indicators,I,SVK,Slovak Republic,A,Annual,RPI,Rent prices,IX,Index,2021,,103.881975,,A,Normal value,0,Units,S,"Seasonally adjusted, not calendar adjusted",1,One,2015,
DATAFLOW,OECD.ECO.MPD:DSD_AN_HOUSE_PRICES@DF_HOUSE_PRICES(1.0),Analytical house prices indicators,I,SVK,Slovak Republic,A,Annual,RPI,Rent prices,IX,Index,2022,,108.1569,,A,Normal value,0,Units,S,"Seasonally adjusted, not calendar adjusted",1,One,2015,
DATAFLOW,OECD.ECO.MPD:DSD_AN_HOUSE_PRICES@DF_HOUSE_PRICES(1.0),Analytical house prices indicators,I,SVK,Slovak Republic,A,Annual,RPI,Rent prices,IX,Index,2023,,113.91665,,A,Normal value,0,Units,S,"Seasonally adjusted, not calendar adjusted",1,One,2015,
DATAFLOW,OECD.ECO.MPD:DSD_AN_HOUSE_PRICES@DF_HOUSE_PRICES(1.0),Analytical house prices indicators,I,SVK,Slovak Republic,A,Annual,RPI,Rent prices,IX,Index,2024,,121.35105,,A,Normal value,0,Units,S,"Seasonally adjusted, not calendar adjusted",1,One,2015,
DATAFLOW,OECD.ECO.MPD:DSD_AN_HOUSE_PRICES@DF_HOUSE_PRICES(1.0),Analytical house prices indicators,I,SVK,Slovak Republic,A,Annual,RPI,Rent prices,IX,Index,2025,,127.536949997204,,A,Normal value,0,Units,S,"Seasonally adjusted, not calendar adjusted",1,One,2015,
DATAFLOW,OECD.ECO.MPD:DSD_AN_HOUSE_PRICES@DF_HOUSE_PRICES(1.0),Analytical house prices indicators,I,SVN,Slovenia,A,Annual,RPI,Rent prices,IX,Index,2000,,56.5569293407584,,A,Normal value,0,Units,S,"Seasonally adjusted, not calendar adjusted",1,One,2015,
DATAFLOW,OECD.ECO.MPD:DSD_AN_HOUSE_PRICES@DF_HOUSE_PRICES(1.0),Analytical house prices indicators,I,SVN,Slovenia,A,Annual,RPI,Rent prices,IX,Index,2001,,63.3390711660928,,A,Normal value,0,Units,S,"Seasonally adjusted, not calendar adjusted",1,One,2015,
DATAFLOW,OECD.ECO.MPD:DSD_AN_HOUSE_PRICES@DF_HOUSE_PRICES(1.0),Analytical house prices indicators,I,SVN,Slovenia,A,Annual,RPI,Rent prices,IX,Index,2002,,69.0335780966421,,A,Normal value,0,Units,S,"Seasonally adjusted, not calendar adjusted",1,One,2015,
DATAFLOW,OECD.ECO.MPD:DSD_AN_HOUSE_PRICES@DF_HOUSE_PRICES(1.0),Analytical house prices indicators,I,SVN,Slovenia,A,Annual,RPI,Rent prices,IX,Index,2003,,78.5702821429717,,A,Normal value,0,Units,S,"Seasonally adjusted, not calendar adjusted",1,One,2015,
DATAFLOW,OECD.ECO.MPD:DSD_AN_HOUSE_PRICES@DF_HOUSE_PRICES(1.0),Analytical house prices indicators,I,SVN,Slovenia,A,Annual,RPI,Rent prices,IX,Index,2004,,87.8998862100113,,A,Normal value,0,Units,S,"Seasonally adjusted, not calendar adjusted",1,One,2015,
DATAFLOW,OECD.ECO.MPD:DSD_AN_HOUSE_PRICES@DF_HOUSE_PRICES(1.0),Analytical house prices indicators,I,SVN,Slovenia,A,Annual,RPI,Rent prices,IX,Index,2005,,92.5038657496133,,A,Normal value,0,Units,S,"Seasonally adjusted, not calendar adjusted",1,One,2015,
DATAFLOW,OECD.ECO.MPD:DSD_AN_HOUSE_PRICES@DF_HOUSE_PRICES(1.0),Analytical house prices indicators,I,SVN,Slovenia,A,Annual,RPI,Rent prices,IX,Index,2006,,95.4930479506951,,A,Normal value,0,Units,S,"Seasonally adjusted, not calendar adjusted",1,One,2015,
DATAFLOW,OECD.ECO.MPD:DSD_AN_HOUSE_PRICES@DF_HOUSE_PRICES(1.0),Analytical house prices indicators,I,SVN,Slovenia,A,Annual,RPI,Rent prices,IX,Index,2007,,98.3374026662595,,A,Normal value,0,Units,S,"Seasonally adjusted, not calendar adjusted",1,One,2015,
DATAFLOW,OECD.ECO.MPD:DSD_AN_HOUSE_PRICES@DF_HOUSE_PRICES(1.0),Analytical house prices indicators,I,SVN,Slovenia,A,Annual,RPI,Rent prices,IX,Index,2008,,103.819039618096,,A,Normal value,0,Units,S,"Seasonally adjusted, not calendar adjusted",1,One,2015,
DATAFLOW,OECD.ECO.MPD:DSD_AN_HOUSE_PRICES@DF_HOUSE_PRICES(1.0),Analytical house prices indicators,I,SVN,Slovenia,A,Annual,RPI,Rent prices,IX,Index,2009,,103.317939668206,,A,Normal value,0,Units,S,"Seasonally adjusted, not calendar adjusted",1,One,2015,
DATAFLOW,OECD.ECO.MPD:DSD_AN_HOUSE_PRICES@DF_HOUSE_PRICES(1.0),Analytical house prices indicators,I,SVN,Slovenia,A,Annual,RPI,Rent prices,IX,Index,2010,,101.875489812451,,A,Normal value,0,Units,S,"Seasonally adjusted, not calendar adjusted",1,One,2015,
DATAFLOW,OECD.ECO.MPD:DSD_AN_HOUSE_PRICES@DF_HOUSE_PRICES(1.0),Analytical house prices indicators,I,SVN,Slovenia,A,Annual,RPI,Rent prices,IX,Index,2011,,101.485889851411,,A,Normal value,0,Units,S,"Seasonally adjusted, not calendar adjusted",1,One,2015,
DATAFLOW,OECD.ECO.MPD:DSD_AN_HOUSE_PRICES@DF_HOUSE_PRICES(1.0),Analytical house prices indicators,I,SVN,Slovenia,A,Annual,RPI,Rent prices,IX,Index,2012,,99.8319975168,,A,Normal value,0,Units,S,"Seasonally adjusted, not calendar adjusted",1,One,2015,
DATAFLOW,OECD.ECO.MPD:DSD_AN_HOUSE_PRICES@DF_HOUSE_PRICES(1.0),Analytical house prices indicators,I,SVN,Slovenia,A,Annual,RPI,Rent prices,IX,Index,2013,,98.7762226223776,,A,Normal value,0,Units,S,"Seasonally adjusted, not calendar adjusted",1,One,2015,
DATAFLOW,OECD.ECO.MPD:DSD_AN_HOUSE_PRICES@DF_HOUSE_PRICES(1.0),Analytical house prices indicators,I,SVN,Slovenia,A,Annual,RPI,Rent prices,IX,Index,2014,,98.0477576952241,,A,Normal value,0,Units,S,"Seasonally adjusted, not calendar adjusted",1,One,2015,
DATAFLOW,OECD.ECO.MPD:DSD_AN_HOUSE_PRICES@DF_HOUSE_PRICES(1.0),Analytical house prices indicators,I,SVN,Slovenia,A,Annual,RPI,Rent prices,IX,Index,2015,,100,,A,Normal value,0,Units,S,"Seasonally adjusted, not calendar adjusted",1,One,2015,
DATAFLOW,OECD.ECO.MPD:DSD_AN_HOUSE_PRICES@DF_HOUSE_PRICES(1.0),Analytical house prices indicators,I,SVN,Slovenia,A,Annual,RPI,Rent prices,IX,Index,2016,,101.617689838231,,A,Normal value,0,Units,S,"Seasonally adjusted, not calendar adjusted",1,One,2015,
DATAFLOW,OECD.ECO.MPD:DSD_AN_HOUSE_PRICES@DF_HOUSE_PRICES(1.0),Analytical house prices indicators,I,SVN,Slovenia,A,Annual,RPI,Rent prices,IX,Index,2017,,106.958814304118,,A,Normal value,0,Units,S,"Seasonally adjusted, not calendar adjusted",1,One,2015,
DATAFLOW,OECD.ECO.MPD:DSD_AN_HOUSE_PRICES@DF_HOUSE_PRICES(1.0),Analytical house prices indicators,I,SVN,Slovenia,A,Annual,RPI,Rent prices,IX,Index,2018,,113.623663637633,,A,Normal value,0,Units,S,"Seasonally adjusted, not calendar adjusted",1,One,2015,
DATAFLOW,OECD.ECO.MPD:DSD_AN_HOUSE_PRICES@DF_HOUSE_PRICES(1.0),Analytical house prices indicators,I,SVN,Slovenia,A,Annual,RPI,Rent prices,IX,Index,2019,,118.446313155369,,A,Normal value,0,Units,S,"Seasonally adjusted, not calendar adjusted",1,One,2015,
DATAFLOW,OECD.ECO.MPD:DSD_AN_HOUSE_PRICES@DF_HOUSE_PRICES(1.0),Analytical house prices indicators,I,SVN,Slovenia,A,Annual,RPI,Rent prices,IX,Index,2020,,115.736663426333,,A,Normal value,0,Units,S,"Seasonally adjusted, not calendar adjusted",1,One,2015,
DATAFLOW,OECD.ECO.MPD:DSD_AN_HOUSE_PRICES@DF_HOUSE_PRICES(1.0),Analytical house prices indicators,I,SVN,Slovenia,A,Annual,RPI,Rent prices,IX,Index,2021,,119.923513007649,,A,Normal value,0,Units,S,"Seasonally adjusted, not calendar adjusted",1,One,2015,
DATAFLOW,OECD.ECO.MPD:DSD_AN_HOUSE_PRICES@DF_HOUSE_PRICES(1.0),Analytical house prices indicators,I,SVN,Slovenia,A,Annual,RPI,Rent prices,IX,Index,2022,,142.555285744471,,A,Normal value,0,Units,S,"Seasonally adjusted, not calendar adjusted",1,One,2015,
DATAFLOW,OECD.ECO.MPD:DSD_AN_HOUSE_PRICES@DF_HOUSE_PRICES(1.0),Analytical house prices indicators,I,SVN,Slovenia,A,Annual,RPI,Rent prices,IX,Index,2023,,160.235458976454,,A,Normal value,0,Units,S,"Seasonally adjusted, not calendar adjusted",1,One,2015,
DATAFLOW,OECD.ECO.MPD:DSD_AN_HOUSE_PRICES@DF_HOUSE_PRICES(1.0),Analytical house prices indicators,I,SVN,Slovenia,A,Annual,RPI,Rent prices,IX,Index,2024,,170.499182950081,,A,Normal value,0,Units,S,"Seasonally adjusted, not calendar adjusted",1,One,2015,
DATAFLOW,OECD.ECO.MPD:DSD_AN_HOUSE_PRICES@DF_HOUSE_PRICES(1.0),Analytical house prices indicators,I,SVN,Slovenia,A,Annual,RPI,Rent prices,IX,Index,2025,,173.789557623444,,A,Normal value,0,Units,S,"Seasonally adjusted, not calendar adjusted",1,One,2015,
DATAFLOW,OECD.ECO.MPD:DSD_AN_HOUSE_PRICES@DF_HOUSE_PRICES(1.0),Analytical house prices indicators,I,ESP,Spain,A,Annual,RPI,Rent prices,IX,Index,1961,,3.39124260191626,,A,Normal value,0,Units,S,"Seasonally adjusted, not calendar adjusted",1,One,2015,
DATAFLOW,OECD.ECO.MPD:DSD_AN_HOUSE_PRICES@DF_HOUSE_PRICES(1.0),Analytical house prices indicators,I,ESP,Spain,A,Annual,RPI,Rent prices,IX,Index,1962,,3.60989351639899,,A,Normal value,0,Units,S,"Seasonally adjusted, not calendar adjusted",1,One,2015,
DATAFLOW,OECD.ECO.MPD:DSD_AN_HOUSE_PRICES@DF_HOUSE_PRICES(1.0),Analytical house prices indicators,I,ESP,Spain,A,Annual,RPI,Rent prices,IX,Index,1963,,3.76338476902388,,A,Normal value,0,Units,S,"Seasonally adjusted, not calendar adjusted",1,One,2015,
DATAFLOW,OECD.ECO.MPD:DSD_AN_HOUSE_PRICES@DF_HOUSE_PRICES(1.0),Analytical house prices indicators,I,ESP,Spain,A,Annual,RPI,Rent prices,IX,Index,1964,,3.97431916126561,,A,Normal value,0,Units,S,"Seasonally adjusted, not calendar adjusted",1,One,2015,
DATAFLOW,OECD.ECO.MPD:DSD_AN_HOUSE_PRICES@DF_HOUSE_PRICES(1.0),Analytical house prices indicators,I,ESP,Spain,A,Annual,RPI,Rent prices,IX,Index,1965,,4.39190151122468,,A,Normal value,0,Units,S,"Seasonally adjusted, not calendar adjusted",1,One,2015,
DATAFLOW,OECD.ECO.MPD:DSD_AN_HOUSE_PRICES@DF_HOUSE_PRICES(1.0),Analytical house prices indicators,I,ESP,Spain,A,Annual,RPI,Rent prices,IX,Index,1966,,4.74688926634276,,A,Normal value,0,Units,S,"Seasonally adjusted, not calendar adjusted",1,One,2015,
DATAFLOW,OECD.ECO.MPD:DSD_AN_HOUSE_PRICES@DF_HOUSE_PRICES(1.0),Analytical house prices indicators,I,ESP,Spain,A,Annual,RPI,Rent prices,IX,Index,1967,,5.1567792067827,,A,Normal value,0,Units,S,"Seasonally adjusted, not calendar adjusted",1,One,2015,
DATAFLOW,OECD.ECO.MPD:DSD_AN_HOUSE_PRICES@DF_HOUSE_PRICES(1.0),Analytical house prices indicators,I,ESP,Spain,A,Annual,RPI,Rent prices,IX,Index,1968,,5.50748145164543,,A,Normal value,0,Units,S,"Seasonally adjusted, not calendar adjusted",1,One,2015,
DATAFLOW,OECD.ECO.MPD:DSD_AN_HOUSE_PRICES@DF_HOUSE_PRICES(1.0),Analytical house prices indicators,I,ESP,Spain,A,Annual,RPI,Rent prices,IX,Index,1969,,5.58122285834843,,A,Normal value,0,Units,S,"Seasonally adjusted, not calendar adjusted",1,One,2015,
DATAFLOW,OECD.ECO.MPD:DSD_AN_HOUSE_PRICES@DF_HOUSE_PRICES(1.0),Analytical house prices indicators,I,ESP,Spain,A,Annual,RPI,Rent prices,IX,Index,1970,,5.85303827392756,,A,Normal value,0,Units,S,"Seasonally adjusted, not calendar adjusted",1,One,2015,
DATAFLOW,OECD.ECO.MPD:DSD_AN_HOUSE_PRICES@DF_HOUSE_PRICES(1.0),Analytical house prices indicators,I,ESP,Spain,A,Annual,RPI,Rent prices,IX,Index,1971,,6.1985958581559,,A,Normal value,0,Units,S,"Seasonally adjusted, not calendar adjusted",1,One,2015,
DATAFLOW,OECD.ECO.MPD:DSD_AN_HOUSE_PRICES@DF_HOUSE_PRICES(1.0),Analytical house prices indicators,I,ESP,Spain,A,Annual,RPI,Rent prices,IX,Index,1972,,6.51499934911933,,A,Normal value,0,Units,S,"Seasonally adjusted, not calendar adjusted",1,One,2015,
DATAFLOW,OECD.ECO.MPD:DSD_AN_HOUSE_PRICES@DF_HOUSE_PRICES(1.0),Analytical house prices indicators,I,ESP,Spain,A,Annual,RPI,Rent prices,IX,Index,1973,,7.18382047988385,,A,Normal value,0,Units,S,"Seasonally adjusted, not calendar adjusted",1,One,2015,
DATAFLOW,OECD.ECO.MPD:DSD_AN_HOUSE_PRICES@DF_HOUSE_PRICES(1.0),Analytical house prices indicators,I,ESP,Spain,A,Annual,RPI,Rent prices,IX,Index,1974,,8.10730714127768,,A,Normal value,0,Units,S,"Seasonally adjusted, not calendar adjusted",1,One,2015,
DATAFLOW,OECD.ECO.MPD:DSD_AN_HOUSE_PRICES@DF_HOUSE_PRICES(1.0),Analytical house prices indicators,I,ESP,Spain,A,Annual,RPI,Rent prices,IX,Index,1975,,9.24001508437578,,A,Normal value,0,Units,S,"Seasonally adjusted, not calendar adjusted",1,One,2015,
DATAFLOW,OECD.ECO.MPD:DSD_AN_HOUSE_PRICES@DF_HOUSE_PRICES(1.0),Analytical house prices indicators,I,ESP,Spain,A,Annual,RPI,Rent prices,IX,Index,1976,,10.3432992570422,,A,Normal value,0,Units,S,"Seasonally adjusted, not calendar adjusted",1,One,2015,
DATAFLOW,OECD.ECO.MPD:DSD_AN_HOUSE_PRICES@DF_HOUSE_PRICES(1.0),Analytical house prices indicators,I,ESP,Spain,A,Annual,RPI,Rent prices,IX,Index,1977,,11.6942093209772,,A,Normal value,0,Units,S,"Seasonally adjusted, not calendar adjusted",1,One,2015,
DATAFLOW,OECD.ECO.MPD:DSD_AN_HOUSE_PRICES@DF_HOUSE_PRICES(1.0),Analytical house prices indicators,I,ESP,Spain,A,Annual,RPI,Rent prices,IX,Index,1978,,13.1700014917017,,A,Normal value,0,Units,S,"Seasonally adjusted, not calendar adjusted",1,One,2015,
DATAFLOW,OECD.ECO.MPD:DSD_AN_HOUSE_PRICES@DF_HOUSE_PRICES(1.0),Analytical house prices indicators,I,ESP,Spain,A,Annual,RPI,Rent prices,IX,Index,1979,,14.9509251450291,,A,Normal value,0,Units,S,"Seasonally adjusted, not calendar adjusted",1,One,2015,
DATAFLOW,OECD.ECO.MPD:DSD_AN_HOUSE_PRICES@DF_HOUSE_PRICES(1.0),Analytical house prices indicators,I,ESP,Spain,A,Annual,RPI,Rent prices,IX,Index,1980,,16.752596399167,,A,Normal value,0,Units,S,"Seasonally adjusted, not calendar adjusted",1,One,2015,
DATAFLOW,OECD.ECO.MPD:DSD_AN_HOUSE_PRICES@DF_HOUSE_PRICES(1.0),Analytical house prices indicators,I,ESP,Spain,A,Annual,RPI,Rent prices,IX,Index,1981,,18.9769572071106,,A,Normal value,0,Units,S,"Seasonally adjusted, not calendar adjusted",1,One,2015,
DATAFLOW,OECD.ECO.MPD:DSD_AN_HOUSE_PRICES@DF_HOUSE_PRICES(1.0),Analytical house prices indicators,I,ESP,Spain,A,Annual,RPI,Rent prices,IX,Index,1982,,21.2762558791697,,A,Normal value,0,Units,S,"Seasonally adjusted, not calendar adjusted",1,One,2015,
DATAFLOW,OECD.ECO.MPD:DSD_AN_HOUSE_PRICES@DF_HOUSE_PRICES(1.0),Analytical house prices indicators,I,ESP,Spain,A,Annual,RPI,Rent prices,IX,Index,1983,,23.1003722423661,,A,Normal value,0,Units,S,"Seasonally adjusted, not calendar adjusted",1,One,2015,
DATAFLOW,OECD.ECO.MPD:DSD_AN_HOUSE_PRICES@DF_HOUSE_PRICES(1.0),Analytical house prices indicators,I,ESP,Spain,A,Annual,RPI,Rent prices,IX,Index,1984,,24.3967235412056,,A,Normal value,0,Units,S,"Seasonally adjusted, not calendar adjusted",1,One,2015,
DATAFLOW,OECD.ECO.MPD:DSD_AN_HOUSE_PRICES@DF_HOUSE_PRICES(1.0),Analytical house prices indicators,I,ESP,Spain,A,Annual,RPI,Rent prices,IX,Index,1985,,26.0191764245397,,A,Normal value,0,Units,S,"Seasonally adjusted, not calendar adjusted",1,One,2015,
DATAFLOW,OECD.ECO.MPD:DSD_AN_HOUSE_PRICES@DF_HOUSE_PRICES(1.0),Analytical house prices indicators,I,ESP,Spain,A,Annual,RPI,Rent prices,IX,Index,1986,,27.9787384458528,,A,Normal value,0,Units,S,"Seasonally adjusted, not calendar adjusted",1,One,2015,
DATAFLOW,OECD.ECO.MPD:DSD_AN_HOUSE_PRICES@DF_HOUSE_PRICES(1.0),Analytical house prices indicators,I,ESP,Spain,A,Annual,RPI,Rent prices,IX,Index,1987,,29.4411055513463,,A,Normal value,0,Units,S,"Seasonally adjusted, not calendar adjusted",1,One,2015,
DATAFLOW,OECD.ECO.MPD:DSD_AN_HOUSE_PRICES@DF_HOUSE_PRICES(1.0),Analytical house prices indicators,I,ESP,Spain,A,Annual,RPI,Rent prices,IX,Index,1988,,31.3689849187166,,A,Normal value,0,Units,S,"Seasonally adjusted, not calendar adjusted",1,One,2015,
DATAFLOW,OECD.ECO.MPD:DSD_AN_HOUSE_PRICES@DF_HOUSE_PRICES(1.0),Analytical house prices indicators,I,ESP,Spain,A,Annual,RPI,Rent prices,IX,Index,1989,,34.2267813044595,,A,Normal value,0,Units,S,"Seasonally adjusted, not calendar adjusted",1,One,2015,
DATAFLOW,OECD.ECO.MPD:DSD_AN_HOUSE_PRICES@DF_HOUSE_PRICES(1.0),Analytical house prices indicators,I,ESP,Spain,A,Annual,RPI,Rent prices,IX,Index,1990,,37.1197703611999,,A,Normal value,0,Units,S,"Seasonally adjusted, not calendar adjusted",1,One,2015,
DATAFLOW,OECD.ECO.MPD:DSD_AN_HOUSE_PRICES@DF_HOUSE_PRICES(1.0),Analytical house prices indicators,I,ESP,Spain,A,Annual,RPI,Rent prices,IX,Index,1991,,40.4320689553229,,A,Normal value,0,Units,S,"Seasonally adjusted, not calendar adjusted",1,One,2015,
DATAFLOW,OECD.ECO.MPD:DSD_AN_HOUSE_PRICES@DF_HOUSE_PRICES(1.0),Analytical house prices indicators,I,ESP,Spain,A,Annual,RPI,Rent prices,IX,Index,1992,,43.8168929018392,,A,Normal value,0,Units,S,"Seasonally adjusted, not calendar adjusted",1,One,2015,
DATAFLOW,OECD.ECO.MPD:DSD_AN_HOUSE_PRICES@DF_HOUSE_PRICES(1.0),Analytical house prices indicators,I,ESP,Spain,A,Annual,RPI,Rent prices,IX,Index,1993,,47.822174863098,,A,Normal value,0,Units,S,"Seasonally adjusted, not calendar adjusted",1,One,2015,
DATAFLOW,OECD.ECO.MPD:DSD_AN_HOUSE_PRICES@DF_HOUSE_PRICES(1.0),Analytical house prices indicators,I,ESP,Spain,A,Annual,RPI,Rent prices,IX,Index,1994,,50.4972253608971,,A,Normal value,0,Units,S,"Seasonally adjusted, not calendar adjusted",1,One,2015,
DATAFLOW,OECD.ECO.MPD:DSD_AN_HOUSE_PRICES@DF_HOUSE_PRICES(1.0),Analytical house prices indicators,I,ESP,Spain,A,Annual,RPI,Rent prices,IX,Index,1995,,53.281026387104,,A,Normal value,0,Units,S,"Seasonally adjusted, not calendar adjusted",1,One,2015,
DATAFLOW,OECD.ECO.MPD:DSD_AN_HOUSE_PRICES@DF_HOUSE_PRICES(1.0),Analytical house prices indicators,I,ESP,Spain,A,Annual,RPI,Rent prices,IX,Index,1996,,57.2631357357695,,A,Normal value,0,Units,S,"Seasonally adjusted, not calendar adjusted",1,One,2015,
DATAFLOW,OECD.ECO.MPD:DSD_AN_HOUSE_PRICES@DF_HOUSE_PRICES(1.0),Analytical house prices indicators,I,ESP,Spain,A,Annual,RPI,Rent prices,IX,Index,1997,,60.7842078443019,,A,Normal value,0,Units,S,"Seasonally adjusted, not calendar adjusted",1,One,2015,
DATAFLOW,OECD.ECO.MPD:DSD_AN_HOUSE_PRICES@DF_HOUSE_PRICES(1.0),Analytical house prices indicators,I,ESP,Spain,A,Annual,RPI,Rent prices,IX,Index,1998,,63.750017254869,,A,Normal value,0,Units,S,"Seasonally adjusted, not calendar adjusted",1,One,2015,
DATAFLOW,OECD.ECO.MPD:DSD_AN_HOUSE_PRICES@DF_HOUSE_PRICES(1.0),Analytical house prices indicators,I,ESP,Spain,A,Annual,RPI,Rent prices,IX,Index,1999,,65.9985756803864,,A,Normal value,0,Units,S,"Seasonally adjusted, not calendar adjusted",1,One,2015,
DATAFLOW,OECD.ECO.MPD:DSD_AN_HOUSE_PRICES@DF_HOUSE_PRICES(1.0),Analytical house prices indicators,I,ESP,Spain,A,Annual,RPI,Rent prices,IX,Index,2000,,68.4788602318375,,A,Normal value,0,Units,S,"Seasonally adjusted, not calendar adjusted",1,One,2015,
DATAFLOW,OECD.ECO.MPD:DSD_AN_HOUSE_PRICES@DF_HOUSE_PRICES(1.0),Analytical house prices indicators,I,ESP,Spain,A,Annual,RPI,Rent prices,IX,Index,2001,,71.386224358425,,A,Normal value,0,Units,S,"Seasonally adjusted, not calendar adjusted",1,One,2015,
DATAFLOW,OECD.ECO.MPD:DSD_AN_HOUSE_PRICES@DF_HOUSE_PRICES(1.0),Analytical house prices indicators,I,ESP,Spain,A,Annual,RPI,Rent prices,IX,Index,2002,,74.5028662748566,,A,Normal value,0,Units,S,"Seasonally adjusted, not calendar adjusted",1,One,2015,
DATAFLOW,OECD.ECO.MPD:DSD_AN_HOUSE_PRICES@DF_HOUSE_PRICES(1.0),Analytical house prices indicators,I,ESP,Spain,A,Annual,RPI,Rent prices,IX,Index,2003,,77.6801011159949,,A,Normal value,0,Units,S,"Seasonally adjusted, not calendar adjusted",1,One,2015,
DATAFLOW,OECD.ECO.MPD:DSD_AN_HOUSE_PRICES@DF_HOUSE_PRICES(1.0),Analytical house prices indicators,I,ESP,Spain,A,Annual,RPI,Rent prices,IX,Index,2004,,80.8654834567258,,A,Normal value,0,Units,S,"Seasonally adjusted, not calendar adjusted",1,One,2015,
DATAFLOW,OECD.ECO.MPD:DSD_AN_HOUSE_PRICES@DF_HOUSE_PRICES(1.0),Analytical house prices indicators,I,ESP,Spain,A,Annual,RPI,Rent prices,IX,Index,2005,,84.3213407839329,,A,Normal value,0,Units,S,"Seasonally adjusted, not calendar adjusted",1,One,2015,
DATAFLOW,OECD.ECO.MPD:DSD_AN_HOUSE_PRICES@DF_HOUSE_PRICES(1.0),Analytical house prices indicators,I,ESP,Spain,A,Annual,RPI,Rent prices,IX,Index,2006,,87.997218100139,,A,Normal value,0,Units,S,"Seasonally adjusted, not calendar adjusted",1,One,2015,
DATAFLOW,OECD.ECO.MPD:DSD_AN_HOUSE_PRICES@DF_HOUSE_PRICES(1.0),Analytical house prices indicators,I,ESP,Spain,A,Annual,RPI,Rent prices,IX,Index,2007,,91.8415229079238,,A,Normal value,0,Units,S,"Seasonally adjusted, not calendar adjusted",1,One,2015,
DATAFLOW,OECD.ECO.MPD:DSD_AN_HOUSE_PRICES@DF_HOUSE_PRICES(1.0),Analytical house prices indicators,I,ESP,Spain,A,Annual,RPI,Rent prices,IX,Index,2008,,95.7397927130103,,A,Normal value,0,Units,S,"Seasonally adjusted, not calendar adjusted",1,One,2015,
DATAFLOW,OECD.ECO.MPD:DSD_AN_HOUSE_PRICES@DF_HOUSE_PRICES(1.0),Analytical house prices indicators,I,ESP,Spain,A,Annual,RPI,Rent prices,IX,Index,2009,,98.682517565874,,A,Normal value,0,Units,S,"Seasonally adjusted, not calendar adjusted",1,One,2015,
DATAFLOW,OECD.ECO.MPD:DSD_AN_HOUSE_PRICES@DF_HOUSE_PRICES(1.0),Analytical house prices indicators,I,ESP,Spain,A,Annual,RPI,Rent prices,IX,Index,2010,,99.7788375110581,,A,Normal value,0,Units,S,"Seasonally adjusted, not calendar adjusted",1,One,2015,
DATAFLOW,OECD.ECO.MPD:DSD_AN_HOUSE_PRICES@DF_HOUSE_PRICES(1.0),Analytical house prices indicators,I,ESP,Spain,A,Annual,RPI,Rent prices,IX,Index,2011,,100.814094959295,,A,Normal value,0,Units,S,"Seasonally adjusted, not calendar adjusted",1,One,2015,
DATAFLOW,OECD.ECO.MPD:DSD_AN_HOUSE_PRICES@DF_HOUSE_PRICES(1.0),Analytical house prices indicators,I,ESP,Spain,A,Annual,RPI,Rent prices,IX,Index,2012,,101.368494931575,,A,Normal value,0,Units,S,"Seasonally adjusted, not calendar adjusted",1,One,2015,
DATAFLOW,OECD.ECO.MPD:DSD_AN_HOUSE_PRICES@DF_HOUSE_PRICES(1.0),Analytical house prices indicators,I,ESP,Spain,A,Annual,RPI,Rent prices,IX,Index,2013,,101.17979494101,,A,Normal value,0,Units,S,"Seasonally adjusted, not calendar adjusted",1,One,2015,
DATAFLOW,OECD.ECO.MPD:DSD_AN_HOUSE_PRICES@DF_HOUSE_PRICES(1.0),Analytical house prices indicators,I,ESP,Spain,A,Annual,RPI,Rent prices,IX,Index,2014,,100.484269975786,,A,Normal value,0,Units,S,"Seasonally adjusted, not calendar adjusted",1,One,2015,
DATAFLOW,OECD.ECO.MPD:DSD_AN_HOUSE_PRICES@DF_HOUSE_PRICES(1.0),Analytical house prices indicators,I,ESP,Spain,A,Annual,RPI,Rent prices,IX,Index,2015,,100,,A,Normal value,0,Units,S,"Seasonally adjusted, not calendar adjusted",1,One,2015,
DATAFLOW,OECD.ECO.MPD:DSD_AN_HOUSE_PRICES@DF_HOUSE_PRICES(1.0),Analytical house prices indicators,I,ESP,Spain,A,Annual,RPI,Rent prices,IX,Index,2016,,99.9122350043882,,A,Normal value,0,Units,S,"Seasonally adjusted, not calendar adjusted",1,One,2015,
DATAFLOW,OECD.ECO.MPD:DSD_AN_HOUSE_PRICES@DF_HOUSE_PRICES(1.0),Analytical house prices indicators,I,ESP,Spain,A,Annual,RPI,Rent prices,IX,Index,2017,,100.322344983883,,A,Normal value,0,Units,S,"Seasonally adjusted, not calendar adjusted",1,One,2015,
DATAFLOW,OECD.ECO.MPD:DSD_AN_HOUSE_PRICES@DF_HOUSE_PRICES(1.0),Analytical house prices indicators,I,ESP,Spain,A,Annual,RPI,Rent prices,IX,Index,2018,,101.590219920489,,A,Normal value,0,Units,S,"Seasonally adjusted, not calendar adjusted",1,One,2015,
DATAFLOW,OECD.ECO.MPD:DSD_AN_HOUSE_PRICES@DF_HOUSE_PRICES(1.0),Analytical house prices indicators,I,ESP,Spain,A,Annual,RPI,Rent prices,IX,Index,2019,,103.155569842221,,A,Normal value,0,Units,S,"Seasonally adjusted, not calendar adjusted",1,One,2015,
DATAFLOW,OECD.ECO.MPD:DSD_AN_HOUSE_PRICES@DF_HOUSE_PRICES(1.0),Analytical house prices indicators,I,ESP,Spain,A,Annual,RPI,Rent prices,IX,Index,2020,,104.332444783377,,A,Normal value,0,Units,S,"Seasonally adjusted, not calendar adjusted",1,One,2015,
DATAFLOW,OECD.ECO.MPD:DSD_AN_HOUSE_PRICES@DF_HOUSE_PRICES(1.0),Analytical house prices indicators,I,ESP,Spain,A,Annual,RPI,Rent prices,IX,Index,2021,,104.95499475225,,A,Normal value,0,Units,S,"Seasonally adjusted, not calendar adjusted",1,One,2015,
DATAFLOW,OECD.ECO.MPD:DSD_AN_HOUSE_PRICES@DF_HOUSE_PRICES(1.0),Analytical house prices indicators,I,ESP,Spain,A,Annual,RPI,Rent prices,IX,Index,2022,,106.36459468177,,A,Normal value,0,Units,S,"Seasonally adjusted, not calendar adjusted",1,One,2015,
DATAFLOW,OECD.ECO.MPD:DSD_AN_HOUSE_PRICES@DF_HOUSE_PRICES(1.0),Analytical house prices indicators,I,ESP,Spain,A,Annual,RPI,Rent prices,IX,Index,2023,,108.550244572488,,A,Normal value,0,Units,S,"Seasonally adjusted, not calendar adjusted",1,One,2015,
DATAFLOW,OECD.ECO.MPD:DSD_AN_HOUSE_PRICES@DF_HOUSE_PRICES(1.0),Analytical house prices indicators,I,ESP,Spain,A,Annual,RPI,Rent prices,IX,Index,2024,,110.930494453475,,A,Normal value,0,Units,S,"Seasonally adjusted, not calendar adjusted",1,One,2015,
DATAFLOW,OECD.ECO.MPD:DSD_AN_HOUSE_PRICES@DF_HOUSE_PRICES(1.0),Analytical house prices indicators,I,ESP,Spain,A,Annual,RPI,Rent prices,IX,Index,2025,,113.607944319674,,A,Normal value,0,Units,S,"Seasonally adjusted, not calendar adjusted",1,One,2015,
DATAFLOW,OECD.ECO.MPD:DSD_AN_HOUSE_PRICES@DF_HOUSE_PRICES(1.0),Analytical house prices indicators,I,SWE,Sweden,A,Annual,RPI,Rent prices,IX,Index,1963,,4.61557383825634,,A,Normal value,0,Units,S,"Seasonally adjusted, not calendar adjusted",1,One,2015,
DATAFLOW,OECD.ECO.MPD:DSD_AN_HOUSE_PRICES@DF_HOUSE_PRICES(1.0),Analytical house prices indicators,I,SWE,Sweden,A,Annual,RPI,Rent prices,IX,Index,1964,,4.97843336933528,,A,Normal value,0,Units,S,"Seasonally adjusted, not calendar adjusted",1,One,2015,
DATAFLOW,OECD.ECO.MPD:DSD_AN_HOUSE_PRICES@DF_HOUSE_PRICES(1.0),Analytical house prices indicators,I,SWE,Sweden,A,Annual,RPI,Rent prices,IX,Index,1965,,5.38561631369266,,A,Normal value,0,Units,S,"Seasonally adjusted, not calendar adjusted",1,One,2015,
DATAFLOW,OECD.ECO.MPD:DSD_AN_HOUSE_PRICES@DF_HOUSE_PRICES(1.0),Analytical house prices indicators,I,SWE,Sweden,A,Annual,RPI,Rent prices,IX,Index,1966,,5.84212420553305,,A,Normal value,0,Units,S,"Seasonally adjusted, not calendar adjusted",1,One,2015,
DATAFLOW,OECD.ECO.MPD:DSD_AN_HOUSE_PRICES@DF_HOUSE_PRICES(1.0),Analytical house prices indicators,I,SWE,Sweden,A,Annual,RPI,Rent prices,IX,Index,1967,,6.18154493541494,,A,Normal value,0,Units,S,"Seasonally adjusted, not calendar adjusted",1,One,2015,
DATAFLOW,OECD.ECO.MPD:DSD_AN_HOUSE_PRICES@DF_HOUSE_PRICES(1.0),Analytical house prices indicators,I,SWE,Sweden,A,Annual,RPI,Rent prices,IX,Index,1968,,6.40149251258768,,A,Normal value,0,Units,S,"Seasonally adjusted, not calendar adjusted",1,One,2015,
DATAFLOW,OECD.ECO.MPD:DSD_AN_HOUSE_PRICES@DF_HOUSE_PRICES(1.0),Analytical house prices indicators,I,SWE,Sweden,A,Annual,RPI,Rent prices,IX,Index,1969,,6.96259239742704,,A,Normal value,0,Units,S,"Seasonally adjusted, not calendar adjusted",1,One,2015,
DATAFLOW,OECD.ECO.MPD:DSD_AN_HOUSE_PRICES@DF_HOUSE_PRICES(1.0),Analytical house prices indicators,I,SWE,Sweden,A,Annual,RPI,Rent prices,IX,Index,1970,,7.65631963462756,,A,Normal value,0,Units,S,"Seasonally adjusted, not calendar adjusted",1,One,2015,
DATAFLOW,OECD.ECO.MPD:DSD_AN_HOUSE_PRICES@DF_HOUSE_PRICES(1.0),Analytical house prices indicators,I,SWE,Sweden,A,Annual,RPI,Rent prices,IX,Index,1971,,7.7941805210943,,A,Normal value,0,Units,S,"Seasonally adjusted, not calendar adjusted",1,One,2015,
DATAFLOW,OECD.ECO.MPD:DSD_AN_HOUSE_PRICES@DF_HOUSE_PRICES(1.0),Analytical house prices indicators,I,SWE,Sweden,A,Annual,RPI,Rent prices,IX,Index,1972,,8.16997553082386,,A,Normal value,0,Units,S,"Seasonally adjusted, not calendar adjusted",1,One,2015,
DATAFLOW,OECD.ECO.MPD:DSD_AN_HOUSE_PRICES@DF_HOUSE_PRICES(1.0),Analytical house prices indicators,I,SWE,Sweden,A,Annual,RPI,Rent prices,IX,Index,1973,,8.72607331564857,,A,Normal value,0,Units,S,"Seasonally adjusted, not calendar adjusted",1,One,2015,
DATAFLOW,OECD.ECO.MPD:DSD_AN_HOUSE_PRICES@DF_HOUSE_PRICES(1.0),Analytical house prices indicators,I,SWE,Sweden,A,Annual,RPI,Rent prices,IX,Index,1974,,9.61208110703125,,A,Normal value,0,Units,S,"Seasonally adjusted, not calendar adjusted",1,One,2015,
DATAFLOW,OECD.ECO.MPD:DSD_AN_HOUSE_PRICES@DF_HOUSE_PRICES(1.0),Analytical house prices indicators,I,SWE,Sweden,A,Annual,RPI,Rent prices,IX,Index,1975,,10.3886077948291,,A,Normal value,0,Units,S,"Seasonally adjusted, not calendar adjusted",1,One,2015,
DATAFLOW,OECD.ECO.MPD:DSD_AN_HOUSE_PRICES@DF_HOUSE_PRICES(1.0),Analytical house prices indicators,I,SWE,Sweden,A,Annual,RPI,Rent prices,IX,Index,1976,,11.1853714770943,,A,Normal value,0,Units,S,"Seasonally adjusted, not calendar adjusted",1,One,2015,
DATAFLOW,OECD.ECO.MPD:DSD_AN_HOUSE_PRICES@DF_HOUSE_PRICES(1.0),Analytical house prices indicators,I,SWE,Sweden,A,Annual,RPI,Rent prices,IX,Index,1977,,12.6032474658053,,A,Normal value,0,Units,S,"Seasonally adjusted, not calendar adjusted",1,One,2015,
DATAFLOW,OECD.ECO.MPD:DSD_AN_HOUSE_PRICES@DF_HOUSE_PRICES(1.0),Analytical house prices indicators,I,SWE,Sweden,A,Annual,RPI,Rent prices,IX,Index,1978,,13.5811175531993,,A,Normal value,0,Units,S,"Seasonally adjusted, not calendar adjusted",1,One,2015,
DATAFLOW,OECD.ECO.MPD:DSD_AN_HOUSE_PRICES@DF_HOUSE_PRICES(1.0),Analytical house prices indicators,I,SWE,Sweden,A,Annual,RPI,Rent prices,IX,Index,1979,,14.6252459429729,,A,Normal value,0,Units,S,"Seasonally adjusted, not calendar adjusted",1,One,2015,
DATAFLOW,OECD.ECO.MPD:DSD_AN_HOUSE_PRICES@DF_HOUSE_PRICES(1.0),Analytical house prices indicators,I,SWE,Sweden,A,Annual,RPI,Rent prices,IX,Index,1980,,16.9045208095479,,A,Normal value,0,Units,S,"Seasonally adjusted, not calendar adjusted",1,One,2015,
DATAFLOW,OECD.ECO.MPD:DSD_AN_HOUSE_PRICES@DF_HOUSE_PRICES(1.0),Analytical house prices indicators,I,SWE,Sweden,A,Annual,RPI,Rent prices,IX,Index,1981,,18.7543831245617,,A,Normal value,0,Units,S,"Seasonally adjusted, not calendar adjusted",1,One,2015,
DATAFLOW,OECD.ECO.MPD:DSD_AN_HOUSE_PRICES@DF_HOUSE_PRICES(1.0),Analytical house prices indicators,I,SWE,Sweden,A,Annual,RPI,Rent prices,IX,Index,1982,,21.3209228679077,,A,Normal value,0,Units,S,"Seasonally adjusted, not calendar adjusted",1,One,2015,
DATAFLOW,OECD.ECO.MPD:DSD_AN_HOUSE_PRICES@DF_HOUSE_PRICES(1.0),Analytical house prices indicators,I,SWE,Sweden,A,Annual,RPI,Rent prices,IX,Index,1983,,23.412340158766,,A,Normal value,0,Units,S,"Seasonally adjusted, not calendar adjusted",1,One,2015,
DATAFLOW,OECD.ECO.MPD:DSD_AN_HOUSE_PRICES@DF_HOUSE_PRICES(1.0),Analytical house prices indicators,I,SWE,Sweden,A,Annual,RPI,Rent prices,IX,Index,1984,,25.2257924774208,,A,Normal value,0,Units,S,"Seasonally adjusted, not calendar adjusted",1,One,2015,
DATAFLOW,OECD.ECO.MPD:DSD_AN_HOUSE_PRICES@DF_HOUSE_PRICES(1.0),Analytical house prices indicators,I,SWE,Sweden,A,Annual,RPI,Rent prices,IX,Index,1985,,27.1617947838205,,A,Normal value,0,Units,S,"Seasonally adjusted, not calendar adjusted",1,One,2015,
DATAFLOW,OECD.ECO.MPD:DSD_AN_HOUSE_PRICES@DF_HOUSE_PRICES(1.0),Analytical house prices indicators,I,SWE,Sweden,A,Annual,RPI,Rent prices,IX,Index,1986,,29.2807445719255,,A,Normal value,0,Units,S,"Seasonally adjusted, not calendar adjusted",1,One,2015,
DATAFLOW,OECD.ECO.MPD:DSD_AN_HOUSE_PRICES@DF_HOUSE_PRICES(1.0),Analytical house prices indicators,I,SWE,Sweden,A,Annual,RPI,Rent prices,IX,Index,1987,,31.5835243416475,,A,Normal value,0,Units,S,"Seasonally adjusted, not calendar adjusted",1,One,2015,
DATAFLOW,OECD.ECO.MPD:DSD_AN_HOUSE_PRICES@DF_HOUSE_PRICES(1.0),Analytical house prices indicators,I,SWE,Sweden,A,Annual,RPI,Rent prices,IX,Index,1988,,34.0799065920093,,A,Normal value,0,Units,S,"Seasonally adjusted, not calendar adjusted",1,One,2015,
DATAFLOW,OECD.ECO.MPD:DSD_AN_HOUSE_PRICES@DF_HOUSE_PRICES(1.0),Analytical house prices indicators,I,SWE,Sweden,A,Annual,RPI,Rent prices,IX,Index,1989,,36.8054113194589,,A,Normal value,0,Units,S,"Seasonally adjusted, not calendar adjusted",1,One,2015,
DATAFLOW,OECD.ECO.MPD:DSD_AN_HOUSE_PRICES@DF_HOUSE_PRICES(1.0),Analytical house prices indicators,I,SWE,Sweden,A,Annual,RPI,Rent prices,IX,Index,1990,,42.1329782867022,,A,Normal value,0,Units,S,"Seasonally adjusted, not calendar adjusted",1,One,2015,
DATAFLOW,OECD.ECO.MPD:DSD_AN_HOUSE_PRICES@DF_HOUSE_PRICES(1.0),Analytical house prices indicators,I,SWE,Sweden,A,Annual,RPI,Rent prices,IX,Index,1991,,53.1797471820253,,A,Normal value,0,Units,S,"Seasonally adjusted, not calendar adjusted",1,One,2015,
DATAFLOW,OECD.ECO.MPD:DSD_AN_HOUSE_PRICES@DF_HOUSE_PRICES(1.0),Analytical house prices indicators,I,SWE,Sweden,A,Annual,RPI,Rent prices,IX,Index,1992,,57.9078642092136,,A,Normal value,0,Units,S,"Seasonally adjusted, not calendar adjusted",1,One,2015,
DATAFLOW,OECD.ECO.MPD:DSD_AN_HOUSE_PRICES@DF_HOUSE_PRICES(1.0),Analytical house prices indicators,I,SWE,Sweden,A,Annual,RPI,Rent prices,IX,Index,1993,,62.7532037246796,,A,Normal value,0,Units,S,"Seasonally adjusted, not calendar adjusted",1,One,2015,
DATAFLOW,OECD.ECO.MPD:DSD_AN_HOUSE_PRICES@DF_HOUSE_PRICES(1.0),Analytical house prices indicators,I,SWE,Sweden,A,Annual,RPI,Rent prices,IX,Index,1994,,65.1723259827674,,A,Normal value,0,Units,S,"Seasonally adjusted, not calendar adjusted",1,One,2015,
DATAFLOW,OECD.ECO.MPD:DSD_AN_HOUSE_PRICES@DF_HOUSE_PRICES(1.0),Analytical house prices indicators,I,SWE,Sweden,A,Annual,RPI,Rent prices,IX,Index,1995,,67.1971357802864,,A,Normal value,0,Units,S,"Seasonally adjusted, not calendar adjusted",1,One,2015,
DATAFLOW,OECD.ECO.MPD:DSD_AN_HOUSE_PRICES@DF_HOUSE_PRICES(1.0),Analytical house prices indicators,I,SWE,Sweden,A,Annual,RPI,Rent prices,IX,Index,1996,,69.6393455360655,,A,Normal value,0,Units,S,"Seasonally adjusted, not calendar adjusted",1,One,2015,
DATAFLOW,OECD.ECO.MPD:DSD_AN_HOUSE_PRICES@DF_HOUSE_PRICES(1.0),Analytical house prices indicators,I,SWE,Sweden,A,Annual,RPI,Rent prices,IX,Index,1997,,71.8435478156452,,A,Normal value,0,Units,S,"Seasonally adjusted, not calendar adjusted",1,One,2015,
DATAFLOW,OECD.ECO.MPD:DSD_AN_HOUSE_PRICES@DF_HOUSE_PRICES(1.0),Analytical house prices indicators,I,SWE,Sweden,A,Annual,RPI,Rent prices,IX,Index,1998,,72.3852752614725,,A,Normal value,0,Units,S,"Seasonally adjusted, not calendar adjusted",1,One,2015,
DATAFLOW,OECD.ECO.MPD:DSD_AN_HOUSE_PRICES@DF_HOUSE_PRICES(1.0),Analytical house prices indicators,I,SWE,Sweden,A,Annual,RPI,Rent prices,IX,Index,1999,,72.379060262094,,A,Normal value,0,Units,S,"Seasonally adjusted, not calendar adjusted",1,One,2015,
DATAFLOW,OECD.ECO.MPD:DSD_AN_HOUSE_PRICES@DF_HOUSE_PRICES(1.0),Analytical house prices indicators,I,SWE,Sweden,A,Annual,RPI,Rent prices,IX,Index,2000,,72.7227427277257,,A,Normal value,0,Units,S,"Seasonally adjusted, not calendar adjusted",1,One,2015,
DATAFLOW,OECD.ECO.MPD:DSD_AN_HOUSE_PRICES@DF_HOUSE_PRICES(1.0),Analytical house prices indicators,I,SWE,Sweden,A,Annual,RPI,Rent prices,IX,Index,2001,,73.948290105171,,A,Normal value,0,Units,S,"Seasonally adjusted, not calendar adjusted",1,One,2015,
DATAFLOW,OECD.ECO.MPD:DSD_AN_HOUSE_PRICES@DF_HOUSE_PRICES(1.0),Analytical house prices indicators,I,SWE,Sweden,A,Annual,RPI,Rent prices,IX,Index,2002,,75.5290649470935,,A,Normal value,0,Units,S,"Seasonally adjusted, not calendar adjusted",1,One,2015,
DATAFLOW,OECD.ECO.MPD:DSD_AN_HOUSE_PRICES@DF_HOUSE_PRICES(1.0),Analytical house prices indicators,I,SWE,Sweden,A,Annual,RPI,Rent prices,IX,Index,2003,,77.530789746921,,A,Normal value,0,Units,S,"Seasonally adjusted, not calendar adjusted",1,One,2015,
DATAFLOW,OECD.ECO.MPD:DSD_AN_HOUSE_PRICES@DF_HOUSE_PRICES(1.0),Analytical house prices indicators,I,SWE,Sweden,A,Annual,RPI,Rent prices,IX,Index,2004,,79.9348070065193,,A,Normal value,0,Units,S,"Seasonally adjusted, not calendar adjusted",1,One,2015,
DATAFLOW,OECD.ECO.MPD:DSD_AN_HOUSE_PRICES@DF_HOUSE_PRICES(1.0),Analytical house prices indicators,I,SWE,Sweden,A,Annual,RPI,Rent prices,IX,Index,2005,,81.8637068136293,,A,Normal value,0,Units,S,"Seasonally adjusted, not calendar adjusted",1,One,2015,
DATAFLOW,OECD.ECO.MPD:DSD_AN_HOUSE_PRICES@DF_HOUSE_PRICES(1.0),Analytical house prices indicators,I,SWE,Sweden,A,Annual,RPI,Rent prices,IX,Index,2006,,82.5919292408071,,A,Normal value,0,Units,S,"Seasonally adjusted, not calendar adjusted",1,One,2015,
DATAFLOW,OECD.ECO.MPD:DSD_AN_HOUSE_PRICES@DF_HOUSE_PRICES(1.0),Analytical house prices indicators,I,SWE,Sweden,A,Annual,RPI,Rent prices,IX,Index,2007,,83.9053941094606,,A,Normal value,0,Units,S,"Seasonally adjusted, not calendar adjusted",1,One,2015,
DATAFLOW,OECD.ECO.MPD:DSD_AN_HOUSE_PRICES@DF_HOUSE_PRICES(1.0),Analytical house prices indicators,I,SWE,Sweden,A,Annual,RPI,Rent prices,IX,Index,2008,,86.0341088965891,,A,Normal value,0,Units,S,"Seasonally adjusted, not calendar adjusted",1,One,2015,
DATAFLOW,OECD.ECO.MPD:DSD_AN_HOUSE_PRICES@DF_HOUSE_PRICES(1.0),Analytical house prices indicators,I,SWE,Sweden,A,Annual,RPI,Rent prices,IX,Index,2009,,88.8093486190651,,A,Normal value,0,Units,S,"Seasonally adjusted, not calendar adjusted",1,One,2015,
DATAFLOW,OECD.ECO.MPD:DSD_AN_HOUSE_PRICES@DF_HOUSE_PRICES(1.0),Analytical house prices indicators,I,SWE,Sweden,A,Annual,RPI,Rent prices,IX,Index,2010,,90.2533609746639,,A,Normal value,0,Units,S,"Seasonally adjusted, not calendar adjusted",1,One,2015,
DATAFLOW,OECD.ECO.MPD:DSD_AN_HOUSE_PRICES@DF_HOUSE_PRICES(1.0),Analytical house prices indicators,I,SWE,Sweden,A,Annual,RPI,Rent prices,IX,Index,2011,,92.3447782655221,,A,Normal value,0,Units,S,"Seasonally adjusted, not calendar adjusted",1,One,2015,
DATAFLOW,OECD.ECO.MPD:DSD_AN_HOUSE_PRICES@DF_HOUSE_PRICES(1.0),Analytical house prices indicators,I,SWE,Sweden,A,Annual,RPI,Rent prices,IX,Index,2012,,94.7257055274295,,A,Normal value,0,Units,S,"Seasonally adjusted, not calendar adjusted",1,One,2015,
DATAFLOW,OECD.ECO.MPD:DSD_AN_HOUSE_PRICES@DF_HOUSE_PRICES(1.0),Analytical house prices indicators,I,SWE,Sweden,A,Annual,RPI,Rent prices,IX,Index,2013,,96.8633078136692,,A,Normal value,0,Units,S,"Seasonally adjusted, not calendar adjusted",1,One,2015,
DATAFLOW,OECD.ECO.MPD:DSD_AN_HOUSE_PRICES@DF_HOUSE_PRICES(1.0),Analytical house prices indicators,I,SWE,Sweden,A,Annual,RPI,Rent prices,IX,Index,2014,,98.5355551464445,,A,Normal value,0,Units,S,"Seasonally adjusted, not calendar adjusted",1,One,2015,
DATAFLOW,OECD.ECO.MPD:DSD_AN_HOUSE_PRICES@DF_HOUSE_PRICES(1.0),Analytical house prices indicators,I,SWE,Sweden,A,Annual,RPI,Rent prices,IX,Index,2015,,100,,A,Normal value,0,Units,S,"Seasonally adjusted, not calendar adjusted",1,One,2015,
DATAFLOW,OECD.ECO.MPD:DSD_AN_HOUSE_PRICES@DF_HOUSE_PRICES(1.0),Analytical house prices indicators,I,SWE,Sweden,A,Annual,RPI,Rent prices,IX,Index,2016,,100.880989911901,,A,Normal value,0,Units,S,"Seasonally adjusted, not calendar adjusted",1,One,2015,
DATAFLOW,OECD.ECO.MPD:DSD_AN_HOUSE_PRICES@DF_HOUSE_PRICES(1.0),Analytical house prices indicators,I,SWE,Sweden,A,Annual,RPI,Rent prices,IX,Index,2017,,101.742389825761,,A,Normal value,0,Units,S,"Seasonally adjusted, not calendar adjusted",1,One,2015,
DATAFLOW,OECD.ECO.MPD:DSD_AN_HOUSE_PRICES@DF_HOUSE_PRICES(1.0),Analytical house prices indicators,I,SWE,Sweden,A,Annual,RPI,Rent prices,IX,Index,2018,,102.824089717591,,A,Normal value,0,Units,S,"Seasonally adjusted, not calendar adjusted",1,One,2015,
DATAFLOW,OECD.ECO.MPD:DSD_AN_HOUSE_PRICES@DF_HOUSE_PRICES(1.0),Analytical house prices indicators,I,SWE,Sweden,A,Annual,RPI,Rent prices,IX,Index,2019,,104.649939535006,,A,Normal value,0,Units,S,"Seasonally adjusted, not calendar adjusted",1,One,2015,
DATAFLOW,OECD.ECO.MPD:DSD_AN_HOUSE_PRICES@DF_HOUSE_PRICES(1.0),Analytical house prices indicators,I,SWE,Sweden,A,Annual,RPI,Rent prices,IX,Index,2020,,106.569989343001,,A,Normal value,0,Units,S,"Seasonally adjusted, not calendar adjusted",1,One,2015,
DATAFLOW,OECD.ECO.MPD:DSD_AN_HOUSE_PRICES@DF_HOUSE_PRICES(1.0),Analytical house prices indicators,I,SWE,Sweden,A,Annual,RPI,Rent prices,IX,Index,2021,,108.123189187681,,A,Normal value,0,Units,S,"Seasonally adjusted, not calendar adjusted",1,One,2015,
DATAFLOW,OECD.ECO.MPD:DSD_AN_HOUSE_PRICES@DF_HOUSE_PRICES(1.0),Analytical house prices indicators,I,SWE,Sweden,A,Annual,RPI,Rent prices,IX,Index,2022,,110.058338994166,,A,Normal value,0,Units,S,"Seasonally adjusted, not calendar adjusted",1,One,2015,
DATAFLOW,OECD.ECO.MPD:DSD_AN_HOUSE_PRICES@DF_HOUSE_PRICES(1.0),Analytical house prices indicators,I,SWE,Sweden,A,Annual,RPI,Rent prices,IX,Index,2023,,113.766963623304,,A,Normal value,0,Units,S,"Seasonally adjusted, not calendar adjusted",1,One,2015,
DATAFLOW,OECD.ECO.MPD:DSD_AN_HOUSE_PRICES@DF_HOUSE_PRICES(1.0),Analytical house prices indicators,I,SWE,Sweden,A,Annual,RPI,Rent prices,IX,Index,2024,,119.156688084331,,A,Normal value,0,Units,S,"Seasonally adjusted, not calendar adjusted",1,One,2015,
DATAFLOW,OECD.ECO.MPD:DSD_AN_HOUSE_PRICES@DF_HOUSE_PRICES(1.0),Analytical house prices indicators,I,SWE,Sweden,A,Annual,RPI,Rent prices,IX,Index,2025,,125.416712460253,,A,Normal value,0,Units,S,"Seasonally adjusted, not calendar adjusted",1,One,2015,
DATAFLOW,OECD.ECO.MPD:DSD_AN_HOUSE_PRICES@DF_HOUSE_PRICES(1.0),Analytical house prices indicators,I,CHE,Switzerland,A,Annual,RPI,Rent prices,IX,Index,1959,,13.2185849805284,,A,Normal value,0,Units,S,"Seasonally adjusted, not calendar adjusted",1,One,2015,
DATAFLOW,OECD.ECO.MPD:DSD_AN_HOUSE_PRICES@DF_HOUSE_PRICES(1.0),Analytical house prices indicators,I,CHE,Switzerland,A,Annual,RPI,Rent prices,IX,Index,1960,,13.5550927769283,,A,Normal value,0,Units,S,"Seasonally adjusted, not calendar adjusted",1,One,2015,
DATAFLOW,OECD.ECO.MPD:DSD_AN_HOUSE_PRICES@DF_HOUSE_PRICES(1.0),Analytical house prices indicators,I,CHE,Switzerland,A,Annual,RPI,Rent prices,IX,Index,1961,,13.9940773202255,,A,Normal value,0,Units,S,"Seasonally adjusted, not calendar adjusted",1,One,2015,
DATAFLOW,OECD.ECO.MPD:DSD_AN_HOUSE_PRICES@DF_HOUSE_PRICES(1.0),Analytical house prices indicators,I,CHE,Switzerland,A,Annual,RPI,Rent prices,IX,Index,1962,,14.6900559142117,,A,Normal value,0,Units,S,"Seasonally adjusted, not calendar adjusted",1,One,2015,
DATAFLOW,OECD.ECO.MPD:DSD_AN_HOUSE_PRICES@DF_HOUSE_PRICES(1.0),Analytical house prices indicators,I,CHE,Switzerland,A,Annual,RPI,Rent prices,IX,Index,1963,,15.3034156719484,,A,Normal value,0,Units,S,"Seasonally adjusted, not calendar adjusted",1,One,2015,
DATAFLOW,OECD.ECO.MPD:DSD_AN_HOUSE_PRICES@DF_HOUSE_PRICES(1.0),Analytical house prices indicators,I,CHE,Switzerland,A,Annual,RPI,Rent prices,IX,Index,1964,,16.2655217678466,,A,Normal value,0,Units,S,"Seasonally adjusted, not calendar adjusted",1,One,2015,
DATAFLOW,OECD.ECO.MPD:DSD_AN_HOUSE_PRICES@DF_HOUSE_PRICES(1.0),Analytical house prices indicators,I,CHE,Switzerland,A,Annual,RPI,Rent prices,IX,Index,1965,,17.158792723792,,A,Normal value,0,Units,S,"Seasonally adjusted, not calendar adjusted",1,One,2015,
DATAFLOW,OECD.ECO.MPD:DSD_AN_HOUSE_PRICES@DF_HOUSE_PRICES(1.0),Analytical house prices indicators,I,CHE,Switzerland,A,Annual,RPI,Rent prices,IX,Index,1966,,18.556944757558,,A,Normal value,0,Units,S,"Seasonally adjusted, not calendar adjusted",1,One,2015,
DATAFLOW,OECD.ECO.MPD:DSD_AN_HOUSE_PRICES@DF_HOUSE_PRICES(1.0),Analytical house prices indicators,I,CHE,Switzerland,A,Annual,RPI,Rent prices,IX,Index,1967,,20.4856173608853,,A,Normal value,0,Units,S,"Seasonally adjusted, not calendar adjusted",1,One,2015,
DATAFLOW,OECD.ECO.MPD:DSD_AN_HOUSE_PRICES@DF_HOUSE_PRICES(1.0),Analytical house prices indicators,I,CHE,Switzerland,A,Annual,RPI,Rent prices,IX,Index,1968,,22.0704699665715,,A,Normal value,0,Units,S,"Seasonally adjusted, not calendar adjusted",1,One,2015,
DATAFLOW,OECD.ECO.MPD:DSD_AN_HOUSE_PRICES@DF_HOUSE_PRICES(1.0),Analytical house prices indicators,I,CHE,Switzerland,A,Annual,RPI,Rent prices,IX,Index,1969,,23.4044156194054,,A,Normal value,0,Units,S,"Seasonally adjusted, not calendar adjusted",1,One,2015,
DATAFLOW,OECD.ECO.MPD:DSD_AN_HOUSE_PRICES@DF_HOUSE_PRICES(1.0),Analytical house prices indicators,I,CHE,Switzerland,A,Annual,RPI,Rent prices,IX,Index,1970,,24.9289292581994,,A,Normal value,0,Units,S,"Seasonally adjusted, not calendar adjusted",1,One,2015,
DATAFLOW,OECD.ECO.MPD:DSD_AN_HOUSE_PRICES@DF_HOUSE_PRICES(1.0),Analytical house prices indicators,I,CHE,Switzerland,A,Annual,RPI,Rent prices,IX,Index,1971,,27.0600666737825,,A,Normal value,0,Units,S,"Seasonally adjusted, not calendar adjusted",1,One,2015,
DATAFLOW,OECD.ECO.MPD:DSD_AN_HOUSE_PRICES@DF_HOUSE_PRICES(1.0),Analytical house prices indicators,I,CHE,Switzerland,A,Annual,RPI,Rent prices,IX,Index,1972,,29.3373036911943,,A,Normal value,0,Units,S,"Seasonally adjusted, not calendar adjusted",1,One,2015,
DATAFLOW,OECD.ECO.MPD:DSD_AN_HOUSE_PRICES@DF_HOUSE_PRICES(1.0),Analytical house prices indicators,I,CHE,Switzerland,A,Annual,RPI,Rent prices,IX,Index,1973,,31.2651761506416,,A,Normal value,0,Units,S,"Seasonally adjusted, not calendar adjusted",1,One,2015,
DATAFLOW,OECD.ECO.MPD:DSD_AN_HOUSE_PRICES@DF_HOUSE_PRICES(1.0),Analytical house prices indicators,I,CHE,Switzerland,A,Annual,RPI,Rent prices,IX,Index,1974,,33.6376971610336,,A,Normal value,0,Units,S,"Seasonally adjusted, not calendar adjusted",1,One,2015,
DATAFLOW,OECD.ECO.MPD:DSD_AN_HOUSE_PRICES@DF_HOUSE_PRICES(1.0),Analytical house prices indicators,I,CHE,Switzerland,A,Annual,RPI,Rent prices,IX,Index,1975,,36.9344527374075,,A,Normal value,0,Units,S,"Seasonally adjusted, not calendar adjusted",1,One,2015,
DATAFLOW,OECD.ECO.MPD:DSD_AN_HOUSE_PRICES@DF_HOUSE_PRICES(1.0),Analytical house prices indicators,I,CHE,Switzerland,A,Annual,RPI,Rent prices,IX,Index,1976,,38.5383621414632,,A,Normal value,0,Units,S,"Seasonally adjusted, not calendar adjusted",1,One,2015,
DATAFLOW,OECD.ECO.MPD:DSD_AN_HOUSE_PRICES@DF_HOUSE_PRICES(1.0),Analytical house prices indicators,I,CHE,Switzerland,A,Annual,RPI,Rent prices,IX,Index,1977,,39.0082609505475,,A,Normal value,0,Units,S,"Seasonally adjusted, not calendar adjusted",1,One,2015,
DATAFLOW,OECD.ECO.MPD:DSD_AN_HOUSE_PRICES@DF_HOUSE_PRICES(1.0),Analytical house prices indicators,I,CHE,Switzerland,A,Annual,RPI,Rent prices,IX,Index,1978,,39.1307008815269,,A,Normal value,0,Units,S,"Seasonally adjusted, not calendar adjusted",1,One,2015,
DATAFLOW,OECD.ECO.MPD:DSD_AN_HOUSE_PRICES@DF_HOUSE_PRICES(1.0),Analytical house prices indicators,I,CHE,Switzerland,A,Annual,RPI,Rent prices,IX,Index,1979,,39.111167662966,,A,Normal value,0,Units,S,"Seasonally adjusted, not calendar adjusted",1,One,2015,
DATAFLOW,OECD.ECO.MPD:DSD_AN_HOUSE_PRICES@DF_HOUSE_PRICES(1.0),Analytical house prices indicators,I,CHE,Switzerland,A,Annual,RPI,Rent prices,IX,Index,1980,,39.5408883883437,,A,Normal value,0,Units,S,"Seasonally adjusted, not calendar adjusted",1,One,2015,
DATAFLOW,OECD.ECO.MPD:DSD_AN_HOUSE_PRICES@DF_HOUSE_PRICES(1.0),Analytical house prices indicators,I,CHE,Switzerland,A,Annual,RPI,Rent prices,IX,Index,1981,,41.2727959563027,,A,Normal value,0,Units,S,"Seasonally adjusted, not calendar adjusted",1,One,2015,
DATAFLOW,OECD.ECO.MPD:DSD_AN_HOUSE_PRICES@DF_HOUSE_PRICES(1.0),Analytical house prices indicators,I,CHE,Switzerland,A,Annual,RPI,Rent prices,IX,Index,1982,,45.1337817614918,,A,Normal value,0,Units,S,"Seasonally adjusted, not calendar adjusted",1,One,2015,
DATAFLOW,OECD.ECO.MPD:DSD_AN_HOUSE_PRICES@DF_HOUSE_PRICES(1.0),Analytical house prices indicators,I,CHE,Switzerland,A,Annual,RPI,Rent prices,IX,Index,1983,,47.1682904247564,,A,Normal value,0,Units,S,"Seasonally adjusted, not calendar adjusted",1,One,2015,
DATAFLOW,OECD.ECO.MPD:DSD_AN_HOUSE_PRICES@DF_HOUSE_PRICES(1.0),Analytical house prices indicators,I,CHE,Switzerland,A,Annual,RPI,Rent prices,IX,Index,1984,,48.3434277484858,,A,Normal value,0,Units,S,"Seasonally adjusted, not calendar adjusted",1,One,2015,
DATAFLOW,OECD.ECO.MPD:DSD_AN_HOUSE_PRICES@DF_HOUSE_PRICES(1.0),Analytical house prices indicators,I,CHE,Switzerland,A,Annual,RPI,Rent prices,IX,Index,1985,,49.8776125183581,,A,Normal value,0,Units,S,"Seasonally adjusted, not calendar adjusted",1,One,2015,
DATAFLOW,OECD.ECO.MPD:DSD_AN_HOUSE_PRICES@DF_HOUSE_PRICES(1.0),Analytical house prices indicators,I,CHE,Switzerland,A,Annual,RPI,Rent prices,IX,Index,1986,,51.7303822404427,,A,Normal value,0,Units,S,"Seasonally adjusted, not calendar adjusted",1,One,2015,
DATAFLOW,OECD.ECO.MPD:DSD_AN_HOUSE_PRICES@DF_HOUSE_PRICES(1.0),Analytical house prices indicators,I,CHE,Switzerland,A,Annual,RPI,Rent prices,IX,Index,1987,,53.301819504727,,A,Normal value,0,Units,S,"Seasonally adjusted, not calendar adjusted",1,One,2015,
DATAFLOW,OECD.ECO.MPD:DSD_AN_HOUSE_PRICES@DF_HOUSE_PRICES(1.0),Analytical house prices indicators,I,CHE,Switzerland,A,Annual,RPI,Rent prices,IX,Index,1988,,54.8126567781015,,A,Normal value,0,Units,S,"Seasonally adjusted, not calendar adjusted",1,One,2015,
DATAFLOW,OECD.ECO.MPD:DSD_AN_HOUSE_PRICES@DF_HOUSE_PRICES(1.0),Analytical house prices indicators,I,CHE,Switzerland,A,Annual,RPI,Rent prices,IX,Index,1989,,56.837126474431,,A,Normal value,0,Units,S,"Seasonally adjusted, not calendar adjusted",1,One,2015,
DATAFLOW,OECD.ECO.MPD:DSD_AN_HOUSE_PRICES@DF_HOUSE_PRICES(1.0),Analytical house prices indicators,I,CHE,Switzerland,A,Annual,RPI,Rent prices,IX,Index,1990,,61.7489632376555,,A,Normal value,0,Units,S,"Seasonally adjusted, not calendar adjusted",1,One,2015,
DATAFLOW,OECD.ECO.MPD:DSD_AN_HOUSE_PRICES@DF_HOUSE_PRICES(1.0),Analytical house prices indicators,I,CHE,Switzerland,A,Annual,RPI,Rent prices,IX,Index,1991,,67.8755573186664,,A,Normal value,0,Units,S,"Seasonally adjusted, not calendar adjusted",1,One,2015,
DATAFLOW,OECD.ECO.MPD:DSD_AN_HOUSE_PRICES@DF_HOUSE_PRICES(1.0),Analytical house prices indicators,I,CHE,Switzerland,A,Annual,RPI,Rent prices,IX,Index,1992,,72.5697616145358,,A,Normal value,0,Units,S,"Seasonally adjusted, not calendar adjusted",1,One,2015,
DATAFLOW,OECD.ECO.MPD:DSD_AN_HOUSE_PRICES@DF_HOUSE_PRICES(1.0),Analytical house prices indicators,I,CHE,Switzerland,A,Annual,RPI,Rent prices,IX,Index,1993,,76.3028110545783,,A,Normal value,0,Units,S,"Seasonally adjusted, not calendar adjusted",1,One,2015,
DATAFLOW,OECD.ECO.MPD:DSD_AN_HOUSE_PRICES@DF_HOUSE_PRICES(1.0),Analytical house prices indicators,I,CHE,Switzerland,A,Annual,RPI,Rent prices,IX,Index,1994,,76.82073347689,,A,Normal value,0,Units,S,"Seasonally adjusted, not calendar adjusted",1,One,2015,
DATAFLOW,OECD.ECO.MPD:DSD_AN_HOUSE_PRICES@DF_HOUSE_PRICES(1.0),Analytical house prices indicators,I,CHE,Switzerland,A,Annual,RPI,Rent prices,IX,Index,1995,,77.7206958418956,,A,Normal value,0,Units,S,"Seasonally adjusted, not calendar adjusted",1,One,2015,
DATAFLOW,OECD.ECO.MPD:DSD_AN_HOUSE_PRICES@DF_HOUSE_PRICES(1.0),Analytical house prices indicators,I,CHE,Switzerland,A,Annual,RPI,Rent prices,IX,Index,1996,,78.7884906817264,,A,Normal value,0,Units,S,"Seasonally adjusted, not calendar adjusted",1,One,2015,
DATAFLOW,OECD.ECO.MPD:DSD_AN_HOUSE_PRICES@DF_HOUSE_PRICES(1.0),Analytical house prices indicators,I,CHE,Switzerland,A,Annual,RPI,Rent prices,IX,Index,1997,,79.2981056052841,,A,Normal value,0,Units,S,"Seasonally adjusted, not calendar adjusted",1,One,2015,
DATAFLOW,OECD.ECO.MPD:DSD_AN_HOUSE_PRICES@DF_HOUSE_PRICES(1.0),Analytical house prices indicators,I,CHE,Switzerland,A,Annual,RPI,Rent prices,IX,Index,1998,,79.3679655948052,,A,Normal value,0,Units,S,"Seasonally adjusted, not calendar adjusted",1,One,2015,
DATAFLOW,OECD.ECO.MPD:DSD_AN_HOUSE_PRICES@DF_HOUSE_PRICES(1.0),Analytical house prices indicators,I,CHE,Switzerland,A,Annual,RPI,Rent prices,IX,Index,1999,,79.9043355143497,,A,Normal value,0,Units,S,"Seasonally adjusted, not calendar adjusted",1,One,2015,
DATAFLOW,OECD.ECO.MPD:DSD_AN_HOUSE_PRICES@DF_HOUSE_PRICES(1.0),Analytical house prices indicators,I,CHE,Switzerland,A,Annual,RPI,Rent prices,IX,Index,2000,,81.1103303334504,,A,Normal value,0,Units,S,"Seasonally adjusted, not calendar adjusted",1,One,2015,
DATAFLOW,OECD.ECO.MPD:DSD_AN_HOUSE_PRICES@DF_HOUSE_PRICES(1.0),Analytical house prices indicators,I,CHE,Switzerland,A,Annual,RPI,Rent prices,IX,Index,2001,,83.3296625005506,,A,Normal value,0,Units,S,"Seasonally adjusted, not calendar adjusted",1,One,2015,
DATAFLOW,OECD.ECO.MPD:DSD_AN_HOUSE_PRICES@DF_HOUSE_PRICES(1.0),Analytical house prices indicators,I,CHE,Switzerland,A,Annual,RPI,Rent prices,IX,Index,2002,,84.179299873105,,A,Normal value,0,Units,S,"Seasonally adjusted, not calendar adjusted",1,One,2015,
DATAFLOW,OECD.ECO.MPD:DSD_AN_HOUSE_PRICES@DF_HOUSE_PRICES(1.0),Analytical house prices indicators,I,CHE,Switzerland,A,Annual,RPI,Rent prices,IX,Index,2003,,84.4208423368736,,A,Normal value,0,Units,S,"Seasonally adjusted, not calendar adjusted",1,One,2015,
DATAFLOW,OECD.ECO.MPD:DSD_AN_HOUSE_PRICES@DF_HOUSE_PRICES(1.0),Analytical house prices indicators,I,CHE,Switzerland,A,Annual,RPI,Rent prices,IX,Index,2004,,85.4015896897615,,A,Normal value,0,Units,S,"Seasonally adjusted, not calendar adjusted",1,One,2015,
DATAFLOW,OECD.ECO.MPD:DSD_AN_HOUSE_PRICES@DF_HOUSE_PRICES(1.0),Analytical house prices indicators,I,CHE,Switzerland,A,Annual,RPI,Rent prices,IX,Index,2005,,86.5663295150506,,A,Normal value,0,Units,S,"Seasonally adjusted, not calendar adjusted",1,One,2015,
DATAFLOW,OECD.ECO.MPD:DSD_AN_HOUSE_PRICES@DF_HOUSE_PRICES(1.0),Analytical house prices indicators,I,CHE,Switzerland,A,Annual,RPI,Rent prices,IX,Index,2006,,88.173606773959,,A,Normal value,0,Units,S,"Seasonally adjusted, not calendar adjusted",1,One,2015,
DATAFLOW,OECD.ECO.MPD:DSD_AN_HOUSE_PRICES@DF_HOUSE_PRICES(1.0),Analytical house prices indicators,I,CHE,Switzerland,A,Annual,RPI,Rent prices,IX,Index,2007,,90.2055139691729,,A,Normal value,0,Units,S,"Seasonally adjusted, not calendar adjusted",1,One,2015,
DATAFLOW,OECD.ECO.MPD:DSD_AN_HOUSE_PRICES@DF_HOUSE_PRICES(1.0),Analytical house prices indicators,I,CHE,Switzerland,A,Annual,RPI,Rent prices,IX,Index,2008,,92.3370586494412,,A,Normal value,0,Units,S,"Seasonally adjusted, not calendar adjusted",1,One,2015,
DATAFLOW,OECD.ECO.MPD:DSD_AN_HOUSE_PRICES@DF_HOUSE_PRICES(1.0),Analytical house prices indicators,I,CHE,Switzerland,A,Annual,RPI,Rent prices,IX,Index,2009,,94.6375708043644,,A,Normal value,0,Units,S,"Seasonally adjusted, not calendar adjusted",1,One,2015,
DATAFLOW,OECD.ECO.MPD:DSD_AN_HOUSE_PRICES@DF_HOUSE_PRICES(1.0),Analytical house prices indicators,I,CHE,Switzerland,A,Annual,RPI,Rent prices,IX,Index,2010,,95.6918281462258,,A,Normal value,0,Units,S,"Seasonally adjusted, not calendar adjusted",1,One,2015,
DATAFLOW,OECD.ECO.MPD:DSD_AN_HOUSE_PRICES@DF_HOUSE_PRICES(1.0),Analytical house prices indicators,I,CHE,Switzerland,A,Annual,RPI,Rent prices,IX,Index,2011,,96.950152957477,,A,Normal value,0,Units,S,"Seasonally adjusted, not calendar adjusted",1,One,2015,
DATAFLOW,OECD.ECO.MPD:DSD_AN_HOUSE_PRICES@DF_HOUSE_PRICES(1.0),Analytical house prices indicators,I,CHE,Switzerland,A,Annual,RPI,Rent prices,IX,Index,2012,,97.5874528618821,,A,Normal value,0,Units,S,"Seasonally adjusted, not calendar adjusted",1,One,2015,
DATAFLOW,OECD.ECO.MPD:DSD_AN_HOUSE_PRICES@DF_HOUSE_PRICES(1.0),Analytical house prices indicators,I,CHE,Switzerland,A,Annual,RPI,Rent prices,IX,Index,2013,,98.0358277946258,,A,Normal value,0,Units,S,"Seasonally adjusted, not calendar adjusted",1,One,2015,
DATAFLOW,OECD.ECO.MPD:DSD_AN_HOUSE_PRICES@DF_HOUSE_PRICES(1.0),Analytical house prices indicators,I,CHE,Switzerland,A,Annual,RPI,Rent prices,IX,Index,2014,,99.2104301184355,,A,Normal value,0,Units,S,"Seasonally adjusted, not calendar adjusted",1,One,2015,
DATAFLOW,OECD.ECO.MPD:DSD_AN_HOUSE_PRICES@DF_HOUSE_PRICES(1.0),Analytical house prices indicators,I,CHE,Switzerland,A,Annual,RPI,Rent prices,IX,Index,2015,,100,,A,Normal value,0,Units,S,"Seasonally adjusted, not calendar adjusted",1,One,2015,
DATAFLOW,OECD.ECO.MPD:DSD_AN_HOUSE_PRICES@DF_HOUSE_PRICES(1.0),Analytical house prices indicators,I,CHE,Switzerland,A,Annual,RPI,Rent prices,IX,Index,2016,,100.207622468857,,A,Normal value,0,Units,S,"Seasonally adjusted, not calendar adjusted",1,One,2015,
DATAFLOW,OECD.ECO.MPD:DSD_AN_HOUSE_PRICES@DF_HOUSE_PRICES(1.0),Analytical house prices indicators,I,CHE,Switzerland,A,Annual,RPI,Rent prices,IX,Index,2017,,101.352384797142,,A,Normal value,0,Units,S,"Seasonally adjusted, not calendar adjusted",1,One,2015,
DATAFLOW,OECD.ECO.MPD:DSD_AN_HOUSE_PRICES@DF_HOUSE_PRICES(1.0),Analytical house prices indicators,I,CHE,Switzerland,A,Annual,RPI,Rent prices,IX,Index,2018,,101.929509710574,,A,Normal value,0,Units,S,"Seasonally adjusted, not calendar adjusted",1,One,2015,
DATAFLOW,OECD.ECO.MPD:DSD_AN_HOUSE_PRICES@DF_HOUSE_PRICES(1.0),Analytical house prices indicators,I,CHE,Switzerland,A,Annual,RPI,Rent prices,IX,Index,2019,,102.479859628021,,A,Normal value,0,Units,S,"Seasonally adjusted, not calendar adjusted",1,One,2015,
DATAFLOW,OECD.ECO.MPD:DSD_AN_HOUSE_PRICES@DF_HOUSE_PRICES(1.0),Analytical house prices indicators,I,CHE,Switzerland,A,Annual,RPI,Rent prices,IX,Index,2020,,103.379284493107,,A,Normal value,0,Units,S,"Seasonally adjusted, not calendar adjusted",1,One,2015,
DATAFLOW,OECD.ECO.MPD:DSD_AN_HOUSE_PRICES@DF_HOUSE_PRICES(1.0),Analytical house prices indicators,I,CHE,Switzerland,A,Annual,RPI,Rent prices,IX,Index,2021,,104.467034329945,,A,Normal value,0,Units,S,"Seasonally adjusted, not calendar adjusted",1,One,2015,
DATAFLOW,OECD.ECO.MPD:DSD_AN_HOUSE_PRICES@DF_HOUSE_PRICES(1.0),Analytical house prices indicators,I,CHE,Switzerland,A,Annual,RPI,Rent prices,IX,Index,2022,,105.956984106453,,A,Normal value,0,Units,S,"Seasonally adjusted, not calendar adjusted",1,One,2015,
DATAFLOW,OECD.ECO.MPD:DSD_AN_HOUSE_PRICES@DF_HOUSE_PRICES(1.0),Analytical house prices indicators,I,CHE,Switzerland,A,Annual,RPI,Rent prices,IX,Index,2023,,107.55593386661,,A,Normal value,0,Units,S,"Seasonally adjusted, not calendar adjusted",1,One,2015,
DATAFLOW,OECD.ECO.MPD:DSD_AN_HOUSE_PRICES@DF_HOUSE_PRICES(1.0),Analytical house prices indicators,I,CHE,Switzerland,A,Annual,RPI,Rent prices,IX,Index,2024,,110.91153336327,,A,Normal value,0,Units,S,"Seasonally adjusted, not calendar adjusted",1,One,2015,
DATAFLOW,OECD.ECO.MPD:DSD_AN_HOUSE_PRICES@DF_HOUSE_PRICES(1.0),Analytical house prices indicators,I,CHE,Switzerland,A,Annual,RPI,Rent prices,IX,Index,2025,,113.523382971725,,A,Normal value,0,Units,S,"Seasonally adjusted, not calendar adjusted",1,One,2015,
DATAFLOW,OECD.ECO.MPD:DSD_AN_HOUSE_PRICES@DF_HOUSE_PRICES(1.0),Analytical house prices indicators,I,TUR,Türkiye,A,Annual,RPI,Rent prices,IX,Index,1982,,0.00178993542684852,,A,Normal value,0,Units,S,"Seasonally adjusted, not calendar adjusted",1,One,2015,
DATAFLOW,OECD.ECO.MPD:DSD_AN_HOUSE_PRICES@DF_HOUSE_PRICES(1.0),Analytical house prices indicators,I,TUR,Türkiye,A,Annual,RPI,Rent prices,IX,Index,1983,,0.00237572849470789,,A,Normal value,0,Units,S,"Seasonally adjusted, not calendar adjusted",1,One,2015,
DATAFLOW,OECD.ECO.MPD:DSD_AN_HOUSE_PRICES@DF_HOUSE_PRICES(1.0),Analytical house prices indicators,I,TUR,Türkiye,A,Annual,RPI,Rent prices,IX,Index,1984,,0.00344141139600001,,A,Normal value,0,Units,S,"Seasonally adjusted, not calendar adjusted",1,One,2015,
DATAFLOW,OECD.ECO.MPD:DSD_AN_HOUSE_PRICES@DF_HOUSE_PRICES(1.0),Analytical house prices indicators,I,TUR,Türkiye,A,Annual,RPI,Rent prices,IX,Index,1985,,0.00549971144670734,,A,Normal value,0,Units,S,"Seasonally adjusted, not calendar adjusted",1,One,2015,
DATAFLOW,OECD.ECO.MPD:DSD_AN_HOUSE_PRICES@DF_HOUSE_PRICES(1.0),Analytical house prices indicators,I,TUR,Türkiye,A,Annual,RPI,Rent prices,IX,Index,1986,,0.00740230258922504,,A,Normal value,0,Units,S,"Seasonally adjusted, not calendar adjusted",1,One,2015,
DATAFLOW,OECD.ECO.MPD:DSD_AN_HOUSE_PRICES@DF_HOUSE_PRICES(1.0),Analytical house prices indicators,I,TUR,Türkiye,A,Annual,RPI,Rent prices,IX,Index,1987,,0.00918566184470885,,A,Normal value,0,Units,S,"Seasonally adjusted, not calendar adjusted",1,One,2015,
DATAFLOW,OECD.ECO.MPD:DSD_AN_HOUSE_PRICES@DF_HOUSE_PRICES(1.0),Analytical house prices indicators,I,TUR,Türkiye,A,Annual,RPI,Rent prices,IX,Index,1988,,0.0136969640244427,,A,Normal value,0,Units,S,"Seasonally adjusted, not calendar adjusted",1,One,2015,
DATAFLOW,OECD.ECO.MPD:DSD_AN_HOUSE_PRICES@DF_HOUSE_PRICES(1.0),Analytical house prices indicators,I,TUR,Türkiye,A,Annual,RPI,Rent prices,IX,Index,1989,,0.0198507314787063,,A,Normal value,0,Units,S,"Seasonally adjusted, not calendar adjusted",1,One,2015,
DATAFLOW,OECD.ECO.MPD:DSD_AN_HOUSE_PRICES@DF_HOUSE_PRICES(1.0),Analytical house prices indicators,I,TUR,Türkiye,A,Annual,RPI,Rent prices,IX,Index,1990,,0.0307399443734792,,A,Normal value,0,Units,S,"Seasonally adjusted, not calendar adjusted",1,One,2015,
DATAFLOW,OECD.ECO.MPD:DSD_AN_HOUSE_PRICES@DF_HOUSE_PRICES(1.0),Analytical house prices indicators,I,TUR,Türkiye,A,Annual,RPI,Rent prices,IX,Index,1991,,0.052204655187523,,A,Normal value,0,Units,S,"Seasonally adjusted, not calendar adjusted",1,One,2015,
DATAFLOW,OECD.ECO.MPD:DSD_AN_HOUSE_PRICES@DF_HOUSE_PRICES(1.0),Analytical house prices indicators,I,TUR,Türkiye,A,Annual,RPI,Rent prices,IX,Index,1992,,0.0923832789071955,,A,Normal value,0,Units,S,"Seasonally adjusted, not calendar adjusted",1,One,2015,
DATAFLOW,OECD.ECO.MPD:DSD_AN_HOUSE_PRICES@DF_HOUSE_PRICES(1.0),Analytical house prices indicators,I,TUR,Türkiye,A,Annual,RPI,Rent prices,IX,Index,1993,,0.158729054418574,,A,Normal value,0,Units,S,"Seasonally adjusted, not calendar adjusted",1,One,2015,
DATAFLOW,OECD.ECO.MPD:DSD_AN_HOUSE_PRICES@DF_HOUSE_PRICES(1.0),Analytical house prices indicators,I,TUR,Türkiye,A,Annual,RPI,Rent prices,IX,Index,1994,,0.30357799709674,,A,Normal value,0,Units,S,"Seasonally adjusted, not calendar adjusted",1,One,2015,
DATAFLOW,OECD.ECO.MPD:DSD_AN_HOUSE_PRICES@DF_HOUSE_PRICES(1.0),Analytical house prices indicators,I,TUR,Türkiye,A,Annual,RPI,Rent prices,IX,Index,1995,,0.574796951434638,,A,Normal value,0,Units,S,"Seasonally adjusted, not calendar adjusted",1,One,2015,
DATAFLOW,OECD.ECO.MPD:DSD_AN_HOUSE_PRICES@DF_HOUSE_PRICES(1.0),Analytical house prices indicators,I,TUR,Türkiye,A,Annual,RPI,Rent prices,IX,Index,1996,,1.0238009562383,,A,Normal value,0,Units,S,"Seasonally adjusted, not calendar adjusted",1,One,2015,
DATAFLOW,OECD.ECO.MPD:DSD_AN_HOUSE_PRICES@DF_HOUSE_PRICES(1.0),Analytical house prices indicators,I,TUR,Türkiye,A,Annual,RPI,Rent prices,IX,Index,1997,,1.89096775057088,,A,Normal value,0,Units,S,"Seasonally adjusted, not calendar adjusted",1,One,2015,
DATAFLOW,OECD.ECO.MPD:DSD_AN_HOUSE_PRICES@DF_HOUSE_PRICES(1.0),Analytical house prices indicators,I,TUR,Türkiye,A,Annual,RPI,Rent prices,IX,Index,1998,,3.77606620127969,,A,Normal value,0,Units,S,"Seasonally adjusted, not calendar adjusted",1,One,2015,
DATAFLOW,OECD.ECO.MPD:DSD_AN_HOUSE_PRICES@DF_HOUSE_PRICES(1.0),Analytical house prices indicators,I,TUR,Türkiye,A,Annual,RPI,Rent prices,IX,Index,1999,,7.24415169594161,,A,Normal value,0,Units,S,"Seasonally adjusted, not calendar adjusted",1,One,2015,
DATAFLOW,OECD.ECO.MPD:DSD_AN_HOUSE_PRICES@DF_HOUSE_PRICES(1.0),Analytical house prices indicators,I,TUR,Türkiye,A,Annual,RPI,Rent prices,IX,Index,2000,,12.0504186688113,,A,Normal value,0,Units,S,"Seasonally adjusted, not calendar adjusted",1,One,2015,
DATAFLOW,OECD.ECO.MPD:DSD_AN_HOUSE_PRICES@DF_HOUSE_PRICES(1.0),Analytical house prices indicators,I,TUR,Türkiye,A,Annual,RPI,Rent prices,IX,Index,2001,,17.5703147979624,,A,Normal value,0,Units,S,"Seasonally adjusted, not calendar adjusted",1,One,2015,
DATAFLOW,OECD.ECO.MPD:DSD_AN_HOUSE_PRICES@DF_HOUSE_PRICES(1.0),Analytical house prices indicators,I,TUR,Türkiye,A,Annual,RPI,Rent prices,IX,Index,2002,,23.9998019826241,,A,Normal value,0,Units,S,"Seasonally adjusted, not calendar adjusted",1,One,2015,
DATAFLOW,OECD.ECO.MPD:DSD_AN_HOUSE_PRICES@DF_HOUSE_PRICES(1.0),Analytical house prices indicators,I,TUR,Türkiye,A,Annual,RPI,Rent prices,IX,Index,2003,,29.4866516703855,,A,Normal value,0,Units,S,"Seasonally adjusted, not calendar adjusted",1,One,2015,
DATAFLOW,OECD.ECO.MPD:DSD_AN_HOUSE_PRICES@DF_HOUSE_PRICES(1.0),Analytical house prices indicators,I,TUR,Türkiye,A,Annual,RPI,Rent prices,IX,Index,2004,,34.6629907447105,,A,Normal value,0,Units,S,"Seasonally adjusted, not calendar adjusted",1,One,2015,
DATAFLOW,OECD.ECO.MPD:DSD_AN_HOUSE_PRICES@DF_HOUSE_PRICES(1.0),Analytical house prices indicators,I,TUR,Türkiye,A,Annual,RPI,Rent prices,IX,Index,2005,,40.9990260249757,,A,Normal value,0,Units,S,"Seasonally adjusted, not calendar adjusted",1,One,2015,
DATAFLOW,OECD.ECO.MPD:DSD_AN_HOUSE_PRICES@DF_HOUSE_PRICES(1.0),Analytical house prices indicators,I,TUR,Türkiye,A,Annual,RPI,Rent prices,IX,Index,2006,,49.2434187310855,,A,Normal value,0,Units,S,"Seasonally adjusted, not calendar adjusted",1,One,2015,
DATAFLOW,OECD.ECO.MPD:DSD_AN_HOUSE_PRICES@DF_HOUSE_PRICES(1.0),Analytical house prices indicators,I,TUR,Türkiye,A,Annual,RPI,Rent prices,IX,Index,2007,,58.3197039579927,,A,Normal value,0,Units,S,"Seasonally adjusted, not calendar adjusted",1,One,2015,
DATAFLOW,OECD.ECO.MPD:DSD_AN_HOUSE_PRICES@DF_HOUSE_PRICES(1.0),Analytical house prices indicators,I,TUR,Türkiye,A,Annual,RPI,Rent prices,IX,Index,2008,,66.2912241572807,,A,Normal value,0,Units,S,"Seasonally adjusted, not calendar adjusted",1,One,2015,
DATAFLOW,OECD.ECO.MPD:DSD_AN_HOUSE_PRICES@DF_HOUSE_PRICES(1.0),Analytical house prices indicators,I,TUR,Türkiye,A,Annual,RPI,Rent prices,IX,Index,2009,,71.7341217933531,,A,Normal value,0,Units,S,"Seasonally adjusted, not calendar adjusted",1,One,2015,
DATAFLOW,OECD.ECO.MPD:DSD_AN_HOUSE_PRICES@DF_HOUSE_PRICES(1.0),Analytical house prices indicators,I,TUR,Türkiye,A,Annual,RPI,Rent prices,IX,Index,2010,,74.8403593710091,,A,Normal value,0,Units,S,"Seasonally adjusted, not calendar adjusted",1,One,2015,
DATAFLOW,OECD.ECO.MPD:DSD_AN_HOUSE_PRICES@DF_HOUSE_PRICES(1.0),Analytical house prices indicators,I,TUR,Türkiye,A,Annual,RPI,Rent prices,IX,Index,2011,,78.0799394519985,,A,Normal value,0,Units,S,"Seasonally adjusted, not calendar adjusted",1,One,2015,
DATAFLOW,OECD.ECO.MPD:DSD_AN_HOUSE_PRICES@DF_HOUSE_PRICES(1.0),Analytical house prices indicators,I,TUR,Türkiye,A,Annual,RPI,Rent prices,IX,Index,2012,,81.9211420480286,,A,Normal value,0,Units,S,"Seasonally adjusted, not calendar adjusted",1,One,2015,
DATAFLOW,OECD.ECO.MPD:DSD_AN_HOUSE_PRICES@DF_HOUSE_PRICES(1.0),Analytical house prices indicators,I,TUR,Türkiye,A,Annual,RPI,Rent prices,IX,Index,2013,,86.898474672462,,A,Normal value,0,Units,S,"Seasonally adjusted, not calendar adjusted",1,One,2015,
DATAFLOW,OECD.ECO.MPD:DSD_AN_HOUSE_PRICES@DF_HOUSE_PRICES(1.0),Analytical house prices indicators,I,TUR,Türkiye,A,Annual,RPI,Rent prices,IX,Index,2014,,92.9438248235957,,A,Normal value,0,Units,S,"Seasonally adjusted, not calendar adjusted",1,One,2015,
DATAFLOW,OECD.ECO.MPD:DSD_AN_HOUSE_PRICES@DF_HOUSE_PRICES(1.0),Analytical house prices indicators,I,TUR,Türkiye,A,Annual,RPI,Rent prices,IX,Index,2015,,100,,A,Normal value,0,Units,S,"Seasonally adjusted, not calendar adjusted",1,One,2015,
DATAFLOW,OECD.ECO.MPD:DSD_AN_HOUSE_PRICES@DF_HOUSE_PRICES(1.0),Analytical house prices indicators,I,TUR,Türkiye,A,Annual,RPI,Rent prices,IX,Index,2016,,108.660527716513,,A,Normal value,0,Units,S,"Seasonally adjusted, not calendar adjusted",1,One,2015,
DATAFLOW,OECD.ECO.MPD:DSD_AN_HOUSE_PRICES@DF_HOUSE_PRICES(1.0),Analytical house prices indicators,I,TUR,Türkiye,A,Annual,RPI,Rent prices,IX,Index,2017,,118.577052964426,,A,Normal value,0,Units,S,"Seasonally adjusted, not calendar adjusted",1,One,2015,
DATAFLOW,OECD.ECO.MPD:DSD_AN_HOUSE_PRICES@DF_HOUSE_PRICES(1.0),Analytical house prices indicators,I,TUR,Türkiye,A,Annual,RPI,Rent prices,IX,Index,2018,,130.04120325103,,A,Normal value,0,Units,S,"Seasonally adjusted, not calendar adjusted",1,One,2015,
DATAFLOW,OECD.ECO.MPD:DSD_AN_HOUSE_PRICES@DF_HOUSE_PRICES(1.0),Analytical house prices indicators,I,TUR,Türkiye,A,Annual,RPI,Rent prices,IX,Index,2019,,143.184728579618,,A,Normal value,0,Units,S,"Seasonally adjusted, not calendar adjusted",1,One,2015,
DATAFLOW,OECD.ECO.MPD:DSD_AN_HOUSE_PRICES@DF_HOUSE_PRICES(1.0),Analytical house prices indicators,I,TUR,Türkiye,A,Annual,RPI,Rent prices,IX,Index,2020,,156.574278914357,,A,Normal value,0,Units,S,"Seasonally adjusted, not calendar adjusted",1,One,2015,
DATAFLOW,OECD.ECO.MPD:DSD_AN_HOUSE_PRICES@DF_HOUSE_PRICES(1.0),Analytical house prices indicators,I,TUR,Türkiye,A,Annual,RPI,Rent prices,IX,Index,2021,,172.624979315625,,A,Normal value,0,Units,S,"Seasonally adjusted, not calendar adjusted",1,One,2015,
DATAFLOW,OECD.ECO.MPD:DSD_AN_HOUSE_PRICES@DF_HOUSE_PRICES(1.0),Analytical house prices indicators,I,TUR,Türkiye,A,Annual,RPI,Rent prices,IX,Index,2022,,221.216730530418,,A,Normal value,0,Units,S,"Seasonally adjusted, not calendar adjusted",1,One,2015,
DATAFLOW,OECD.ECO.MPD:DSD_AN_HOUSE_PRICES@DF_HOUSE_PRICES(1.0),Analytical house prices indicators,I,TUR,Türkiye,A,Annual,RPI,Rent prices,IX,Index,2023,,405.024885125622,,A,Normal value,0,Units,S,"Seasonally adjusted, not calendar adjusted",1,One,2015,
DATAFLOW,OECD.ECO.MPD:DSD_AN_HOUSE_PRICES@DF_HOUSE_PRICES(1.0),Analytical house prices indicators,I,TUR,Türkiye,A,Annual,RPI,Rent prices,IX,Index,2024,,879.73232199331,,A,Normal value,0,Units,S,"Seasonally adjusted, not calendar adjusted",1,One,2015,
DATAFLOW,OECD.ECO.MPD:DSD_AN_HOUSE_PRICES@DF_HOUSE_PRICES(1.0),Analytical house prices indicators,I,TUR,Türkiye,A,Annual,RPI,Rent prices,IX,Index,2025,,1561.98078908528,,A,Normal value,0,Units,S,"Seasonally adjusted, not calendar adjusted",1,One,2015,
DATAFLOW,OECD.ECO.MPD:DSD_AN_HOUSE_PRICES@DF_HOUSE_PRICES(1.0),Analytical house prices indicators,I,GBR,United Kingdom,A,Annual,RPI,Rent prices,IX,Index,1962,,2.72226687187922,,A,Normal value,0,Units,S,"Seasonally adjusted, not calendar adjusted",1,One,2015,
DATAFLOW,OECD.ECO.MPD:DSD_AN_HOUSE_PRICES@DF_HOUSE_PRICES(1.0),Analytical house prices indicators,I,GBR,United Kingdom,A,Annual,RPI,Rent prices,IX,Index,1963,,2.85507977380976,,A,Normal value,0,Units,S,"Seasonally adjusted, not calendar adjusted",1,One,2015,
DATAFLOW,OECD.ECO.MPD:DSD_AN_HOUSE_PRICES@DF_HOUSE_PRICES(1.0),Analytical house prices indicators,I,GBR,United Kingdom,A,Annual,RPI,Rent prices,IX,Index,1964,,3.00264999214293,,A,Normal value,0,Units,S,"Seasonally adjusted, not calendar adjusted",1,One,2015,
DATAFLOW,OECD.ECO.MPD:DSD_AN_HOUSE_PRICES@DF_HOUSE_PRICES(1.0),Analytical house prices indicators,I,GBR,United Kingdom,A,Annual,RPI,Rent prices,IX,Index,1965,,3.17477826868457,,A,Normal value,0,Units,S,"Seasonally adjusted, not calendar adjusted",1,One,2015,
DATAFLOW,OECD.ECO.MPD:DSD_AN_HOUSE_PRICES@DF_HOUSE_PRICES(1.0),Analytical house prices indicators,I,GBR,United Kingdom,A,Annual,RPI,Rent prices,IX,Index,1966,,3.38588393345715,,A,Normal value,0,Units,S,"Seasonally adjusted, not calendar adjusted",1,One,2015,
DATAFLOW,OECD.ECO.MPD:DSD_AN_HOUSE_PRICES@DF_HOUSE_PRICES(1.0),Analytical house prices indicators,I,GBR,United Kingdom,A,Annual,RPI,Rent prices,IX,Index,1967,,3.54338887413691,,A,Normal value,0,Units,S,"Seasonally adjusted, not calendar adjusted",1,One,2015,
DATAFLOW,OECD.ECO.MPD:DSD_AN_HOUSE_PRICES@DF_HOUSE_PRICES(1.0),Analytical house prices indicators,I,GBR,United Kingdom,A,Annual,RPI,Rent prices,IX,Index,1968,,3.72364152019172,,A,Normal value,0,Units,S,"Seasonally adjusted, not calendar adjusted",1,One,2015,
DATAFLOW,OECD.ECO.MPD:DSD_AN_HOUSE_PRICES@DF_HOUSE_PRICES(1.0),Analytical house prices indicators,I,GBR,United Kingdom,A,Annual,RPI,Rent prices,IX,Index,1969,,3.87205727950831,,A,Normal value,0,Units,S,"Seasonally adjusted, not calendar adjusted",1,One,2015,
DATAFLOW,OECD.ECO.MPD:DSD_AN_HOUSE_PRICES@DF_HOUSE_PRICES(1.0),Analytical house prices indicators,I,GBR,United Kingdom,A,Annual,RPI,Rent prices,IX,Index,1970,,4.16412479343372,,A,Normal value,0,Units,S,"Seasonally adjusted, not calendar adjusted",1,One,2015,
DATAFLOW,OECD.ECO.MPD:DSD_AN_HOUSE_PRICES@DF_HOUSE_PRICES(1.0),Analytical house prices indicators,I,GBR,United Kingdom,A,Annual,RPI,Rent prices,IX,Index,1971,,4.54679210871356,,A,Normal value,0,Units,S,"Seasonally adjusted, not calendar adjusted",1,One,2015,
DATAFLOW,OECD.ECO.MPD:DSD_AN_HOUSE_PRICES@DF_HOUSE_PRICES(1.0),Analytical house prices indicators,I,GBR,United Kingdom,A,Annual,RPI,Rent prices,IX,Index,1972,,5.02405116039278,,A,Normal value,0,Units,S,"Seasonally adjusted, not calendar adjusted",1,One,2015,
DATAFLOW,OECD.ECO.MPD:DSD_AN_HOUSE_PRICES@DF_HOUSE_PRICES(1.0),Analytical house prices indicators,I,GBR,United Kingdom,A,Annual,RPI,Rent prices,IX,Index,1973,,5.61667252743121,,A,Normal value,0,Units,S,"Seasonally adjusted, not calendar adjusted",1,One,2015,
DATAFLOW,OECD.ECO.MPD:DSD_AN_HOUSE_PRICES@DF_HOUSE_PRICES(1.0),Analytical house prices indicators,I,GBR,United Kingdom,A,Annual,RPI,Rent prices,IX,Index,1974,,6.27661322444571,,A,Normal value,0,Units,S,"Seasonally adjusted, not calendar adjusted",1,One,2015,
DATAFLOW,OECD.ECO.MPD:DSD_AN_HOUSE_PRICES@DF_HOUSE_PRICES(1.0),Analytical house prices indicators,I,GBR,United Kingdom,A,Annual,RPI,Rent prices,IX,Index,1975,,7.44444480958813,,A,Normal value,0,Units,S,"Seasonally adjusted, not calendar adjusted",1,One,2015,
DATAFLOW,OECD.ECO.MPD:DSD_AN_HOUSE_PRICES@DF_HOUSE_PRICES(1.0),Analytical house prices indicators,I,GBR,United Kingdom,A,Annual,RPI,Rent prices,IX,Index,1976,,8.49665942250167,,A,Normal value,0,Units,S,"Seasonally adjusted, not calendar adjusted",1,One,2015,
DATAFLOW,OECD.ECO.MPD:DSD_AN_HOUSE_PRICES@DF_HOUSE_PRICES(1.0),Analytical house prices indicators,I,GBR,United Kingdom,A,Annual,RPI,Rent prices,IX,Index,1977,,9.598610745443,,A,Normal value,0,Units,S,"Seasonally adjusted, not calendar adjusted",1,One,2015,
DATAFLOW,OECD.ECO.MPD:DSD_AN_HOUSE_PRICES@DF_HOUSE_PRICES(1.0),Analytical house prices indicators,I,GBR,United Kingdom,A,Annual,RPI,Rent prices,IX,Index,1978,,10.2809910943306,,A,Normal value,0,Units,S,"Seasonally adjusted, not calendar adjusted",1,One,2015,
DATAFLOW,OECD.ECO.MPD:DSD_AN_HOUSE_PRICES@DF_HOUSE_PRICES(1.0),Analytical house prices indicators,I,GBR,United Kingdom,A,Annual,RPI,Rent prices,IX,Index,1979,,12.3836405037196,,A,Normal value,0,Units,S,"Seasonally adjusted, not calendar adjusted",1,One,2015,
DATAFLOW,OECD.ECO.MPD:DSD_AN_HOUSE_PRICES@DF_HOUSE_PRICES(1.0),Analytical house prices indicators,I,GBR,United Kingdom,A,Annual,RPI,Rent prices,IX,Index,1980,,15.9726236984762,,A,Normal value,0,Units,S,"Seasonally adjusted, not calendar adjusted",1,One,2015,
DATAFLOW,OECD.ECO.MPD:DSD_AN_HOUSE_PRICES@DF_HOUSE_PRICES(1.0),Analytical house prices indicators,I,GBR,United Kingdom,A,Annual,RPI,Rent prices,IX,Index,1981,,18.8639869170849,,A,Normal value,0,Units,S,"Seasonally adjusted, not calendar adjusted",1,One,2015,
DATAFLOW,OECD.ECO.MPD:DSD_AN_HOUSE_PRICES@DF_HOUSE_PRICES(1.0),Analytical house prices indicators,I,GBR,United Kingdom,A,Annual,RPI,Rent prices,IX,Index,1982,,21.2466295035058,,A,Normal value,0,Units,S,"Seasonally adjusted, not calendar adjusted",1,One,2015,
DATAFLOW,OECD.ECO.MPD:DSD_AN_HOUSE_PRICES@DF_HOUSE_PRICES(1.0),Analytical house prices indicators,I,GBR,United Kingdom,A,Annual,RPI,Rent prices,IX,Index,1983,,21.7741912849653,,A,Normal value,0,Units,S,"Seasonally adjusted, not calendar adjusted",1,One,2015,
DATAFLOW,OECD.ECO.MPD:DSD_AN_HOUSE_PRICES@DF_HOUSE_PRICES(1.0),Analytical house prices indicators,I,GBR,United Kingdom,A,Annual,RPI,Rent prices,IX,Index,1984,,23.7736635032348,,A,Normal value,0,Units,S,"Seasonally adjusted, not calendar adjusted",1,One,2015,
DATAFLOW,OECD.ECO.MPD:DSD_AN_HOUSE_PRICES@DF_HOUSE_PRICES(1.0),Analytical house prices indicators,I,GBR,United Kingdom,A,Annual,RPI,Rent prices,IX,Index,1985,,26.8167342621287,,A,Normal value,0,Units,S,"Seasonally adjusted, not calendar adjusted",1,One,2015,
DATAFLOW,OECD.ECO.MPD:DSD_AN_HOUSE_PRICES@DF_HOUSE_PRICES(1.0),Analytical house prices indicators,I,GBR,United Kingdom,A,Annual,RPI,Rent prices,IX,Index,1986,,28.3530057784159,,A,Normal value,0,Units,S,"Seasonally adjusted, not calendar adjusted",1,One,2015,
DATAFLOW,OECD.ECO.MPD:DSD_AN_HOUSE_PRICES@DF_HOUSE_PRICES(1.0),Analytical house prices indicators,I,GBR,United Kingdom,A,Annual,RPI,Rent prices,IX,Index,1987,,30.4903985629086,,A,Normal value,0,Units,S,"Seasonally adjusted, not calendar adjusted",1,One,2015,
DATAFLOW,OECD.ECO.MPD:DSD_AN_HOUSE_PRICES@DF_HOUSE_PRICES(1.0),Analytical house prices indicators,I,GBR,United Kingdom,A,Annual,RPI,Rent prices,IX,Index,1988,,32.7668082979255,,A,Normal value,0,Units,S,"Seasonally adjusted, not calendar adjusted",1,One,2015,
DATAFLOW,OECD.ECO.MPD:DSD_AN_HOUSE_PRICES@DF_HOUSE_PRICES(1.0),Analytical house prices indicators,I,GBR,United Kingdom,A,Annual,RPI,Rent prices,IX,Index,1989,,35.6910772306923,,A,Normal value,0,Units,S,"Seasonally adjusted, not calendar adjusted",1,One,2015,
DATAFLOW,OECD.ECO.MPD:DSD_AN_HOUSE_PRICES@DF_HOUSE_PRICES(1.0),Analytical house prices indicators,I,GBR,United Kingdom,A,Annual,RPI,Rent prices,IX,Index,1990,,39.7650587353161,,A,Normal value,0,Units,S,"Seasonally adjusted, not calendar adjusted",1,One,2015,
DATAFLOW,OECD.ECO.MPD:DSD_AN_HOUSE_PRICES@DF_HOUSE_PRICES(1.0),Analytical house prices indicators,I,GBR,United Kingdom,A,Annual,RPI,Rent prices,IX,Index,1991,,44.3639090227443,,A,Normal value,0,Units,S,"Seasonally adjusted, not calendar adjusted",1,One,2015,
DATAFLOW,OECD.ECO.MPD:DSD_AN_HOUSE_PRICES@DF_HOUSE_PRICES(1.0),Analytical house prices indicators,I,GBR,United Kingdom,A,Annual,RPI,Rent prices,IX,Index,1992,,48.1129717570607,,A,Normal value,0,Units,S,"Seasonally adjusted, not calendar adjusted",1,One,2015,
DATAFLOW,OECD.ECO.MPD:DSD_AN_HOUSE_PRICES@DF_HOUSE_PRICES(1.0),Analytical house prices indicators,I,GBR,United Kingdom,A,Annual,RPI,Rent prices,IX,Index,1993,,51.612096975756,,A,Normal value,0,Units,S,"Seasonally adjusted, not calendar adjusted",1,One,2015,
DATAFLOW,OECD.ECO.MPD:DSD_AN_HOUSE_PRICES@DF_HOUSE_PRICES(1.0),Analytical house prices indicators,I,GBR,United Kingdom,A,Annual,RPI,Rent prices,IX,Index,1994,,54.3864033991502,,A,Normal value,0,Units,S,"Seasonally adjusted, not calendar adjusted",1,One,2015,
DATAFLOW,OECD.ECO.MPD:DSD_AN_HOUSE_PRICES@DF_HOUSE_PRICES(1.0),Analytical house prices indicators,I,GBR,United Kingdom,A,Annual,RPI,Rent prices,IX,Index,1995,,57.2106973256685,,A,Normal value,0,Units,S,"Seasonally adjusted, not calendar adjusted",1,One,2015,
DATAFLOW,OECD.ECO.MPD:DSD_AN_HOUSE_PRICES@DF_HOUSE_PRICES(1.0),Analytical house prices indicators,I,GBR,United Kingdom,A,Annual,RPI,Rent prices,IX,Index,1996,,59.83504123969,,A,Normal value,0,Units,S,"Seasonally adjusted, not calendar adjusted",1,One,2015,
DATAFLOW,OECD.ECO.MPD:DSD_AN_HOUSE_PRICES@DF_HOUSE_PRICES(1.0),Analytical house prices indicators,I,GBR,United Kingdom,A,Annual,RPI,Rent prices,IX,Index,1997,,61.8095476130967,,A,Normal value,0,Units,S,"Seasonally adjusted, not calendar adjusted",1,One,2015,
DATAFLOW,OECD.ECO.MPD:DSD_AN_HOUSE_PRICES@DF_HOUSE_PRICES(1.0),Analytical house prices indicators,I,GBR,United Kingdom,A,Annual,RPI,Rent prices,IX,Index,1998,,63.6590852286928,,A,Normal value,0,Units,S,"Seasonally adjusted, not calendar adjusted",1,One,2015,
DATAFLOW,OECD.ECO.MPD:DSD_AN_HOUSE_PRICES@DF_HOUSE_PRICES(1.0),Analytical house prices indicators,I,GBR,United Kingdom,A,Annual,RPI,Rent prices,IX,Index,1999,,65.5836040989752,,A,Normal value,0,Units,S,"Seasonally adjusted, not calendar adjusted",1,One,2015,
DATAFLOW,OECD.ECO.MPD:DSD_AN_HOUSE_PRICES@DF_HOUSE_PRICES(1.0),Analytical house prices indicators,I,GBR,United Kingdom,A,Annual,RPI,Rent prices,IX,Index,2000,,67.6830792301924,,A,Normal value,0,Units,S,"Seasonally adjusted, not calendar adjusted",1,One,2015,
DATAFLOW,OECD.ECO.MPD:DSD_AN_HOUSE_PRICES@DF_HOUSE_PRICES(1.0),Analytical house prices indicators,I,GBR,United Kingdom,A,Annual,RPI,Rent prices,IX,Index,2001,,69.9575106223444,,A,Normal value,0,Units,S,"Seasonally adjusted, not calendar adjusted",1,One,2015,
DATAFLOW,OECD.ECO.MPD:DSD_AN_HOUSE_PRICES@DF_HOUSE_PRICES(1.0),Analytical house prices indicators,I,GBR,United Kingdom,A,Annual,RPI,Rent prices,IX,Index,2002,,71.8070482379405,,A,Normal value,0,Units,S,"Seasonally adjusted, not calendar adjusted",1,One,2015,
DATAFLOW,OECD.ECO.MPD:DSD_AN_HOUSE_PRICES@DF_HOUSE_PRICES(1.0),Analytical house prices indicators,I,GBR,United Kingdom,A,Annual,RPI,Rent prices,IX,Index,2003,,72.856785803549,,A,Normal value,0,Units,S,"Seasonally adjusted, not calendar adjusted",1,One,2015,
DATAFLOW,OECD.ECO.MPD:DSD_AN_HOUSE_PRICES@DF_HOUSE_PRICES(1.0),Analytical house prices indicators,I,GBR,United Kingdom,A,Annual,RPI,Rent prices,IX,Index,2004,,74.4813796550862,,A,Normal value,0,Units,S,"Seasonally adjusted, not calendar adjusted",1,One,2015,
DATAFLOW,OECD.ECO.MPD:DSD_AN_HOUSE_PRICES@DF_HOUSE_PRICES(1.0),Analytical house prices indicators,I,GBR,United Kingdom,A,Annual,RPI,Rent prices,IX,Index,2005,,77.0807298175456,,A,Normal value,0,Units,S,"Seasonally adjusted, not calendar adjusted",1,One,2015,
DATAFLOW,OECD.ECO.MPD:DSD_AN_HOUSE_PRICES@DF_HOUSE_PRICES(1.0),Analytical house prices indicators,I,GBR,United Kingdom,A,Annual,RPI,Rent prices,IX,Index,2006,,79.4801299675081,,A,Normal value,0,Units,S,"Seasonally adjusted, not calendar adjusted",1,One,2015,
DATAFLOW,OECD.ECO.MPD:DSD_AN_HOUSE_PRICES@DF_HOUSE_PRICES(1.0),Analytical house prices indicators,I,GBR,United Kingdom,A,Annual,RPI,Rent prices,IX,Index,2007,,81.979505123719,,A,Normal value,0,Units,S,"Seasonally adjusted, not calendar adjusted",1,One,2015,
DATAFLOW,OECD.ECO.MPD:DSD_AN_HOUSE_PRICES@DF_HOUSE_PRICES(1.0),Analytical house prices indicators,I,GBR,United Kingdom,A,Annual,RPI,Rent prices,IX,Index,2008,,84.7288177955511,,A,Normal value,0,Units,S,"Seasonally adjusted, not calendar adjusted",1,One,2015,
DATAFLOW,OECD.ECO.MPD:DSD_AN_HOUSE_PRICES@DF_HOUSE_PRICES(1.0),Analytical house prices indicators,I,GBR,United Kingdom,A,Annual,RPI,Rent prices,IX,Index,2009,,86.3284178955261,,A,Normal value,0,Units,S,"Seasonally adjusted, not calendar adjusted",1,One,2015,
DATAFLOW,OECD.ECO.MPD:DSD_AN_HOUSE_PRICES@DF_HOUSE_PRICES(1.0),Analytical house prices indicators,I,GBR,United Kingdom,A,Annual,RPI,Rent prices,IX,Index,2010,,87.5031242189452,,A,Normal value,0,Units,S,"Seasonally adjusted, not calendar adjusted",1,One,2015,
DATAFLOW,OECD.ECO.MPD:DSD_AN_HOUSE_PRICES@DF_HOUSE_PRICES(1.0),Analytical house prices indicators,I,GBR,United Kingdom,A,Annual,RPI,Rent prices,IX,Index,2011,,89.6775806048488,,A,Normal value,0,Units,S,"Seasonally adjusted, not calendar adjusted",1,One,2015,
DATAFLOW,OECD.ECO.MPD:DSD_AN_HOUSE_PRICES@DF_HOUSE_PRICES(1.0),Analytical house prices indicators,I,GBR,United Kingdom,A,Annual,RPI,Rent prices,IX,Index,2012,,92.6768307923018,,A,Normal value,0,Units,S,"Seasonally adjusted, not calendar adjusted",1,One,2015,
DATAFLOW,OECD.ECO.MPD:DSD_AN_HOUSE_PRICES@DF_HOUSE_PRICES(1.0),Analytical house prices indicators,I,GBR,United Kingdom,A,Annual,RPI,Rent prices,IX,Index,2013,,94.9762559360159,,A,Normal value,0,Units,S,"Seasonally adjusted, not calendar adjusted",1,One,2015,
DATAFLOW,OECD.ECO.MPD:DSD_AN_HOUSE_PRICES@DF_HOUSE_PRICES(1.0),Analytical house prices indicators,I,GBR,United Kingdom,A,Annual,RPI,Rent prices,IX,Index,2014,,97.2006998250437,,A,Normal value,0,Units,S,"Seasonally adjusted, not calendar adjusted",1,One,2015,
DATAFLOW,OECD.ECO.MPD:DSD_AN_HOUSE_PRICES@DF_HOUSE_PRICES(1.0),Analytical house prices indicators,I,GBR,United Kingdom,A,Annual,RPI,Rent prices,IX,Index,2015,,100,,A,Normal value,0,Units,S,"Seasonally adjusted, not calendar adjusted",1,One,2015,
DATAFLOW,OECD.ECO.MPD:DSD_AN_HOUSE_PRICES@DF_HOUSE_PRICES(1.0),Analytical house prices indicators,I,GBR,United Kingdom,A,Annual,RPI,Rent prices,IX,Index,2016,,101.724568857785,,A,Normal value,0,Units,S,"Seasonally adjusted, not calendar adjusted",1,One,2015,
DATAFLOW,OECD.ECO.MPD:DSD_AN_HOUSE_PRICES@DF_HOUSE_PRICES(1.0),Analytical house prices indicators,I,GBR,United Kingdom,A,Annual,RPI,Rent prices,IX,Index,2017,,102.699325168708,,A,Normal value,0,Units,S,"Seasonally adjusted, not calendar adjusted",1,One,2015,
DATAFLOW,OECD.ECO.MPD:DSD_AN_HOUSE_PRICES@DF_HOUSE_PRICES(1.0),Analytical house prices indicators,I,GBR,United Kingdom,A,Annual,RPI,Rent prices,IX,Index,2018,,103.174206448388,,A,Normal value,0,Units,S,"Seasonally adjusted, not calendar adjusted",1,One,2015,
DATAFLOW,OECD.ECO.MPD:DSD_AN_HOUSE_PRICES@DF_HOUSE_PRICES(1.0),Analytical house prices indicators,I,GBR,United Kingdom,A,Annual,RPI,Rent prices,IX,Index,2019,,103.924018995251,,A,Normal value,0,Units,S,"Seasonally adjusted, not calendar adjusted",1,One,2015,
DATAFLOW,OECD.ECO.MPD:DSD_AN_HOUSE_PRICES@DF_HOUSE_PRICES(1.0),Analytical house prices indicators,I,GBR,United Kingdom,A,Annual,RPI,Rent prices,IX,Index,2020,,105.398650337415,,A,Normal value,0,Units,S,"Seasonally adjusted, not calendar adjusted",1,One,2015,
DATAFLOW,OECD.ECO.MPD:DSD_AN_HOUSE_PRICES@DF_HOUSE_PRICES(1.0),Analytical house prices indicators,I,GBR,United Kingdom,A,Annual,RPI,Rent prices,IX,Index,2021,,107.148212946763,,A,Normal value,0,Units,S,"Seasonally adjusted, not calendar adjusted",1,One,2015,
DATAFLOW,OECD.ECO.MPD:DSD_AN_HOUSE_PRICES@DF_HOUSE_PRICES(1.0),Analytical house prices indicators,I,GBR,United Kingdom,A,Annual,RPI,Rent prices,IX,Index,2022,,110.89727568108,,A,Normal value,0,Units,S,"Seasonally adjusted, not calendar adjusted",1,One,2015,
DATAFLOW,OECD.ECO.MPD:DSD_AN_HOUSE_PRICES@DF_HOUSE_PRICES(1.0),Analytical house prices indicators,I,GBR,United Kingdom,A,Annual,RPI,Rent prices,IX,Index,2023,,117.270682329417,,A,Normal value,0,Units,S,"Seasonally adjusted, not calendar adjusted",1,One,2015,
DATAFLOW,OECD.ECO.MPD:DSD_AN_HOUSE_PRICES@DF_HOUSE_PRICES(1.0),Analytical house prices indicators,I,GBR,United Kingdom,A,Annual,RPI,Rent prices,IX,Index,2024,,125.643589102724,,A,Normal value,0,Units,S,"Seasonally adjusted, not calendar adjusted",1,One,2015,
DATAFLOW,OECD.ECO.MPD:DSD_AN_HOUSE_PRICES@DF_HOUSE_PRICES(1.0),Analytical house prices indicators,I,GBR,United Kingdom,A,Annual,RPI,Rent prices,IX,Index,2025,,132.441889527404,,A,Normal value,0,Units,S,"Seasonally adjusted, not calendar adjusted",1,One,2015,
DATAFLOW,OECD.ECO.MPD:DSD_AN_HOUSE_PRICES@DF_HOUSE_PRICES(1.0),Analytical house prices indicators,I,USA,United States,A,Annual,RPI,Rent prices,IX,Index,1960,,8.68294051939824,,A,Normal value,0,Units,S,"Seasonally adjusted, not calendar adjusted",1,One,2015,
DATAFLOW,OECD.ECO.MPD:DSD_AN_HOUSE_PRICES@DF_HOUSE_PRICES(1.0),Analytical house prices indicators,I,USA,United States,A,Annual,RPI,Rent prices,IX,Index,1961,,8.76036436154611,,A,Normal value,0,Units,S,"Seasonally adjusted, not calendar adjusted",1,One,2015,
DATAFLOW,OECD.ECO.MPD:DSD_AN_HOUSE_PRICES@DF_HOUSE_PRICES(1.0),Analytical house prices indicators,I,USA,United States,A,Annual,RPI,Rent prices,IX,Index,1962,,8.85212595223988,,A,Normal value,0,Units,S,"Seasonally adjusted, not calendar adjusted",1,One,2015,
DATAFLOW,OECD.ECO.MPD:DSD_AN_HOUSE_PRICES@DF_HOUSE_PRICES(1.0),Analytical house prices indicators,I,USA,United States,A,Annual,RPI,Rent prices,IX,Index,1963,,8.96969549031627,,A,Normal value,0,Units,S,"Seasonally adjusted, not calendar adjusted",1,One,2015,
DATAFLOW,OECD.ECO.MPD:DSD_AN_HOUSE_PRICES@DF_HOUSE_PRICES(1.0),Analytical house prices indicators,I,USA,United States,A,Annual,RPI,Rent prices,IX,Index,1964,,9.11594052548448,,A,Normal value,0,Units,S,"Seasonally adjusted, not calendar adjusted",1,One,2015,
DATAFLOW,OECD.ECO.MPD:DSD_AN_HOUSE_PRICES@DF_HOUSE_PRICES(1.0),Analytical house prices indicators,I,USA,United States,A,Annual,RPI,Rent prices,IX,Index,1965,,9.28512595832612,,A,Normal value,0,Units,S,"Seasonally adjusted, not calendar adjusted",1,One,2015,
DATAFLOW,OECD.ECO.MPD:DSD_AN_HOUSE_PRICES@DF_HOUSE_PRICES(1.0),Analytical house prices indicators,I,USA,United States,A,Annual,RPI,Rent prices,IX,Index,1966,,9.56901337953497,,A,Normal value,0,Units,S,"Seasonally adjusted, not calendar adjusted",1,One,2015,
DATAFLOW,OECD.ECO.MPD:DSD_AN_HOUSE_PRICES@DF_HOUSE_PRICES(1.0),Analytical house prices indicators,I,USA,United States,A,Annual,RPI,Rent prices,IX,Index,1967,,9.89304649667236,,A,Normal value,0,Units,S,"Seasonally adjusted, not calendar adjusted",1,One,2015,
DATAFLOW,OECD.ECO.MPD:DSD_AN_HOUSE_PRICES@DF_HOUSE_PRICES(1.0),Analytical house prices indicators,I,USA,United States,A,Annual,RPI,Rent prices,IX,Index,1968,,10.3633246489779,,A,Normal value,0,Units,S,"Seasonally adjusted, not calendar adjusted",1,One,2015,
DATAFLOW,OECD.ECO.MPD:DSD_AN_HOUSE_PRICES@DF_HOUSE_PRICES(1.0),Analytical house prices indicators,I,USA,United States,A,Annual,RPI,Rent prices,IX,Index,1969,,11.2092518131862,,A,Normal value,0,Units,S,"Seasonally adjusted, not calendar adjusted",1,One,2015,
DATAFLOW,OECD.ECO.MPD:DSD_AN_HOUSE_PRICES@DF_HOUSE_PRICES(1.0),Analytical house prices indicators,I,USA,United States,A,Annual,RPI,Rent prices,IX,Index,1970,,12.224364410236,,A,Normal value,0,Units,S,"Seasonally adjusted, not calendar adjusted",1,One,2015,
DATAFLOW,OECD.ECO.MPD:DSD_AN_HOUSE_PRICES@DF_HOUSE_PRICES(1.0),Analytical house prices indicators,I,USA,United States,A,Annual,RPI,Rent prices,IX,Index,1971,,12.7376558081793,,A,Normal value,0,Units,S,"Seasonally adjusted, not calendar adjusted",1,One,2015,
DATAFLOW,OECD.ECO.MPD:DSD_AN_HOUSE_PRICES@DF_HOUSE_PRICES(1.0),Analytical house prices indicators,I,USA,United States,A,Annual,RPI,Rent prices,IX,Index,1972,,13.305430650597,,A,Normal value,0,Units,S,"Seasonally adjusted, not calendar adjusted",1,One,2015,
DATAFLOW,OECD.ECO.MPD:DSD_AN_HOUSE_PRICES@DF_HOUSE_PRICES(1.0),Analytical house prices indicators,I,USA,United States,A,Annual,RPI,Rent prices,IX,Index,1973,,13.9133511889433,,A,Normal value,0,Units,S,"Seasonally adjusted, not calendar adjusted",1,One,2015,
DATAFLOW,OECD.ECO.MPD:DSD_AN_HOUSE_PRICES@DF_HOUSE_PRICES(1.0),Analytical house prices indicators,I,USA,United States,A,Annual,RPI,Rent prices,IX,Index,1974,,15.275437300804,,A,Normal value,0,Units,S,"Seasonally adjusted, not calendar adjusted",1,One,2015,
DATAFLOW,OECD.ECO.MPD:DSD_AN_HOUSE_PRICES@DF_HOUSE_PRICES(1.0),Analytical house prices indicators,I,USA,United States,A,Annual,RPI,Rent prices,IX,Index,1975,,16.7809008981237,,A,Normal value,0,Units,S,"Seasonally adjusted, not calendar adjusted",1,One,2015,
DATAFLOW,OECD.ECO.MPD:DSD_AN_HOUSE_PRICES@DF_HOUSE_PRICES(1.0),Analytical house prices indicators,I,USA,United States,A,Annual,RPI,Rent prices,IX,Index,1976,,17.7042519044798,,A,Normal value,0,Units,S,"Seasonally adjusted, not calendar adjusted",1,One,2015,
DATAFLOW,OECD.ECO.MPD:DSD_AN_HOUSE_PRICES@DF_HOUSE_PRICES(1.0),Analytical house prices indicators,I,USA,United States,A,Annual,RPI,Rent prices,IX,Index,1977,,18.8971525834988,,A,Normal value,0,Units,S,"Seasonally adjusted, not calendar adjusted",1,One,2015,
DATAFLOW,OECD.ECO.MPD:DSD_AN_HOUSE_PRICES@DF_HOUSE_PRICES(1.0),Analytical house prices indicators,I,USA,United States,A,Annual,RPI,Rent prices,IX,Index,1978,,20.8040731401038,,A,Normal value,0,Units,S,"Seasonally adjusted, not calendar adjusted",1,One,2015,
DATAFLOW,OECD.ECO.MPD:DSD_AN_HOUSE_PRICES@DF_HOUSE_PRICES(1.0),Analytical house prices indicators,I,USA,United States,A,Annual,RPI,Rent prices,IX,Index,1979,,23.6974307966668,,A,Normal value,0,Units,S,"Seasonally adjusted, not calendar adjusted",1,One,2015,
DATAFLOW,OECD.ECO.MPD:DSD_AN_HOUSE_PRICES@DF_HOUSE_PRICES(1.0),Analytical house prices indicators,I,USA,United States,A,Annual,RPI,Rent prices,IX,Index,1980,,27.8582454246876,,A,Normal value,0,Units,S,"Seasonally adjusted, not calendar adjusted",1,One,2015,
DATAFLOW,OECD.ECO.MPD:DSD_AN_HOUSE_PRICES@DF_HOUSE_PRICES(1.0),Analytical house prices indicators,I,USA,United States,A,Annual,RPI,Rent prices,IX,Index,1981,,31.1157818943165,,A,Normal value,0,Units,S,"Seasonally adjusted, not calendar adjusted",1,One,2015,
DATAFLOW,OECD.ECO.MPD:DSD_AN_HOUSE_PRICES@DF_HOUSE_PRICES(1.0),Analytical house prices indicators,I,USA,United States,A,Annual,RPI,Rent prices,IX,Index,1982,,33.3209276206762,,A,Normal value,0,Units,S,"Seasonally adjusted, not calendar adjusted",1,One,2015,
DATAFLOW,OECD.ECO.MPD:DSD_AN_HOUSE_PRICES@DF_HOUSE_PRICES(1.0),Analytical house prices indicators,I,USA,United States,A,Annual,RPI,Rent prices,IX,Index,1983,,34.4999429422442,,A,Normal value,0,Units,S,"Seasonally adjusted, not calendar adjusted",1,One,2015,
DATAFLOW,OECD.ECO.MPD:DSD_AN_HOUSE_PRICES@DF_HOUSE_PRICES(1.0),Analytical house prices indicators,I,USA,United States,A,Annual,RPI,Rent prices,IX,Index,1984,,36.2112150430277,,A,Normal value,0,Units,S,"Seasonally adjusted, not calendar adjusted",1,One,2015,
DATAFLOW,OECD.ECO.MPD:DSD_AN_HOUSE_PRICES@DF_HOUSE_PRICES(1.0),Analytical house prices indicators,I,USA,United States,A,Annual,RPI,Rent prices,IX,Index,1985,,38.2809855119057,,A,Normal value,0,Units,S,"Seasonally adjusted, not calendar adjusted",1,One,2015,
DATAFLOW,OECD.ECO.MPD:DSD_AN_HOUSE_PRICES@DF_HOUSE_PRICES(1.0),Analytical house prices indicators,I,USA,United States,A,Annual,RPI,Rent prices,IX,Index,1986,,40.4095765658826,,A,Normal value,0,Units,S,"Seasonally adjusted, not calendar adjusted",1,One,2015,
DATAFLOW,OECD.ECO.MPD:DSD_AN_HOUSE_PRICES@DF_HOUSE_PRICES(1.0),Analytical house prices indicators,I,USA,United States,A,Annual,RPI,Rent prices,IX,Index,1987,,42.3141055316678,,A,Normal value,0,Units,S,"Seasonally adjusted, not calendar adjusted",1,One,2015,
DATAFLOW,OECD.ECO.MPD:DSD_AN_HOUSE_PRICES@DF_HOUSE_PRICES(1.0),Analytical house prices indicators,I,USA,United States,A,Annual,RPI,Rent prices,IX,Index,1988,,44.3558679354828,,A,Normal value,0,Units,S,"Seasonally adjusted, not calendar adjusted",1,One,2015,
DATAFLOW,OECD.ECO.MPD:DSD_AN_HOUSE_PRICES@DF_HOUSE_PRICES(1.0),Analytical house prices indicators,I,USA,United States,A,Annual,RPI,Rent prices,IX,Index,1989,,46.3808255002601,,A,Normal value,0,Units,S,"Seasonally adjusted, not calendar adjusted",1,One,2015,
DATAFLOW,OECD.ECO.MPD:DSD_AN_HOUSE_PRICES@DF_HOUSE_PRICES(1.0),Analytical house prices indicators,I,USA,United States,A,Annual,RPI,Rent prices,IX,Index,1990,,48.9127302588313,,A,Normal value,0,Units,S,"Seasonally adjusted, not calendar adjusted",1,One,2015,
DATAFLOW,OECD.ECO.MPD:DSD_AN_HOUSE_PRICES@DF_HOUSE_PRICES(1.0),Analytical house prices indicators,I,USA,United States,A,Annual,RPI,Rent prices,IX,Index,1991,,51.1309422563867,,A,Normal value,0,Units,S,"Seasonally adjusted, not calendar adjusted",1,One,2015,
DATAFLOW,OECD.ECO.MPD:DSD_AN_HOUSE_PRICES@DF_HOUSE_PRICES(1.0),Analytical house prices indicators,I,USA,United States,A,Annual,RPI,Rent prices,IX,Index,1992,,52.8646208091328,,A,Normal value,0,Units,S,"Seasonally adjusted, not calendar adjusted",1,One,2015,
DATAFLOW,OECD.ECO.MPD:DSD_AN_HOUSE_PRICES@DF_HOUSE_PRICES(1.0),Analytical house prices indicators,I,USA,United States,A,Annual,RPI,Rent prices,IX,Index,1993,,54.4526622881744,,A,Normal value,0,Units,S,"Seasonally adjusted, not calendar adjusted",1,One,2015,
DATAFLOW,OECD.ECO.MPD:DSD_AN_HOUSE_PRICES@DF_HOUSE_PRICES(1.0),Analytical house prices indicators,I,USA,United States,A,Annual,RPI,Rent prices,IX,Index,1994,,56.1359263238072,,A,Normal value,0,Units,S,"Seasonally adjusted, not calendar adjusted",1,One,2015,
DATAFLOW,OECD.ECO.MPD:DSD_AN_HOUSE_PRICES@DF_HOUSE_PRICES(1.0),Analytical house prices indicators,I,USA,United States,A,Annual,RPI,Rent prices,IX,Index,1995,,57.9424258457167,,A,Normal value,0,Units,S,"Seasonally adjusted, not calendar adjusted",1,One,2015,
DATAFLOW,OECD.ECO.MPD:DSD_AN_HOUSE_PRICES@DF_HOUSE_PRICES(1.0),Analytical house prices indicators,I,USA,United States,A,Annual,RPI,Rent prices,IX,Index,1996,,59.8161447237771,,A,Normal value,0,Units,S,"Seasonally adjusted, not calendar adjusted",1,One,2015,
DATAFLOW,OECD.ECO.MPD:DSD_AN_HOUSE_PRICES@DF_HOUSE_PRICES(1.0),Analytical house prices indicators,I,USA,United States,A,Annual,RPI,Rent prices,IX,Index,1997,,61.6422511073863,,A,Normal value,0,Units,S,"Seasonally adjusted, not calendar adjusted",1,One,2015,
DATAFLOW,OECD.ECO.MPD:DSD_AN_HOUSE_PRICES@DF_HOUSE_PRICES(1.0),Analytical house prices indicators,I,USA,United States,A,Annual,RPI,Rent prices,IX,Index,1998,,63.7120191439528,,A,Normal value,0,Units,S,"Seasonally adjusted, not calendar adjusted",1,One,2015,
DATAFLOW,OECD.ECO.MPD:DSD_AN_HOUSE_PRICES@DF_HOUSE_PRICES(1.0),Analytical house prices indicators,I,USA,United States,A,Annual,RPI,Rent prices,IX,Index,1999,,65.5241251434976,,A,Normal value,0,Units,S,"Seasonally adjusted, not calendar adjusted",1,One,2015,
DATAFLOW,OECD.ECO.MPD:DSD_AN_HOUSE_PRICES@DF_HOUSE_PRICES(1.0),Analytical house prices indicators,I,USA,United States,A,Annual,RPI,Rent prices,IX,Index,2000,,67.6583129458645,,A,Normal value,0,Units,S,"Seasonally adjusted, not calendar adjusted",1,One,2015,
DATAFLOW,OECD.ECO.MPD:DSD_AN_HOUSE_PRICES@DF_HOUSE_PRICES(1.0),Analytical house prices indicators,I,USA,United States,A,Annual,RPI,Rent prices,IX,Index,2001,,70.1930148624749,,A,Normal value,0,Units,S,"Seasonally adjusted, not calendar adjusted",1,One,2015,
DATAFLOW,OECD.ECO.MPD:DSD_AN_HOUSE_PRICES@DF_HOUSE_PRICES(1.0),Analytical house prices indicators,I,USA,United States,A,Annual,RPI,Rent prices,IX,Index,2002,,72.8369445843635,,A,Normal value,0,Units,S,"Seasonally adjusted, not calendar adjusted",1,One,2015,
DATAFLOW,OECD.ECO.MPD:DSD_AN_HOUSE_PRICES@DF_HOUSE_PRICES(1.0),Analytical house prices indicators,I,USA,United States,A,Annual,RPI,Rent prices,IX,Index,2003,,74.5678259790701,,A,Normal value,0,Units,S,"Seasonally adjusted, not calendar adjusted",1,One,2015,
DATAFLOW,OECD.ECO.MPD:DSD_AN_HOUSE_PRICES@DF_HOUSE_PRICES(1.0),Analytical house prices indicators,I,USA,United States,A,Annual,RPI,Rent prices,IX,Index,2004,,76.5955807018867,,A,Normal value,0,Units,S,"Seasonally adjusted, not calendar adjusted",1,One,2015,
DATAFLOW,OECD.ECO.MPD:DSD_AN_HOUSE_PRICES@DF_HOUSE_PRICES(1.0),Analytical house prices indicators,I,USA,United States,A,Annual,RPI,Rent prices,IX,Index,2005,,78.5589253881484,,A,Normal value,0,Units,S,"Seasonally adjusted, not calendar adjusted",1,One,2015,
DATAFLOW,OECD.ECO.MPD:DSD_AN_HOUSE_PRICES@DF_HOUSE_PRICES(1.0),Analytical house prices indicators,I,USA,United States,A,Annual,RPI,Rent prices,IX,Index,2006,,81.2980849635621,,A,Normal value,0,Units,S,"Seasonally adjusted, not calendar adjusted",1,One,2015,
DATAFLOW,OECD.ECO.MPD:DSD_AN_HOUSE_PRICES@DF_HOUSE_PRICES(1.0),Analytical house prices indicators,I,USA,United States,A,Annual,RPI,Rent prices,IX,Index,2007,,84.2964851460563,,A,Normal value,0,Units,S,"Seasonally adjusted, not calendar adjusted",1,One,2015,
DATAFLOW,OECD.ECO.MPD:DSD_AN_HOUSE_PRICES@DF_HOUSE_PRICES(1.0),Analytical house prices indicators,I,USA,United States,A,Annual,RPI,Rent prices,IX,Index,2008,,86.4269515120753,,A,Normal value,0,Units,S,"Seasonally adjusted, not calendar adjusted",1,One,2015,
DATAFLOW,OECD.ECO.MPD:DSD_AN_HOUSE_PRICES@DF_HOUSE_PRICES(1.0),Analytical house prices indicators,I,USA,United States,A,Annual,RPI,Rent prices,IX,Index,2009,,87.3587359334977,,A,Normal value,0,Units,S,"Seasonally adjusted, not calendar adjusted",1,One,2015,
DATAFLOW,OECD.ECO.MPD:DSD_AN_HOUSE_PRICES@DF_HOUSE_PRICES(1.0),Analytical house prices indicators,I,USA,United States,A,Annual,RPI,Rent prices,IX,Index,2010,,87.1878105781715,,A,Normal value,0,Units,S,"Seasonally adjusted, not calendar adjusted",1,One,2015,
DATAFLOW,OECD.ECO.MPD:DSD_AN_HOUSE_PRICES@DF_HOUSE_PRICES(1.0),Analytical house prices indicators,I,USA,United States,A,Annual,RPI,Rent prices,IX,Index,2011,,88.6745658011848,,A,Normal value,0,Units,S,"Seasonally adjusted, not calendar adjusted",1,One,2015,
DATAFLOW,OECD.ECO.MPD:DSD_AN_HOUSE_PRICES@DF_HOUSE_PRICES(1.0),Analytical house prices indicators,I,USA,United States,A,Annual,RPI,Rent prices,IX,Index,2012,,91.0267861540178,,A,Normal value,0,Units,S,"Seasonally adjusted, not calendar adjusted",1,One,2015,
DATAFLOW,OECD.ECO.MPD:DSD_AN_HOUSE_PRICES@DF_HOUSE_PRICES(1.0),Analytical house prices indicators,I,USA,United States,A,Annual,RPI,Rent prices,IX,Index,2013,,93.5992915398936,,A,Normal value,0,Units,S,"Seasonally adjusted, not calendar adjusted",1,One,2015,
DATAFLOW,OECD.ECO.MPD:DSD_AN_HOUSE_PRICES@DF_HOUSE_PRICES(1.0),Analytical house prices indicators,I,USA,United States,A,Annual,RPI,Rent prices,IX,Index,2014,,96.5494519824177,,A,Normal value,0,Units,S,"Seasonally adjusted, not calendar adjusted",1,One,2015,
DATAFLOW,OECD.ECO.MPD:DSD_AN_HOUSE_PRICES@DF_HOUSE_PRICES(1.0),Analytical house prices indicators,I,USA,United States,A,Annual,RPI,Rent prices,IX,Index,2015,,100,,A,Normal value,0,Units,S,"Seasonally adjusted, not calendar adjusted",1,One,2015,
DATAFLOW,OECD.ECO.MPD:DSD_AN_HOUSE_PRICES@DF_HOUSE_PRICES(1.0),Analytical house prices indicators,I,USA,United States,A,Annual,RPI,Rent prices,IX,Index,2016,,103.772815565922,,A,Normal value,0,Units,S,"Seasonally adjusted, not calendar adjusted",1,One,2015,
DATAFLOW,OECD.ECO.MPD:DSD_AN_HOUSE_PRICES@DF_HOUSE_PRICES(1.0),Analytical house prices indicators,I,USA,United States,A,Annual,RPI,Rent prices,IX,Index,2017,,107.730991159649,,A,Normal value,0,Units,S,"Seasonally adjusted, not calendar adjusted",1,One,2015,
DATAFLOW,OECD.ECO.MPD:DSD_AN_HOUSE_PRICES@DF_HOUSE_PRICES(1.0),Analytical house prices indicators,I,USA,United States,A,Annual,RPI,Rent prices,IX,Index,2018,,111.627441744116,,A,Normal value,0,Units,S,"Seasonally adjusted, not calendar adjusted",1,One,2015,
DATAFLOW,OECD.ECO.MPD:DSD_AN_HOUSE_PRICES@DF_HOUSE_PRICES(1.0),Analytical house prices indicators,I,USA,United States,A,Annual,RPI,Rent prices,IX,Index,2019,,115.76506736476,,A,Normal value,0,Units,S,"Seasonally adjusted, not calendar adjusted",1,One,2015,
DATAFLOW,OECD.ECO.MPD:DSD_AN_HOUSE_PRICES@DF_HOUSE_PRICES(1.0),Analytical house prices indicators,I,USA,United States,A,Annual,RPI,Rent prices,IX,Index,2020,,119.38146790722,,A,Normal value,0,Units,S,"Seasonally adjusted, not calendar adjusted",1,One,2015,
DATAFLOW,OECD.ECO.MPD:DSD_AN_HOUSE_PRICES@DF_HOUSE_PRICES(1.0),Analytical house prices indicators,I,USA,United States,A,Annual,RPI,Rent prices,IX,Index,2021,,122.061918309288,,A,Normal value,0,Units,S,"Seasonally adjusted, not calendar adjusted",1,One,2015,
DATAFLOW,OECD.ECO.MPD:DSD_AN_HOUSE_PRICES@DF_HOUSE_PRICES(1.0),Analytical house prices indicators,I,USA,United States,A,Annual,RPI,Rent prices,IX,Index,2022,,129.426369413955,,A,Normal value,0,Units,S,"Seasonally adjusted, not calendar adjusted",1,One,2015,
DATAFLOW,OECD.ECO.MPD:DSD_AN_HOUSE_PRICES@DF_HOUSE_PRICES(1.0),Analytical house prices indicators,I,USA,United States,A,Annual,RPI,Rent prices,IX,Index,2023,,139.720295958044,,A,Normal value,0,Units,S,"Seasonally adjusted, not calendar adjusted",1,One,2015,
DATAFLOW,OECD.ECO.MPD:DSD_AN_HOUSE_PRICES@DF_HOUSE_PRICES(1.0),Analytical house prices indicators,I,USA,United States,A,Annual,RPI,Rent prices,IX,Index,2024,,146.858322029118,,A,Normal value,0,Units,S,"Seasonally adjusted, not calendar adjusted",1,One,2015,
DATAFLOW,OECD.ECO.MPD:DSD_AN_HOUSE_PRICES@DF_HOUSE_PRICES(1.0),Analytical house prices indicators,I,EA,Euro area,A,Annual,RPI,Rent prices,IX,Index,1996,,71.6596608334229,,A,Normal value,0,Units,S,"Seasonally adjusted, not calendar adjusted",1,One,2015,
DATAFLOW,OECD.ECO.MPD:DSD_AN_HOUSE_PRICES@DF_HOUSE_PRICES(1.0),Analytical house prices indicators,I,EA,Euro area,A,Annual,RPI,Rent prices,IX,Index,1997,,73.7688399999999,,A,Normal value,0,Units,S,"Seasonally adjusted, not calendar adjusted",1,One,2015,
DATAFLOW,OECD.ECO.MPD:DSD_AN_HOUSE_PRICES@DF_HOUSE_PRICES(1.0),Analytical house prices indicators,I,EA,Euro area,A,Annual,RPI,Rent prices,IX,Index,1998,,75.3715508333333,,A,Normal value,0,Units,S,"Seasonally adjusted, not calendar adjusted",1,One,2015,
DATAFLOW,OECD.ECO.MPD:DSD_AN_HOUSE_PRICES@DF_HOUSE_PRICES(1.0),Analytical house prices indicators,I,EA,Euro area,A,Annual,RPI,Rent prices,IX,Index,1999,,76.6918724999999,,A,Normal value,0,Units,S,"Seasonally adjusted, not calendar adjusted",1,One,2015,
DATAFLOW,OECD.ECO.MPD:DSD_AN_HOUSE_PRICES@DF_HOUSE_PRICES(1.0),Analytical house prices indicators,I,EA,Euro area,A,Annual,RPI,Rent prices,IX,Index,2000,,77.7041666666665,,A,Normal value,0,Units,S,"Seasonally adjusted, not calendar adjusted",1,One,2015,
DATAFLOW,OECD.ECO.MPD:DSD_AN_HOUSE_PRICES@DF_HOUSE_PRICES(1.0),Analytical house prices indicators,I,EA,Euro area,A,Annual,RPI,Rent prices,IX,Index,2001,,78.8299999999999,,A,Normal value,0,Units,S,"Seasonally adjusted, not calendar adjusted",1,One,2015,
DATAFLOW,OECD.ECO.MPD:DSD_AN_HOUSE_PRICES@DF_HOUSE_PRICES(1.0),Analytical house prices indicators,I,EA,Euro area,A,Annual,RPI,Rent prices,IX,Index,2002,,80.445,,A,Normal value,0,Units,S,"Seasonally adjusted, not calendar adjusted",1,One,2015,
DATAFLOW,OECD.ECO.MPD:DSD_AN_HOUSE_PRICES@DF_HOUSE_PRICES(1.0),Analytical house prices indicators,I,EA,Euro area,A,Annual,RPI,Rent prices,IX,Index,2003,,82.0524999999999,,A,Normal value,0,Units,S,"Seasonally adjusted, not calendar adjusted",1,One,2015,
DATAFLOW,OECD.ECO.MPD:DSD_AN_HOUSE_PRICES@DF_HOUSE_PRICES(1.0),Analytical house prices indicators,I,EA,Euro area,A,Annual,RPI,Rent prices,IX,Index,2004,,83.6149999999999,,A,Normal value,0,Units,S,"Seasonally adjusted, not calendar adjusted",1,One,2015,
DATAFLOW,OECD.ECO.MPD:DSD_AN_HOUSE_PRICES@DF_HOUSE_PRICES(1.0),Analytical house prices indicators,I,EA,Euro area,A,Annual,RPI,Rent prices,IX,Index,2005,,85.3283333333332,,A,Normal value,0,Units,S,"Seasonally adjusted, not calendar adjusted",1,One,2015,
DATAFLOW,OECD.ECO.MPD:DSD_AN_HOUSE_PRICES@DF_HOUSE_PRICES(1.0),Analytical house prices indicators,I,EA,Euro area,A,Annual,RPI,Rent prices,IX,Index,2006,,87.1199999999999,,A,Normal value,0,Units,S,"Seasonally adjusted, not calendar adjusted",1,One,2015,
DATAFLOW,OECD.ECO.MPD:DSD_AN_HOUSE_PRICES@DF_HOUSE_PRICES(1.0),Analytical house prices indicators,I,EA,Euro area,A,Annual,RPI,Rent prices,IX,Index,2007,,88.8741666666666,,A,Normal value,0,Units,S,"Seasonally adjusted, not calendar adjusted",1,One,2015,
DATAFLOW,OECD.ECO.MPD:DSD_AN_HOUSE_PRICES@DF_HOUSE_PRICES(1.0),Analytical house prices indicators,I,EA,Euro area,A,Annual,RPI,Rent prices,IX,Index,2008,,90.5533333333332,,A,Normal value,0,Units,S,"Seasonally adjusted, not calendar adjusted",1,One,2015,
DATAFLOW,OECD.ECO.MPD:DSD_AN_HOUSE_PRICES@DF_HOUSE_PRICES(1.0),Analytical house prices indicators,I,EA,Euro area,A,Annual,RPI,Rent prices,IX,Index,2009,,92.1183333333332,,A,Normal value,0,Units,S,"Seasonally adjusted, not calendar adjusted",1,One,2015,
DATAFLOW,OECD.ECO.MPD:DSD_AN_HOUSE_PRICES@DF_HOUSE_PRICES(1.0),Analytical house prices indicators,I,EA,Euro area,A,Annual,RPI,Rent prices,IX,Index,2010,,93.4824999999999,,A,Normal value,0,Units,S,"Seasonally adjusted, not calendar adjusted",1,One,2015,
DATAFLOW,OECD.ECO.MPD:DSD_AN_HOUSE_PRICES@DF_HOUSE_PRICES(1.0),Analytical house prices indicators,I,EA,Euro area,A,Annual,RPI,Rent prices,IX,Index,2011,,94.7616666666665,,A,Normal value,0,Units,S,"Seasonally adjusted, not calendar adjusted",1,One,2015,
DATAFLOW,OECD.ECO.MPD:DSD_AN_HOUSE_PRICES@DF_HOUSE_PRICES(1.0),Analytical house prices indicators,I,EA,Euro area,A,Annual,RPI,Rent prices,IX,Index,2012,,96.1474999999999,,A,Normal value,0,Units,S,"Seasonally adjusted, not calendar adjusted",1,One,2015,
DATAFLOW,OECD.ECO.MPD:DSD_AN_HOUSE_PRICES@DF_HOUSE_PRICES(1.0),Analytical house prices indicators,I,EA,Euro area,A,Annual,RPI,Rent prices,IX,Index,2013,,97.5324999999999,,A,Normal value,0,Units,S,"Seasonally adjusted, not calendar adjusted",1,One,2015,
DATAFLOW,OECD.ECO.MPD:DSD_AN_HOUSE_PRICES@DF_HOUSE_PRICES(1.0),Analytical house prices indicators,I,EA,Euro area,A,Annual,RPI,Rent prices,IX,Index,2014,,98.8849999999999,,A,Normal value,0,Units,S,"Seasonally adjusted, not calendar adjusted",1,One,2015,
DATAFLOW,OECD.ECO.MPD:DSD_AN_HOUSE_PRICES@DF_HOUSE_PRICES(1.0),Analytical house prices indicators,I,EA,Euro area,A,Annual,RPI,Rent prices,IX,Index,2015,,100,,A,Normal value,0,Units,S,"Seasonally adjusted, not calendar adjusted",1,One,2015,
DATAFLOW,OECD.ECO.MPD:DSD_AN_HOUSE_PRICES@DF_HOUSE_PRICES(1.0),Analytical house prices indicators,I,EA,Euro area,A,Annual,RPI,Rent prices,IX,Index,2016,,101.061666666667,,A,Normal value,0,Units,S,"Seasonally adjusted, not calendar adjusted",1,One,2015,
DATAFLOW,OECD.ECO.MPD:DSD_AN_HOUSE_PRICES@DF_HOUSE_PRICES(1.0),Analytical house prices indicators,I,EA,Euro area,A,Annual,RPI,Rent prices,IX,Index,2017,,102.3025,,A,Normal value,0,Units,S,"Seasonally adjusted, not calendar adjusted",1,One,2015,
DATAFLOW,OECD.ECO.MPD:DSD_AN_HOUSE_PRICES@DF_HOUSE_PRICES(1.0),Analytical house prices indicators,I,EA,Euro area,A,Annual,RPI,Rent prices,IX,Index,2018,,103.5075,,A,Normal value,0,Units,S,"Seasonally adjusted, not calendar adjusted",1,One,2015,
DATAFLOW,OECD.ECO.MPD:DSD_AN_HOUSE_PRICES@DF_HOUSE_PRICES(1.0),Analytical house prices indicators,I,EA,Euro area,A,Annual,RPI,Rent prices,IX,Index,2019,,104.900833333333,,A,Normal value,0,Units,S,"Seasonally adjusted, not calendar adjusted",1,One,2015,
DATAFLOW,OECD.ECO.MPD:DSD_AN_HOUSE_PRICES@DF_HOUSE_PRICES(1.0),Analytical house prices indicators,I,EA,Euro area,A,Annual,RPI,Rent prices,IX,Index,2020,,106.245,,A,Normal value,0,Units,S,"Seasonally adjusted, not calendar adjusted",1,One,2015,
DATAFLOW,OECD.ECO.MPD:DSD_AN_HOUSE_PRICES@DF_HOUSE_PRICES(1.0),Analytical house prices indicators,I,EA,Euro area,A,Annual,RPI,Rent prices,IX,Index,2021,,107.505833333333,,A,Normal value,0,Units,S,"Seasonally adjusted, not calendar adjusted",1,One,2015,
DATAFLOW,OECD.ECO.MPD:DSD_AN_HOUSE_PRICES@DF_HOUSE_PRICES(1.0),Analytical house prices indicators,I,EA,Euro area,A,Annual,RPI,Rent prices,IX,Index,2022,,109.2875,,A,Normal value,0,Units,S,"Seasonally adjusted, not calendar adjusted",1,One,2015,
DATAFLOW,OECD.ECO.MPD:DSD_AN_HOUSE_PRICES@DF_HOUSE_PRICES(1.0),Analytical house prices indicators,I,EA,Euro area,A,Annual,RPI,Rent prices,IX,Index,2023,,112.2,,A,Normal value,0,Units,S,"Seasonally adjusted, not calendar adjusted",1,One,2015,
DATAFLOW,OECD.ECO.MPD:DSD_AN_HOUSE_PRICES@DF_HOUSE_PRICES(1.0),Analytical house prices indicators,I,EA,Euro area,A,Annual,RPI,Rent prices,IX,Index,2024,,115.458333333333,,A,Normal value,0,Units,S,"Seasonally adjusted, not calendar adjusted",1,One,2015,
DATAFLOW,OECD.ECO.MPD:DSD_AN_HOUSE_PRICES@DF_HOUSE_PRICES(1.0),Analytical house prices indicators,I,EA,Euro area,A,Annual,RPI,Rent prices,IX,Index,2025,,118.850833333229,,A,Normal value,0,Units,S,"Seasonally adjusted, not calendar adjusted",1,One,2015,
DATAFLOW,OECD.ECO.MPD:DSD_AN_HOUSE_PRICES@DF_HOUSE_PRICES(1.0),Analytical house prices indicators,I,EA17,Euro area (17 countries),A,Annual,RPI,Rent prices,IX,Index,1966,,8.33913765903594,,A,Normal value,0,Units,S,"Seasonally adjusted, not calendar adjusted",1,One,2015,
DATAFLOW,OECD.ECO.MPD:DSD_AN_HOUSE_PRICES@DF_HOUSE_PRICES(1.0),Analytical house prices indicators,I,EA17,Euro area (17 countries),A,Annual,RPI,Rent prices,IX,Index,1967,,8.83887419695891,,A,Normal value,0,Units,S,"Seasonally adjusted, not calendar adjusted",1,One,2015,
DATAFLOW,OECD.ECO.MPD:DSD_AN_HOUSE_PRICES@DF_HOUSE_PRICES(1.0),Analytical house prices indicators,I,EA17,Euro area (17 countries),A,Annual,RPI,Rent prices,IX,Index,1968,,9.41424609270651,,A,Normal value,0,Units,S,"Seasonally adjusted, not calendar adjusted",1,One,2015,
DATAFLOW,OECD.ECO.MPD:DSD_AN_HOUSE_PRICES@DF_HOUSE_PRICES(1.0),Analytical house prices indicators,I,EA17,Euro area (17 countries),A,Annual,RPI,Rent prices,IX,Index,1969,,9.91923865433127,,A,Normal value,0,Units,S,"Seasonally adjusted, not calendar adjusted",1,One,2015,
DATAFLOW,OECD.ECO.MPD:DSD_AN_HOUSE_PRICES@DF_HOUSE_PRICES(1.0),Analytical house prices indicators,I,EA17,Euro area (17 countries),A,Annual,RPI,Rent prices,IX,Index,1970,,10.4073524395379,,A,Normal value,0,Units,S,"Seasonally adjusted, not calendar adjusted",1,One,2015,
DATAFLOW,OECD.ECO.MPD:DSD_AN_HOUSE_PRICES@DF_HOUSE_PRICES(1.0),Analytical house prices indicators,I,EA17,Euro area (17 countries),A,Annual,RPI,Rent prices,IX,Index,1971,,11.0480774981755,,A,Normal value,0,Units,S,"Seasonally adjusted, not calendar adjusted",1,One,2015,
DATAFLOW,OECD.ECO.MPD:DSD_AN_HOUSE_PRICES@DF_HOUSE_PRICES(1.0),Analytical house prices indicators,I,EA17,Euro area (17 countries),A,Annual,RPI,Rent prices,IX,Index,1972,,11.7071337829568,,A,Normal value,0,Units,S,"Seasonally adjusted, not calendar adjusted",1,One,2015,
DATAFLOW,OECD.ECO.MPD:DSD_AN_HOUSE_PRICES@DF_HOUSE_PRICES(1.0),Analytical house prices indicators,I,EA17,Euro area (17 countries),A,Annual,RPI,Rent prices,IX,Index,1973,,12.6238891448522,,A,Normal value,0,Units,S,"Seasonally adjusted, not calendar adjusted",1,One,2015,
DATAFLOW,OECD.ECO.MPD:DSD_AN_HOUSE_PRICES@DF_HOUSE_PRICES(1.0),Analytical house prices indicators,I,EA17,Euro area (17 countries),A,Annual,RPI,Rent prices,IX,Index,1974,,13.6217629367221,,A,Normal value,0,Units,S,"Seasonally adjusted, not calendar adjusted",1,One,2015,
DATAFLOW,OECD.ECO.MPD:DSD_AN_HOUSE_PRICES@DF_HOUSE_PRICES(1.0),Analytical house prices indicators,I,EA17,Euro area (17 countries),A,Annual,RPI,Rent prices,IX,Index,1975,,15.0121054938929,,A,Normal value,0,Units,S,"Seasonally adjusted, not calendar adjusted",1,One,2015,
DATAFLOW,OECD.ECO.MPD:DSD_AN_HOUSE_PRICES@DF_HOUSE_PRICES(1.0),Analytical house prices indicators,I,EA17,Euro area (17 countries),A,Annual,RPI,Rent prices,IX,Index,1976,,16.5265895939348,,A,Normal value,0,Units,S,"Seasonally adjusted, not calendar adjusted",1,One,2015,
DATAFLOW,OECD.ECO.MPD:DSD_AN_HOUSE_PRICES@DF_HOUSE_PRICES(1.0),Analytical house prices indicators,I,EA17,Euro area (17 countries),A,Annual,RPI,Rent prices,IX,Index,1977,,17.7053400248315,,A,Normal value,0,Units,S,"Seasonally adjusted, not calendar adjusted",1,One,2015,
DATAFLOW,OECD.ECO.MPD:DSD_AN_HOUSE_PRICES@DF_HOUSE_PRICES(1.0),Analytical house prices indicators,I,EA17,Euro area (17 countries),A,Annual,RPI,Rent prices,IX,Index,1978,,18.8431211162866,,A,Normal value,0,Units,S,"Seasonally adjusted, not calendar adjusted",1,One,2015,
DATAFLOW,OECD.ECO.MPD:DSD_AN_HOUSE_PRICES@DF_HOUSE_PRICES(1.0),Analytical house prices indicators,I,EA17,Euro area (17 countries),A,Annual,RPI,Rent prices,IX,Index,1979,,21.0445426499036,,A,Normal value,0,Units,S,"Seasonally adjusted, not calendar adjusted",1,One,2015,
DATAFLOW,OECD.ECO.MPD:DSD_AN_HOUSE_PRICES@DF_HOUSE_PRICES(1.0),Analytical house prices indicators,I,EA17,Euro area (17 countries),A,Annual,RPI,Rent prices,IX,Index,1980,,23.3785197232917,,A,Normal value,0,Units,S,"Seasonally adjusted, not calendar adjusted",1,One,2015,
DATAFLOW,OECD.ECO.MPD:DSD_AN_HOUSE_PRICES@DF_HOUSE_PRICES(1.0),Analytical house prices indicators,I,EA17,Euro area (17 countries),A,Annual,RPI,Rent prices,IX,Index,1981,,25.8107529762715,,A,Normal value,0,Units,S,"Seasonally adjusted, not calendar adjusted",1,One,2015,
DATAFLOW,OECD.ECO.MPD:DSD_AN_HOUSE_PRICES@DF_HOUSE_PRICES(1.0),Analytical house prices indicators,I,EA17,Euro area (17 countries),A,Annual,RPI,Rent prices,IX,Index,1982,,28.4050384368082,,A,Normal value,0,Units,S,"Seasonally adjusted, not calendar adjusted",1,One,2015,
DATAFLOW,OECD.ECO.MPD:DSD_AN_HOUSE_PRICES@DF_HOUSE_PRICES(1.0),Analytical house prices indicators,I,EA17,Euro area (17 countries),A,Annual,RPI,Rent prices,IX,Index,1983,,31.1688916676495,,A,Normal value,0,Units,S,"Seasonally adjusted, not calendar adjusted",1,One,2015,
DATAFLOW,OECD.ECO.MPD:DSD_AN_HOUSE_PRICES@DF_HOUSE_PRICES(1.0),Analytical house prices indicators,I,EA17,Euro area (17 countries),A,Annual,RPI,Rent prices,IX,Index,1984,,34.1238564340206,,A,Normal value,0,Units,S,"Seasonally adjusted, not calendar adjusted",1,One,2015,
DATAFLOW,OECD.ECO.MPD:DSD_AN_HOUSE_PRICES@DF_HOUSE_PRICES(1.0),Analytical house prices indicators,I,EA17,Euro area (17 countries),A,Annual,RPI,Rent prices,IX,Index,1985,,35.9185029476392,,A,Normal value,0,Units,S,"Seasonally adjusted, not calendar adjusted",1,One,2015,
DATAFLOW,OECD.ECO.MPD:DSD_AN_HOUSE_PRICES@DF_HOUSE_PRICES(1.0),Analytical house prices indicators,I,EA17,Euro area (17 countries),A,Annual,RPI,Rent prices,IX,Index,1986,,37.8217380287814,,A,Normal value,0,Units,S,"Seasonally adjusted, not calendar adjusted",1,One,2015,
DATAFLOW,OECD.ECO.MPD:DSD_AN_HOUSE_PRICES@DF_HOUSE_PRICES(1.0),Analytical house prices indicators,I,EA17,Euro area (17 countries),A,Annual,RPI,Rent prices,IX,Index,1987,,39.4323065283245,,A,Normal value,0,Units,S,"Seasonally adjusted, not calendar adjusted",1,One,2015,
DATAFLOW,OECD.ECO.MPD:DSD_AN_HOUSE_PRICES@DF_HOUSE_PRICES(1.0),Analytical house prices indicators,I,EA17,Euro area (17 countries),A,Annual,RPI,Rent prices,IX,Index,1988,,41.1809032773541,,A,Normal value,0,Units,S,"Seasonally adjusted, not calendar adjusted",1,One,2015,
DATAFLOW,OECD.ECO.MPD:DSD_AN_HOUSE_PRICES@DF_HOUSE_PRICES(1.0),Analytical house prices indicators,I,EA17,Euro area (17 countries),A,Annual,RPI,Rent prices,IX,Index,1989,,43.4274772454233,,A,Normal value,0,Units,S,"Seasonally adjusted, not calendar adjusted",1,One,2015,
DATAFLOW,OECD.ECO.MPD:DSD_AN_HOUSE_PRICES@DF_HOUSE_PRICES(1.0),Analytical house prices indicators,I,EA17,Euro area (17 countries),A,Annual,RPI,Rent prices,IX,Index,1990,,45.9502228600929,,A,Normal value,0,Units,S,"Seasonally adjusted, not calendar adjusted",1,One,2015,
DATAFLOW,OECD.ECO.MPD:DSD_AN_HOUSE_PRICES@DF_HOUSE_PRICES(1.0),Analytical house prices indicators,I,EA17,Euro area (17 countries),A,Annual,RPI,Rent prices,IX,Index,1991,,49.1124759999563,,A,Normal value,0,Units,S,"Seasonally adjusted, not calendar adjusted",1,One,2015,
DATAFLOW,OECD.ECO.MPD:DSD_AN_HOUSE_PRICES@DF_HOUSE_PRICES(1.0),Analytical house prices indicators,I,EA17,Euro area (17 countries),A,Annual,RPI,Rent prices,IX,Index,1992,,53.0107171748196,,A,Normal value,0,Units,S,"Seasonally adjusted, not calendar adjusted",1,One,2015,
DATAFLOW,OECD.ECO.MPD:DSD_AN_HOUSE_PRICES@DF_HOUSE_PRICES(1.0),Analytical house prices indicators,I,EA17,Euro area (17 countries),A,Annual,RPI,Rent prices,IX,Index,1993,,57.043783302293,,A,Normal value,0,Units,S,"Seasonally adjusted, not calendar adjusted",1,One,2015,
DATAFLOW,OECD.ECO.MPD:DSD_AN_HOUSE_PRICES@DF_HOUSE_PRICES(1.0),Analytical house prices indicators,I,EA17,Euro area (17 countries),A,Annual,RPI,Rent prices,IX,Index,1994,,60.072878986032,,A,Normal value,0,Units,S,"Seasonally adjusted, not calendar adjusted",1,One,2015,
DATAFLOW,OECD.ECO.MPD:DSD_AN_HOUSE_PRICES@DF_HOUSE_PRICES(1.0),Analytical house prices indicators,I,EA17,Euro area (17 countries),A,Annual,RPI,Rent prices,IX,Index,1995,,62.8749117997022,,A,Normal value,0,Units,S,"Seasonally adjusted, not calendar adjusted",1,One,2015,
DATAFLOW,OECD.ECO.MPD:DSD_AN_HOUSE_PRICES@DF_HOUSE_PRICES(1.0),Analytical house prices indicators,I,EA17,Euro area (17 countries),A,Annual,RPI,Rent prices,IX,Index,1996,,65.7312622618793,,A,Normal value,0,Units,S,"Seasonally adjusted, not calendar adjusted",1,One,2015,
DATAFLOW,OECD.ECO.MPD:DSD_AN_HOUSE_PRICES@DF_HOUSE_PRICES(1.0),Analytical house prices indicators,I,EA17,Euro area (17 countries),A,Annual,RPI,Rent prices,IX,Index,1997,,68.2945827287474,,A,Normal value,0,Units,S,"Seasonally adjusted, not calendar adjusted",1,One,2015,
DATAFLOW,OECD.ECO.MPD:DSD_AN_HOUSE_PRICES@DF_HOUSE_PRICES(1.0),Analytical house prices indicators,I,EA17,Euro area (17 countries),A,Annual,RPI,Rent prices,IX,Index,1998,,70.5761837178066,,A,Normal value,0,Units,S,"Seasonally adjusted, not calendar adjusted",1,One,2015,
DATAFLOW,OECD.ECO.MPD:DSD_AN_HOUSE_PRICES@DF_HOUSE_PRICES(1.0),Analytical house prices indicators,I,EA17,Euro area (17 countries),A,Annual,RPI,Rent prices,IX,Index,1999,,72.231636280382,,A,Normal value,0,Units,S,"Seasonally adjusted, not calendar adjusted",1,One,2015,
DATAFLOW,OECD.ECO.MPD:DSD_AN_HOUSE_PRICES@DF_HOUSE_PRICES(1.0),Analytical house prices indicators,I,EA17,Euro area (17 countries),A,Annual,RPI,Rent prices,IX,Index,2000,,73.6856424267102,,A,Normal value,0,Units,S,"Seasonally adjusted, not calendar adjusted",1,One,2015,
DATAFLOW,OECD.ECO.MPD:DSD_AN_HOUSE_PRICES@DF_HOUSE_PRICES(1.0),Analytical house prices indicators,I,EA17,Euro area (17 countries),A,Annual,RPI,Rent prices,IX,Index,2001,,75.3333227565614,,A,Normal value,0,Units,S,"Seasonally adjusted, not calendar adjusted",1,One,2015,
DATAFLOW,OECD.ECO.MPD:DSD_AN_HOUSE_PRICES@DF_HOUSE_PRICES(1.0),Analytical house prices indicators,I,EA17,Euro area (17 countries),A,Annual,RPI,Rent prices,IX,Index,2002,,77.2277719899712,,A,Normal value,0,Units,S,"Seasonally adjusted, not calendar adjusted",1,One,2015,
DATAFLOW,OECD.ECO.MPD:DSD_AN_HOUSE_PRICES@DF_HOUSE_PRICES(1.0),Analytical house prices indicators,I,EA17,Euro area (17 countries),A,Annual,RPI,Rent prices,IX,Index,2003,,79.3528442509018,,A,Normal value,0,Units,S,"Seasonally adjusted, not calendar adjusted",1,One,2015,
DATAFLOW,OECD.ECO.MPD:DSD_AN_HOUSE_PRICES@DF_HOUSE_PRICES(1.0),Analytical house prices indicators,I,EA17,Euro area (17 countries),A,Annual,RPI,Rent prices,IX,Index,2004,,81.4340276066206,,A,Normal value,0,Units,S,"Seasonally adjusted, not calendar adjusted",1,One,2015,
DATAFLOW,OECD.ECO.MPD:DSD_AN_HOUSE_PRICES@DF_HOUSE_PRICES(1.0),Analytical house prices indicators,I,EA17,Euro area (17 countries),A,Annual,RPI,Rent prices,IX,Index,2005,,83.5834917429072,,A,Normal value,0,Units,S,"Seasonally adjusted, not calendar adjusted",1,One,2015,
DATAFLOW,OECD.ECO.MPD:DSD_AN_HOUSE_PRICES@DF_HOUSE_PRICES(1.0),Analytical house prices indicators,I,EA17,Euro area (17 countries),A,Annual,RPI,Rent prices,IX,Index,2006,,85.927294993627,,A,Normal value,0,Units,S,"Seasonally adjusted, not calendar adjusted",1,One,2015,
DATAFLOW,OECD.ECO.MPD:DSD_AN_HOUSE_PRICES@DF_HOUSE_PRICES(1.0),Analytical house prices indicators,I,EA17,Euro area (17 countries),A,Annual,RPI,Rent prices,IX,Index,2007,,88.3510129008304,,A,Normal value,0,Units,S,"Seasonally adjusted, not calendar adjusted",1,One,2015,
DATAFLOW,OECD.ECO.MPD:DSD_AN_HOUSE_PRICES@DF_HOUSE_PRICES(1.0),Analytical house prices indicators,I,EA17,Euro area (17 countries),A,Annual,RPI,Rent prices,IX,Index,2008,,90.6249648808609,,A,Normal value,0,Units,S,"Seasonally adjusted, not calendar adjusted",1,One,2015,
DATAFLOW,OECD.ECO.MPD:DSD_AN_HOUSE_PRICES@DF_HOUSE_PRICES(1.0),Analytical house prices indicators,I,EA17,Euro area (17 countries),A,Annual,RPI,Rent prices,IX,Index,2009,,92.3238433750508,,A,Normal value,0,Units,S,"Seasonally adjusted, not calendar adjusted",1,One,2015,
DATAFLOW,OECD.ECO.MPD:DSD_AN_HOUSE_PRICES@DF_HOUSE_PRICES(1.0),Analytical house prices indicators,I,EA17,Euro area (17 countries),A,Annual,RPI,Rent prices,IX,Index,2010,,93.5453602342576,,A,Normal value,0,Units,S,"Seasonally adjusted, not calendar adjusted",1,One,2015,
DATAFLOW,OECD.ECO.MPD:DSD_AN_HOUSE_PRICES@DF_HOUSE_PRICES(1.0),Analytical house prices indicators,I,EA17,Euro area (17 countries),A,Annual,RPI,Rent prices,IX,Index,2011,,94.8720006485295,,A,Normal value,0,Units,S,"Seasonally adjusted, not calendar adjusted",1,One,2015,
DATAFLOW,OECD.ECO.MPD:DSD_AN_HOUSE_PRICES@DF_HOUSE_PRICES(1.0),Analytical house prices indicators,I,EA17,Euro area (17 countries),A,Annual,RPI,Rent prices,IX,Index,2012,,96.4241695516504,,A,Normal value,0,Units,S,"Seasonally adjusted, not calendar adjusted",1,One,2015,
DATAFLOW,OECD.ECO.MPD:DSD_AN_HOUSE_PRICES@DF_HOUSE_PRICES(1.0),Analytical house prices indicators,I,EA17,Euro area (17 countries),A,Annual,RPI,Rent prices,IX,Index,2013,,97.7517858634201,,A,Normal value,0,Units,S,"Seasonally adjusted, not calendar adjusted",1,One,2015,
DATAFLOW,OECD.ECO.MPD:DSD_AN_HOUSE_PRICES@DF_HOUSE_PRICES(1.0),Analytical house prices indicators,I,EA17,Euro area (17 countries),A,Annual,RPI,Rent prices,IX,Index,2014,,98.9264252036114,,A,Normal value,0,Units,S,"Seasonally adjusted, not calendar adjusted",1,One,2015,
DATAFLOW,OECD.ECO.MPD:DSD_AN_HOUSE_PRICES@DF_HOUSE_PRICES(1.0),Analytical house prices indicators,I,EA17,Euro area (17 countries),A,Annual,RPI,Rent prices,IX,Index,2015,,100,,A,Normal value,0,Units,S,"Seasonally adjusted, not calendar adjusted",1,One,2015,
DATAFLOW,OECD.ECO.MPD:DSD_AN_HOUSE_PRICES@DF_HOUSE_PRICES(1.0),Analytical house prices indicators,I,EA17,Euro area (17 countries),A,Annual,RPI,Rent prices,IX,Index,2016,,100.986370748025,,A,Normal value,0,Units,S,"Seasonally adjusted, not calendar adjusted",1,One,2015,
DATAFLOW,OECD.ECO.MPD:DSD_AN_HOUSE_PRICES@DF_HOUSE_PRICES(1.0),Analytical house prices indicators,I,EA17,Euro area (17 countries),A,Annual,RPI,Rent prices,IX,Index,2017,,102.001925855315,,A,Normal value,0,Units,S,"Seasonally adjusted, not calendar adjusted",1,One,2015,
DATAFLOW,OECD.ECO.MPD:DSD_AN_HOUSE_PRICES@DF_HOUSE_PRICES(1.0),Analytical house prices indicators,I,EA17,Euro area (17 countries),A,Annual,RPI,Rent prices,IX,Index,2018,,103.156591214172,,A,Normal value,0,Units,S,"Seasonally adjusted, not calendar adjusted",1,One,2015,
DATAFLOW,OECD.ECO.MPD:DSD_AN_HOUSE_PRICES@DF_HOUSE_PRICES(1.0),Analytical house prices indicators,I,EA17,Euro area (17 countries),A,Annual,RPI,Rent prices,IX,Index,2019,,104.55412338079,,A,Normal value,0,Units,S,"Seasonally adjusted, not calendar adjusted",1,One,2015,
DATAFLOW,OECD.ECO.MPD:DSD_AN_HOUSE_PRICES@DF_HOUSE_PRICES(1.0),Analytical house prices indicators,I,EA17,Euro area (17 countries),A,Annual,RPI,Rent prices,IX,Index,2020,,105.73121904837,,A,Normal value,0,Units,S,"Seasonally adjusted, not calendar adjusted",1,One,2015,
DATAFLOW,OECD.ECO.MPD:DSD_AN_HOUSE_PRICES@DF_HOUSE_PRICES(1.0),Analytical house prices indicators,I,EA17,Euro area (17 countries),A,Annual,RPI,Rent prices,IX,Index,2021,,106.886924710669,,A,Normal value,0,Units,S,"Seasonally adjusted, not calendar adjusted",1,One,2015,
DATAFLOW,OECD.ECO.MPD:DSD_AN_HOUSE_PRICES@DF_HOUSE_PRICES(1.0),Analytical house prices indicators,I,EA17,Euro area (17 countries),A,Annual,RPI,Rent prices,IX,Index,2022,,108.986800692124,,A,Normal value,0,Units,S,"Seasonally adjusted, not calendar adjusted",1,One,2015,
DATAFLOW,OECD.ECO.MPD:DSD_AN_HOUSE_PRICES@DF_HOUSE_PRICES(1.0),Analytical house prices indicators,I,EA17,Euro area (17 countries),A,Annual,RPI,Rent prices,IX,Index,2023,,112.156274276973,,A,Normal value,0,Units,S,"Seasonally adjusted, not calendar adjusted",1,One,2015,
DATAFLOW,OECD.ECO.MPD:DSD_AN_HOUSE_PRICES@DF_HOUSE_PRICES(1.0),Analytical house prices indicators,I,EA17,Euro area (17 countries),A,Annual,RPI,Rent prices,IX,Index,2024,,115.597666087137,,A,Normal value,0,Units,S,"Seasonally adjusted, not calendar adjusted",1,One,2015,
DATAFLOW,OECD.ECO.MPD:DSD_AN_HOUSE_PRICES@DF_HOUSE_PRICES(1.0),Analytical house prices indicators,I,EA17,Euro area (17 countries),A,Annual,RPI,Rent prices,IX,Index,2025,,119.243313036406,,A,Normal value,0,Units,S,"Seasonally adjusted, not calendar adjusted",1,One,2015,
DATAFLOW,OECD.ECO.MPD:DSD_AN_HOUSE_PRICES@DF_HOUSE_PRICES(1.0),Analytical house prices indicators,I,OECD,OECD,A,Annual,RPI,Rent prices,IX,Index,1966,,5.61909748355668,,A,Normal value,0,Units,S,"Seasonally adjusted, not calendar adjusted",1,One,2015,
DATAFLOW,OECD.ECO.MPD:DSD_AN_HOUSE_PRICES@DF_HOUSE_PRICES(1.0),Analytical house prices indicators,I,OECD,OECD,A,Annual,RPI,Rent prices,IX,Index,1967,,5.85649108371349,,A,Normal value,0,Units,S,"Seasonally adjusted, not calendar adjusted",1,One,2015,
DATAFLOW,OECD.ECO.MPD:DSD_AN_HOUSE_PRICES@DF_HOUSE_PRICES(1.0),Analytical house prices indicators,I,OECD,OECD,A,Annual,RPI,Rent prices,IX,Index,1968,,6.17283764972015,,A,Normal value,0,Units,S,"Seasonally adjusted, not calendar adjusted",1,One,2015,
DATAFLOW,OECD.ECO.MPD:DSD_AN_HOUSE_PRICES@DF_HOUSE_PRICES(1.0),Analytical house prices indicators,I,OECD,OECD,A,Annual,RPI,Rent prices,IX,Index,1969,,6.58462915272394,,A,Normal value,0,Units,S,"Seasonally adjusted, not calendar adjusted",1,One,2015,
DATAFLOW,OECD.ECO.MPD:DSD_AN_HOUSE_PRICES@DF_HOUSE_PRICES(1.0),Analytical house prices indicators,I,OECD,OECD,A,Annual,RPI,Rent prices,IX,Index,1970,,7.06245805805806,,A,Normal value,0,Units,S,"Seasonally adjusted, not calendar adjusted",1,One,2015,
DATAFLOW,OECD.ECO.MPD:DSD_AN_HOUSE_PRICES@DF_HOUSE_PRICES(1.0),Analytical house prices indicators,I,OECD,OECD,A,Annual,RPI,Rent prices,IX,Index,1971,,7.46944312655546,,A,Normal value,0,Units,S,"Seasonally adjusted, not calendar adjusted",1,One,2015,
DATAFLOW,OECD.ECO.MPD:DSD_AN_HOUSE_PRICES@DF_HOUSE_PRICES(1.0),Analytical house prices indicators,I,OECD,OECD,A,Annual,RPI,Rent prices,IX,Index,1972,,7.90599690147424,,A,Normal value,0,Units,S,"Seasonally adjusted, not calendar adjusted",1,One,2015,
DATAFLOW,OECD.ECO.MPD:DSD_AN_HOUSE_PRICES@DF_HOUSE_PRICES(1.0),Analytical house prices indicators,I,OECD,OECD,A,Annual,RPI,Rent prices,IX,Index,1973,,8.43517237523843,,A,Normal value,0,Units,S,"Seasonally adjusted, not calendar adjusted",1,One,2015,
DATAFLOW,OECD.ECO.MPD:DSD_AN_HOUSE_PRICES@DF_HOUSE_PRICES(1.0),Analytical house prices indicators,I,OECD,OECD,A,Annual,RPI,Rent prices,IX,Index,1974,,9.17660763628997,,A,Normal value,0,Units,S,"Seasonally adjusted, not calendar adjusted",1,One,2015,
DATAFLOW,OECD.ECO.MPD:DSD_AN_HOUSE_PRICES@DF_HOUSE_PRICES(1.0),Analytical house prices indicators,I,OECD,OECD,A,Annual,RPI,Rent prices,IX,Index,1975,,10.1429317571156,,A,Normal value,0,Units,S,"Seasonally adjusted, not calendar adjusted",1,One,2015,
DATAFLOW,OECD.ECO.MPD:DSD_AN_HOUSE_PRICES@DF_HOUSE_PRICES(1.0),Analytical house prices indicators,I,OECD,OECD,A,Annual,RPI,Rent prices,IX,Index,1976,,11.009397144111,,A,Normal value,0,Units,S,"Seasonally adjusted, not calendar adjusted",1,One,2015,
DATAFLOW,OECD.ECO.MPD:DSD_AN_HOUSE_PRICES@DF_HOUSE_PRICES(1.0),Analytical house prices indicators,I,OECD,OECD,A,Annual,RPI,Rent prices,IX,Index,1977,,11.8765286656341,,A,Normal value,0,Units,S,"Seasonally adjusted, not calendar adjusted",1,One,2015,
DATAFLOW,OECD.ECO.MPD:DSD_AN_HOUSE_PRICES@DF_HOUSE_PRICES(1.0),Analytical house prices indicators,I,OECD,OECD,A,Annual,RPI,Rent prices,IX,Index,1978,,12.8300037000669,,A,Normal value,0,Units,S,"Seasonally adjusted, not calendar adjusted",1,One,2015,
DATAFLOW,OECD.ECO.MPD:DSD_AN_HOUSE_PRICES@DF_HOUSE_PRICES(1.0),Analytical house prices indicators,I,OECD,OECD,A,Annual,RPI,Rent prices,IX,Index,1979,,14.3229215909245,,A,Normal value,0,Units,S,"Seasonally adjusted, not calendar adjusted",1,One,2015,
DATAFLOW,OECD.ECO.MPD:DSD_AN_HOUSE_PRICES@DF_HOUSE_PRICES(1.0),Analytical house prices indicators,I,OECD,OECD,A,Annual,RPI,Rent prices,IX,Index,1980,,16.2726459296698,,A,Normal value,0,Units,S,"Seasonally adjusted, not calendar adjusted",1,One,2015,
DATAFLOW,OECD.ECO.MPD:DSD_AN_HOUSE_PRICES@DF_HOUSE_PRICES(1.0),Analytical house prices indicators,I,OECD,OECD,A,Annual,RPI,Rent prices,IX,Index,1981,,18.1163273490936,,A,Normal value,0,Units,S,"Seasonally adjusted, not calendar adjusted",1,One,2015,
DATAFLOW,OECD.ECO.MPD:DSD_AN_HOUSE_PRICES@DF_HOUSE_PRICES(1.0),Analytical house prices indicators,I,OECD,OECD,A,Annual,RPI,Rent prices,IX,Index,1982,,20.0255248938491,,A,Normal value,0,Units,S,"Seasonally adjusted, not calendar adjusted",1,One,2015,
DATAFLOW,OECD.ECO.MPD:DSD_AN_HOUSE_PRICES@DF_HOUSE_PRICES(1.0),Analytical house prices indicators,I,OECD,OECD,A,Annual,RPI,Rent prices,IX,Index,1983,,21.8648210366097,,A,Normal value,0,Units,S,"Seasonally adjusted, not calendar adjusted",1,One,2015,
DATAFLOW,OECD.ECO.MPD:DSD_AN_HOUSE_PRICES@DF_HOUSE_PRICES(1.0),Analytical house prices indicators,I,OECD,OECD,A,Annual,RPI,Rent prices,IX,Index,1984,,23.8360831118876,,A,Normal value,0,Units,S,"Seasonally adjusted, not calendar adjusted",1,One,2015,
DATAFLOW,OECD.ECO.MPD:DSD_AN_HOUSE_PRICES@DF_HOUSE_PRICES(1.0),Analytical house prices indicators,I,OECD,OECD,A,Annual,RPI,Rent prices,IX,Index,1985,,25.8493408663238,,A,Normal value,0,Units,S,"Seasonally adjusted, not calendar adjusted",1,One,2015,
DATAFLOW,OECD.ECO.MPD:DSD_AN_HOUSE_PRICES@DF_HOUSE_PRICES(1.0),Analytical house prices indicators,I,OECD,OECD,A,Annual,RPI,Rent prices,IX,Index,1986,,27.8969251992332,,A,Normal value,0,Units,S,"Seasonally adjusted, not calendar adjusted",1,One,2015,
DATAFLOW,OECD.ECO.MPD:DSD_AN_HOUSE_PRICES@DF_HOUSE_PRICES(1.0),Analytical house prices indicators,I,OECD,OECD,A,Annual,RPI,Rent prices,IX,Index,1987,,30.0256964505116,,A,Normal value,0,Units,S,"Seasonally adjusted, not calendar adjusted",1,One,2015,
DATAFLOW,OECD.ECO.MPD:DSD_AN_HOUSE_PRICES@DF_HOUSE_PRICES(1.0),Analytical house prices indicators,I,OECD,OECD,A,Annual,RPI,Rent prices,IX,Index,1988,,32.9100408227882,,A,Normal value,0,Units,S,"Seasonally adjusted, not calendar adjusted",1,One,2015,
DATAFLOW,OECD.ECO.MPD:DSD_AN_HOUSE_PRICES@DF_HOUSE_PRICES(1.0),Analytical house prices indicators,I,OECD,OECD,A,Annual,RPI,Rent prices,IX,Index,1989,,35.7086298912331,,A,Normal value,0,Units,S,"Seasonally adjusted, not calendar adjusted",1,One,2015,
DATAFLOW,OECD.ECO.MPD:DSD_AN_HOUSE_PRICES@DF_HOUSE_PRICES(1.0),Analytical house prices indicators,I,OECD,OECD,A,Annual,RPI,Rent prices,IX,Index,1990,,38.6707924265009,,A,Normal value,0,Units,S,"Seasonally adjusted, not calendar adjusted",1,One,2015,
DATAFLOW,OECD.ECO.MPD:DSD_AN_HOUSE_PRICES@DF_HOUSE_PRICES(1.0),Analytical house prices indicators,I,OECD,OECD,A,Annual,RPI,Rent prices,IX,Index,1991,,41.8419873901715,,A,Normal value,0,Units,S,"Seasonally adjusted, not calendar adjusted",1,One,2015,
DATAFLOW,OECD.ECO.MPD:DSD_AN_HOUSE_PRICES@DF_HOUSE_PRICES(1.0),Analytical house prices indicators,I,OECD,OECD,A,Annual,RPI,Rent prices,IX,Index,1992,,44.8612912695161,,A,Normal value,0,Units,S,"Seasonally adjusted, not calendar adjusted",1,One,2015,
DATAFLOW,OECD.ECO.MPD:DSD_AN_HOUSE_PRICES@DF_HOUSE_PRICES(1.0),Analytical house prices indicators,I,OECD,OECD,A,Annual,RPI,Rent prices,IX,Index,1993,,47.7529267411903,,A,Normal value,0,Units,S,"Seasonally adjusted, not calendar adjusted",1,One,2015,
DATAFLOW,OECD.ECO.MPD:DSD_AN_HOUSE_PRICES@DF_HOUSE_PRICES(1.0),Analytical house prices indicators,I,OECD,OECD,A,Annual,RPI,Rent prices,IX,Index,1994,,50.4579216450391,,A,Normal value,0,Units,S,"Seasonally adjusted, not calendar adjusted",1,One,2015,
DATAFLOW,OECD.ECO.MPD:DSD_AN_HOUSE_PRICES@DF_HOUSE_PRICES(1.0),Analytical house prices indicators,I,OECD,OECD,A,Annual,RPI,Rent prices,IX,Index,1995,,53.6916090139453,,A,Normal value,0,Units,S,"Seasonally adjusted, not calendar adjusted",1,One,2015,
DATAFLOW,OECD.ECO.MPD:DSD_AN_HOUSE_PRICES@DF_HOUSE_PRICES(1.0),Analytical house prices indicators,I,OECD,OECD,A,Annual,RPI,Rent prices,IX,Index,1996,,57.0824927317954,,A,Normal value,0,Units,S,"Seasonally adjusted, not calendar adjusted",1,One,2015,
DATAFLOW,OECD.ECO.MPD:DSD_AN_HOUSE_PRICES@DF_HOUSE_PRICES(1.0),Analytical house prices indicators,I,OECD,OECD,A,Annual,RPI,Rent prices,IX,Index,1997,,60.490631459662,,A,Normal value,0,Units,S,"Seasonally adjusted, not calendar adjusted",1,One,2015,
DATAFLOW,OECD.ECO.MPD:DSD_AN_HOUSE_PRICES@DF_HOUSE_PRICES(1.0),Analytical house prices indicators,I,OECD,OECD,A,Annual,RPI,Rent prices,IX,Index,1998,,63.8621758561251,,A,Normal value,0,Units,S,"Seasonally adjusted, not calendar adjusted",1,One,2015,
DATAFLOW,OECD.ECO.MPD:DSD_AN_HOUSE_PRICES@DF_HOUSE_PRICES(1.0),Analytical house prices indicators,I,OECD,OECD,A,Annual,RPI,Rent prices,IX,Index,1999,,66.5630212276396,,A,Normal value,0,Units,S,"Seasonally adjusted, not calendar adjusted",1,One,2015,
DATAFLOW,OECD.ECO.MPD:DSD_AN_HOUSE_PRICES@DF_HOUSE_PRICES(1.0),Analytical house prices indicators,I,OECD,OECD,A,Annual,RPI,Rent prices,IX,Index,2000,,69.106083763269,,A,Normal value,0,Units,S,"Seasonally adjusted, not calendar adjusted",1,One,2015,
DATAFLOW,OECD.ECO.MPD:DSD_AN_HOUSE_PRICES@DF_HOUSE_PRICES(1.0),Analytical house prices indicators,I,OECD,OECD,A,Annual,RPI,Rent prices,IX,Index,2001,,71.664523070424,,A,Normal value,0,Units,S,"Seasonally adjusted, not calendar adjusted",1,One,2015,
DATAFLOW,OECD.ECO.MPD:DSD_AN_HOUSE_PRICES@DF_HOUSE_PRICES(1.0),Analytical house prices indicators,I,OECD,OECD,A,Annual,RPI,Rent prices,IX,Index,2002,,74.2830885453748,,A,Normal value,0,Units,S,"Seasonally adjusted, not calendar adjusted",1,One,2015,
DATAFLOW,OECD.ECO.MPD:DSD_AN_HOUSE_PRICES@DF_HOUSE_PRICES(1.0),Analytical house prices indicators,I,OECD,OECD,A,Annual,RPI,Rent prices,IX,Index,2003,,76.2537926323468,,A,Normal value,0,Units,S,"Seasonally adjusted, not calendar adjusted",1,One,2015,
DATAFLOW,OECD.ECO.MPD:DSD_AN_HOUSE_PRICES@DF_HOUSE_PRICES(1.0),Analytical house prices indicators,I,OECD,OECD,A,Annual,RPI,Rent prices,IX,Index,2004,,78.200488017102,,A,Normal value,0,Units,S,"Seasonally adjusted, not calendar adjusted",1,One,2015,
DATAFLOW,OECD.ECO.MPD:DSD_AN_HOUSE_PRICES@DF_HOUSE_PRICES(1.0),Analytical house prices indicators,I,OECD,OECD,A,Annual,RPI,Rent prices,IX,Index,2005,,80.1307363485031,,A,Normal value,0,Units,S,"Seasonally adjusted, not calendar adjusted",1,One,2015,
DATAFLOW,OECD.ECO.MPD:DSD_AN_HOUSE_PRICES@DF_HOUSE_PRICES(1.0),Analytical house prices indicators,I,OECD,OECD,A,Annual,RPI,Rent prices,IX,Index,2006,,82.5061218488666,,A,Normal value,0,Units,S,"Seasonally adjusted, not calendar adjusted",1,One,2015,
DATAFLOW,OECD.ECO.MPD:DSD_AN_HOUSE_PRICES@DF_HOUSE_PRICES(1.0),Analytical house prices indicators,I,OECD,OECD,A,Annual,RPI,Rent prices,IX,Index,2007,,85.1508146091958,,A,Normal value,0,Units,S,"Seasonally adjusted, not calendar adjusted",1,One,2015,
DATAFLOW,OECD.ECO.MPD:DSD_AN_HOUSE_PRICES@DF_HOUSE_PRICES(1.0),Analytical house prices indicators,I,OECD,OECD,A,Annual,RPI,Rent prices,IX,Index,2008,,87.5778769283951,,A,Normal value,0,Units,S,"Seasonally adjusted, not calendar adjusted",1,One,2015,
DATAFLOW,OECD.ECO.MPD:DSD_AN_HOUSE_PRICES@DF_HOUSE_PRICES(1.0),Analytical house prices indicators,I,OECD,OECD,A,Annual,RPI,Rent prices,IX,Index,2009,,89.2726130025781,,A,Normal value,0,Units,S,"Seasonally adjusted, not calendar adjusted",1,One,2015,
DATAFLOW,OECD.ECO.MPD:DSD_AN_HOUSE_PRICES@DF_HOUSE_PRICES(1.0),Analytical house prices indicators,I,OECD,OECD,A,Annual,RPI,Rent prices,IX,Index,2010,,90.1424076191514,,A,Normal value,0,Units,S,"Seasonally adjusted, not calendar adjusted",1,One,2015,
DATAFLOW,OECD.ECO.MPD:DSD_AN_HOUSE_PRICES@DF_HOUSE_PRICES(1.0),Analytical house prices indicators,I,OECD,OECD,A,Annual,RPI,Rent prices,IX,Index,2011,,91.7211862733209,,A,Normal value,0,Units,S,"Seasonally adjusted, not calendar adjusted",1,One,2015,
DATAFLOW,OECD.ECO.MPD:DSD_AN_HOUSE_PRICES@DF_HOUSE_PRICES(1.0),Analytical house prices indicators,I,OECD,OECD,A,Annual,RPI,Rent prices,IX,Index,2012,,93.7400584535519,,A,Normal value,0,Units,S,"Seasonally adjusted, not calendar adjusted",1,One,2015,
DATAFLOW,OECD.ECO.MPD:DSD_AN_HOUSE_PRICES@DF_HOUSE_PRICES(1.0),Analytical house prices indicators,I,OECD,OECD,A,Annual,RPI,Rent prices,IX,Index,2013,,95.698209283623,,A,Normal value,0,Units,S,"Seasonally adjusted, not calendar adjusted",1,One,2015,
DATAFLOW,OECD.ECO.MPD:DSD_AN_HOUSE_PRICES@DF_HOUSE_PRICES(1.0),Analytical house prices indicators,I,OECD,OECD,A,Annual,RPI,Rent prices,IX,Index,2014,,97.7411069541478,,A,Normal value,0,Units,S,"Seasonally adjusted, not calendar adjusted",1,One,2015,
DATAFLOW,OECD.ECO.MPD:DSD_AN_HOUSE_PRICES@DF_HOUSE_PRICES(1.0),Analytical house prices indicators,I,OECD,OECD,A,Annual,RPI,Rent prices,IX,Index,2015,,100,,A,Normal value,0,Units,S,"Seasonally adjusted, not calendar adjusted",1,One,2015,
DATAFLOW,OECD.ECO.MPD:DSD_AN_HOUSE_PRICES@DF_HOUSE_PRICES(1.0),Analytical house prices indicators,I,OECD,OECD,A,Annual,RPI,Rent prices,IX,Index,2016,,102.274772320452,,A,Normal value,0,Units,S,"Seasonally adjusted, not calendar adjusted",1,One,2015,
DATAFLOW,OECD.ECO.MPD:DSD_AN_HOUSE_PRICES@DF_HOUSE_PRICES(1.0),Analytical house prices indicators,I,OECD,OECD,A,Annual,RPI,Rent prices,IX,Index,2017,,104.637958167997,,A,Normal value,0,Units,S,"Seasonally adjusted, not calendar adjusted",1,One,2015,
DATAFLOW,OECD.ECO.MPD:DSD_AN_HOUSE_PRICES@DF_HOUSE_PRICES(1.0),Analytical house prices indicators,I,OECD,OECD,A,Annual,RPI,Rent prices,IX,Index,2018,,107.046391259326,,A,Normal value,0,Units,S,"Seasonally adjusted, not calendar adjusted",1,One,2015,
DATAFLOW,OECD.ECO.MPD:DSD_AN_HOUSE_PRICES@DF_HOUSE_PRICES(1.0),Analytical house prices indicators,I,OECD,OECD,A,Annual,RPI,Rent prices,IX,Index,2019,,109.724372947637,,A,Normal value,0,Units,S,"Seasonally adjusted, not calendar adjusted",1,One,2015,
DATAFLOW,OECD.ECO.MPD:DSD_AN_HOUSE_PRICES@DF_HOUSE_PRICES(1.0),Analytical house prices indicators,I,OECD,OECD,A,Annual,RPI,Rent prices,IX,Index,2020,,112.099946717726,,A,Normal value,0,Units,S,"Seasonally adjusted, not calendar adjusted",1,One,2015,
DATAFLOW,OECD.ECO.MPD:DSD_AN_HOUSE_PRICES@DF_HOUSE_PRICES(1.0),Analytical house prices indicators,I,OECD,OECD,A,Annual,RPI,Rent prices,IX,Index,2021,,114.214495066694,,A,Normal value,0,Units,S,"Seasonally adjusted, not calendar adjusted",1,One,2015,
DATAFLOW,OECD.ECO.MPD:DSD_AN_HOUSE_PRICES@DF_HOUSE_PRICES(1.0),Analytical house prices indicators,I,OECD,OECD,A,Annual,RPI,Rent prices,IX,Index,2022,,119.588045517417,,A,Normal value,0,Units,S,"Seasonally adjusted, not calendar adjusted",1,One,2015,
DATAFLOW,OECD.ECO.MPD:DSD_AN_HOUSE_PRICES@DF_HOUSE_PRICES(1.0),Analytical house prices indicators,I,OECD,OECD,A,Annual,RPI,Rent prices,IX,Index,2023,,128.81293037318,,A,Normal value,0,Units,S,"Seasonally adjusted, not calendar adjusted",1,One,2015,
DATAFLOW,OECD.ECO.MPD:DSD_AN_HOUSE_PRICES@DF_HOUSE_PRICES(1.0),Analytical house prices indicators,I,OECD,OECD,A,Annual,RPI,Rent prices,IX,Index,2024,,139.143857899497,,A,Normal value,0,Units,S,"Seasonally adjusted, not calendar adjusted",1,One,2015,
DATAFLOW,OECD.ECO.MPD:DSD_AN_HOUSE_PRICES@DF_HOUSE_PRICES(1.0),Analytical house prices indicators,I,OECD,OECD,A,Annual,RPI,Rent prices,IX,Index,2025,,148.69361697226,,A,Normal value,0,Units,S,"Seasonally adjusted, not calendar adjusted",1,One,2015,
DATAFLOW,OECD.ECO.MPD:DSD_AN_HOUSE_PRICES@DF_HOUSE_PRICES(1.0),Analytical house prices indicators,I,BGR,Bulgaria,A,Annual,RPI,Rent prices,IX,Index,1995,,0.778875088752979,,A,Normal value,0,Units,S,"Seasonally adjusted, not calendar adjusted",1,One,2015,
DATAFLOW,OECD.ECO.MPD:DSD_AN_HOUSE_PRICES@DF_HOUSE_PRICES(1.0),Analytical house prices indicators,I,BGR,Bulgaria,A,Annual,RPI,Rent prices,IX,Index,1996,,1.7988157949704,,A,Normal value,0,Units,S,"Seasonally adjusted, not calendar adjusted",1,One,2015,
DATAFLOW,OECD.ECO.MPD:DSD_AN_HOUSE_PRICES@DF_HOUSE_PRICES(1.0),Analytical house prices indicators,I,BGR,Bulgaria,A,Annual,RPI,Rent prices,IX,Index,1997,,14.0485246012131,,A,Normal value,0,Units,S,"Seasonally adjusted, not calendar adjusted",1,One,2015,
DATAFLOW,OECD.ECO.MPD:DSD_AN_HOUSE_PRICES@DF_HOUSE_PRICES(1.0),Analytical house prices indicators,I,BGR,Bulgaria,A,Annual,RPI,Rent prices,IX,Index,1998,,35.7303033932575,,A,Normal value,0,Units,S,"Seasonally adjusted, not calendar adjusted",1,One,2015,
DATAFLOW,OECD.ECO.MPD:DSD_AN_HOUSE_PRICES@DF_HOUSE_PRICES(1.0),Analytical house prices indicators,I,BGR,Bulgaria,A,Annual,RPI,Rent prices,IX,Index,1999,,46.2928886573222,,A,Normal value,0,Units,S,"Seasonally adjusted, not calendar adjusted",1,One,2015,
DATAFLOW,OECD.ECO.MPD:DSD_AN_HOUSE_PRICES@DF_HOUSE_PRICES(1.0),Analytical house prices indicators,I,BGR,Bulgaria,A,Annual,RPI,Rent prices,IX,Index,2000,,52.9307563232689,,A,Normal value,0,Units,S,"Seasonally adjusted, not calendar adjusted",1,One,2015,
DATAFLOW,OECD.ECO.MPD:DSD_AN_HOUSE_PRICES@DF_HOUSE_PRICES(1.0),Analytical house prices indicators,I,BGR,Bulgaria,A,Annual,RPI,Rent prices,IX,Index,2001,,59.0746114768653,,A,Normal value,0,Units,S,"Seasonally adjusted, not calendar adjusted",1,One,2015,
DATAFLOW,OECD.ECO.MPD:DSD_AN_HOUSE_PRICES@DF_HOUSE_PRICES(1.0),Analytical house prices indicators,I,BGR,Bulgaria,A,Annual,RPI,Rent prices,IX,Index,2002,,64.4676516116913,,A,Normal value,0,Units,S,"Seasonally adjusted, not calendar adjusted",1,One,2015,
DATAFLOW,OECD.ECO.MPD:DSD_AN_HOUSE_PRICES@DF_HOUSE_PRICES(1.0),Analytical house prices indicators,I,BGR,Bulgaria,A,Annual,RPI,Rent prices,IX,Index,2003,,64.2456441061411,,A,Normal value,0,Units,S,"Seasonally adjusted, not calendar adjusted",1,One,2015,
DATAFLOW,OECD.ECO.MPD:DSD_AN_HOUSE_PRICES@DF_HOUSE_PRICES(1.0),Analytical house prices indicators,I,BGR,Bulgaria,A,Annual,RPI,Rent prices,IX,Index,2004,,66.0125391503134,,A,Normal value,0,Units,S,"Seasonally adjusted, not calendar adjusted",1,One,2015,
DATAFLOW,OECD.ECO.MPD:DSD_AN_HOUSE_PRICES@DF_HOUSE_PRICES(1.0),Analytical house prices indicators,I,BGR,Bulgaria,A,Annual,RPI,Rent prices,IX,Index,2005,,70.0164692504117,,A,Normal value,0,Units,S,"Seasonally adjusted, not calendar adjusted",1,One,2015,
DATAFLOW,OECD.ECO.MPD:DSD_AN_HOUSE_PRICES@DF_HOUSE_PRICES(1.0),Analytical house prices indicators,I,BGR,Bulgaria,A,Annual,RPI,Rent prices,IX,Index,2006,,73.8249343456233,,A,Normal value,0,Units,S,"Seasonally adjusted, not calendar adjusted",1,One,2015,
DATAFLOW,OECD.ECO.MPD:DSD_AN_HOUSE_PRICES@DF_HOUSE_PRICES(1.0),Analytical house prices indicators,I,BGR,Bulgaria,A,Annual,RPI,Rent prices,IX,Index,2007,,76.6626844165671,,A,Normal value,0,Units,S,"Seasonally adjusted, not calendar adjusted",1,One,2015,
DATAFLOW,OECD.ECO.MPD:DSD_AN_HOUSE_PRICES@DF_HOUSE_PRICES(1.0),Analytical house prices indicators,I,BGR,Bulgaria,A,Annual,RPI,Rent prices,IX,Index,2008,,85.1628221290705,,A,Normal value,0,Units,S,"Seasonally adjusted, not calendar adjusted",1,One,2015,
DATAFLOW,OECD.ECO.MPD:DSD_AN_HOUSE_PRICES@DF_HOUSE_PRICES(1.0),Analytical house prices indicators,I,BGR,Bulgaria,A,Annual,RPI,Rent prices,IX,Index,2009,,94.0565123514128,,A,Normal value,0,Units,S,"Seasonally adjusted, not calendar adjusted",1,One,2015,
DATAFLOW,OECD.ECO.MPD:DSD_AN_HOUSE_PRICES@DF_HOUSE_PRICES(1.0),Analytical house prices indicators,I,BGR,Bulgaria,A,Annual,RPI,Rent prices,IX,Index,2010,,96.3727049093176,,A,Normal value,0,Units,S,"Seasonally adjusted, not calendar adjusted",1,One,2015,
DATAFLOW,OECD.ECO.MPD:DSD_AN_HOUSE_PRICES@DF_HOUSE_PRICES(1.0),Analytical house prices indicators,I,BGR,Bulgaria,A,Annual,RPI,Rent prices,IX,Index,2011,,97.6684074417101,,A,Normal value,0,Units,S,"Seasonally adjusted, not calendar adjusted",1,One,2015,
DATAFLOW,OECD.ECO.MPD:DSD_AN_HOUSE_PRICES@DF_HOUSE_PRICES(1.0),Analytical house prices indicators,I,BGR,Bulgaria,A,Annual,RPI,Rent prices,IX,Index,2012,,98.531482463287,,A,Normal value,0,Units,S,"Seasonally adjusted, not calendar adjusted",1,One,2015,
DATAFLOW,OECD.ECO.MPD:DSD_AN_HOUSE_PRICES@DF_HOUSE_PRICES(1.0),Analytical house prices indicators,I,BGR,Bulgaria,A,Annual,RPI,Rent prices,IX,Index,2013,,99.0297949757448,,A,Normal value,0,Units,S,"Seasonally adjusted, not calendar adjusted",1,One,2015,
DATAFLOW,OECD.ECO.MPD:DSD_AN_HOUSE_PRICES@DF_HOUSE_PRICES(1.0),Analytical house prices indicators,I,BGR,Bulgaria,A,Annual,RPI,Rent prices,IX,Index,2014,,99.2613024815325,,A,Normal value,0,Units,S,"Seasonally adjusted, not calendar adjusted",1,One,2015,
DATAFLOW,OECD.ECO.MPD:DSD_AN_HOUSE_PRICES@DF_HOUSE_PRICES(1.0),Analytical house prices indicators,I,BGR,Bulgaria,A,Annual,RPI,Rent prices,IX,Index,2015,,100,,A,Normal value,0,Units,S,"Seasonally adjusted, not calendar adjusted",1,One,2015,
DATAFLOW,OECD.ECO.MPD:DSD_AN_HOUSE_PRICES@DF_HOUSE_PRICES(1.0),Analytical house prices indicators,I,BGR,Bulgaria,A,Annual,RPI,Rent prices,IX,Index,2016,,100.595902514898,,A,Normal value,0,Units,S,"Seasonally adjusted, not calendar adjusted",1,One,2015,
DATAFLOW,OECD.ECO.MPD:DSD_AN_HOUSE_PRICES@DF_HOUSE_PRICES(1.0),Analytical house prices indicators,I,BGR,Bulgaria,A,Annual,RPI,Rent prices,IX,Index,2017,,101.600377540009,,A,Normal value,0,Units,S,"Seasonally adjusted, not calendar adjusted",1,One,2015,
DATAFLOW,OECD.ECO.MPD:DSD_AN_HOUSE_PRICES@DF_HOUSE_PRICES(1.0),Analytical house prices indicators,I,BGR,Bulgaria,A,Annual,RPI,Rent prices,IX,Index,2018,,103.518227587956,,A,Normal value,0,Units,S,"Seasonally adjusted, not calendar adjusted",1,One,2015,
DATAFLOW,OECD.ECO.MPD:DSD_AN_HOUSE_PRICES@DF_HOUSE_PRICES(1.0),Analytical house prices indicators,I,BGR,Bulgaria,A,Annual,RPI,Rent prices,IX,Index,2019,,106.899527672488,,A,Normal value,0,Units,S,"Seasonally adjusted, not calendar adjusted",1,One,2015,
DATAFLOW,OECD.ECO.MPD:DSD_AN_HOUSE_PRICES@DF_HOUSE_PRICES(1.0),Analytical house prices indicators,I,BGR,Bulgaria,A,Annual,RPI,Rent prices,IX,Index,2020,,109.605527740138,,A,Normal value,0,Units,S,"Seasonally adjusted, not calendar adjusted",1,One,2015,
DATAFLOW,OECD.ECO.MPD:DSD_AN_HOUSE_PRICES@DF_HOUSE_PRICES(1.0),Analytical house prices indicators,I,BGR,Bulgaria,A,Annual,RPI,Rent prices,IX,Index,2021,,111.384327784608,,A,Normal value,0,Units,S,"Seasonally adjusted, not calendar adjusted",1,One,2015,
DATAFLOW,OECD.ECO.MPD:DSD_AN_HOUSE_PRICES@DF_HOUSE_PRICES(1.0),Analytical house prices indicators,I,BGR,Bulgaria,A,Annual,RPI,Rent prices,IX,Index,2022,,118.561702964043,,A,Normal value,0,Units,S,"Seasonally adjusted, not calendar adjusted",1,One,2015,
DATAFLOW,OECD.ECO.MPD:DSD_AN_HOUSE_PRICES@DF_HOUSE_PRICES(1.0),Analytical house prices indicators,I,BGR,Bulgaria,A,Annual,RPI,Rent prices,IX,Index,2023,,128.672928216823,,A,Normal value,0,Units,S,"Seasonally adjusted, not calendar adjusted",1,One,2015,
DATAFLOW,OECD.ECO.MPD:DSD_AN_HOUSE_PRICES@DF_HOUSE_PRICES(1.0),Analytical house prices indicators,I,BGR,Bulgaria,A,Annual,RPI,Rent prices,IX,Index,2024,,135.848703396218,,A,Normal value,0,Units,S,"Seasonally adjusted, not calendar adjusted",1,One,2015,
DATAFLOW,OECD.ECO.MPD:DSD_AN_HOUSE_PRICES@DF_HOUSE_PRICES(1.0),Analytical house prices indicators,I,BGR,Bulgaria,A,Annual,RPI,Rent prices,IX,Index,2025,,149.44387873999,,A,Normal value,0,Units,S,"Seasonally adjusted, not calendar adjusted",1,One,2015,
DATAFLOW,OECD.ECO.MPD:DSD_AN_HOUSE_PRICES@DF_HOUSE_PRICES(1.0),Analytical house prices indicators,I,HRV,Croatia,A,Annual,RPI,Rent prices,IX,Index,1998,,47.7296022556884,,A,Normal value,0,Units,S,"Seasonally adjusted, not calendar adjusted",1,One,2015,
DATAFLOW,OECD.ECO.MPD:DSD_AN_HOUSE_PRICES@DF_HOUSE_PRICES(1.0),Analytical house prices indicators,I,HRV,Croatia,A,Annual,RPI,Rent prices,IX,Index,1999,,47.8654344547128,,A,Normal value,0,Units,S,"Seasonally adjusted, not calendar adjusted",1,One,2015,
DATAFLOW,OECD.ECO.MPD:DSD_AN_HOUSE_PRICES@DF_HOUSE_PRICES(1.0),Analytical house prices indicators,I,HRV,Croatia,A,Annual,RPI,Rent prices,IX,Index,2000,,48.9079257672852,,A,Normal value,0,Units,S,"Seasonally adjusted, not calendar adjusted",1,One,2015,
DATAFLOW,OECD.ECO.MPD:DSD_AN_HOUSE_PRICES@DF_HOUSE_PRICES(1.0),Analytical house prices indicators,I,HRV,Croatia,A,Annual,RPI,Rent prices,IX,Index,2001,,49.6279197673352,,A,Normal value,0,Units,S,"Seasonally adjusted, not calendar adjusted",1,One,2015,
DATAFLOW,OECD.ECO.MPD:DSD_AN_HOUSE_PRICES@DF_HOUSE_PRICES(1.0),Analytical house prices indicators,I,HRV,Croatia,A,Annual,RPI,Rent prices,IX,Index,2002,,51.8245681285989,,A,Normal value,0,Units,S,"Seasonally adjusted, not calendar adjusted",1,One,2015,
DATAFLOW,OECD.ECO.MPD:DSD_AN_HOUSE_PRICES@DF_HOUSE_PRICES(1.0),Analytical house prices indicators,I,HRV,Croatia,A,Annual,RPI,Rent prices,IX,Index,2003,,52.6220614828209,,A,Normal value,0,Units,S,"Seasonally adjusted, not calendar adjusted",1,One,2015,
DATAFLOW,OECD.ECO.MPD:DSD_AN_HOUSE_PRICES@DF_HOUSE_PRICES(1.0),Analytical house prices indicators,I,HRV,Croatia,A,Annual,RPI,Rent prices,IX,Index,2004,,54.1828818093182,,A,Normal value,0,Units,S,"Seasonally adjusted, not calendar adjusted",1,One,2015,
DATAFLOW,OECD.ECO.MPD:DSD_AN_HOUSE_PRICES@DF_HOUSE_PRICES(1.0),Analytical house prices indicators,I,HRV,Croatia,A,Annual,RPI,Rent prices,IX,Index,2005,,56.3861967816935,,A,Normal value,0,Units,S,"Seasonally adjusted, not calendar adjusted",1,One,2015,
DATAFLOW,OECD.ECO.MPD:DSD_AN_HOUSE_PRICES@DF_HOUSE_PRICES(1.0),Analytical house prices indicators,I,HRV,Croatia,A,Annual,RPI,Rent prices,IX,Index,2006,,71.5469037758018,,A,Normal value,0,Units,S,"Seasonally adjusted, not calendar adjusted",1,One,2015,
DATAFLOW,OECD.ECO.MPD:DSD_AN_HOUSE_PRICES@DF_HOUSE_PRICES(1.0),Analytical house prices indicators,I,HRV,Croatia,A,Annual,RPI,Rent prices,IX,Index,2007,,79.0335080540995,,A,Normal value,0,Units,S,"Seasonally adjusted, not calendar adjusted",1,One,2015,
DATAFLOW,OECD.ECO.MPD:DSD_AN_HOUSE_PRICES@DF_HOUSE_PRICES(1.0),Analytical house prices indicators,I,HRV,Croatia,A,Annual,RPI,Rent prices,IX,Index,2008,,89.8850842909642,,A,Normal value,0,Units,S,"Seasonally adjusted, not calendar adjusted",1,One,2015,
DATAFLOW,OECD.ECO.MPD:DSD_AN_HOUSE_PRICES@DF_HOUSE_PRICES(1.0),Analytical house prices indicators,I,HRV,Croatia,A,Annual,RPI,Rent prices,IX,Index,2009,,92.5233956383696,,A,Normal value,0,Units,S,"Seasonally adjusted, not calendar adjusted",1,One,2015,
DATAFLOW,OECD.ECO.MPD:DSD_AN_HOUSE_PRICES@DF_HOUSE_PRICES(1.0),Analytical house prices indicators,I,HRV,Croatia,A,Annual,RPI,Rent prices,IX,Index,2010,,96.8125265622785,,A,Normal value,0,Units,S,"Seasonally adjusted, not calendar adjusted",1,One,2015,
DATAFLOW,OECD.ECO.MPD:DSD_AN_HOUSE_PRICES@DF_HOUSE_PRICES(1.0),Analytical house prices indicators,I,HRV,Croatia,A,Annual,RPI,Rent prices,IX,Index,2011,,97.979183506804,,A,Normal value,0,Units,S,"Seasonally adjusted, not calendar adjusted",1,One,2015,
DATAFLOW,OECD.ECO.MPD:DSD_AN_HOUSE_PRICES@DF_HOUSE_PRICES(1.0),Analytical house prices indicators,I,HRV,Croatia,A,Annual,RPI,Rent prices,IX,Index,2012,,97.9241839651336,,A,Normal value,0,Units,S,"Seasonally adjusted, not calendar adjusted",1,One,2015,
DATAFLOW,OECD.ECO.MPD:DSD_AN_HOUSE_PRICES@DF_HOUSE_PRICES(1.0),Analytical house prices indicators,I,HRV,Croatia,A,Annual,RPI,Rent prices,IX,Index,2013,,97.9058507845767,,A,Normal value,0,Units,S,"Seasonally adjusted, not calendar adjusted",1,One,2015,
DATAFLOW,OECD.ECO.MPD:DSD_AN_HOUSE_PRICES@DF_HOUSE_PRICES(1.0),Analytical house prices indicators,I,HRV,Croatia,A,Annual,RPI,Rent prices,IX,Index,2014,,99.4000049999583,,A,Normal value,0,Units,S,"Seasonally adjusted, not calendar adjusted",1,One,2015,
DATAFLOW,OECD.ECO.MPD:DSD_AN_HOUSE_PRICES@DF_HOUSE_PRICES(1.0),Analytical house prices indicators,I,HRV,Croatia,A,Annual,RPI,Rent prices,IX,Index,2015,,100,,A,Normal value,0,Units,S,"Seasonally adjusted, not calendar adjusted",1,One,2015,
DATAFLOW,OECD.ECO.MPD:DSD_AN_HOUSE_PRICES@DF_HOUSE_PRICES(1.0),Analytical house prices indicators,I,HRV,Croatia,A,Annual,RPI,Rent prices,IX,Index,2016,,98.9200089999249,,A,Normal value,0,Units,S,"Seasonally adjusted, not calendar adjusted",1,One,2015,
DATAFLOW,OECD.ECO.MPD:DSD_AN_HOUSE_PRICES@DF_HOUSE_PRICES(1.0),Analytical house prices indicators,I,HRV,Croatia,A,Annual,RPI,Rent prices,IX,Index,2017,,98.6391780068499,,A,Normal value,0,Units,S,"Seasonally adjusted, not calendar adjusted",1,One,2015,
DATAFLOW,OECD.ECO.MPD:DSD_AN_HOUSE_PRICES@DF_HOUSE_PRICES(1.0),Analytical house prices indicators,I,HRV,Croatia,A,Annual,RPI,Rent prices,IX,Index,2018,,101.167490270914,,A,Normal value,0,Units,S,"Seasonally adjusted, not calendar adjusted",1,One,2015,
DATAFLOW,OECD.ECO.MPD:DSD_AN_HOUSE_PRICES@DF_HOUSE_PRICES(1.0),Analytical house prices indicators,I,HRV,Croatia,A,Annual,RPI,Rent prices,IX,Index,2019,,106.090782576812,,A,Normal value,0,Units,S,"Seasonally adjusted, not calendar adjusted",1,One,2015,
DATAFLOW,OECD.ECO.MPD:DSD_AN_HOUSE_PRICES@DF_HOUSE_PRICES(1.0),Analytical house prices indicators,I,HRV,Croatia,A,Annual,RPI,Rent prices,IX,Index,2020,,108.400763326972,,A,Normal value,0,Units,S,"Seasonally adjusted, not calendar adjusted",1,One,2015,
DATAFLOW,OECD.ECO.MPD:DSD_AN_HOUSE_PRICES@DF_HOUSE_PRICES(1.0),Analytical house prices indicators,I,HRV,Croatia,A,Annual,RPI,Rent prices,IX,Index,2021,,108.896592528395,,A,Normal value,0,Units,S,"Seasonally adjusted, not calendar adjusted",1,One,2015,
DATAFLOW,OECD.ECO.MPD:DSD_AN_HOUSE_PRICES@DF_HOUSE_PRICES(1.0),Analytical house prices indicators,I,HRV,Croatia,A,Annual,RPI,Rent prices,IX,Index,2022,,112.355730368913,,A,Normal value,0,Units,S,"Seasonally adjusted, not calendar adjusted",1,One,2015,
DATAFLOW,OECD.ECO.MPD:DSD_AN_HOUSE_PRICES@DF_HOUSE_PRICES(1.0),Analytical house prices indicators,I,HRV,Croatia,A,Annual,RPI,Rent prices,IX,Index,2023,,119.41567153607,,A,Normal value,0,Units,S,"Seasonally adjusted, not calendar adjusted",1,One,2015,
DATAFLOW,OECD.ECO.MPD:DSD_AN_HOUSE_PRICES@DF_HOUSE_PRICES(1.0),Analytical house prices indicators,I,HRV,Croatia,A,Annual,RPI,Rent prices,IX,Index,2024,,124.617294857517,,A,Normal value,0,Units,S,"Seasonally adjusted, not calendar adjusted",1,One,2015,
DATAFLOW,OECD.ECO.MPD:DSD_AN_HOUSE_PRICES@DF_HOUSE_PRICES(1.0),Analytical house prices indicators,I,ROU,Romania,A,Annual,RPI,Rent prices,IX,Index,2001,,21.3518445993803,,A,Normal value,0,Units,S,"Seasonally adjusted, not calendar adjusted",1,One,2015,
DATAFLOW,OECD.ECO.MPD:DSD_AN_HOUSE_PRICES@DF_HOUSE_PRICES(1.0),Analytical house prices indicators,I,ROU,Romania,A,Annual,RPI,Rent prices,IX,Index,2002,,26.5043875365629,,A,Normal value,0,Units,S,"Seasonally adjusted, not calendar adjusted",1,One,2015,
DATAFLOW,OECD.ECO.MPD:DSD_AN_HOUSE_PRICES@DF_HOUSE_PRICES(1.0),Analytical house prices indicators,I,ROU,Romania,A,Annual,RPI,Rent prices,IX,Index,2003,,30.6035883632363,,A,Normal value,0,Units,S,"Seasonally adjusted, not calendar adjusted",1,One,2015,
DATAFLOW,OECD.ECO.MPD:DSD_AN_HOUSE_PRICES@DF_HOUSE_PRICES(1.0),Analytical house prices indicators,I,ROU,Romania,A,Annual,RPI,Rent prices,IX,Index,2004,,35.4669622246852,,A,Normal value,0,Units,S,"Seasonally adjusted, not calendar adjusted",1,One,2015,
DATAFLOW,OECD.ECO.MPD:DSD_AN_HOUSE_PRICES@DF_HOUSE_PRICES(1.0),Analytical house prices indicators,I,ROU,Romania,A,Annual,RPI,Rent prices,IX,Index,2005,,38.6436553637946,,A,Normal value,0,Units,S,"Seasonally adjusted, not calendar adjusted",1,One,2015,
DATAFLOW,OECD.ECO.MPD:DSD_AN_HOUSE_PRICES@DF_HOUSE_PRICES(1.0),Analytical house prices indicators,I,ROU,Romania,A,Annual,RPI,Rent prices,IX,Index,2006,,40.9153409611747,,A,Normal value,0,Units,S,"Seasonally adjusted, not calendar adjusted",1,One,2015,
DATAFLOW,OECD.ECO.MPD:DSD_AN_HOUSE_PRICES@DF_HOUSE_PRICES(1.0),Analytical house prices indicators,I,ROU,Romania,A,Annual,RPI,Rent prices,IX,Index,2007,,70.2872523937699,,A,Normal value,0,Units,S,"Seasonally adjusted, not calendar adjusted",1,One,2015,
DATAFLOW,OECD.ECO.MPD:DSD_AN_HOUSE_PRICES@DF_HOUSE_PRICES(1.0),Analytical house prices indicators,I,ROU,Romania,A,Annual,RPI,Rent prices,IX,Index,2008,,88.6990724922707,,A,Normal value,0,Units,S,"Seasonally adjusted, not calendar adjusted",1,One,2015,
DATAFLOW,OECD.ECO.MPD:DSD_AN_HOUSE_PRICES@DF_HOUSE_PRICES(1.0),Analytical house prices indicators,I,ROU,Romania,A,Annual,RPI,Rent prices,IX,Index,2009,,93.7449478745655,,A,Normal value,0,Units,S,"Seasonally adjusted, not calendar adjusted",1,One,2015,
DATAFLOW,OECD.ECO.MPD:DSD_AN_HOUSE_PRICES@DF_HOUSE_PRICES(1.0),Analytical house prices indicators,I,ROU,Romania,A,Annual,RPI,Rent prices,IX,Index,2010,,93.6091134092783,,A,Normal value,0,Units,S,"Seasonally adjusted, not calendar adjusted",1,One,2015,
DATAFLOW,OECD.ECO.MPD:DSD_AN_HOUSE_PRICES@DF_HOUSE_PRICES(1.0),Analytical house prices indicators,I,ROU,Romania,A,Annual,RPI,Rent prices,IX,Index,2011,,94.2307852565438,,A,Normal value,0,Units,S,"Seasonally adjusted, not calendar adjusted",1,One,2015,
DATAFLOW,OECD.ECO.MPD:DSD_AN_HOUSE_PRICES@DF_HOUSE_PRICES(1.0),Analytical house prices indicators,I,ROU,Romania,A,Annual,RPI,Rent prices,IX,Index,2012,,96.4724706039216,,A,Normal value,0,Units,S,"Seasonally adjusted, not calendar adjusted",1,One,2015,
DATAFLOW,OECD.ECO.MPD:DSD_AN_HOUSE_PRICES@DF_HOUSE_PRICES(1.0),Analytical house prices indicators,I,ROU,Romania,A,Annual,RPI,Rent prices,IX,Index,2013,,97.0033083609029,,A,Normal value,0,Units,S,"Seasonally adjusted, not calendar adjusted",1,One,2015,
DATAFLOW,OECD.ECO.MPD:DSD_AN_HOUSE_PRICES@DF_HOUSE_PRICES(1.0),Analytical house prices indicators,I,ROU,Romania,A,Annual,RPI,Rent prices,IX,Index,2014,,99.0024916874306,,A,Normal value,0,Units,S,"Seasonally adjusted, not calendar adjusted",1,One,2015,
DATAFLOW,OECD.ECO.MPD:DSD_AN_HOUSE_PRICES@DF_HOUSE_PRICES(1.0),Analytical house prices indicators,I,ROU,Romania,A,Annual,RPI,Rent prices,IX,Index,2015,,100,,A,Normal value,0,Units,S,"Seasonally adjusted, not calendar adjusted",1,One,2015,
DATAFLOW,OECD.ECO.MPD:DSD_AN_HOUSE_PRICES@DF_HOUSE_PRICES(1.0),Analytical house prices indicators,I,ROU,Romania,A,Annual,RPI,Rent prices,IX,Index,2016,,100.873340611172,,A,Normal value,0,Units,S,"Seasonally adjusted, not calendar adjusted",1,One,2015,
DATAFLOW,OECD.ECO.MPD:DSD_AN_HOUSE_PRICES@DF_HOUSE_PRICES(1.0),Analytical house prices indicators,I,ROU,Romania,A,Annual,RPI,Rent prices,IX,Index,2017,,102.425020208502,,A,Normal value,0,Units,S,"Seasonally adjusted, not calendar adjusted",1,One,2015,
DATAFLOW,OECD.ECO.MPD:DSD_AN_HOUSE_PRICES@DF_HOUSE_PRICES(1.0),Analytical house prices indicators,I,ROU,Romania,A,Annual,RPI,Rent prices,IX,Index,2018,,104.937541146176,,A,Normal value,0,Units,S,"Seasonally adjusted, not calendar adjusted",1,One,2015,
DATAFLOW,OECD.ECO.MPD:DSD_AN_HOUSE_PRICES@DF_HOUSE_PRICES(1.0),Analytical house prices indicators,I,ROU,Romania,A,Annual,RPI,Rent prices,IX,Index,2019,,107.698397486646,,A,Normal value,0,Units,S,"Seasonally adjusted, not calendar adjusted",1,One,2015,
DATAFLOW,OECD.ECO.MPD:DSD_AN_HOUSE_PRICES@DF_HOUSE_PRICES(1.0),Analytical house prices indicators,I,ROU,Romania,A,Annual,RPI,Rent prices,IX,Index,2020,,110.127584396536,,A,Normal value,0,Units,S,"Seasonally adjusted, not calendar adjusted",1,One,2015,
DATAFLOW,OECD.ECO.MPD:DSD_AN_HOUSE_PRICES@DF_HOUSE_PRICES(1.0),Analytical house prices indicators,I,ROU,Romania,A,Annual,RPI,Rent prices,IX,Index,2021,,112.925941049509,,A,Normal value,0,Units,S,"Seasonally adjusted, not calendar adjusted",1,One,2015,
DATAFLOW,OECD.ECO.MPD:DSD_AN_HOUSE_PRICES@DF_HOUSE_PRICES(1.0),Analytical house prices indicators,I,ROU,Romania,A,Annual,RPI,Rent prices,IX,Index,2022,,118.480987341561,,A,Normal value,0,Units,S,"Seasonally adjusted, not calendar adjusted",1,One,2015,
DATAFLOW,OECD.ECO.MPD:DSD_AN_HOUSE_PRICES@DF_HOUSE_PRICES(1.0),Analytical house prices indicators,I,ROU,Romania,A,Annual,RPI,Rent prices,IX,Index,2023,,130.160251335428,,A,Normal value,0,Units,S,"Seasonally adjusted, not calendar adjusted",1,One,2015,
DATAFLOW,OECD.ECO.MPD:DSD_AN_HOUSE_PRICES@DF_HOUSE_PRICES(1.0),Analytical house prices indicators,I,ROU,Romania,A,Annual,RPI,Rent prices,IX,Index,2024,,144.587038224749,,A,Normal value,0,Units,S,"Seasonally adjusted, not calendar adjusted",1,One,2015,
DATAFLOW,OECD.ECO.MPD:DSD_AN_HOUSE_PRICES@DF_HOUSE_PRICES(1.0),Analytical house prices indicators,I,RUS,Russia,A,Annual,RPI,Rent prices,IX,Index,2004,,22.9916725055849,,A,Normal value,0,Units,S,"Seasonally adjusted, not calendar adjusted",1,One,2015,
DATAFLOW,OECD.ECO.MPD:DSD_AN_HOUSE_PRICES@DF_HOUSE_PRICES(1.0),Analytical house prices indicators,I,RUS,Russia,A,Annual,RPI,Rent prices,IX,Index,2005,,36.09767,,A,Normal value,0,Units,S,"Seasonally adjusted, not calendar adjusted",1,One,2015,
DATAFLOW,OECD.ECO.MPD:DSD_AN_HOUSE_PRICES@DF_HOUSE_PRICES(1.0),Analytical house prices indicators,I,RUS,Russia,A,Annual,RPI,Rent prices,IX,Index,2006,,41.9415025,,A,Normal value,0,Units,S,"Seasonally adjusted, not calendar adjusted",1,One,2015,
DATAFLOW,OECD.ECO.MPD:DSD_AN_HOUSE_PRICES@DF_HOUSE_PRICES(1.0),Analytical house prices indicators,I,RUS,Russia,A,Annual,RPI,Rent prices,IX,Index,2007,,48.1780175,,A,Normal value,0,Units,S,"Seasonally adjusted, not calendar adjusted",1,One,2015,
DATAFLOW,OECD.ECO.MPD:DSD_AN_HOUSE_PRICES@DF_HOUSE_PRICES(1.0),Analytical house prices indicators,I,RUS,Russia,A,Annual,RPI,Rent prices,IX,Index,2008,,57.8588375,,A,Normal value,0,Units,S,"Seasonally adjusted, not calendar adjusted",1,One,2015,
DATAFLOW,OECD.ECO.MPD:DSD_AN_HOUSE_PRICES@DF_HOUSE_PRICES(1.0),Analytical house prices indicators,I,RUS,Russia,A,Annual,RPI,Rent prices,IX,Index,2009,,63.3886275,,A,Normal value,0,Units,S,"Seasonally adjusted, not calendar adjusted",1,One,2015,
DATAFLOW,OECD.ECO.MPD:DSD_AN_HOUSE_PRICES@DF_HOUSE_PRICES(1.0),Analytical house prices indicators,I,RUS,Russia,A,Annual,RPI,Rent prices,IX,Index,2010,,65.8763825,,A,Normal value,0,Units,S,"Seasonally adjusted, not calendar adjusted",1,One,2015,
DATAFLOW,OECD.ECO.MPD:DSD_AN_HOUSE_PRICES@DF_HOUSE_PRICES(1.0),Analytical house prices indicators,I,RUS,Russia,A,Annual,RPI,Rent prices,IX,Index,2011,,71.199785,,A,Normal value,0,Units,S,"Seasonally adjusted, not calendar adjusted",1,One,2015,
DATAFLOW,OECD.ECO.MPD:DSD_AN_HOUSE_PRICES@DF_HOUSE_PRICES(1.0),Analytical house prices indicators,I,RUS,Russia,A,Annual,RPI,Rent prices,IX,Index,2012,,76.1431175,,A,Normal value,0,Units,S,"Seasonally adjusted, not calendar adjusted",1,One,2015,
DATAFLOW,OECD.ECO.MPD:DSD_AN_HOUSE_PRICES@DF_HOUSE_PRICES(1.0),Analytical house prices indicators,I,RUS,Russia,A,Annual,RPI,Rent prices,IX,Index,2013,,81.44458,,A,Normal value,0,Units,S,"Seasonally adjusted, not calendar adjusted",1,One,2015,
DATAFLOW,OECD.ECO.MPD:DSD_AN_HOUSE_PRICES@DF_HOUSE_PRICES(1.0),Analytical house prices indicators,I,RUS,Russia,A,Annual,RPI,Rent prices,IX,Index,2014,,89.4851375,,A,Normal value,0,Units,S,"Seasonally adjusted, not calendar adjusted",1,One,2015,
DATAFLOW,OECD.ECO.MPD:DSD_AN_HOUSE_PRICES@DF_HOUSE_PRICES(1.0),Analytical house prices indicators,I,RUS,Russia,A,Annual,RPI,Rent prices,IX,Index,2015,,100,,A,Normal value,0,Units,S,"Seasonally adjusted, not calendar adjusted",1,One,2015,
DATAFLOW,OECD.ECO.MPD:DSD_AN_HOUSE_PRICES@DF_HOUSE_PRICES(1.0),Analytical house prices indicators,I,RUS,Russia,A,Annual,RPI,Rent prices,IX,Index,2016,,102.65135,,A,Normal value,0,Units,S,"Seasonally adjusted, not calendar adjusted",1,One,2015,
DATAFLOW,OECD.ECO.MPD:DSD_AN_HOUSE_PRICES@DF_HOUSE_PRICES(1.0),Analytical house prices indicators,I,RUS,Russia,A,Annual,RPI,Rent prices,IX,Index,2017,,104.247825,,A,Normal value,0,Units,S,"Seasonally adjusted, not calendar adjusted",1,One,2015,
DATAFLOW,OECD.ECO.MPD:DSD_AN_HOUSE_PRICES@DF_HOUSE_PRICES(1.0),Analytical house prices indicators,I,RUS,Russia,A,Annual,RPI,Rent prices,IX,Index,2018,,106.17855,,A,Normal value,0,Units,S,"Seasonally adjusted, not calendar adjusted",1,One,2015,
DATAFLOW,OECD.ECO.MPD:DSD_AN_HOUSE_PRICES@DF_HOUSE_PRICES(1.0),Analytical house prices indicators,I,RUS,Russia,A,Annual,RPI,Rent prices,IX,Index,2019,,107.96985,,A,Normal value,0,Units,S,"Seasonally adjusted, not calendar adjusted",1,One,2015,
DATAFLOW,OECD.ECO.MPD:DSD_AN_HOUSE_PRICES@DF_HOUSE_PRICES(1.0),Analytical house prices indicators,I,RUS,Russia,A,Annual,RPI,Rent prices,IX,Index,2020,,108.8521,,A,Normal value,0,Units,S,"Seasonally adjusted, not calendar adjusted",1,One,2015,
DATAFLOW,OECD.ECO.MPD:DSD_AN_HOUSE_PRICES@DF_HOUSE_PRICES(1.0),Analytical house prices indicators,I,RUS,Russia,A,Annual,RPI,Rent prices,IX,Index,2021,,113.397199999377,,A,Normal value,0,Units,S,"Seasonally adjusted, not calendar adjusted",1,One,2015,
DATAFLOW,OECD.ECO.MPD:DSD_AN_HOUSE_PRICES@DF_HOUSE_PRICES(1.0),Analytical house prices indicators,I,ZAF,South Africa,A,Annual,RPI,Rent prices,IX,Index,2002,,57.9230546367606,,A,Normal value,0,Units,S,"Seasonally adjusted, not calendar adjusted",1,One,2015,
DATAFLOW,OECD.ECO.MPD:DSD_AN_HOUSE_PRICES@DF_HOUSE_PRICES(1.0),Analytical house prices indicators,I,ZAF,South Africa,A,Annual,RPI,Rent prices,IX,Index,2003,,60.45086765168,,A,Normal value,0,Units,S,"Seasonally adjusted, not calendar adjusted",1,One,2015,
DATAFLOW,OECD.ECO.MPD:DSD_AN_HOUSE_PRICES@DF_HOUSE_PRICES(1.0),Analytical house prices indicators,I,ZAF,South Africa,A,Annual,RPI,Rent prices,IX,Index,2004,,54.4041814241512,,A,Normal value,0,Units,S,"Seasonally adjusted, not calendar adjusted",1,One,2015,
DATAFLOW,OECD.ECO.MPD:DSD_AN_HOUSE_PRICES@DF_HOUSE_PRICES(1.0),Analytical house prices indicators,I,ZAF,South Africa,A,Annual,RPI,Rent prices,IX,Index,2005,,54.8507205292271,,A,Normal value,0,Units,S,"Seasonally adjusted, not calendar adjusted",1,One,2015,
DATAFLOW,OECD.ECO.MPD:DSD_AN_HOUSE_PRICES@DF_HOUSE_PRICES(1.0),Analytical house prices indicators,I,ZAF,South Africa,A,Annual,RPI,Rent prices,IX,Index,2006,,57.2597758385001,,A,Normal value,0,Units,S,"Seasonally adjusted, not calendar adjusted",1,One,2015,
DATAFLOW,OECD.ECO.MPD:DSD_AN_HOUSE_PRICES@DF_HOUSE_PRICES(1.0),Analytical house prices indicators,I,ZAF,South Africa,A,Annual,RPI,Rent prices,IX,Index,2007,,63.4869794291058,,A,Normal value,0,Units,S,"Seasonally adjusted, not calendar adjusted",1,One,2015,
DATAFLOW,OECD.ECO.MPD:DSD_AN_HOUSE_PRICES@DF_HOUSE_PRICES(1.0),Analytical house prices indicators,I,ZAF,South Africa,A,Annual,RPI,Rent prices,IX,Index,2008,,70.2626497303014,,A,Normal value,0,Units,S,"Seasonally adjusted, not calendar adjusted",1,One,2015,
DATAFLOW,OECD.ECO.MPD:DSD_AN_HOUSE_PRICES@DF_HOUSE_PRICES(1.0),Analytical house prices indicators,I,ZAF,South Africa,A,Annual,RPI,Rent prices,IX,Index,2009,,74.6139069039571,,A,Normal value,0,Units,S,"Seasonally adjusted, not calendar adjusted",1,One,2015,
DATAFLOW,OECD.ECO.MPD:DSD_AN_HOUSE_PRICES@DF_HOUSE_PRICES(1.0),Analytical house prices indicators,I,ZAF,South Africa,A,Annual,RPI,Rent prices,IX,Index,2010,,78.2662541300311,,A,Normal value,0,Units,S,"Seasonally adjusted, not calendar adjusted",1,One,2015,
DATAFLOW,OECD.ECO.MPD:DSD_AN_HOUSE_PRICES@DF_HOUSE_PRICES(1.0),Analytical house prices indicators,I,ZAF,South Africa,A,Annual,RPI,Rent prices,IX,Index,2011,,82.5273288104505,,A,Normal value,0,Units,S,"Seasonally adjusted, not calendar adjusted",1,One,2015,
DATAFLOW,OECD.ECO.MPD:DSD_AN_HOUSE_PRICES@DF_HOUSE_PRICES(1.0),Analytical house prices indicators,I,ZAF,South Africa,A,Annual,RPI,Rent prices,IX,Index,2012,,86.3825910213059,,A,Normal value,0,Units,S,"Seasonally adjusted, not calendar adjusted",1,One,2015,
DATAFLOW,OECD.ECO.MPD:DSD_AN_HOUSE_PRICES@DF_HOUSE_PRICES(1.0),Analytical house prices indicators,I,ZAF,South Africa,A,Annual,RPI,Rent prices,IX,Index,2013,,90.6323932025706,,A,Normal value,0,Units,S,"Seasonally adjusted, not calendar adjusted",1,One,2015,
DATAFLOW,OECD.ECO.MPD:DSD_AN_HOUSE_PRICES@DF_HOUSE_PRICES(1.0),Analytical house prices indicators,I,ZAF,South Africa,A,Annual,RPI,Rent prices,IX,Index,2014,,95.2203728584722,,A,Normal value,0,Units,S,"Seasonally adjusted, not calendar adjusted",1,One,2015,
DATAFLOW,OECD.ECO.MPD:DSD_AN_HOUSE_PRICES@DF_HOUSE_PRICES(1.0),Analytical house prices indicators,I,ZAF,South Africa,A,Annual,RPI,Rent prices,IX,Index,2015,,100,,A,Normal value,0,Units,S,"Seasonally adjusted, not calendar adjusted",1,One,2015,
DATAFLOW,OECD.ECO.MPD:DSD_AN_HOUSE_PRICES@DF_HOUSE_PRICES(1.0),Analytical house prices indicators,I,ZAF,South Africa,A,Annual,RPI,Rent prices,IX,Index,2016,,104.971267127155,,A,Normal value,0,Units,S,"Seasonally adjusted, not calendar adjusted",1,One,2015,
DATAFLOW,OECD.ECO.MPD:DSD_AN_HOUSE_PRICES@DF_HOUSE_PRICES(1.0),Analytical house prices indicators,I,ZAF,South Africa,A,Annual,RPI,Rent prices,IX,Index,2017,,110.348316723876,,A,Normal value,0,Units,S,"Seasonally adjusted, not calendar adjusted",1,One,2015,
DATAFLOW,OECD.ECO.MPD:DSD_AN_HOUSE_PRICES@DF_HOUSE_PRICES(1.0),Analytical house prices indicators,I,ZAF,South Africa,A,Annual,RPI,Rent prices,IX,Index,2018,,115.319591351031,,A,Normal value,0,Units,S,"Seasonally adjusted, not calendar adjusted",1,One,2015,
DATAFLOW,OECD.ECO.MPD:DSD_AN_HOUSE_PRICES@DF_HOUSE_PRICES(1.0),Analytical house prices indicators,I,ZAF,South Africa,A,Annual,RPI,Rent prices,IX,Index,2019,,119.569366032298,,A,Normal value,0,Units,S,"Seasonally adjusted, not calendar adjusted",1,One,2015,
DATAFLOW,OECD.ECO.MPD:DSD_AN_HOUSE_PRICES@DF_HOUSE_PRICES(1.0),Analytical house prices indicators,I,ZAF,South Africa,A,Annual,RPI,Rent prices,IX,Index,2020,,122.139515839537,,A,Normal value,0,Units,S,"Seasonally adjusted, not calendar adjusted",1,One,2015,
DATAFLOW,OECD.ECO.MPD:DSD_AN_HOUSE_PRICES@DF_HOUSE_PRICES(1.0),Analytical house prices indicators,I,ZAF,South Africa,A,Annual,RPI,Rent prices,IX,Index,2021,,123.210465759215,,A,Normal value,0,Units,S,"Seasonally adjusted, not calendar adjusted",1,One,2015,
DATAFLOW,OECD.ECO.MPD:DSD_AN_HOUSE_PRICES@DF_HOUSE_PRICES(1.0),Analytical house prices indicators,I,ZAF,South Africa,A,Annual,RPI,Rent prices,IX,Index,2022,,125.904640557152,,A,Normal value,0,Units,S,"Seasonally adjusted, not calendar adjusted",1,One,2015,
DATAFLOW,OECD.ECO.MPD:DSD_AN_HOUSE_PRICES@DF_HOUSE_PRICES(1.0),Analytical house prices indicators,I,ZAF,South Africa,A,Annual,RPI,Rent prices,IX,Index,2023,,129.308965301828,,A,Normal value,0,Units,S,"Seasonally adjusted, not calendar adjusted",1,One,2015,
DATAFLOW,OECD.ECO.MPD:DSD_AN_HOUSE_PRICES@DF_HOUSE_PRICES(1.0),Analytical house prices indicators,I,ZAF,South Africa,A,Annual,RPI,Rent prices,IX,Index,2024,,133.457314990702,,A,Normal value,0,Units,S,"Seasonally adjusted, not calendar adjusted",1,One,2015,
DATAFLOW,OECD.ECO.MPD:DSD_AN_HOUSE_PRICES@DF_HOUSE_PRICES(1.0),Analytical house prices indicators,I,ZAF,South Africa,A,Annual,RPI,Rent prices,IX,Index,2025,,137.549314683369,,A,Normal value,0,Units,S,"Seasonally adjusted, not calendar adjusted",1,One,2015,
